19:22:46.909 [background-preinit] INFO  o.h.v.i.util.Version - [<clinit>,21] - HV000001: Hibernate Validator 8.0.0.Final
19:22:47.160 [main] INFO  c.a.n.c.u.ParamUtil - [<clinit>,87] - [settings] [req-serv] nacos-server port:8848
19:22:47.161 [main] INFO  c.a.n.c.u.ParamUtil - [<clinit>,98] - [settings] [http-client] connect timeout:1000
19:22:47.162 [main] INFO  c.a.n.c.u.ParamUtil - [<clinit>,105] - PER_TASK_CONFIG_SIZE: 3000.0
19:22:47.182 [main] INFO  c.a.n.p.a.s.c.ClientAuthPluginManager - [init,56] - [ClientAuthPluginManager] Load ClientAuthService com.alibaba.nacos.client.auth.impl.NacosClientAuthServiceImpl success.
19:22:47.182 [main] INFO  c.a.n.p.a.s.c.ClientAuthPluginManager - [init,56] - [ClientAuthPluginManager] Load ClientAuthService com.alibaba.nacos.client.auth.ram.RamClientAuthServiceImpl success.
19:22:47.192 [main] INFO  c.a.n.c.a.r.i.CredentialWatcher - [loadCredential,165] - null No credential found
19:22:47.417 [main] INFO  c.a.n.c.c.i.LocalConfigInfoProcessor - [<clinit>,63] - LOCAL_SNAPSHOT_PATH:C:\Users\45\nacos\config
19:22:47.420 [main] INFO  c.a.n.c.r.client - [lambda$createClient$0,108] - [RpcClientFactory] create a new rpc client of 3c699c31-270c-4080-bdeb-864c191875d4_config-0
19:22:47.433 [main] INFO  c.a.n.c.r.client - [printIfInfoEnabled,63] - [3c699c31-270c-4080-bdeb-864c191875d4_config-0] Register server push request handler:com.alibaba.nacos.client.config.impl.ClientWorker$ConfigRpcTransportClient$$Lambda$580/0x000001f15236dd68
19:22:47.434 [main] INFO  c.a.n.c.r.client - [printIfInfoEnabled,63] - [3c699c31-270c-4080-bdeb-864c191875d4_config-0] Register server push request handler:com.alibaba.nacos.client.config.impl.ClientWorker$ConfigRpcTransportClient$$Lambda$581/0x000001f15236e188
19:22:47.434 [main] INFO  c.a.n.c.r.client - [printIfInfoEnabled,63] - [3c699c31-270c-4080-bdeb-864c191875d4_config-0] Registry connection listener to current client:com.alibaba.nacos.client.config.impl.ClientWorker$ConfigRpcTransportClient$1
19:22:47.435 [main] INFO  c.a.n.c.r.client - [printIfInfoEnabled,63] - [3c699c31-270c-4080-bdeb-864c191875d4_config-0] RpcClient init, ServerListFactory = com.alibaba.nacos.client.config.impl.ClientWorker$ConfigRpcTransportClient$2
19:22:47.439 [main] INFO  c.a.n.c.r.client - [printIfInfoEnabled,63] - [3c699c31-270c-4080-bdeb-864c191875d4_config-0] Try to connect to server on start up, server: {serverIp = 'localhost', server main port = 8848}
19:22:47.460 [main] INFO  c.a.n.c.r.c.g.GrpcClient - [createNewManagedChannel,182] - grpc client connection server:localhost ip,serverPort:9848,grpcTslConfig:{"sslProvider":"OPENSSL","enableTls":false,"mutualAuthEnable":false,"trustAll":false}
19:22:48.256 [main] INFO  c.a.n.c.r.client - [printIfInfoEnabled,63] - [3c699c31-270c-4080-bdeb-864c191875d4_config-0] Success to connect to server [localhost:8848] on start up, connectionId = 1777461768082_172.17.0.1_54492
19:22:48.258 [com.alibaba.nacos.client.remote.worker] INFO  c.a.n.c.r.client - [printIfInfoEnabled,63] - [3c699c31-270c-4080-bdeb-864c191875d4_config-0] Notify connected event to listeners.
19:22:48.258 [main] INFO  c.a.n.c.r.client - [printIfInfoEnabled,63] - [3c699c31-270c-4080-bdeb-864c191875d4_config-0] Register server push request handler:com.alibaba.nacos.common.remote.client.RpcClient$ConnectResetRequestHandler
19:22:48.258 [com.alibaba.nacos.client.remote.worker] INFO  c.a.n.c.c.i.ClientWorker - [onConnected,639] - [3c699c31-270c-4080-bdeb-864c191875d4_config-0] Connected,notify listen context...
19:22:48.258 [main] INFO  c.a.n.c.r.client - [printIfInfoEnabled,63] - [3c699c31-270c-4080-bdeb-864c191875d4_config-0] Register server push request handler:com.alibaba.nacos.common.remote.client.RpcClient$$Lambda$601/0x000001f1524d51a0
19:22:48.304 [main] INFO  c.a.n.c.c.i.Limiter - [<clinit>,62] - limitTime:5.0
19:22:48.329 [main] INFO  c.a.n.c.c.u.JvmUtil - [<clinit>,54] - isMultiInstance:false
19:22:48.334 [main] INFO  o.s.c.b.c.PropertySourceBootstrapConfiguration - [initialize,108] - Located property source: [BootstrapPropertySource {name='bootstrapProperties-oj-gateway-local.yaml,DEFAULT_GROUP'}, BootstrapPropertySource {name='bootstrapProperties-oj-gateway.yaml,DEFAULT_GROUP'}, BootstrapPropertySource {name='bootstrapProperties-oj-gateway,DEFAULT_GROUP'}]
19:22:48.338 [main] INFO  c.b.g.OjGatewayApplication - [logStartupProfileInfo,636] - The following 1 profile is active: "local"
19:22:48.808 [main] INFO  o.s.b.a.l.ConditionEvaluationReportLogger - [logMessage,82] - 

Error starting ApplicationContext. To display the condition evaluation report re-run your application with 'debug' enabled.
19:25:22.489 [background-preinit] INFO  o.h.v.i.util.Version - [<clinit>,21] - HV000001: Hibernate Validator 8.0.0.Final
19:25:22.682 [main] INFO  c.a.n.c.u.ParamUtil - [<clinit>,87] - [settings] [req-serv] nacos-server port:8848
19:25:22.682 [main] INFO  c.a.n.c.u.ParamUtil - [<clinit>,98] - [settings] [http-client] connect timeout:1000
19:25:22.683 [main] INFO  c.a.n.c.u.ParamUtil - [<clinit>,105] - PER_TASK_CONFIG_SIZE: 3000.0
19:25:22.700 [main] INFO  c.a.n.p.a.s.c.ClientAuthPluginManager - [init,56] - [ClientAuthPluginManager] Load ClientAuthService com.alibaba.nacos.client.auth.impl.NacosClientAuthServiceImpl success.
19:25:22.700 [main] INFO  c.a.n.p.a.s.c.ClientAuthPluginManager - [init,56] - [ClientAuthPluginManager] Load ClientAuthService com.alibaba.nacos.client.auth.ram.RamClientAuthServiceImpl success.
19:25:22.702 [main] INFO  c.a.n.c.a.r.i.CredentialWatcher - [loadCredential,165] - null No credential found
19:25:22.901 [main] INFO  c.a.n.c.c.i.LocalConfigInfoProcessor - [<clinit>,63] - LOCAL_SNAPSHOT_PATH:C:\Users\45\nacos\config
19:25:22.904 [main] INFO  c.a.n.c.r.client - [lambda$createClient$0,108] - [RpcClientFactory] create a new rpc client of a857cf89-c44a-4bbc-9b22-3df991c1c6ec_config-0
19:25:22.913 [main] INFO  c.a.n.c.r.client - [printIfInfoEnabled,63] - [a857cf89-c44a-4bbc-9b22-3df991c1c6ec_config-0] Register server push request handler:com.alibaba.nacos.client.config.impl.ClientWorker$ConfigRpcTransportClient$$Lambda$580/0x000001fa2136d8c8
19:25:22.914 [main] INFO  c.a.n.c.r.client - [printIfInfoEnabled,63] - [a857cf89-c44a-4bbc-9b22-3df991c1c6ec_config-0] Register server push request handler:com.alibaba.nacos.client.config.impl.ClientWorker$ConfigRpcTransportClient$$Lambda$581/0x000001fa2136dce8
19:25:22.914 [main] INFO  c.a.n.c.r.client - [printIfInfoEnabled,63] - [a857cf89-c44a-4bbc-9b22-3df991c1c6ec_config-0] Registry connection listener to current client:com.alibaba.nacos.client.config.impl.ClientWorker$ConfigRpcTransportClient$1
19:25:22.915 [main] INFO  c.a.n.c.r.client - [printIfInfoEnabled,63] - [a857cf89-c44a-4bbc-9b22-3df991c1c6ec_config-0] RpcClient init, ServerListFactory = com.alibaba.nacos.client.config.impl.ClientWorker$ConfigRpcTransportClient$2
19:25:22.921 [main] INFO  c.a.n.c.r.client - [printIfInfoEnabled,63] - [a857cf89-c44a-4bbc-9b22-3df991c1c6ec_config-0] Try to connect to server on start up, server: {serverIp = 'localhost', server main port = 8848}
19:25:22.946 [main] INFO  c.a.n.c.r.c.g.GrpcClient - [createNewManagedChannel,182] - grpc client connection server:localhost ip,serverPort:9848,grpcTslConfig:{"sslProvider":"OPENSSL","enableTls":false,"mutualAuthEnable":false,"trustAll":false}
19:25:23.571 [main] INFO  c.a.n.c.r.client - [printIfInfoEnabled,63] - [a857cf89-c44a-4bbc-9b22-3df991c1c6ec_config-0] Success to connect to server [localhost:8848] on start up, connectionId = 1777461923417_172.17.0.1_44806
19:25:23.573 [com.alibaba.nacos.client.remote.worker] INFO  c.a.n.c.r.client - [printIfInfoEnabled,63] - [a857cf89-c44a-4bbc-9b22-3df991c1c6ec_config-0] Notify connected event to listeners.
19:25:23.574 [com.alibaba.nacos.client.remote.worker] INFO  c.a.n.c.c.i.ClientWorker - [onConnected,639] - [a857cf89-c44a-4bbc-9b22-3df991c1c6ec_config-0] Connected,notify listen context...
19:25:23.574 [main] INFO  c.a.n.c.r.client - [printIfInfoEnabled,63] - [a857cf89-c44a-4bbc-9b22-3df991c1c6ec_config-0] Register server push request handler:com.alibaba.nacos.common.remote.client.RpcClient$ConnectResetRequestHandler
19:25:23.576 [main] INFO  c.a.n.c.r.client - [printIfInfoEnabled,63] - [a857cf89-c44a-4bbc-9b22-3df991c1c6ec_config-0] Register server push request handler:com.alibaba.nacos.common.remote.client.RpcClient$$Lambda$601/0x000001fa214d4a58
19:25:23.604 [main] INFO  c.a.n.c.c.i.Limiter - [<clinit>,62] - limitTime:5.0
19:25:23.628 [main] INFO  c.a.n.c.c.u.JvmUtil - [<clinit>,54] - isMultiInstance:false
19:25:23.632 [main] INFO  o.s.c.b.c.PropertySourceBootstrapConfiguration - [initialize,108] - Located property source: [BootstrapPropertySource {name='bootstrapProperties-oj-gateway-local.yaml,DEFAULT_GROUP'}, BootstrapPropertySource {name='bootstrapProperties-oj-gateway.yaml,DEFAULT_GROUP'}, BootstrapPropertySource {name='bootstrapProperties-oj-gateway,DEFAULT_GROUP'}]
19:25:23.636 [main] INFO  c.b.g.OjGatewayApplication - [logStartupProfileInfo,636] - The following 1 profile is active: "local"
19:25:24.007 [main] INFO  o.s.d.r.c.RepositoryConfigurationDelegate - [multipleStoresDetected,294] - Multiple Spring Data modules found, entering strict repository configuration mode
19:25:24.009 [main] INFO  o.s.d.r.c.RepositoryConfigurationDelegate - [registerRepositoriesIn,138] - Bootstrapping Spring Data Redis repositories in DEFAULT mode.
19:25:24.030 [main] INFO  o.s.d.r.c.RepositoryConfigurationDelegate - [registerRepositoriesIn,208] - Finished Spring Data repository scanning in 6 ms. Found 0 Redis repository interfaces.
19:25:24.158 [main] INFO  o.s.c.c.s.GenericScope - [setSerializationId,282] - BeanFactory id=55c9f243-37b5-3805-842f-864231da9c6c
19:25:24.205 [main] INFO  o.s.c.s.PostProcessorRegistrationDelegate$BeanPostProcessorChecker - [postProcessAfterInitialization,409] - Bean 'org.springframework.cloud.client.loadbalancer.reactive.LoadBalancerBeanPostProcessorAutoConfiguration' of type [org.springframework.cloud.client.loadbalancer.reactive.LoadBalancerBeanPostProcessorAutoConfiguration] is not eligible for getting processed by all BeanPostProcessors (for example: not eligible for auto-proxying)
19:25:24.206 [main] INFO  o.s.c.s.PostProcessorRegistrationDelegate$BeanPostProcessorChecker - [postProcessAfterInitialization,409] - Bean 'org.springframework.cloud.client.loadbalancer.reactive.LoadBalancerBeanPostProcessorAutoConfiguration$ReactorDeferringLoadBalancerFilterConfig' of type [org.springframework.cloud.client.loadbalancer.reactive.LoadBalancerBeanPostProcessorAutoConfiguration$ReactorDeferringLoadBalancerFilterConfig] is not eligible for getting processed by all BeanPostProcessors (for example: not eligible for auto-proxying)
19:25:24.207 [main] INFO  o.s.c.s.PostProcessorRegistrationDelegate$BeanPostProcessorChecker - [postProcessAfterInitialization,409] - Bean 'reactorDeferringLoadBalancerExchangeFilterFunction' of type [org.springframework.cloud.client.loadbalancer.reactive.DeferringLoadBalancerExchangeFilterFunction] is not eligible for getting processed by all BeanPostProcessors (for example: not eligible for auto-proxying)
19:25:24.384 [main] INFO  o.s.b.w.e.t.TomcatWebServer - [initialize,108] - Tomcat initialized with port(s): 19090 (http)
19:25:24.394 [main] INFO  o.a.c.h.Http11NioProtocol - [log,173] - Initializing ProtocolHandler ["http-nio-19090"]
19:25:24.395 [main] INFO  o.a.c.c.StandardService - [log,173] - Starting service [Tomcat]
19:25:24.395 [main] INFO  o.a.c.c.StandardEngine - [log,173] - Starting Servlet engine: [Apache Tomcat/10.1.4]
19:25:24.466 [main] INFO  o.a.c.c.C.[.[.[/] - [log,173] - Initializing Spring embedded WebApplicationContext
19:25:24.466 [main] INFO  o.s.b.w.s.c.ServletWebServerApplicationContext - [prepareWebApplicationContext,291] - Root WebApplicationContext: initialization completed in 823 ms
19:25:24.528 [main] INFO  o.a.c.c.StandardService - [log,173] - Stopping service [Tomcat]
19:25:24.540 [main] INFO  o.s.b.a.l.ConditionEvaluationReportLogger - [logMessage,82] - 

Error starting ApplicationContext. To display the condition evaluation report re-run your application with 'debug' enabled.
19:27:07.634 [background-preinit] INFO  o.h.v.i.util.Version - [<clinit>,21] - HV000001: Hibernate Validator 8.0.0.Final
19:27:07.842 [main] INFO  c.a.n.c.u.ParamUtil - [<clinit>,87] - [settings] [req-serv] nacos-server port:8848
19:27:07.842 [main] INFO  c.a.n.c.u.ParamUtil - [<clinit>,98] - [settings] [http-client] connect timeout:1000
19:27:07.843 [main] INFO  c.a.n.c.u.ParamUtil - [<clinit>,105] - PER_TASK_CONFIG_SIZE: 3000.0
19:27:07.862 [main] INFO  c.a.n.p.a.s.c.ClientAuthPluginManager - [init,56] - [ClientAuthPluginManager] Load ClientAuthService com.alibaba.nacos.client.auth.impl.NacosClientAuthServiceImpl success.
19:27:07.863 [main] INFO  c.a.n.p.a.s.c.ClientAuthPluginManager - [init,56] - [ClientAuthPluginManager] Load ClientAuthService com.alibaba.nacos.client.auth.ram.RamClientAuthServiceImpl success.
19:27:07.865 [main] INFO  c.a.n.c.a.r.i.CredentialWatcher - [loadCredential,165] - null No credential found
19:27:08.061 [main] INFO  c.a.n.c.c.i.LocalConfigInfoProcessor - [<clinit>,63] - LOCAL_SNAPSHOT_PATH:C:\Users\45\nacos\config
19:27:08.064 [main] INFO  c.a.n.c.r.client - [lambda$createClient$0,108] - [RpcClientFactory] create a new rpc client of b1a0b686-ab99-4983-831d-acee4c696d75_config-0
19:27:08.073 [main] INFO  c.a.n.c.r.client - [printIfInfoEnabled,63] - [b1a0b686-ab99-4983-831d-acee4c696d75_config-0] Register server push request handler:com.alibaba.nacos.client.config.impl.ClientWorker$ConfigRpcTransportClient$$Lambda$580/0x000001ed1236dd10
19:27:08.074 [main] INFO  c.a.n.c.r.client - [printIfInfoEnabled,63] - [b1a0b686-ab99-4983-831d-acee4c696d75_config-0] Register server push request handler:com.alibaba.nacos.client.config.impl.ClientWorker$ConfigRpcTransportClient$$Lambda$581/0x000001ed1236e130
19:27:08.074 [main] INFO  c.a.n.c.r.client - [printIfInfoEnabled,63] - [b1a0b686-ab99-4983-831d-acee4c696d75_config-0] Registry connection listener to current client:com.alibaba.nacos.client.config.impl.ClientWorker$ConfigRpcTransportClient$1
19:27:08.075 [main] INFO  c.a.n.c.r.client - [printIfInfoEnabled,63] - [b1a0b686-ab99-4983-831d-acee4c696d75_config-0] RpcClient init, ServerListFactory = com.alibaba.nacos.client.config.impl.ClientWorker$ConfigRpcTransportClient$2
19:27:08.079 [main] INFO  c.a.n.c.r.client - [printIfInfoEnabled,63] - [b1a0b686-ab99-4983-831d-acee4c696d75_config-0] Try to connect to server on start up, server: {serverIp = 'localhost', server main port = 8848}
19:27:08.100 [main] INFO  c.a.n.c.r.c.g.GrpcClient - [createNewManagedChannel,182] - grpc client connection server:localhost ip,serverPort:9848,grpcTslConfig:{"sslProvider":"OPENSSL","enableTls":false,"mutualAuthEnable":false,"trustAll":false}
19:27:08.735 [main] INFO  c.a.n.c.r.client - [printIfInfoEnabled,63] - [b1a0b686-ab99-4983-831d-acee4c696d75_config-0] Success to connect to server [localhost:8848] on start up, connectionId = 1777462028576_172.17.0.1_47494
19:27:08.736 [com.alibaba.nacos.client.remote.worker] INFO  c.a.n.c.r.client - [printIfInfoEnabled,63] - [b1a0b686-ab99-4983-831d-acee4c696d75_config-0] Notify connected event to listeners.
19:27:08.736 [com.alibaba.nacos.client.remote.worker] INFO  c.a.n.c.c.i.ClientWorker - [onConnected,639] - [b1a0b686-ab99-4983-831d-acee4c696d75_config-0] Connected,notify listen context...
19:27:08.736 [main] INFO  c.a.n.c.r.client - [printIfInfoEnabled,63] - [b1a0b686-ab99-4983-831d-acee4c696d75_config-0] Register server push request handler:com.alibaba.nacos.common.remote.client.RpcClient$ConnectResetRequestHandler
19:27:08.737 [main] INFO  c.a.n.c.r.client - [printIfInfoEnabled,63] - [b1a0b686-ab99-4983-831d-acee4c696d75_config-0] Register server push request handler:com.alibaba.nacos.common.remote.client.RpcClient$$Lambda$601/0x000001ed124d51a0
19:27:08.765 [main] INFO  c.a.n.c.c.i.Limiter - [<clinit>,62] - limitTime:5.0
19:27:08.860 [main] INFO  c.a.n.c.c.u.JvmUtil - [<clinit>,54] - isMultiInstance:false
19:27:08.865 [main] INFO  o.s.c.b.c.PropertySourceBootstrapConfiguration - [initialize,108] - Located property source: [BootstrapPropertySource {name='bootstrapProperties-oj-gateway-local.yaml,DEFAULT_GROUP'}, BootstrapPropertySource {name='bootstrapProperties-oj-gateway.yaml,DEFAULT_GROUP'}, BootstrapPropertySource {name='bootstrapProperties-oj-gateway,DEFAULT_GROUP'}]
19:27:08.869 [main] INFO  c.b.g.OjGatewayApplication - [logStartupProfileInfo,636] - The following 1 profile is active: "local"
19:27:09.213 [main] INFO  o.s.d.r.c.RepositoryConfigurationDelegate - [multipleStoresDetected,294] - Multiple Spring Data modules found, entering strict repository configuration mode
19:27:09.214 [main] INFO  o.s.d.r.c.RepositoryConfigurationDelegate - [registerRepositoriesIn,138] - Bootstrapping Spring Data Redis repositories in DEFAULT mode.
19:27:09.230 [main] INFO  o.s.d.r.c.RepositoryConfigurationDelegate - [registerRepositoriesIn,208] - Finished Spring Data repository scanning in 6 ms. Found 0 Redis repository interfaces.
19:27:09.331 [main] INFO  o.s.c.c.s.GenericScope - [setSerializationId,282] - BeanFactory id=55c9f243-37b5-3805-842f-864231da9c6c
19:27:09.364 [main] INFO  o.s.c.s.PostProcessorRegistrationDelegate$BeanPostProcessorChecker - [postProcessAfterInitialization,409] - Bean 'org.springframework.cloud.client.loadbalancer.reactive.LoadBalancerBeanPostProcessorAutoConfiguration' of type [org.springframework.cloud.client.loadbalancer.reactive.LoadBalancerBeanPostProcessorAutoConfiguration] is not eligible for getting processed by all BeanPostProcessors (for example: not eligible for auto-proxying)
19:27:09.365 [main] INFO  o.s.c.s.PostProcessorRegistrationDelegate$BeanPostProcessorChecker - [postProcessAfterInitialization,409] - Bean 'org.springframework.cloud.client.loadbalancer.reactive.LoadBalancerBeanPostProcessorAutoConfiguration$ReactorDeferringLoadBalancerFilterConfig' of type [org.springframework.cloud.client.loadbalancer.reactive.LoadBalancerBeanPostProcessorAutoConfiguration$ReactorDeferringLoadBalancerFilterConfig] is not eligible for getting processed by all BeanPostProcessors (for example: not eligible for auto-proxying)
19:27:09.365 [main] INFO  o.s.c.s.PostProcessorRegistrationDelegate$BeanPostProcessorChecker - [postProcessAfterInitialization,409] - Bean 'reactorDeferringLoadBalancerExchangeFilterFunction' of type [org.springframework.cloud.client.loadbalancer.reactive.DeferringLoadBalancerExchangeFilterFunction] is not eligible for getting processed by all BeanPostProcessors (for example: not eligible for auto-proxying)
19:27:09.504 [main] INFO  o.s.b.w.e.t.TomcatWebServer - [initialize,108] - Tomcat initialized with port(s): 19090 (http)
19:27:09.510 [main] INFO  o.a.c.h.Http11NioProtocol - [log,173] - Initializing ProtocolHandler ["http-nio-19090"]
19:27:09.510 [main] INFO  o.a.c.c.StandardService - [log,173] - Starting service [Tomcat]
19:27:09.511 [main] INFO  o.a.c.c.StandardEngine - [log,173] - Starting Servlet engine: [Apache Tomcat/10.1.4]
19:27:09.569 [main] INFO  o.a.c.c.C.[.[.[/] - [log,173] - Initializing Spring embedded WebApplicationContext
19:27:09.569 [main] INFO  o.s.b.w.s.c.ServletWebServerApplicationContext - [prepareWebApplicationContext,291] - Root WebApplicationContext: initialization completed in 693 ms
19:27:10.040 [main] INFO  o.a.c.c.StandardService - [log,173] - Stopping service [Tomcat]
19:27:10.078 [main] INFO  o.s.b.a.l.ConditionEvaluationReportLogger - [logMessage,82] - 

Error starting ApplicationContext. To display the condition evaluation report re-run your application with 'debug' enabled.
19:41:40.613 [background-preinit] INFO  o.h.v.i.util.Version - [<clinit>,21] - HV000001: Hibernate Validator 8.0.0.Final
19:41:40.800 [main] INFO  c.a.n.c.u.ParamUtil - [<clinit>,87] - [settings] [req-serv] nacos-server port:8848
19:41:40.800 [main] INFO  c.a.n.c.u.ParamUtil - [<clinit>,98] - [settings] [http-client] connect timeout:1000
19:41:40.801 [main] INFO  c.a.n.c.u.ParamUtil - [<clinit>,105] - PER_TASK_CONFIG_SIZE: 3000.0
19:41:40.822 [main] INFO  c.a.n.p.a.s.c.ClientAuthPluginManager - [init,56] - [ClientAuthPluginManager] Load ClientAuthService com.alibaba.nacos.client.auth.impl.NacosClientAuthServiceImpl success.
19:41:40.823 [main] INFO  c.a.n.p.a.s.c.ClientAuthPluginManager - [init,56] - [ClientAuthPluginManager] Load ClientAuthService com.alibaba.nacos.client.auth.ram.RamClientAuthServiceImpl success.
19:41:40.825 [main] INFO  c.a.n.c.a.r.i.CredentialWatcher - [loadCredential,165] - null No credential found
19:41:41.032 [main] INFO  c.a.n.c.c.i.LocalConfigInfoProcessor - [<clinit>,63] - LOCAL_SNAPSHOT_PATH:C:\Users\45\nacos\config
19:41:41.034 [main] INFO  c.a.n.c.r.client - [lambda$createClient$0,108] - [RpcClientFactory] create a new rpc client of 12d560f9-fb8a-40e3-bfee-23e9df070fd6_config-0
19:41:41.045 [main] INFO  c.a.n.c.r.client - [printIfInfoEnabled,63] - [12d560f9-fb8a-40e3-bfee-23e9df070fd6_config-0] Register server push request handler:com.alibaba.nacos.client.config.impl.ClientWorker$ConfigRpcTransportClient$$Lambda$574/0x000002329836b3e0
19:41:41.045 [main] INFO  c.a.n.c.r.client - [printIfInfoEnabled,63] - [12d560f9-fb8a-40e3-bfee-23e9df070fd6_config-0] Register server push request handler:com.alibaba.nacos.client.config.impl.ClientWorker$ConfigRpcTransportClient$$Lambda$575/0x000002329836b800
19:41:41.045 [main] INFO  c.a.n.c.r.client - [printIfInfoEnabled,63] - [12d560f9-fb8a-40e3-bfee-23e9df070fd6_config-0] Registry connection listener to current client:com.alibaba.nacos.client.config.impl.ClientWorker$ConfigRpcTransportClient$1
19:41:41.046 [main] INFO  c.a.n.c.r.client - [printIfInfoEnabled,63] - [12d560f9-fb8a-40e3-bfee-23e9df070fd6_config-0] RpcClient init, ServerListFactory = com.alibaba.nacos.client.config.impl.ClientWorker$ConfigRpcTransportClient$2
19:41:41.051 [main] INFO  c.a.n.c.r.client - [printIfInfoEnabled,63] - [12d560f9-fb8a-40e3-bfee-23e9df070fd6_config-0] Try to connect to server on start up, server: {serverIp = 'localhost', server main port = 8848}
19:41:41.075 [main] INFO  c.a.n.c.r.c.g.GrpcClient - [createNewManagedChannel,182] - grpc client connection server:localhost ip,serverPort:9848,grpcTslConfig:{"sslProvider":"OPENSSL","enableTls":false,"mutualAuthEnable":false,"trustAll":false}
19:41:41.787 [main] INFO  c.a.n.c.r.client - [printIfInfoEnabled,63] - [12d560f9-fb8a-40e3-bfee-23e9df070fd6_config-0] Success to connect to server [localhost:8848] on start up, connectionId = 1777462901625_172.17.0.1_38924
19:41:41.790 [com.alibaba.nacos.client.remote.worker] INFO  c.a.n.c.r.client - [printIfInfoEnabled,63] - [12d560f9-fb8a-40e3-bfee-23e9df070fd6_config-0] Notify connected event to listeners.
19:41:41.791 [com.alibaba.nacos.client.remote.worker] INFO  c.a.n.c.c.i.ClientWorker - [onConnected,639] - [12d560f9-fb8a-40e3-bfee-23e9df070fd6_config-0] Connected,notify listen context...
19:41:41.792 [main] INFO  c.a.n.c.r.client - [printIfInfoEnabled,63] - [12d560f9-fb8a-40e3-bfee-23e9df070fd6_config-0] Register server push request handler:com.alibaba.nacos.common.remote.client.RpcClient$ConnectResetRequestHandler
19:41:41.795 [main] INFO  c.a.n.c.r.client - [printIfInfoEnabled,63] - [12d560f9-fb8a-40e3-bfee-23e9df070fd6_config-0] Register server push request handler:com.alibaba.nacos.common.remote.client.RpcClient$$Lambda$595/0x00000232984d2c28
19:41:41.814 [main] INFO  c.a.n.c.c.i.Limiter - [<clinit>,62] - limitTime:5.0
19:41:41.837 [main] INFO  c.a.n.c.c.u.JvmUtil - [<clinit>,54] - isMultiInstance:false
19:41:41.843 [main] INFO  o.s.c.b.c.PropertySourceBootstrapConfiguration - [initialize,108] - Located property source: [BootstrapPropertySource {name='bootstrapProperties-oj-gateway-local.yaml,DEFAULT_GROUP'}, BootstrapPropertySource {name='bootstrapProperties-oj-gateway.yaml,DEFAULT_GROUP'}, BootstrapPropertySource {name='bootstrapProperties-oj-gateway,DEFAULT_GROUP'}]
19:41:41.846 [main] INFO  c.b.g.OjGatewayApplication - [logStartupProfileInfo,636] - The following 1 profile is active: "local"
19:41:42.178 [main] INFO  o.s.d.r.c.RepositoryConfigurationDelegate - [multipleStoresDetected,294] - Multiple Spring Data modules found, entering strict repository configuration mode
19:41:42.180 [main] INFO  o.s.d.r.c.RepositoryConfigurationDelegate - [registerRepositoriesIn,138] - Bootstrapping Spring Data Redis repositories in DEFAULT mode.
19:41:42.193 [main] INFO  o.s.d.r.c.RepositoryConfigurationDelegate - [registerRepositoriesIn,208] - Finished Spring Data repository scanning in 6 ms. Found 0 Redis repository interfaces.
19:41:42.280 [main] INFO  o.s.c.c.s.GenericScope - [setSerializationId,282] - BeanFactory id=a2242d8d-f5fd-3a65-be67-7fd022a476aa
19:41:42.301 [main] INFO  o.s.c.s.PostProcessorRegistrationDelegate$BeanPostProcessorChecker - [postProcessAfterInitialization,409] - Bean 'org.springframework.cloud.client.loadbalancer.reactive.LoadBalancerBeanPostProcessorAutoConfiguration' of type [org.springframework.cloud.client.loadbalancer.reactive.LoadBalancerBeanPostProcessorAutoConfiguration] is not eligible for getting processed by all BeanPostProcessors (for example: not eligible for auto-proxying)
19:41:42.301 [main] INFO  o.s.c.s.PostProcessorRegistrationDelegate$BeanPostProcessorChecker - [postProcessAfterInitialization,409] - Bean 'org.springframework.cloud.client.loadbalancer.reactive.LoadBalancerBeanPostProcessorAutoConfiguration$ReactorDeferringLoadBalancerFilterConfig' of type [org.springframework.cloud.client.loadbalancer.reactive.LoadBalancerBeanPostProcessorAutoConfiguration$ReactorDeferringLoadBalancerFilterConfig] is not eligible for getting processed by all BeanPostProcessors (for example: not eligible for auto-proxying)
19:41:42.302 [main] INFO  o.s.c.s.PostProcessorRegistrationDelegate$BeanPostProcessorChecker - [postProcessAfterInitialization,409] - Bean 'reactorDeferringLoadBalancerExchangeFilterFunction' of type [org.springframework.cloud.client.loadbalancer.reactive.DeferringLoadBalancerExchangeFilterFunction] is not eligible for getting processed by all BeanPostProcessors (for example: not eligible for auto-proxying)
19:41:43.186 [main] INFO  o.s.c.g.r.RouteDefinitionRouteLocator - [lambda$initFactories$1,88] - Loaded RoutePredicateFactory [After]
19:41:43.186 [main] INFO  o.s.c.g.r.RouteDefinitionRouteLocator - [lambda$initFactories$1,88] - Loaded RoutePredicateFactory [Before]
19:41:43.186 [main] INFO  o.s.c.g.r.RouteDefinitionRouteLocator - [lambda$initFactories$1,88] - Loaded RoutePredicateFactory [Between]
19:41:43.186 [main] INFO  o.s.c.g.r.RouteDefinitionRouteLocator - [lambda$initFactories$1,88] - Loaded RoutePredicateFactory [Cookie]
19:41:43.186 [main] INFO  o.s.c.g.r.RouteDefinitionRouteLocator - [lambda$initFactories$1,88] - Loaded RoutePredicateFactory [Header]
19:41:43.186 [main] INFO  o.s.c.g.r.RouteDefinitionRouteLocator - [lambda$initFactories$1,88] - Loaded RoutePredicateFactory [Host]
19:41:43.186 [main] INFO  o.s.c.g.r.RouteDefinitionRouteLocator - [lambda$initFactories$1,88] - Loaded RoutePredicateFactory [Method]
19:41:43.186 [main] INFO  o.s.c.g.r.RouteDefinitionRouteLocator - [lambda$initFactories$1,88] - Loaded RoutePredicateFactory [Path]
19:41:43.186 [main] INFO  o.s.c.g.r.RouteDefinitionRouteLocator - [lambda$initFactories$1,88] - Loaded RoutePredicateFactory [Query]
19:41:43.186 [main] INFO  o.s.c.g.r.RouteDefinitionRouteLocator - [lambda$initFactories$1,88] - Loaded RoutePredicateFactory [ReadBody]
19:41:43.186 [main] INFO  o.s.c.g.r.RouteDefinitionRouteLocator - [lambda$initFactories$1,88] - Loaded RoutePredicateFactory [RemoteAddr]
19:41:43.187 [main] INFO  o.s.c.g.r.RouteDefinitionRouteLocator - [lambda$initFactories$1,88] - Loaded RoutePredicateFactory [XForwardedRemoteAddr]
19:41:43.187 [main] INFO  o.s.c.g.r.RouteDefinitionRouteLocator - [lambda$initFactories$1,88] - Loaded RoutePredicateFactory [Weight]
19:41:43.187 [main] INFO  o.s.c.g.r.RouteDefinitionRouteLocator - [lambda$initFactories$1,88] - Loaded RoutePredicateFactory [CloudFoundryRouteService]
19:41:43.622 [main] INFO  o.s.b.w.e.n.NettyWebServer - [start,111] - Netty started on port 19090
19:41:43.889 [main] INFO  c.a.n.client.naming - [initNamespaceForNaming,62] - initializer namespace from ans.namespace attribute : null
19:41:43.890 [main] INFO  c.a.n.client.naming - [lambda$initNamespaceForNaming$0,66] - initializer namespace from ALIBABA_ALIWARE_NAMESPACE attribute :null
19:41:43.890 [main] INFO  c.a.n.client.naming - [lambda$initNamespaceForNaming$1,73] - initializer namespace from namespace attribute :null
19:41:43.903 [main] INFO  c.a.n.p.a.s.c.ClientAuthPluginManager - [init,56] - [ClientAuthPluginManager] Load ClientAuthService com.alibaba.nacos.client.auth.impl.NacosClientAuthServiceImpl success.
19:41:43.904 [main] INFO  c.a.n.p.a.s.c.ClientAuthPluginManager - [init,56] - [ClientAuthPluginManager] Load ClientAuthService com.alibaba.nacos.client.auth.ram.RamClientAuthServiceImpl success.
19:41:43.907 [main] INFO  c.a.n.c.r.client - [lambda$createClient$0,108] - [RpcClientFactory] create a new rpc client of 2ba20887-1b0a-4e3b-8fd7-f1bbcceba047
19:41:43.908 [main] INFO  c.a.n.c.r.client - [printIfInfoEnabled,63] - [2ba20887-1b0a-4e3b-8fd7-f1bbcceba047] RpcClient init, ServerListFactory = com.alibaba.nacos.client.naming.core.ServerListManager
19:41:43.908 [main] INFO  c.a.n.c.r.client - [printIfInfoEnabled,63] - [2ba20887-1b0a-4e3b-8fd7-f1bbcceba047] Registry connection listener to current client:com.alibaba.nacos.client.naming.remote.gprc.redo.NamingGrpcRedoService
19:41:43.909 [main] INFO  c.a.n.c.r.client - [printIfInfoEnabled,63] - [2ba20887-1b0a-4e3b-8fd7-f1bbcceba047] Register server push request handler:com.alibaba.nacos.client.naming.remote.gprc.NamingPushRequestHandler
19:41:43.909 [main] INFO  c.a.n.c.r.client - [printIfInfoEnabled,63] - [2ba20887-1b0a-4e3b-8fd7-f1bbcceba047] Try to connect to server on start up, server: {serverIp = 'localhost', server main port = 8848}
19:41:43.910 [main] INFO  c.a.n.c.r.c.g.GrpcClient - [createNewManagedChannel,182] - grpc client connection server:localhost ip,serverPort:9848,grpcTslConfig:{"sslProvider":"OPENSSL","enableTls":false,"mutualAuthEnable":false,"trustAll":false}
19:41:44.030 [main] INFO  c.a.n.c.r.client - [printIfInfoEnabled,63] - [2ba20887-1b0a-4e3b-8fd7-f1bbcceba047] Success to connect to server [localhost:8848] on start up, connectionId = 1777462903918_172.17.0.1_38934
19:41:44.032 [com.alibaba.nacos.client.remote.worker] INFO  c.a.n.c.r.client - [printIfInfoEnabled,63] - [2ba20887-1b0a-4e3b-8fd7-f1bbcceba047] Notify connected event to listeners.
19:41:44.031 [main] INFO  c.a.n.c.r.client - [printIfInfoEnabled,63] - [2ba20887-1b0a-4e3b-8fd7-f1bbcceba047] Register server push request handler:com.alibaba.nacos.common.remote.client.RpcClient$ConnectResetRequestHandler
19:41:44.034 [com.alibaba.nacos.client.remote.worker] INFO  c.a.n.client.naming - [onConnected,78] - Grpc connection connect
19:41:44.036 [main] INFO  c.a.n.c.r.client - [printIfInfoEnabled,63] - [2ba20887-1b0a-4e3b-8fd7-f1bbcceba047] Register server push request handler:com.alibaba.nacos.common.remote.client.RpcClient$$Lambda$595/0x00000232984d2c28
19:41:44.040 [main] INFO  c.a.n.client.naming - [registerService,121] - [REGISTER-SERVICE] 1b411097-df3c-4cac-a649-ba6b6b22fcd4 registering service oj-gateway with instance Instance{instanceId='null', ip='172.20.10.6', port=19090, weight=1.0, healthy=true, enabled=true, ephemeral=true, clusterName='DEFAULT', serviceName='null', metadata={IPv6=[2409:897a:3d80:97a3:543:892d:f811:3246], preserved.register.source=SPRING_CLOUD}}
19:41:44.051 [main] INFO  c.a.c.n.r.NacosServiceRegistry - [register,76] - nacos registry, DEFAULT_GROUP oj-gateway 172.20.10.6:19090 register finished
19:41:44.087 [main] INFO  c.b.g.OjGatewayApplication - [logStarted,57] - Started OjGatewayApplication in 3.882 seconds (process running for 4.368)
19:41:44.090 [main] INFO  c.a.n.c.c.i.CacheData - [<clinit>,67] - nacos.cache.data.init.snapshot = true 
19:41:44.091 [main] INFO  c.a.n.c.c.i.ClientWorker - [addCacheDataIfAbsent,380] - [fixed-1b411097-df3c-4cac-a649-ba6b6b22fcd4-localhost_8848] [subscribe] oj-gateway-local.yaml+DEFAULT_GROUP+1b411097-df3c-4cac-a649-ba6b6b22fcd4
19:41:44.095 [main] INFO  c.a.n.c.c.i.CacheData - [addListener,197] - [fixed-1b411097-df3c-4cac-a649-ba6b6b22fcd4-localhost_8848] [add-listener] ok, tenant=1b411097-df3c-4cac-a649-ba6b6b22fcd4, dataId=oj-gateway-local.yaml, group=DEFAULT_GROUP, cnt=1
19:41:44.095 [main] INFO  c.a.c.n.r.NacosContextRefresher - [registerNacosListener,129] - [Nacos Config] Listening config: dataId=oj-gateway-local.yaml, group=DEFAULT_GROUP
19:41:44.096 [main] INFO  c.a.n.c.c.i.ClientWorker - [addCacheDataIfAbsent,380] - [fixed-1b411097-df3c-4cac-a649-ba6b6b22fcd4-localhost_8848] [subscribe] oj-gateway+DEFAULT_GROUP+1b411097-df3c-4cac-a649-ba6b6b22fcd4
19:41:44.097 [main] INFO  c.a.n.c.c.i.CacheData - [addListener,197] - [fixed-1b411097-df3c-4cac-a649-ba6b6b22fcd4-localhost_8848] [add-listener] ok, tenant=1b411097-df3c-4cac-a649-ba6b6b22fcd4, dataId=oj-gateway, group=DEFAULT_GROUP, cnt=1
19:41:44.097 [main] INFO  c.a.c.n.r.NacosContextRefresher - [registerNacosListener,129] - [Nacos Config] Listening config: dataId=oj-gateway, group=DEFAULT_GROUP
19:41:44.097 [main] INFO  c.a.n.c.c.i.ClientWorker - [addCacheDataIfAbsent,380] - [fixed-1b411097-df3c-4cac-a649-ba6b6b22fcd4-localhost_8848] [subscribe] oj-gateway.yaml+DEFAULT_GROUP+1b411097-df3c-4cac-a649-ba6b6b22fcd4
19:41:44.097 [main] INFO  c.a.n.c.c.i.CacheData - [addListener,197] - [fixed-1b411097-df3c-4cac-a649-ba6b6b22fcd4-localhost_8848] [add-listener] ok, tenant=1b411097-df3c-4cac-a649-ba6b6b22fcd4, dataId=oj-gateway.yaml, group=DEFAULT_GROUP, cnt=1
19:41:44.097 [main] INFO  c.a.c.n.r.NacosContextRefresher - [registerNacosListener,129] - [Nacos Config] Listening config: dataId=oj-gateway.yaml, group=DEFAULT_GROUP
20:29:00.528 [boundedElastic-1] INFO  c.a.n.client.naming - [subscribe,167] - [SUBSCRIBE-SERVICE] service:oj-system, group:DEFAULT_GROUP, clusters: 
20:29:00.536 [boundedElastic-1] INFO  c.a.n.client.naming - [isChangedServiceInfo,184] - init new ips(1) service: DEFAULT_GROUP@@oj-system -> [{"ip":"172.20.10.6","port":9201,"weight":1.0,"healthy":true,"enabled":true,"ephemeral":true,"clusterName":"DEFAULT","serviceName":"DEFAULT_GROUP@@oj-system","metadata":{"preserved.register.source":"SPRING_CLOUD","IPv6":"[2409:897a:3d80:97a3:543:892d:f811:3246]"},"ipDeleteTimeout":30000,"instanceHeartBeatInterval":5000,"instanceHeartBeatTimeOut":15000}]
20:29:00.538 [boundedElastic-1] INFO  c.a.n.client.naming - [processServiceInfo,169] - current ips:(1) service: DEFAULT_GROUP@@oj-system -> [{"ip":"172.20.10.6","port":9201,"weight":1.0,"healthy":true,"enabled":true,"ephemeral":true,"clusterName":"DEFAULT","serviceName":"DEFAULT_GROUP@@oj-system","metadata":{"preserved.register.source":"SPRING_CLOUD","IPv6":"[2409:897a:3d80:97a3:543:892d:f811:3246]"},"ipDeleteTimeout":30000,"instanceHeartBeatInterval":5000,"instanceHeartBeatTimeOut":15000}]
20:29:01.133 [nacos-grpc-client-executor-localhost-589] INFO  c.a.n.c.r.client - [printIfInfoEnabled,63] - [2ba20887-1b0a-4e3b-8fd7-f1bbcceba047] Receive server push request, request = NotifySubscriberRequest, requestId = 4
20:29:01.134 [nacos-grpc-client-executor-localhost-589] INFO  c.a.n.c.r.client - [printIfInfoEnabled,63] - [2ba20887-1b0a-4e3b-8fd7-f1bbcceba047] Ack server push request, request = NotifySubscriberRequest, requestId = 4
20:30:19.241 [SpringApplicationShutdownHook] INFO  c.a.c.n.r.NacosServiceRegistry - [deregister,95] - De-registering from Nacos Server now...
20:30:19.242 [SpringApplicationShutdownHook] INFO  c.a.n.client.naming - [deregisterService,217] - [DEREGISTER-SERVICE] 1b411097-df3c-4cac-a649-ba6b6b22fcd4 deregistering service oj-gateway with instance: Instance{instanceId='null', ip='172.20.10.6', port=19090, weight=1.0, healthy=true, enabled=true, ephemeral=true, clusterName='DEFAULT', serviceName='null', metadata={}}
20:30:19.245 [SpringApplicationShutdownHook] INFO  c.a.c.n.r.NacosServiceRegistry - [deregister,115] - De-registration finished.
20:30:19.246 [SpringApplicationShutdownHook] INFO  c.a.n.client.naming - [shutdown,256] - com.alibaba.nacos.client.naming.cache.ServiceInfoHolder do shutdown begin
20:30:19.246 [SpringApplicationShutdownHook] INFO  c.a.n.client.naming - [shutdown,136] - com.alibaba.nacos.client.naming.backups.FailoverReactor do shutdown begin
20:30:19.246 [SpringApplicationShutdownHook] INFO  c.a.n.client.naming - [shutdown,138] - com.alibaba.nacos.client.naming.backups.FailoverReactor do shutdown stop
20:30:19.246 [SpringApplicationShutdownHook] INFO  c.a.n.client.naming - [shutdown,258] - com.alibaba.nacos.client.naming.cache.ServiceInfoHolder do shutdown stop
20:30:19.246 [SpringApplicationShutdownHook] INFO  c.a.n.client.naming - [shutdown,204] - com.alibaba.nacos.client.naming.remote.NamingClientProxyDelegate do shutdown begin
20:30:19.246 [SpringApplicationShutdownHook] INFO  c.a.n.client.naming - [shutdown,143] - com.alibaba.nacos.client.naming.core.ServiceInfoUpdateService do shutdown begin
20:30:19.246 [SpringApplicationShutdownHook] INFO  c.a.n.client.naming - [shutdown,145] - com.alibaba.nacos.client.naming.core.ServiceInfoUpdateService do shutdown stop
20:30:19.246 [SpringApplicationShutdownHook] INFO  c.a.n.client.naming - [shutdown,194] - com.alibaba.nacos.client.naming.core.ServerListManager do shutdown begin
20:30:19.246 [SpringApplicationShutdownHook] INFO  c.a.n.client.naming - [shutdown,199] - com.alibaba.nacos.client.naming.core.ServerListManager do shutdown stop
20:30:19.247 [SpringApplicationShutdownHook] INFO  c.a.n.client.naming - [shutdown,484] - com.alibaba.nacos.client.naming.remote.http.NamingHttpClientProxy do shutdown begin
20:30:19.247 [SpringApplicationShutdownHook] INFO  c.a.n.client.naming - [shutdown,486] - com.alibaba.nacos.client.naming.remote.http.NamingHttpClientProxy do shutdown stop
20:30:19.247 [SpringApplicationShutdownHook] INFO  c.a.n.c.r.client - [shutdown,429] - Shutdown rpc client, set status to shutdown
20:30:19.247 [SpringApplicationShutdownHook] INFO  c.a.n.c.r.client - [shutdown,431] - Shutdown client event executor java.util.concurrent.ScheduledThreadPoolExecutor@3ee6bc35[Running, pool size = 2, active threads = 2, queued tasks = 0, completed tasks = 0]
20:30:19.247 [SpringApplicationShutdownHook] INFO  c.a.n.c.r.client - [closeConnection,584] - Close current connection 1777462903918_172.17.0.1_38934
20:30:19.249 [SpringApplicationShutdownHook] INFO  c.a.n.c.r.c.g.GrpcClient - [shutdown,159] - Shutdown grpc executor java.util.concurrent.ThreadPoolExecutor@611d16b6[Running, pool size = 3, active threads = 0, queued tasks = 0, completed tasks = 606]
20:30:19.249 [SpringApplicationShutdownHook] INFO  c.a.n.client.naming - [shutdown,318] - Shutdown grpc redo service executor java.util.concurrent.ScheduledThreadPoolExecutor@17c1b86b[Running, pool size = 1, active threads = 0, queued tasks = 1, completed tasks = 969]
20:30:19.249 [SpringApplicationShutdownHook] INFO  c.a.n.c.a.r.i.CredentialWatcher - [stop,106] - [null] CredentialWatcher is stopped
20:30:19.250 [SpringApplicationShutdownHook] INFO  c.a.n.c.a.r.i.CredentialService - [free,100] - [null] CredentialService is freed
20:30:19.250 [SpringApplicationShutdownHook] INFO  c.a.n.client.naming - [shutdown,211] - com.alibaba.nacos.client.naming.remote.NamingClientProxyDelegate do shutdown stop
20:30:20.411 [com.alibaba.nacos.client.Worker] INFO  c.a.n.c.a.r.i.CredentialWatcher - [loadCredential,165] - null No credential found
20:30:41.889 [background-preinit] INFO  o.h.v.i.util.Version - [<clinit>,21] - HV000001: Hibernate Validator 8.0.0.Final
20:30:42.074 [main] INFO  c.a.n.c.u.ParamUtil - [<clinit>,87] - [settings] [req-serv] nacos-server port:8848
20:30:42.074 [main] INFO  c.a.n.c.u.ParamUtil - [<clinit>,98] - [settings] [http-client] connect timeout:1000
20:30:42.077 [main] INFO  c.a.n.c.u.ParamUtil - [<clinit>,105] - PER_TASK_CONFIG_SIZE: 3000.0
20:30:42.099 [main] INFO  c.a.n.p.a.s.c.ClientAuthPluginManager - [init,56] - [ClientAuthPluginManager] Load ClientAuthService com.alibaba.nacos.client.auth.impl.NacosClientAuthServiceImpl success.
20:30:42.099 [main] INFO  c.a.n.p.a.s.c.ClientAuthPluginManager - [init,56] - [ClientAuthPluginManager] Load ClientAuthService com.alibaba.nacos.client.auth.ram.RamClientAuthServiceImpl success.
20:30:42.102 [main] INFO  c.a.n.c.a.r.i.CredentialWatcher - [loadCredential,165] - null No credential found
20:30:42.296 [main] INFO  c.a.n.c.c.i.LocalConfigInfoProcessor - [<clinit>,63] - LOCAL_SNAPSHOT_PATH:C:\Users\45\nacos\config
20:30:42.299 [main] INFO  c.a.n.c.r.client - [lambda$createClient$0,108] - [RpcClientFactory] create a new rpc client of 54e36221-59bd-475c-8772-f2c81cd614b3_config-0
20:30:42.309 [main] INFO  c.a.n.c.r.client - [printIfInfoEnabled,63] - [54e36221-59bd-475c-8772-f2c81cd614b3_config-0] Register server push request handler:com.alibaba.nacos.client.config.impl.ClientWorker$ConfigRpcTransportClient$$Lambda$574/0x000001bfc836b900
20:30:42.310 [main] INFO  c.a.n.c.r.client - [printIfInfoEnabled,63] - [54e36221-59bd-475c-8772-f2c81cd614b3_config-0] Register server push request handler:com.alibaba.nacos.client.config.impl.ClientWorker$ConfigRpcTransportClient$$Lambda$575/0x000001bfc836bd20
20:30:42.310 [main] INFO  c.a.n.c.r.client - [printIfInfoEnabled,63] - [54e36221-59bd-475c-8772-f2c81cd614b3_config-0] Registry connection listener to current client:com.alibaba.nacos.client.config.impl.ClientWorker$ConfigRpcTransportClient$1
20:30:42.310 [main] INFO  c.a.n.c.r.client - [printIfInfoEnabled,63] - [54e36221-59bd-475c-8772-f2c81cd614b3_config-0] RpcClient init, ServerListFactory = com.alibaba.nacos.client.config.impl.ClientWorker$ConfigRpcTransportClient$2
20:30:42.316 [main] INFO  c.a.n.c.r.client - [printIfInfoEnabled,63] - [54e36221-59bd-475c-8772-f2c81cd614b3_config-0] Try to connect to server on start up, server: {serverIp = 'localhost', server main port = 8848}
20:30:42.338 [main] INFO  c.a.n.c.r.c.g.GrpcClient - [createNewManagedChannel,182] - grpc client connection server:localhost ip,serverPort:9848,grpcTslConfig:{"sslProvider":"OPENSSL","enableTls":false,"mutualAuthEnable":false,"trustAll":false}
20:30:42.992 [main] INFO  c.a.n.c.r.client - [printIfInfoEnabled,63] - [54e36221-59bd-475c-8772-f2c81cd614b3_config-0] Success to connect to server [localhost:8848] on start up, connectionId = 1777465842836_172.17.0.1_39422
20:30:42.993 [com.alibaba.nacos.client.remote.worker] INFO  c.a.n.c.r.client - [printIfInfoEnabled,63] - [54e36221-59bd-475c-8772-f2c81cd614b3_config-0] Notify connected event to listeners.
20:30:42.994 [main] INFO  c.a.n.c.r.client - [printIfInfoEnabled,63] - [54e36221-59bd-475c-8772-f2c81cd614b3_config-0] Register server push request handler:com.alibaba.nacos.common.remote.client.RpcClient$ConnectResetRequestHandler
20:30:42.994 [com.alibaba.nacos.client.remote.worker] INFO  c.a.n.c.c.i.ClientWorker - [onConnected,639] - [54e36221-59bd-475c-8772-f2c81cd614b3_config-0] Connected,notify listen context...
20:30:42.997 [main] INFO  c.a.n.c.r.client - [printIfInfoEnabled,63] - [54e36221-59bd-475c-8772-f2c81cd614b3_config-0] Register server push request handler:com.alibaba.nacos.common.remote.client.RpcClient$$Lambda$595/0x000001bfc84d30c8
20:30:43.018 [main] INFO  c.a.n.c.c.i.Limiter - [<clinit>,62] - limitTime:5.0
20:30:43.051 [main] INFO  c.a.n.c.c.u.JvmUtil - [<clinit>,54] - isMultiInstance:false
20:30:43.057 [main] INFO  o.s.c.b.c.PropertySourceBootstrapConfiguration - [initialize,108] - Located property source: [BootstrapPropertySource {name='bootstrapProperties-oj-gateway-local.yaml,DEFAULT_GROUP'}, BootstrapPropertySource {name='bootstrapProperties-oj-gateway.yaml,DEFAULT_GROUP'}, BootstrapPropertySource {name='bootstrapProperties-oj-gateway,DEFAULT_GROUP'}]
20:30:43.061 [main] INFO  c.b.g.OjGatewayApplication - [logStartupProfileInfo,636] - The following 1 profile is active: "local"
20:30:43.370 [main] INFO  o.s.d.r.c.RepositoryConfigurationDelegate - [multipleStoresDetected,294] - Multiple Spring Data modules found, entering strict repository configuration mode
20:30:43.372 [main] INFO  o.s.d.r.c.RepositoryConfigurationDelegate - [registerRepositoriesIn,138] - Bootstrapping Spring Data Redis repositories in DEFAULT mode.
20:30:43.387 [main] INFO  o.s.d.r.c.RepositoryConfigurationDelegate - [registerRepositoriesIn,208] - Finished Spring Data repository scanning in 6 ms. Found 0 Redis repository interfaces.
20:30:43.484 [main] INFO  o.s.c.c.s.GenericScope - [setSerializationId,282] - BeanFactory id=a2242d8d-f5fd-3a65-be67-7fd022a476aa
20:30:43.508 [main] INFO  o.s.c.s.PostProcessorRegistrationDelegate$BeanPostProcessorChecker - [postProcessAfterInitialization,409] - Bean 'org.springframework.cloud.client.loadbalancer.reactive.LoadBalancerBeanPostProcessorAutoConfiguration' of type [org.springframework.cloud.client.loadbalancer.reactive.LoadBalancerBeanPostProcessorAutoConfiguration] is not eligible for getting processed by all BeanPostProcessors (for example: not eligible for auto-proxying)
20:30:43.509 [main] INFO  o.s.c.s.PostProcessorRegistrationDelegate$BeanPostProcessorChecker - [postProcessAfterInitialization,409] - Bean 'org.springframework.cloud.client.loadbalancer.reactive.LoadBalancerBeanPostProcessorAutoConfiguration$ReactorDeferringLoadBalancerFilterConfig' of type [org.springframework.cloud.client.loadbalancer.reactive.LoadBalancerBeanPostProcessorAutoConfiguration$ReactorDeferringLoadBalancerFilterConfig] is not eligible for getting processed by all BeanPostProcessors (for example: not eligible for auto-proxying)
20:30:43.510 [main] INFO  o.s.c.s.PostProcessorRegistrationDelegate$BeanPostProcessorChecker - [postProcessAfterInitialization,409] - Bean 'reactorDeferringLoadBalancerExchangeFilterFunction' of type [org.springframework.cloud.client.loadbalancer.reactive.DeferringLoadBalancerExchangeFilterFunction] is not eligible for getting processed by all BeanPostProcessors (for example: not eligible for auto-proxying)
20:30:44.362 [main] INFO  o.s.c.g.r.RouteDefinitionRouteLocator - [lambda$initFactories$1,88] - Loaded RoutePredicateFactory [After]
20:30:44.362 [main] INFO  o.s.c.g.r.RouteDefinitionRouteLocator - [lambda$initFactories$1,88] - Loaded RoutePredicateFactory [Before]
20:30:44.362 [main] INFO  o.s.c.g.r.RouteDefinitionRouteLocator - [lambda$initFactories$1,88] - Loaded RoutePredicateFactory [Between]
20:30:44.362 [main] INFO  o.s.c.g.r.RouteDefinitionRouteLocator - [lambda$initFactories$1,88] - Loaded RoutePredicateFactory [Cookie]
20:30:44.362 [main] INFO  o.s.c.g.r.RouteDefinitionRouteLocator - [lambda$initFactories$1,88] - Loaded RoutePredicateFactory [Header]
20:30:44.362 [main] INFO  o.s.c.g.r.RouteDefinitionRouteLocator - [lambda$initFactories$1,88] - Loaded RoutePredicateFactory [Host]
20:30:44.363 [main] INFO  o.s.c.g.r.RouteDefinitionRouteLocator - [lambda$initFactories$1,88] - Loaded RoutePredicateFactory [Method]
20:30:44.363 [main] INFO  o.s.c.g.r.RouteDefinitionRouteLocator - [lambda$initFactories$1,88] - Loaded RoutePredicateFactory [Path]
20:30:44.363 [main] INFO  o.s.c.g.r.RouteDefinitionRouteLocator - [lambda$initFactories$1,88] - Loaded RoutePredicateFactory [Query]
20:30:44.364 [main] INFO  o.s.c.g.r.RouteDefinitionRouteLocator - [lambda$initFactories$1,88] - Loaded RoutePredicateFactory [ReadBody]
20:30:44.364 [main] INFO  o.s.c.g.r.RouteDefinitionRouteLocator - [lambda$initFactories$1,88] - Loaded RoutePredicateFactory [RemoteAddr]
20:30:44.364 [main] INFO  o.s.c.g.r.RouteDefinitionRouteLocator - [lambda$initFactories$1,88] - Loaded RoutePredicateFactory [XForwardedRemoteAddr]
20:30:44.364 [main] INFO  o.s.c.g.r.RouteDefinitionRouteLocator - [lambda$initFactories$1,88] - Loaded RoutePredicateFactory [Weight]
20:30:44.364 [main] INFO  o.s.c.g.r.RouteDefinitionRouteLocator - [lambda$initFactories$1,88] - Loaded RoutePredicateFactory [CloudFoundryRouteService]
20:30:44.774 [main] INFO  o.s.b.w.e.n.NettyWebServer - [start,111] - Netty started on port 19090
20:30:45.043 [main] INFO  c.a.n.client.naming - [initNamespaceForNaming,62] - initializer namespace from ans.namespace attribute : null
20:30:45.044 [main] INFO  c.a.n.client.naming - [lambda$initNamespaceForNaming$0,66] - initializer namespace from ALIBABA_ALIWARE_NAMESPACE attribute :null
20:30:45.044 [main] INFO  c.a.n.client.naming - [lambda$initNamespaceForNaming$1,73] - initializer namespace from namespace attribute :null
20:30:45.049 [main] INFO  c.a.n.p.a.s.c.ClientAuthPluginManager - [init,56] - [ClientAuthPluginManager] Load ClientAuthService com.alibaba.nacos.client.auth.impl.NacosClientAuthServiceImpl success.
20:30:45.049 [main] INFO  c.a.n.p.a.s.c.ClientAuthPluginManager - [init,56] - [ClientAuthPluginManager] Load ClientAuthService com.alibaba.nacos.client.auth.ram.RamClientAuthServiceImpl success.
20:30:45.053 [main] INFO  c.a.n.c.r.client - [lambda$createClient$0,108] - [RpcClientFactory] create a new rpc client of 483afddc-e665-4c98-b198-d7090e37586d
20:30:45.054 [main] INFO  c.a.n.c.r.client - [printIfInfoEnabled,63] - [483afddc-e665-4c98-b198-d7090e37586d] RpcClient init, ServerListFactory = com.alibaba.nacos.client.naming.core.ServerListManager
20:30:45.054 [main] INFO  c.a.n.c.r.client - [printIfInfoEnabled,63] - [483afddc-e665-4c98-b198-d7090e37586d] Registry connection listener to current client:com.alibaba.nacos.client.naming.remote.gprc.redo.NamingGrpcRedoService
20:30:45.055 [main] INFO  c.a.n.c.r.client - [printIfInfoEnabled,63] - [483afddc-e665-4c98-b198-d7090e37586d] Register server push request handler:com.alibaba.nacos.client.naming.remote.gprc.NamingPushRequestHandler
20:30:45.055 [main] INFO  c.a.n.c.r.client - [printIfInfoEnabled,63] - [483afddc-e665-4c98-b198-d7090e37586d] Try to connect to server on start up, server: {serverIp = 'localhost', server main port = 8848}
20:30:45.055 [main] INFO  c.a.n.c.r.c.g.GrpcClient - [createNewManagedChannel,182] - grpc client connection server:localhost ip,serverPort:9848,grpcTslConfig:{"sslProvider":"OPENSSL","enableTls":false,"mutualAuthEnable":false,"trustAll":false}
20:30:45.174 [main] INFO  c.a.n.c.r.client - [printIfInfoEnabled,63] - [483afddc-e665-4c98-b198-d7090e37586d] Success to connect to server [localhost:8848] on start up, connectionId = 1777465845061_172.17.0.1_39438
20:30:45.175 [main] INFO  c.a.n.c.r.client - [printIfInfoEnabled,63] - [483afddc-e665-4c98-b198-d7090e37586d] Register server push request handler:com.alibaba.nacos.common.remote.client.RpcClient$ConnectResetRequestHandler
20:30:45.175 [com.alibaba.nacos.client.remote.worker] INFO  c.a.n.c.r.client - [printIfInfoEnabled,63] - [483afddc-e665-4c98-b198-d7090e37586d] Notify connected event to listeners.
20:30:45.177 [com.alibaba.nacos.client.remote.worker] INFO  c.a.n.client.naming - [onConnected,78] - Grpc connection connect
20:30:45.176 [main] INFO  c.a.n.c.r.client - [printIfInfoEnabled,63] - [483afddc-e665-4c98-b198-d7090e37586d] Register server push request handler:com.alibaba.nacos.common.remote.client.RpcClient$$Lambda$595/0x000001bfc84d30c8
20:30:45.183 [main] INFO  c.a.n.client.naming - [registerService,121] - [REGISTER-SERVICE] 1b411097-df3c-4cac-a649-ba6b6b22fcd4 registering service oj-gateway with instance Instance{instanceId='null', ip='172.20.10.6', port=19090, weight=1.0, healthy=true, enabled=true, ephemeral=true, clusterName='DEFAULT', serviceName='null', metadata={IPv6=[2409:897a:3d80:97a3:543:892d:f811:3246], preserved.register.source=SPRING_CLOUD}}
20:30:45.192 [main] INFO  c.a.c.n.r.NacosServiceRegistry - [register,76] - nacos registry, DEFAULT_GROUP oj-gateway 172.20.10.6:19090 register finished
20:30:45.225 [main] INFO  c.b.g.OjGatewayApplication - [logStarted,57] - Started OjGatewayApplication in 3.746 seconds (process running for 4.23)
20:30:45.228 [main] INFO  c.a.n.c.c.i.CacheData - [<clinit>,67] - nacos.cache.data.init.snapshot = true 
20:30:45.229 [main] INFO  c.a.n.c.c.i.ClientWorker - [addCacheDataIfAbsent,380] - [fixed-1b411097-df3c-4cac-a649-ba6b6b22fcd4-localhost_8848] [subscribe] oj-gateway-local.yaml+DEFAULT_GROUP+1b411097-df3c-4cac-a649-ba6b6b22fcd4
20:30:45.233 [main] INFO  c.a.n.c.c.i.CacheData - [addListener,197] - [fixed-1b411097-df3c-4cac-a649-ba6b6b22fcd4-localhost_8848] [add-listener] ok, tenant=1b411097-df3c-4cac-a649-ba6b6b22fcd4, dataId=oj-gateway-local.yaml, group=DEFAULT_GROUP, cnt=1
20:30:45.233 [main] INFO  c.a.c.n.r.NacosContextRefresher - [registerNacosListener,129] - [Nacos Config] Listening config: dataId=oj-gateway-local.yaml, group=DEFAULT_GROUP
20:30:45.233 [main] INFO  c.a.n.c.c.i.ClientWorker - [addCacheDataIfAbsent,380] - [fixed-1b411097-df3c-4cac-a649-ba6b6b22fcd4-localhost_8848] [subscribe] oj-gateway+DEFAULT_GROUP+1b411097-df3c-4cac-a649-ba6b6b22fcd4
20:30:45.233 [main] INFO  c.a.n.c.c.i.CacheData - [addListener,197] - [fixed-1b411097-df3c-4cac-a649-ba6b6b22fcd4-localhost_8848] [add-listener] ok, tenant=1b411097-df3c-4cac-a649-ba6b6b22fcd4, dataId=oj-gateway, group=DEFAULT_GROUP, cnt=1
20:30:45.233 [main] INFO  c.a.c.n.r.NacosContextRefresher - [registerNacosListener,129] - [Nacos Config] Listening config: dataId=oj-gateway, group=DEFAULT_GROUP
20:30:45.233 [main] INFO  c.a.n.c.c.i.ClientWorker - [addCacheDataIfAbsent,380] - [fixed-1b411097-df3c-4cac-a649-ba6b6b22fcd4-localhost_8848] [subscribe] oj-gateway.yaml+DEFAULT_GROUP+1b411097-df3c-4cac-a649-ba6b6b22fcd4
20:30:45.233 [main] INFO  c.a.n.c.c.i.CacheData - [addListener,197] - [fixed-1b411097-df3c-4cac-a649-ba6b6b22fcd4-localhost_8848] [add-listener] ok, tenant=1b411097-df3c-4cac-a649-ba6b6b22fcd4, dataId=oj-gateway.yaml, group=DEFAULT_GROUP, cnt=1
20:30:45.234 [main] INFO  c.a.c.n.r.NacosContextRefresher - [registerNacosListener,129] - [Nacos Config] Listening config: dataId=oj-gateway.yaml, group=DEFAULT_GROUP
20:30:48.174 [SpringApplicationShutdownHook] INFO  c.a.c.n.r.NacosServiceRegistry - [deregister,95] - De-registering from Nacos Server now...
20:30:48.174 [SpringApplicationShutdownHook] INFO  c.a.n.client.naming - [deregisterService,217] - [DEREGISTER-SERVICE] 1b411097-df3c-4cac-a649-ba6b6b22fcd4 deregistering service oj-gateway with instance: Instance{instanceId='null', ip='172.20.10.6', port=19090, weight=1.0, healthy=true, enabled=true, ephemeral=true, clusterName='DEFAULT', serviceName='null', metadata={}}
20:30:48.178 [SpringApplicationShutdownHook] INFO  c.a.c.n.r.NacosServiceRegistry - [deregister,115] - De-registration finished.
20:30:48.179 [SpringApplicationShutdownHook] INFO  c.a.n.client.naming - [shutdown,256] - com.alibaba.nacos.client.naming.cache.ServiceInfoHolder do shutdown begin
20:30:48.179 [SpringApplicationShutdownHook] INFO  c.a.n.client.naming - [shutdown,136] - com.alibaba.nacos.client.naming.backups.FailoverReactor do shutdown begin
20:30:48.501 [SpringApplicationShutdownHook] INFO  c.a.n.client.naming - [shutdown,138] - com.alibaba.nacos.client.naming.backups.FailoverReactor do shutdown stop
20:30:48.501 [SpringApplicationShutdownHook] INFO  c.a.n.client.naming - [shutdown,258] - com.alibaba.nacos.client.naming.cache.ServiceInfoHolder do shutdown stop
20:30:48.502 [SpringApplicationShutdownHook] INFO  c.a.n.client.naming - [shutdown,204] - com.alibaba.nacos.client.naming.remote.NamingClientProxyDelegate do shutdown begin
20:30:48.502 [SpringApplicationShutdownHook] INFO  c.a.n.client.naming - [shutdown,143] - com.alibaba.nacos.client.naming.core.ServiceInfoUpdateService do shutdown begin
20:30:48.502 [SpringApplicationShutdownHook] INFO  c.a.n.client.naming - [shutdown,145] - com.alibaba.nacos.client.naming.core.ServiceInfoUpdateService do shutdown stop
20:30:48.502 [SpringApplicationShutdownHook] INFO  c.a.n.client.naming - [shutdown,194] - com.alibaba.nacos.client.naming.core.ServerListManager do shutdown begin
20:30:48.502 [SpringApplicationShutdownHook] INFO  c.a.n.client.naming - [shutdown,199] - com.alibaba.nacos.client.naming.core.ServerListManager do shutdown stop
20:30:48.502 [SpringApplicationShutdownHook] INFO  c.a.n.client.naming - [shutdown,484] - com.alibaba.nacos.client.naming.remote.http.NamingHttpClientProxy do shutdown begin
20:30:48.502 [SpringApplicationShutdownHook] INFO  c.a.n.client.naming - [shutdown,486] - com.alibaba.nacos.client.naming.remote.http.NamingHttpClientProxy do shutdown stop
20:30:48.502 [SpringApplicationShutdownHook] INFO  c.a.n.c.r.client - [shutdown,429] - Shutdown rpc client, set status to shutdown
20:30:48.502 [SpringApplicationShutdownHook] INFO  c.a.n.c.r.client - [shutdown,431] - Shutdown client event executor java.util.concurrent.ScheduledThreadPoolExecutor@1342377b[Running, pool size = 2, active threads = 2, queued tasks = 0, completed tasks = 0]
20:30:48.502 [SpringApplicationShutdownHook] INFO  c.a.n.c.r.client - [closeConnection,584] - Close current connection 1777465845061_172.17.0.1_39438
20:30:48.506 [SpringApplicationShutdownHook] INFO  c.a.n.c.r.c.g.GrpcClient - [shutdown,159] - Shutdown grpc executor java.util.concurrent.ThreadPoolExecutor@cc0b85c[Running, pool size = 10, active threads = 0, queued tasks = 0, completed tasks = 10]
20:30:48.506 [SpringApplicationShutdownHook] INFO  c.a.n.client.naming - [shutdown,318] - Shutdown grpc redo service executor java.util.concurrent.ScheduledThreadPoolExecutor@229f4e7a[Running, pool size = 1, active threads = 0, queued tasks = 1, completed tasks = 1]
20:30:48.506 [SpringApplicationShutdownHook] INFO  c.a.n.c.a.r.i.CredentialWatcher - [stop,106] - [null] CredentialWatcher is stopped
20:30:48.507 [SpringApplicationShutdownHook] INFO  c.a.n.c.a.r.i.CredentialService - [free,100] - [null] CredentialService is freed
20:30:48.507 [SpringApplicationShutdownHook] INFO  c.a.n.client.naming - [shutdown,211] - com.alibaba.nacos.client.naming.remote.NamingClientProxyDelegate do shutdown stop
20:30:53.038 [background-preinit] INFO  o.h.v.i.util.Version - [<clinit>,21] - HV000001: Hibernate Validator 8.0.0.Final
20:30:53.258 [main] INFO  c.a.n.c.u.ParamUtil - [<clinit>,87] - [settings] [req-serv] nacos-server port:8848
20:30:53.258 [main] INFO  c.a.n.c.u.ParamUtil - [<clinit>,98] - [settings] [http-client] connect timeout:1000
20:30:53.258 [main] INFO  c.a.n.c.u.ParamUtil - [<clinit>,105] - PER_TASK_CONFIG_SIZE: 3000.0
20:30:53.277 [main] INFO  c.a.n.p.a.s.c.ClientAuthPluginManager - [init,56] - [ClientAuthPluginManager] Load ClientAuthService com.alibaba.nacos.client.auth.impl.NacosClientAuthServiceImpl success.
20:30:53.277 [main] INFO  c.a.n.p.a.s.c.ClientAuthPluginManager - [init,56] - [ClientAuthPluginManager] Load ClientAuthService com.alibaba.nacos.client.auth.ram.RamClientAuthServiceImpl success.
20:30:53.280 [main] INFO  c.a.n.c.a.r.i.CredentialWatcher - [loadCredential,165] - null No credential found
20:30:53.491 [main] INFO  c.a.n.c.c.i.LocalConfigInfoProcessor - [<clinit>,63] - LOCAL_SNAPSHOT_PATH:C:\Users\45\nacos\config
20:30:53.495 [main] INFO  c.a.n.c.r.client - [lambda$createClient$0,108] - [RpcClientFactory] create a new rpc client of 7e0a8446-f68e-4c51-bb20-d0d4c1a716d0_config-0
20:30:53.506 [main] INFO  c.a.n.c.r.client - [printIfInfoEnabled,63] - [7e0a8446-f68e-4c51-bb20-d0d4c1a716d0_config-0] Register server push request handler:com.alibaba.nacos.client.config.impl.ClientWorker$ConfigRpcTransportClient$$Lambda$574/0x000001b5c836c608
20:30:53.506 [main] INFO  c.a.n.c.r.client - [printIfInfoEnabled,63] - [7e0a8446-f68e-4c51-bb20-d0d4c1a716d0_config-0] Register server push request handler:com.alibaba.nacos.client.config.impl.ClientWorker$ConfigRpcTransportClient$$Lambda$575/0x000001b5c836ca28
20:30:53.506 [main] INFO  c.a.n.c.r.client - [printIfInfoEnabled,63] - [7e0a8446-f68e-4c51-bb20-d0d4c1a716d0_config-0] Registry connection listener to current client:com.alibaba.nacos.client.config.impl.ClientWorker$ConfigRpcTransportClient$1
20:30:53.507 [main] INFO  c.a.n.c.r.client - [printIfInfoEnabled,63] - [7e0a8446-f68e-4c51-bb20-d0d4c1a716d0_config-0] RpcClient init, ServerListFactory = com.alibaba.nacos.client.config.impl.ClientWorker$ConfigRpcTransportClient$2
20:30:53.512 [main] INFO  c.a.n.c.r.client - [printIfInfoEnabled,63] - [7e0a8446-f68e-4c51-bb20-d0d4c1a716d0_config-0] Try to connect to server on start up, server: {serverIp = 'localhost', server main port = 8848}
20:30:53.543 [main] INFO  c.a.n.c.r.c.g.GrpcClient - [createNewManagedChannel,182] - grpc client connection server:localhost ip,serverPort:9848,grpcTslConfig:{"sslProvider":"OPENSSL","enableTls":false,"mutualAuthEnable":false,"trustAll":false}
20:30:54.231 [main] INFO  c.a.n.c.r.client - [printIfInfoEnabled,63] - [7e0a8446-f68e-4c51-bb20-d0d4c1a716d0_config-0] Success to connect to server [localhost:8848] on start up, connectionId = 1777465854062_172.17.0.1_53156
20:30:54.233 [com.alibaba.nacos.client.remote.worker] INFO  c.a.n.c.r.client - [printIfInfoEnabled,63] - [7e0a8446-f68e-4c51-bb20-d0d4c1a716d0_config-0] Notify connected event to listeners.
20:30:54.233 [main] INFO  c.a.n.c.r.client - [printIfInfoEnabled,63] - [7e0a8446-f68e-4c51-bb20-d0d4c1a716d0_config-0] Register server push request handler:com.alibaba.nacos.common.remote.client.RpcClient$ConnectResetRequestHandler
20:30:54.234 [com.alibaba.nacos.client.remote.worker] INFO  c.a.n.c.c.i.ClientWorker - [onConnected,639] - [7e0a8446-f68e-4c51-bb20-d0d4c1a716d0_config-0] Connected,notify listen context...
20:30:54.234 [main] INFO  c.a.n.c.r.client - [printIfInfoEnabled,63] - [7e0a8446-f68e-4c51-bb20-d0d4c1a716d0_config-0] Register server push request handler:com.alibaba.nacos.common.remote.client.RpcClient$$Lambda$595/0x000001b5c84f3a30
20:30:54.270 [main] INFO  c.a.n.c.c.i.Limiter - [<clinit>,62] - limitTime:5.0
20:30:54.289 [main] INFO  c.a.n.c.c.u.JvmUtil - [<clinit>,54] - isMultiInstance:false
20:30:54.294 [main] INFO  o.s.c.b.c.PropertySourceBootstrapConfiguration - [initialize,108] - Located property source: [BootstrapPropertySource {name='bootstrapProperties-oj-gateway-local.yaml,DEFAULT_GROUP'}, BootstrapPropertySource {name='bootstrapProperties-oj-gateway.yaml,DEFAULT_GROUP'}, BootstrapPropertySource {name='bootstrapProperties-oj-gateway,DEFAULT_GROUP'}]
20:30:54.299 [main] INFO  c.b.g.OjGatewayApplication - [logStartupProfileInfo,636] - The following 1 profile is active: "local"
20:30:54.618 [main] INFO  o.s.d.r.c.RepositoryConfigurationDelegate - [multipleStoresDetected,294] - Multiple Spring Data modules found, entering strict repository configuration mode
20:30:54.621 [main] INFO  o.s.d.r.c.RepositoryConfigurationDelegate - [registerRepositoriesIn,138] - Bootstrapping Spring Data Redis repositories in DEFAULT mode.
20:30:54.636 [main] INFO  o.s.d.r.c.RepositoryConfigurationDelegate - [registerRepositoriesIn,208] - Finished Spring Data repository scanning in 6 ms. Found 0 Redis repository interfaces.
20:30:54.737 [main] INFO  o.s.c.c.s.GenericScope - [setSerializationId,282] - BeanFactory id=a2242d8d-f5fd-3a65-be67-7fd022a476aa
20:30:54.767 [main] INFO  o.s.c.s.PostProcessorRegistrationDelegate$BeanPostProcessorChecker - [postProcessAfterInitialization,409] - Bean 'org.springframework.cloud.client.loadbalancer.reactive.LoadBalancerBeanPostProcessorAutoConfiguration' of type [org.springframework.cloud.client.loadbalancer.reactive.LoadBalancerBeanPostProcessorAutoConfiguration] is not eligible for getting processed by all BeanPostProcessors (for example: not eligible for auto-proxying)
20:30:54.768 [main] INFO  o.s.c.s.PostProcessorRegistrationDelegate$BeanPostProcessorChecker - [postProcessAfterInitialization,409] - Bean 'org.springframework.cloud.client.loadbalancer.reactive.LoadBalancerBeanPostProcessorAutoConfiguration$ReactorDeferringLoadBalancerFilterConfig' of type [org.springframework.cloud.client.loadbalancer.reactive.LoadBalancerBeanPostProcessorAutoConfiguration$ReactorDeferringLoadBalancerFilterConfig] is not eligible for getting processed by all BeanPostProcessors (for example: not eligible for auto-proxying)
20:30:54.769 [main] INFO  o.s.c.s.PostProcessorRegistrationDelegate$BeanPostProcessorChecker - [postProcessAfterInitialization,409] - Bean 'reactorDeferringLoadBalancerExchangeFilterFunction' of type [org.springframework.cloud.client.loadbalancer.reactive.DeferringLoadBalancerExchangeFilterFunction] is not eligible for getting processed by all BeanPostProcessors (for example: not eligible for auto-proxying)
20:30:55.703 [main] INFO  o.s.c.g.r.RouteDefinitionRouteLocator - [lambda$initFactories$1,88] - Loaded RoutePredicateFactory [After]
20:30:55.704 [main] INFO  o.s.c.g.r.RouteDefinitionRouteLocator - [lambda$initFactories$1,88] - Loaded RoutePredicateFactory [Before]
20:30:55.704 [main] INFO  o.s.c.g.r.RouteDefinitionRouteLocator - [lambda$initFactories$1,88] - Loaded RoutePredicateFactory [Between]
20:30:55.704 [main] INFO  o.s.c.g.r.RouteDefinitionRouteLocator - [lambda$initFactories$1,88] - Loaded RoutePredicateFactory [Cookie]
20:30:55.704 [main] INFO  o.s.c.g.r.RouteDefinitionRouteLocator - [lambda$initFactories$1,88] - Loaded RoutePredicateFactory [Header]
20:30:55.704 [main] INFO  o.s.c.g.r.RouteDefinitionRouteLocator - [lambda$initFactories$1,88] - Loaded RoutePredicateFactory [Host]
20:30:55.704 [main] INFO  o.s.c.g.r.RouteDefinitionRouteLocator - [lambda$initFactories$1,88] - Loaded RoutePredicateFactory [Method]
20:30:55.704 [main] INFO  o.s.c.g.r.RouteDefinitionRouteLocator - [lambda$initFactories$1,88] - Loaded RoutePredicateFactory [Path]
20:30:55.704 [main] INFO  o.s.c.g.r.RouteDefinitionRouteLocator - [lambda$initFactories$1,88] - Loaded RoutePredicateFactory [Query]
20:30:55.704 [main] INFO  o.s.c.g.r.RouteDefinitionRouteLocator - [lambda$initFactories$1,88] - Loaded RoutePredicateFactory [ReadBody]
20:30:55.704 [main] INFO  o.s.c.g.r.RouteDefinitionRouteLocator - [lambda$initFactories$1,88] - Loaded RoutePredicateFactory [RemoteAddr]
20:30:55.705 [main] INFO  o.s.c.g.r.RouteDefinitionRouteLocator - [lambda$initFactories$1,88] - Loaded RoutePredicateFactory [XForwardedRemoteAddr]
20:30:55.705 [main] INFO  o.s.c.g.r.RouteDefinitionRouteLocator - [lambda$initFactories$1,88] - Loaded RoutePredicateFactory [Weight]
20:30:55.705 [main] INFO  o.s.c.g.r.RouteDefinitionRouteLocator - [lambda$initFactories$1,88] - Loaded RoutePredicateFactory [CloudFoundryRouteService]
20:30:56.149 [main] INFO  o.s.b.w.e.n.NettyWebServer - [start,111] - Netty started on port 19090
20:30:56.415 [main] INFO  c.a.n.client.naming - [initNamespaceForNaming,62] - initializer namespace from ans.namespace attribute : null
20:30:56.415 [main] INFO  c.a.n.client.naming - [lambda$initNamespaceForNaming$0,66] - initializer namespace from ALIBABA_ALIWARE_NAMESPACE attribute :null
20:30:56.416 [main] INFO  c.a.n.client.naming - [lambda$initNamespaceForNaming$1,73] - initializer namespace from namespace attribute :null
20:30:56.422 [main] INFO  c.a.n.p.a.s.c.ClientAuthPluginManager - [init,56] - [ClientAuthPluginManager] Load ClientAuthService com.alibaba.nacos.client.auth.impl.NacosClientAuthServiceImpl success.
20:30:56.422 [main] INFO  c.a.n.p.a.s.c.ClientAuthPluginManager - [init,56] - [ClientAuthPluginManager] Load ClientAuthService com.alibaba.nacos.client.auth.ram.RamClientAuthServiceImpl success.
20:30:56.426 [main] INFO  c.a.n.c.r.client - [lambda$createClient$0,108] - [RpcClientFactory] create a new rpc client of 02457f7c-540d-4211-8ebc-3d10d0dd8425
20:30:56.427 [main] INFO  c.a.n.c.r.client - [printIfInfoEnabled,63] - [02457f7c-540d-4211-8ebc-3d10d0dd8425] RpcClient init, ServerListFactory = com.alibaba.nacos.client.naming.core.ServerListManager
20:30:56.427 [main] INFO  c.a.n.c.r.client - [printIfInfoEnabled,63] - [02457f7c-540d-4211-8ebc-3d10d0dd8425] Registry connection listener to current client:com.alibaba.nacos.client.naming.remote.gprc.redo.NamingGrpcRedoService
20:30:56.427 [main] INFO  c.a.n.c.r.client - [printIfInfoEnabled,63] - [02457f7c-540d-4211-8ebc-3d10d0dd8425] Register server push request handler:com.alibaba.nacos.client.naming.remote.gprc.NamingPushRequestHandler
20:30:56.428 [main] INFO  c.a.n.c.r.client - [printIfInfoEnabled,63] - [02457f7c-540d-4211-8ebc-3d10d0dd8425] Try to connect to server on start up, server: {serverIp = 'localhost', server main port = 8848}
20:30:56.428 [main] INFO  c.a.n.c.r.c.g.GrpcClient - [createNewManagedChannel,182] - grpc client connection server:localhost ip,serverPort:9848,grpcTslConfig:{"sslProvider":"OPENSSL","enableTls":false,"mutualAuthEnable":false,"trustAll":false}
20:30:56.552 [main] INFO  c.a.n.c.r.client - [printIfInfoEnabled,63] - [02457f7c-540d-4211-8ebc-3d10d0dd8425] Success to connect to server [localhost:8848] on start up, connectionId = 1777465856433_172.17.0.1_53168
20:30:56.552 [com.alibaba.nacos.client.remote.worker] INFO  c.a.n.c.r.client - [printIfInfoEnabled,63] - [02457f7c-540d-4211-8ebc-3d10d0dd8425] Notify connected event to listeners.
20:30:56.552 [main] INFO  c.a.n.c.r.client - [printIfInfoEnabled,63] - [02457f7c-540d-4211-8ebc-3d10d0dd8425] Register server push request handler:com.alibaba.nacos.common.remote.client.RpcClient$ConnectResetRequestHandler
20:30:56.552 [com.alibaba.nacos.client.remote.worker] INFO  c.a.n.client.naming - [onConnected,78] - Grpc connection connect
20:30:56.553 [main] INFO  c.a.n.c.r.client - [printIfInfoEnabled,63] - [02457f7c-540d-4211-8ebc-3d10d0dd8425] Register server push request handler:com.alibaba.nacos.common.remote.client.RpcClient$$Lambda$595/0x000001b5c84f3a30
20:30:56.554 [main] INFO  c.a.n.client.naming - [registerService,121] - [REGISTER-SERVICE] 1b411097-df3c-4cac-a649-ba6b6b22fcd4 registering service oj-gateway with instance Instance{instanceId='null', ip='172.20.10.6', port=19090, weight=1.0, healthy=true, enabled=true, ephemeral=true, clusterName='DEFAULT', serviceName='null', metadata={IPv6=[2409:897a:3d80:97a3:543:892d:f811:3246], preserved.register.source=SPRING_CLOUD}}
20:30:56.568 [main] INFO  c.a.c.n.r.NacosServiceRegistry - [register,76] - nacos registry, DEFAULT_GROUP oj-gateway 172.20.10.6:19090 register finished
20:30:56.606 [main] INFO  c.b.g.OjGatewayApplication - [logStarted,57] - Started OjGatewayApplication in 3.982 seconds (process running for 4.657)
20:30:56.609 [main] INFO  c.a.n.c.c.i.CacheData - [<clinit>,67] - nacos.cache.data.init.snapshot = true 
20:30:56.610 [main] INFO  c.a.n.c.c.i.ClientWorker - [addCacheDataIfAbsent,380] - [fixed-1b411097-df3c-4cac-a649-ba6b6b22fcd4-localhost_8848] [subscribe] oj-gateway-local.yaml+DEFAULT_GROUP+1b411097-df3c-4cac-a649-ba6b6b22fcd4
20:30:56.615 [main] INFO  c.a.n.c.c.i.CacheData - [addListener,197] - [fixed-1b411097-df3c-4cac-a649-ba6b6b22fcd4-localhost_8848] [add-listener] ok, tenant=1b411097-df3c-4cac-a649-ba6b6b22fcd4, dataId=oj-gateway-local.yaml, group=DEFAULT_GROUP, cnt=1
20:30:56.615 [main] INFO  c.a.c.n.r.NacosContextRefresher - [registerNacosListener,129] - [Nacos Config] Listening config: dataId=oj-gateway-local.yaml, group=DEFAULT_GROUP
20:30:56.615 [main] INFO  c.a.n.c.c.i.ClientWorker - [addCacheDataIfAbsent,380] - [fixed-1b411097-df3c-4cac-a649-ba6b6b22fcd4-localhost_8848] [subscribe] oj-gateway+DEFAULT_GROUP+1b411097-df3c-4cac-a649-ba6b6b22fcd4
20:30:56.616 [main] INFO  c.a.n.c.c.i.CacheData - [addListener,197] - [fixed-1b411097-df3c-4cac-a649-ba6b6b22fcd4-localhost_8848] [add-listener] ok, tenant=1b411097-df3c-4cac-a649-ba6b6b22fcd4, dataId=oj-gateway, group=DEFAULT_GROUP, cnt=1
20:30:56.616 [main] INFO  c.a.c.n.r.NacosContextRefresher - [registerNacosListener,129] - [Nacos Config] Listening config: dataId=oj-gateway, group=DEFAULT_GROUP
20:30:56.616 [main] INFO  c.a.n.c.c.i.ClientWorker - [addCacheDataIfAbsent,380] - [fixed-1b411097-df3c-4cac-a649-ba6b6b22fcd4-localhost_8848] [subscribe] oj-gateway.yaml+DEFAULT_GROUP+1b411097-df3c-4cac-a649-ba6b6b22fcd4
20:30:56.616 [main] INFO  c.a.n.c.c.i.CacheData - [addListener,197] - [fixed-1b411097-df3c-4cac-a649-ba6b6b22fcd4-localhost_8848] [add-listener] ok, tenant=1b411097-df3c-4cac-a649-ba6b6b22fcd4, dataId=oj-gateway.yaml, group=DEFAULT_GROUP, cnt=1
20:30:56.616 [main] INFO  c.a.c.n.r.NacosContextRefresher - [registerNacosListener,129] - [Nacos Config] Listening config: dataId=oj-gateway.yaml, group=DEFAULT_GROUP
20:31:08.535 [boundedElastic-1] INFO  c.a.n.client.naming - [subscribe,167] - [SUBSCRIBE-SERVICE] service:oj-system, group:DEFAULT_GROUP, clusters: 
20:31:08.545 [boundedElastic-1] INFO  c.a.n.client.naming - [isChangedServiceInfo,184] - init new ips(1) service: DEFAULT_GROUP@@oj-system -> [{"ip":"172.20.10.6","port":9201,"weight":1.0,"healthy":true,"enabled":true,"ephemeral":true,"clusterName":"DEFAULT","serviceName":"DEFAULT_GROUP@@oj-system","metadata":{"preserved.register.source":"SPRING_CLOUD","IPv6":"[2409:897a:3d80:97a3:543:892d:f811:3246]"},"instanceHeartBeatInterval":5000,"instanceHeartBeatTimeOut":15000,"ipDeleteTimeout":30000}]
20:31:08.547 [boundedElastic-1] INFO  c.a.n.client.naming - [processServiceInfo,169] - current ips:(1) service: DEFAULT_GROUP@@oj-system -> [{"ip":"172.20.10.6","port":9201,"weight":1.0,"healthy":true,"enabled":true,"ephemeral":true,"clusterName":"DEFAULT","serviceName":"DEFAULT_GROUP@@oj-system","metadata":{"preserved.register.source":"SPRING_CLOUD","IPv6":"[2409:897a:3d80:97a3:543:892d:f811:3246]"},"instanceHeartBeatInterval":5000,"instanceHeartBeatTimeOut":15000,"ipDeleteTimeout":30000}]
20:31:08.691 [SpringApplicationShutdownHook] INFO  c.a.c.n.r.NacosServiceRegistry - [deregister,95] - De-registering from Nacos Server now...
20:31:08.691 [SpringApplicationShutdownHook] INFO  c.a.n.client.naming - [deregisterService,217] - [DEREGISTER-SERVICE] 1b411097-df3c-4cac-a649-ba6b6b22fcd4 deregistering service oj-gateway with instance: Instance{instanceId='null', ip='172.20.10.6', port=19090, weight=1.0, healthy=true, enabled=true, ephemeral=true, clusterName='DEFAULT', serviceName='null', metadata={}}
20:31:08.724 [SpringApplicationShutdownHook] INFO  c.a.c.n.r.NacosServiceRegistry - [deregister,115] - De-registration finished.
20:31:08.724 [SpringApplicationShutdownHook] INFO  c.a.n.client.naming - [shutdown,256] - com.alibaba.nacos.client.naming.cache.ServiceInfoHolder do shutdown begin
20:31:08.724 [SpringApplicationShutdownHook] INFO  c.a.n.client.naming - [shutdown,136] - com.alibaba.nacos.client.naming.backups.FailoverReactor do shutdown begin
20:31:08.724 [SpringApplicationShutdownHook] INFO  c.a.n.client.naming - [shutdown,138] - com.alibaba.nacos.client.naming.backups.FailoverReactor do shutdown stop
20:31:08.725 [SpringApplicationShutdownHook] INFO  c.a.n.client.naming - [shutdown,258] - com.alibaba.nacos.client.naming.cache.ServiceInfoHolder do shutdown stop
20:31:08.725 [SpringApplicationShutdownHook] INFO  c.a.n.client.naming - [shutdown,204] - com.alibaba.nacos.client.naming.remote.NamingClientProxyDelegate do shutdown begin
20:31:08.725 [SpringApplicationShutdownHook] INFO  c.a.n.client.naming - [shutdown,143] - com.alibaba.nacos.client.naming.core.ServiceInfoUpdateService do shutdown begin
20:31:08.725 [SpringApplicationShutdownHook] INFO  c.a.n.client.naming - [shutdown,145] - com.alibaba.nacos.client.naming.core.ServiceInfoUpdateService do shutdown stop
20:31:08.725 [SpringApplicationShutdownHook] INFO  c.a.n.client.naming - [shutdown,194] - com.alibaba.nacos.client.naming.core.ServerListManager do shutdown begin
20:31:08.726 [SpringApplicationShutdownHook] INFO  c.a.n.client.naming - [shutdown,199] - com.alibaba.nacos.client.naming.core.ServerListManager do shutdown stop
20:31:08.726 [SpringApplicationShutdownHook] INFO  c.a.n.client.naming - [shutdown,484] - com.alibaba.nacos.client.naming.remote.http.NamingHttpClientProxy do shutdown begin
20:31:08.726 [SpringApplicationShutdownHook] INFO  c.a.n.client.naming - [shutdown,486] - com.alibaba.nacos.client.naming.remote.http.NamingHttpClientProxy do shutdown stop
20:31:08.726 [SpringApplicationShutdownHook] INFO  c.a.n.c.r.client - [shutdown,429] - Shutdown rpc client, set status to shutdown
20:31:08.726 [SpringApplicationShutdownHook] INFO  c.a.n.c.r.client - [shutdown,431] - Shutdown client event executor java.util.concurrent.ScheduledThreadPoolExecutor@18d75212[Running, pool size = 2, active threads = 2, queued tasks = 0, completed tasks = 0]
20:31:08.726 [SpringApplicationShutdownHook] INFO  c.a.n.c.r.client - [closeConnection,584] - Close current connection 1777465856433_172.17.0.1_53168
20:31:08.729 [SpringApplicationShutdownHook] INFO  c.a.n.c.r.c.g.GrpcClient - [shutdown,159] - Shutdown grpc executor java.util.concurrent.ThreadPoolExecutor@50ea8155[Running, pool size = 5, active threads = 0, queued tasks = 0, completed tasks = 12]
20:31:08.729 [SpringApplicationShutdownHook] INFO  c.a.n.client.naming - [shutdown,318] - Shutdown grpc redo service executor java.util.concurrent.ScheduledThreadPoolExecutor@250784d5[Running, pool size = 1, active threads = 0, queued tasks = 1, completed tasks = 2]
20:31:08.729 [SpringApplicationShutdownHook] INFO  c.a.n.c.a.r.i.CredentialWatcher - [stop,106] - [null] CredentialWatcher is stopped
20:31:08.730 [SpringApplicationShutdownHook] INFO  c.a.n.c.a.r.i.CredentialService - [free,100] - [null] CredentialService is freed
20:31:08.730 [SpringApplicationShutdownHook] INFO  c.a.n.client.naming - [shutdown,211] - com.alibaba.nacos.client.naming.remote.NamingClientProxyDelegate do shutdown stop
20:31:13.211 [background-preinit] INFO  o.h.v.i.util.Version - [<clinit>,21] - HV000001: Hibernate Validator 8.0.0.Final
20:31:13.405 [main] INFO  c.a.n.c.u.ParamUtil - [<clinit>,87] - [settings] [req-serv] nacos-server port:8848
20:31:13.405 [main] INFO  c.a.n.c.u.ParamUtil - [<clinit>,98] - [settings] [http-client] connect timeout:1000
20:31:13.406 [main] INFO  c.a.n.c.u.ParamUtil - [<clinit>,105] - PER_TASK_CONFIG_SIZE: 3000.0
20:31:13.428 [main] INFO  c.a.n.p.a.s.c.ClientAuthPluginManager - [init,56] - [ClientAuthPluginManager] Load ClientAuthService com.alibaba.nacos.client.auth.impl.NacosClientAuthServiceImpl success.
20:31:13.428 [main] INFO  c.a.n.p.a.s.c.ClientAuthPluginManager - [init,56] - [ClientAuthPluginManager] Load ClientAuthService com.alibaba.nacos.client.auth.ram.RamClientAuthServiceImpl success.
20:31:13.431 [main] INFO  c.a.n.c.a.r.i.CredentialWatcher - [loadCredential,165] - null No credential found
20:31:13.623 [main] INFO  c.a.n.c.c.i.LocalConfigInfoProcessor - [<clinit>,63] - LOCAL_SNAPSHOT_PATH:C:\Users\45\nacos\config
20:31:13.626 [main] INFO  c.a.n.c.r.client - [lambda$createClient$0,108] - [RpcClientFactory] create a new rpc client of cd40da53-39d3-42b3-8f37-7281d4991766_config-0
20:31:13.636 [main] INFO  c.a.n.c.r.client - [printIfInfoEnabled,63] - [cd40da53-39d3-42b3-8f37-7281d4991766_config-0] Register server push request handler:com.alibaba.nacos.client.config.impl.ClientWorker$ConfigRpcTransportClient$$Lambda$574/0x000002a61836c338
20:31:13.636 [main] INFO  c.a.n.c.r.client - [printIfInfoEnabled,63] - [cd40da53-39d3-42b3-8f37-7281d4991766_config-0] Register server push request handler:com.alibaba.nacos.client.config.impl.ClientWorker$ConfigRpcTransportClient$$Lambda$575/0x000002a61836c758
20:31:13.636 [main] INFO  c.a.n.c.r.client - [printIfInfoEnabled,63] - [cd40da53-39d3-42b3-8f37-7281d4991766_config-0] Registry connection listener to current client:com.alibaba.nacos.client.config.impl.ClientWorker$ConfigRpcTransportClient$1
20:31:13.636 [main] INFO  c.a.n.c.r.client - [printIfInfoEnabled,63] - [cd40da53-39d3-42b3-8f37-7281d4991766_config-0] RpcClient init, ServerListFactory = com.alibaba.nacos.client.config.impl.ClientWorker$ConfigRpcTransportClient$2
20:31:13.642 [main] INFO  c.a.n.c.r.client - [printIfInfoEnabled,63] - [cd40da53-39d3-42b3-8f37-7281d4991766_config-0] Try to connect to server on start up, server: {serverIp = 'localhost', server main port = 8848}
20:31:13.663 [main] INFO  c.a.n.c.r.c.g.GrpcClient - [createNewManagedChannel,182] - grpc client connection server:localhost ip,serverPort:9848,grpcTslConfig:{"sslProvider":"OPENSSL","enableTls":false,"mutualAuthEnable":false,"trustAll":false}
20:31:14.273 [main] INFO  c.a.n.c.r.client - [printIfInfoEnabled,63] - [cd40da53-39d3-42b3-8f37-7281d4991766_config-0] Success to connect to server [localhost:8848] on start up, connectionId = 1777465874123_172.17.0.1_49760
20:31:14.274 [com.alibaba.nacos.client.remote.worker] INFO  c.a.n.c.r.client - [printIfInfoEnabled,63] - [cd40da53-39d3-42b3-8f37-7281d4991766_config-0] Notify connected event to listeners.
20:31:14.274 [com.alibaba.nacos.client.remote.worker] INFO  c.a.n.c.c.i.ClientWorker - [onConnected,639] - [cd40da53-39d3-42b3-8f37-7281d4991766_config-0] Connected,notify listen context...
20:31:14.274 [main] INFO  c.a.n.c.r.client - [printIfInfoEnabled,63] - [cd40da53-39d3-42b3-8f37-7281d4991766_config-0] Register server push request handler:com.alibaba.nacos.common.remote.client.RpcClient$ConnectResetRequestHandler
20:31:14.275 [main] INFO  c.a.n.c.r.client - [printIfInfoEnabled,63] - [cd40da53-39d3-42b3-8f37-7281d4991766_config-0] Register server push request handler:com.alibaba.nacos.common.remote.client.RpcClient$$Lambda$595/0x000002a6184d3578
20:31:14.297 [main] INFO  c.a.n.c.c.i.Limiter - [<clinit>,62] - limitTime:5.0
20:31:14.318 [main] INFO  c.a.n.c.c.u.JvmUtil - [<clinit>,54] - isMultiInstance:false
20:31:14.324 [main] INFO  o.s.c.b.c.PropertySourceBootstrapConfiguration - [initialize,108] - Located property source: [BootstrapPropertySource {name='bootstrapProperties-oj-gateway-local.yaml,DEFAULT_GROUP'}, BootstrapPropertySource {name='bootstrapProperties-oj-gateway.yaml,DEFAULT_GROUP'}, BootstrapPropertySource {name='bootstrapProperties-oj-gateway,DEFAULT_GROUP'}]
20:31:14.329 [main] INFO  c.b.g.OjGatewayApplication - [logStartupProfileInfo,636] - The following 1 profile is active: "local"
20:31:14.631 [main] INFO  o.s.d.r.c.RepositoryConfigurationDelegate - [multipleStoresDetected,294] - Multiple Spring Data modules found, entering strict repository configuration mode
20:31:14.633 [main] INFO  o.s.d.r.c.RepositoryConfigurationDelegate - [registerRepositoriesIn,138] - Bootstrapping Spring Data Redis repositories in DEFAULT mode.
20:31:14.646 [main] INFO  o.s.d.r.c.RepositoryConfigurationDelegate - [registerRepositoriesIn,208] - Finished Spring Data repository scanning in 5 ms. Found 0 Redis repository interfaces.
20:31:14.737 [main] INFO  o.s.c.c.s.GenericScope - [setSerializationId,282] - BeanFactory id=a2242d8d-f5fd-3a65-be67-7fd022a476aa
20:31:14.761 [main] INFO  o.s.c.s.PostProcessorRegistrationDelegate$BeanPostProcessorChecker - [postProcessAfterInitialization,409] - Bean 'org.springframework.cloud.client.loadbalancer.reactive.LoadBalancerBeanPostProcessorAutoConfiguration' of type [org.springframework.cloud.client.loadbalancer.reactive.LoadBalancerBeanPostProcessorAutoConfiguration] is not eligible for getting processed by all BeanPostProcessors (for example: not eligible for auto-proxying)
20:31:14.761 [main] INFO  o.s.c.s.PostProcessorRegistrationDelegate$BeanPostProcessorChecker - [postProcessAfterInitialization,409] - Bean 'org.springframework.cloud.client.loadbalancer.reactive.LoadBalancerBeanPostProcessorAutoConfiguration$ReactorDeferringLoadBalancerFilterConfig' of type [org.springframework.cloud.client.loadbalancer.reactive.LoadBalancerBeanPostProcessorAutoConfiguration$ReactorDeferringLoadBalancerFilterConfig] is not eligible for getting processed by all BeanPostProcessors (for example: not eligible for auto-proxying)
20:31:14.762 [main] INFO  o.s.c.s.PostProcessorRegistrationDelegate$BeanPostProcessorChecker - [postProcessAfterInitialization,409] - Bean 'reactorDeferringLoadBalancerExchangeFilterFunction' of type [org.springframework.cloud.client.loadbalancer.reactive.DeferringLoadBalancerExchangeFilterFunction] is not eligible for getting processed by all BeanPostProcessors (for example: not eligible for auto-proxying)
20:31:15.615 [main] INFO  o.s.c.g.r.RouteDefinitionRouteLocator - [lambda$initFactories$1,88] - Loaded RoutePredicateFactory [After]
20:31:15.615 [main] INFO  o.s.c.g.r.RouteDefinitionRouteLocator - [lambda$initFactories$1,88] - Loaded RoutePredicateFactory [Before]
20:31:15.615 [main] INFO  o.s.c.g.r.RouteDefinitionRouteLocator - [lambda$initFactories$1,88] - Loaded RoutePredicateFactory [Between]
20:31:15.616 [main] INFO  o.s.c.g.r.RouteDefinitionRouteLocator - [lambda$initFactories$1,88] - Loaded RoutePredicateFactory [Cookie]
20:31:15.616 [main] INFO  o.s.c.g.r.RouteDefinitionRouteLocator - [lambda$initFactories$1,88] - Loaded RoutePredicateFactory [Header]
20:31:15.616 [main] INFO  o.s.c.g.r.RouteDefinitionRouteLocator - [lambda$initFactories$1,88] - Loaded RoutePredicateFactory [Host]
20:31:15.616 [main] INFO  o.s.c.g.r.RouteDefinitionRouteLocator - [lambda$initFactories$1,88] - Loaded RoutePredicateFactory [Method]
20:31:15.616 [main] INFO  o.s.c.g.r.RouteDefinitionRouteLocator - [lambda$initFactories$1,88] - Loaded RoutePredicateFactory [Path]
20:31:15.616 [main] INFO  o.s.c.g.r.RouteDefinitionRouteLocator - [lambda$initFactories$1,88] - Loaded RoutePredicateFactory [Query]
20:31:15.616 [main] INFO  o.s.c.g.r.RouteDefinitionRouteLocator - [lambda$initFactories$1,88] - Loaded RoutePredicateFactory [ReadBody]
20:31:15.616 [main] INFO  o.s.c.g.r.RouteDefinitionRouteLocator - [lambda$initFactories$1,88] - Loaded RoutePredicateFactory [RemoteAddr]
20:31:15.616 [main] INFO  o.s.c.g.r.RouteDefinitionRouteLocator - [lambda$initFactories$1,88] - Loaded RoutePredicateFactory [XForwardedRemoteAddr]
20:31:15.616 [main] INFO  o.s.c.g.r.RouteDefinitionRouteLocator - [lambda$initFactories$1,88] - Loaded RoutePredicateFactory [Weight]
20:31:15.616 [main] INFO  o.s.c.g.r.RouteDefinitionRouteLocator - [lambda$initFactories$1,88] - Loaded RoutePredicateFactory [CloudFoundryRouteService]
20:31:16.012 [main] INFO  o.s.b.w.e.n.NettyWebServer - [start,111] - Netty started on port 19090
20:31:16.305 [main] INFO  c.a.n.client.naming - [initNamespaceForNaming,62] - initializer namespace from ans.namespace attribute : null
20:31:16.305 [main] INFO  c.a.n.client.naming - [lambda$initNamespaceForNaming$0,66] - initializer namespace from ALIBABA_ALIWARE_NAMESPACE attribute :null
20:31:16.306 [main] INFO  c.a.n.client.naming - [lambda$initNamespaceForNaming$1,73] - initializer namespace from namespace attribute :null
20:31:16.310 [main] INFO  c.a.n.p.a.s.c.ClientAuthPluginManager - [init,56] - [ClientAuthPluginManager] Load ClientAuthService com.alibaba.nacos.client.auth.impl.NacosClientAuthServiceImpl success.
20:31:16.311 [main] INFO  c.a.n.p.a.s.c.ClientAuthPluginManager - [init,56] - [ClientAuthPluginManager] Load ClientAuthService com.alibaba.nacos.client.auth.ram.RamClientAuthServiceImpl success.
20:31:16.315 [main] INFO  c.a.n.c.r.client - [lambda$createClient$0,108] - [RpcClientFactory] create a new rpc client of 09d89e3e-885b-43e9-b348-cf9eadea5055
20:31:16.316 [main] INFO  c.a.n.c.r.client - [printIfInfoEnabled,63] - [09d89e3e-885b-43e9-b348-cf9eadea5055] RpcClient init, ServerListFactory = com.alibaba.nacos.client.naming.core.ServerListManager
20:31:16.316 [main] INFO  c.a.n.c.r.client - [printIfInfoEnabled,63] - [09d89e3e-885b-43e9-b348-cf9eadea5055] Registry connection listener to current client:com.alibaba.nacos.client.naming.remote.gprc.redo.NamingGrpcRedoService
20:31:16.316 [main] INFO  c.a.n.c.r.client - [printIfInfoEnabled,63] - [09d89e3e-885b-43e9-b348-cf9eadea5055] Register server push request handler:com.alibaba.nacos.client.naming.remote.gprc.NamingPushRequestHandler
20:31:16.317 [main] INFO  c.a.n.c.r.client - [printIfInfoEnabled,63] - [09d89e3e-885b-43e9-b348-cf9eadea5055] Try to connect to server on start up, server: {serverIp = 'localhost', server main port = 8848}
20:31:16.317 [main] INFO  c.a.n.c.r.c.g.GrpcClient - [createNewManagedChannel,182] - grpc client connection server:localhost ip,serverPort:9848,grpcTslConfig:{"sslProvider":"OPENSSL","enableTls":false,"mutualAuthEnable":false,"trustAll":false}
20:31:16.426 [main] INFO  c.a.n.c.r.client - [printIfInfoEnabled,63] - [09d89e3e-885b-43e9-b348-cf9eadea5055] Success to connect to server [localhost:8848] on start up, connectionId = 1777465876323_172.17.0.1_49776
20:31:16.427 [com.alibaba.nacos.client.remote.worker] INFO  c.a.n.c.r.client - [printIfInfoEnabled,63] - [09d89e3e-885b-43e9-b348-cf9eadea5055] Notify connected event to listeners.
20:31:16.427 [main] INFO  c.a.n.c.r.client - [printIfInfoEnabled,63] - [09d89e3e-885b-43e9-b348-cf9eadea5055] Register server push request handler:com.alibaba.nacos.common.remote.client.RpcClient$ConnectResetRequestHandler
20:31:16.432 [com.alibaba.nacos.client.remote.worker] INFO  c.a.n.client.naming - [onConnected,78] - Grpc connection connect
20:31:16.432 [main] INFO  c.a.n.c.r.client - [printIfInfoEnabled,63] - [09d89e3e-885b-43e9-b348-cf9eadea5055] Register server push request handler:com.alibaba.nacos.common.remote.client.RpcClient$$Lambda$595/0x000002a6184d3578
20:31:16.435 [main] INFO  c.a.n.client.naming - [registerService,121] - [REGISTER-SERVICE] 1b411097-df3c-4cac-a649-ba6b6b22fcd4 registering service oj-gateway with instance Instance{instanceId='null', ip='172.20.10.6', port=19090, weight=1.0, healthy=true, enabled=true, ephemeral=true, clusterName='DEFAULT', serviceName='null', metadata={IPv6=[2409:897a:3d80:97a3:543:892d:f811:3246], preserved.register.source=SPRING_CLOUD}}
20:31:16.444 [main] INFO  c.a.c.n.r.NacosServiceRegistry - [register,76] - nacos registry, DEFAULT_GROUP oj-gateway 172.20.10.6:19090 register finished
20:31:16.476 [main] INFO  c.b.g.OjGatewayApplication - [logStarted,57] - Started OjGatewayApplication in 3.692 seconds (process running for 4.177)
20:31:16.479 [main] INFO  c.a.n.c.c.i.CacheData - [<clinit>,67] - nacos.cache.data.init.snapshot = true 
20:31:16.479 [SpringApplicationShutdownHook] INFO  c.a.c.n.r.NacosServiceRegistry - [deregister,95] - De-registering from Nacos Server now...
20:31:16.479 [SpringApplicationShutdownHook] INFO  c.a.n.client.naming - [deregisterService,217] - [DEREGISTER-SERVICE] 1b411097-df3c-4cac-a649-ba6b6b22fcd4 deregistering service oj-gateway with instance: Instance{instanceId='null', ip='172.20.10.6', port=19090, weight=1.0, healthy=true, enabled=true, ephemeral=true, clusterName='DEFAULT', serviceName='null', metadata={}}
20:31:16.480 [main] INFO  c.a.n.c.c.i.ClientWorker - [addCacheDataIfAbsent,380] - [fixed-1b411097-df3c-4cac-a649-ba6b6b22fcd4-localhost_8848] [subscribe] oj-gateway-local.yaml+DEFAULT_GROUP+1b411097-df3c-4cac-a649-ba6b6b22fcd4
20:31:16.484 [SpringApplicationShutdownHook] INFO  c.a.c.n.r.NacosServiceRegistry - [deregister,115] - De-registration finished.
20:31:16.484 [SpringApplicationShutdownHook] INFO  c.a.n.client.naming - [shutdown,256] - com.alibaba.nacos.client.naming.cache.ServiceInfoHolder do shutdown begin
20:31:16.484 [SpringApplicationShutdownHook] INFO  c.a.n.client.naming - [shutdown,136] - com.alibaba.nacos.client.naming.backups.FailoverReactor do shutdown begin
20:31:16.485 [main] INFO  c.a.n.c.c.i.CacheData - [addListener,197] - [fixed-1b411097-df3c-4cac-a649-ba6b6b22fcd4-localhost_8848] [add-listener] ok, tenant=1b411097-df3c-4cac-a649-ba6b6b22fcd4, dataId=oj-gateway-local.yaml, group=DEFAULT_GROUP, cnt=1
20:31:16.485 [main] INFO  c.a.c.n.r.NacosContextRefresher - [registerNacosListener,129] - [Nacos Config] Listening config: dataId=oj-gateway-local.yaml, group=DEFAULT_GROUP
20:31:16.486 [main] INFO  c.a.n.c.c.i.ClientWorker - [addCacheDataIfAbsent,380] - [fixed-1b411097-df3c-4cac-a649-ba6b6b22fcd4-localhost_8848] [subscribe] oj-gateway+DEFAULT_GROUP+1b411097-df3c-4cac-a649-ba6b6b22fcd4
20:31:16.486 [main] INFO  c.a.n.c.c.i.CacheData - [addListener,197] - [fixed-1b411097-df3c-4cac-a649-ba6b6b22fcd4-localhost_8848] [add-listener] ok, tenant=1b411097-df3c-4cac-a649-ba6b6b22fcd4, dataId=oj-gateway, group=DEFAULT_GROUP, cnt=1
20:31:16.486 [main] INFO  c.a.c.n.r.NacosContextRefresher - [registerNacosListener,129] - [Nacos Config] Listening config: dataId=oj-gateway, group=DEFAULT_GROUP
20:31:16.486 [main] INFO  c.a.n.c.c.i.ClientWorker - [addCacheDataIfAbsent,380] - [fixed-1b411097-df3c-4cac-a649-ba6b6b22fcd4-localhost_8848] [subscribe] oj-gateway.yaml+DEFAULT_GROUP+1b411097-df3c-4cac-a649-ba6b6b22fcd4
20:31:16.486 [main] INFO  c.a.n.c.c.i.CacheData - [addListener,197] - [fixed-1b411097-df3c-4cac-a649-ba6b6b22fcd4-localhost_8848] [add-listener] ok, tenant=1b411097-df3c-4cac-a649-ba6b6b22fcd4, dataId=oj-gateway.yaml, group=DEFAULT_GROUP, cnt=1
20:31:16.486 [main] INFO  c.a.c.n.r.NacosContextRefresher - [registerNacosListener,129] - [Nacos Config] Listening config: dataId=oj-gateway.yaml, group=DEFAULT_GROUP
20:31:16.810 [SpringApplicationShutdownHook] INFO  c.a.n.client.naming - [shutdown,138] - com.alibaba.nacos.client.naming.backups.FailoverReactor do shutdown stop
20:31:16.811 [SpringApplicationShutdownHook] INFO  c.a.n.client.naming - [shutdown,258] - com.alibaba.nacos.client.naming.cache.ServiceInfoHolder do shutdown stop
20:31:16.811 [SpringApplicationShutdownHook] INFO  c.a.n.client.naming - [shutdown,204] - com.alibaba.nacos.client.naming.remote.NamingClientProxyDelegate do shutdown begin
20:31:16.811 [SpringApplicationShutdownHook] INFO  c.a.n.client.naming - [shutdown,143] - com.alibaba.nacos.client.naming.core.ServiceInfoUpdateService do shutdown begin
20:31:16.812 [SpringApplicationShutdownHook] INFO  c.a.n.client.naming - [shutdown,145] - com.alibaba.nacos.client.naming.core.ServiceInfoUpdateService do shutdown stop
20:31:16.812 [SpringApplicationShutdownHook] INFO  c.a.n.client.naming - [shutdown,194] - com.alibaba.nacos.client.naming.core.ServerListManager do shutdown begin
20:31:16.813 [SpringApplicationShutdownHook] INFO  c.a.n.client.naming - [shutdown,199] - com.alibaba.nacos.client.naming.core.ServerListManager do shutdown stop
20:31:16.813 [SpringApplicationShutdownHook] INFO  c.a.n.client.naming - [shutdown,484] - com.alibaba.nacos.client.naming.remote.http.NamingHttpClientProxy do shutdown begin
20:31:16.813 [SpringApplicationShutdownHook] INFO  c.a.n.client.naming - [shutdown,486] - com.alibaba.nacos.client.naming.remote.http.NamingHttpClientProxy do shutdown stop
20:31:16.813 [SpringApplicationShutdownHook] INFO  c.a.n.c.r.client - [shutdown,429] - Shutdown rpc client, set status to shutdown
20:31:16.813 [SpringApplicationShutdownHook] INFO  c.a.n.c.r.client - [shutdown,431] - Shutdown client event executor java.util.concurrent.ScheduledThreadPoolExecutor@5fabf1bc[Running, pool size = 2, active threads = 2, queued tasks = 0, completed tasks = 0]
20:31:16.813 [SpringApplicationShutdownHook] INFO  c.a.n.c.r.client - [closeConnection,584] - Close current connection 1777465876323_172.17.0.1_49776
20:31:16.818 [SpringApplicationShutdownHook] INFO  c.a.n.c.r.c.g.GrpcClient - [shutdown,159] - Shutdown grpc executor java.util.concurrent.ThreadPoolExecutor@16449150[Running, pool size = 11, active threads = 0, queued tasks = 0, completed tasks = 11]
20:31:16.818 [SpringApplicationShutdownHook] INFO  c.a.n.client.naming - [shutdown,318] - Shutdown grpc redo service executor java.util.concurrent.ScheduledThreadPoolExecutor@3a6ab01f[Running, pool size = 1, active threads = 0, queued tasks = 1, completed tasks = 0]
20:31:16.819 [SpringApplicationShutdownHook] INFO  c.a.n.c.a.r.i.CredentialWatcher - [stop,106] - [null] CredentialWatcher is stopped
20:31:16.819 [SpringApplicationShutdownHook] INFO  c.a.n.c.a.r.i.CredentialService - [free,100] - [null] CredentialService is freed
20:31:16.820 [SpringApplicationShutdownHook] INFO  c.a.n.client.naming - [shutdown,211] - com.alibaba.nacos.client.naming.remote.NamingClientProxyDelegate do shutdown stop
20:31:18.443 [com.alibaba.nacos.client.Worker] INFO  c.a.n.c.a.r.i.CredentialWatcher - [loadCredential,165] - null No credential found
20:31:21.266 [background-preinit] INFO  o.h.v.i.util.Version - [<clinit>,21] - HV000001: Hibernate Validator 8.0.0.Final
20:31:21.499 [main] INFO  c.a.n.c.u.ParamUtil - [<clinit>,87] - [settings] [req-serv] nacos-server port:8848
20:31:21.499 [main] INFO  c.a.n.c.u.ParamUtil - [<clinit>,98] - [settings] [http-client] connect timeout:1000
20:31:21.500 [main] INFO  c.a.n.c.u.ParamUtil - [<clinit>,105] - PER_TASK_CONFIG_SIZE: 3000.0
20:31:21.519 [main] INFO  c.a.n.p.a.s.c.ClientAuthPluginManager - [init,56] - [ClientAuthPluginManager] Load ClientAuthService com.alibaba.nacos.client.auth.impl.NacosClientAuthServiceImpl success.
20:31:21.519 [main] INFO  c.a.n.p.a.s.c.ClientAuthPluginManager - [init,56] - [ClientAuthPluginManager] Load ClientAuthService com.alibaba.nacos.client.auth.ram.RamClientAuthServiceImpl success.
20:31:21.521 [main] INFO  c.a.n.c.a.r.i.CredentialWatcher - [loadCredential,165] - null No credential found
20:31:21.742 [main] INFO  c.a.n.c.c.i.LocalConfigInfoProcessor - [<clinit>,63] - LOCAL_SNAPSHOT_PATH:C:\Users\45\nacos\config
20:31:21.746 [main] INFO  c.a.n.c.r.client - [lambda$createClient$0,108] - [RpcClientFactory] create a new rpc client of d84d45cc-88b4-4471-8e93-fea3256f5170_config-0
20:31:21.760 [main] INFO  c.a.n.c.r.client - [printIfInfoEnabled,63] - [d84d45cc-88b4-4471-8e93-fea3256f5170_config-0] Register server push request handler:com.alibaba.nacos.client.config.impl.ClientWorker$ConfigRpcTransportClient$$Lambda$574/0x000002b98136c068
20:31:21.761 [main] INFO  c.a.n.c.r.client - [printIfInfoEnabled,63] - [d84d45cc-88b4-4471-8e93-fea3256f5170_config-0] Register server push request handler:com.alibaba.nacos.client.config.impl.ClientWorker$ConfigRpcTransportClient$$Lambda$575/0x000002b98136c488
20:31:21.761 [main] INFO  c.a.n.c.r.client - [printIfInfoEnabled,63] - [d84d45cc-88b4-4471-8e93-fea3256f5170_config-0] Registry connection listener to current client:com.alibaba.nacos.client.config.impl.ClientWorker$ConfigRpcTransportClient$1
20:31:21.762 [main] INFO  c.a.n.c.r.client - [printIfInfoEnabled,63] - [d84d45cc-88b4-4471-8e93-fea3256f5170_config-0] RpcClient init, ServerListFactory = com.alibaba.nacos.client.config.impl.ClientWorker$ConfigRpcTransportClient$2
20:31:21.773 [main] INFO  c.a.n.c.r.client - [printIfInfoEnabled,63] - [d84d45cc-88b4-4471-8e93-fea3256f5170_config-0] Try to connect to server on start up, server: {serverIp = 'localhost', server main port = 8848}
20:31:21.800 [main] INFO  c.a.n.c.r.c.g.GrpcClient - [createNewManagedChannel,182] - grpc client connection server:localhost ip,serverPort:9848,grpcTslConfig:{"sslProvider":"OPENSSL","enableTls":false,"mutualAuthEnable":false,"trustAll":false}
20:31:22.502 [main] INFO  c.a.n.c.r.client - [printIfInfoEnabled,63] - [d84d45cc-88b4-4471-8e93-fea3256f5170_config-0] Success to connect to server [localhost:8848] on start up, connectionId = 1777465882322_172.17.0.1_37946
20:31:22.502 [com.alibaba.nacos.client.remote.worker] INFO  c.a.n.c.r.client - [printIfInfoEnabled,63] - [d84d45cc-88b4-4471-8e93-fea3256f5170_config-0] Notify connected event to listeners.
20:31:22.502 [main] INFO  c.a.n.c.r.client - [printIfInfoEnabled,63] - [d84d45cc-88b4-4471-8e93-fea3256f5170_config-0] Register server push request handler:com.alibaba.nacos.common.remote.client.RpcClient$ConnectResetRequestHandler
20:31:22.502 [com.alibaba.nacos.client.remote.worker] INFO  c.a.n.c.c.i.ClientWorker - [onConnected,639] - [d84d45cc-88b4-4471-8e93-fea3256f5170_config-0] Connected,notify listen context...
20:31:22.502 [main] INFO  c.a.n.c.r.client - [printIfInfoEnabled,63] - [d84d45cc-88b4-4471-8e93-fea3256f5170_config-0] Register server push request handler:com.alibaba.nacos.common.remote.client.RpcClient$$Lambda$595/0x000002b9814f3ed8
20:31:22.524 [main] INFO  c.a.n.c.c.i.Limiter - [<clinit>,62] - limitTime:5.0
20:31:22.544 [main] INFO  c.a.n.c.c.u.JvmUtil - [<clinit>,54] - isMultiInstance:false
20:31:22.549 [main] INFO  o.s.c.b.c.PropertySourceBootstrapConfiguration - [initialize,108] - Located property source: [BootstrapPropertySource {name='bootstrapProperties-oj-gateway-local.yaml,DEFAULT_GROUP'}, BootstrapPropertySource {name='bootstrapProperties-oj-gateway.yaml,DEFAULT_GROUP'}, BootstrapPropertySource {name='bootstrapProperties-oj-gateway,DEFAULT_GROUP'}]
20:31:22.553 [main] INFO  c.b.g.OjGatewayApplication - [logStartupProfileInfo,636] - The following 1 profile is active: "local"
20:31:22.878 [main] INFO  o.s.d.r.c.RepositoryConfigurationDelegate - [multipleStoresDetected,294] - Multiple Spring Data modules found, entering strict repository configuration mode
20:31:22.880 [main] INFO  o.s.d.r.c.RepositoryConfigurationDelegate - [registerRepositoriesIn,138] - Bootstrapping Spring Data Redis repositories in DEFAULT mode.
20:31:22.894 [main] INFO  o.s.d.r.c.RepositoryConfigurationDelegate - [registerRepositoriesIn,208] - Finished Spring Data repository scanning in 5 ms. Found 0 Redis repository interfaces.
20:31:23.001 [main] INFO  o.s.c.c.s.GenericScope - [setSerializationId,282] - BeanFactory id=a2242d8d-f5fd-3a65-be67-7fd022a476aa
20:31:23.024 [main] INFO  o.s.c.s.PostProcessorRegistrationDelegate$BeanPostProcessorChecker - [postProcessAfterInitialization,409] - Bean 'org.springframework.cloud.client.loadbalancer.reactive.LoadBalancerBeanPostProcessorAutoConfiguration' of type [org.springframework.cloud.client.loadbalancer.reactive.LoadBalancerBeanPostProcessorAutoConfiguration] is not eligible for getting processed by all BeanPostProcessors (for example: not eligible for auto-proxying)
20:31:23.025 [main] INFO  o.s.c.s.PostProcessorRegistrationDelegate$BeanPostProcessorChecker - [postProcessAfterInitialization,409] - Bean 'org.springframework.cloud.client.loadbalancer.reactive.LoadBalancerBeanPostProcessorAutoConfiguration$ReactorDeferringLoadBalancerFilterConfig' of type [org.springframework.cloud.client.loadbalancer.reactive.LoadBalancerBeanPostProcessorAutoConfiguration$ReactorDeferringLoadBalancerFilterConfig] is not eligible for getting processed by all BeanPostProcessors (for example: not eligible for auto-proxying)
20:31:23.025 [main] INFO  o.s.c.s.PostProcessorRegistrationDelegate$BeanPostProcessorChecker - [postProcessAfterInitialization,409] - Bean 'reactorDeferringLoadBalancerExchangeFilterFunction' of type [org.springframework.cloud.client.loadbalancer.reactive.DeferringLoadBalancerExchangeFilterFunction] is not eligible for getting processed by all BeanPostProcessors (for example: not eligible for auto-proxying)
20:31:23.949 [main] INFO  o.s.c.g.r.RouteDefinitionRouteLocator - [lambda$initFactories$1,88] - Loaded RoutePredicateFactory [After]
20:31:23.949 [main] INFO  o.s.c.g.r.RouteDefinitionRouteLocator - [lambda$initFactories$1,88] - Loaded RoutePredicateFactory [Before]
20:31:23.949 [main] INFO  o.s.c.g.r.RouteDefinitionRouteLocator - [lambda$initFactories$1,88] - Loaded RoutePredicateFactory [Between]
20:31:23.949 [main] INFO  o.s.c.g.r.RouteDefinitionRouteLocator - [lambda$initFactories$1,88] - Loaded RoutePredicateFactory [Cookie]
20:31:23.949 [main] INFO  o.s.c.g.r.RouteDefinitionRouteLocator - [lambda$initFactories$1,88] - Loaded RoutePredicateFactory [Header]
20:31:23.949 [main] INFO  o.s.c.g.r.RouteDefinitionRouteLocator - [lambda$initFactories$1,88] - Loaded RoutePredicateFactory [Host]
20:31:23.949 [main] INFO  o.s.c.g.r.RouteDefinitionRouteLocator - [lambda$initFactories$1,88] - Loaded RoutePredicateFactory [Method]
20:31:23.949 [main] INFO  o.s.c.g.r.RouteDefinitionRouteLocator - [lambda$initFactories$1,88] - Loaded RoutePredicateFactory [Path]
20:31:23.950 [main] INFO  o.s.c.g.r.RouteDefinitionRouteLocator - [lambda$initFactories$1,88] - Loaded RoutePredicateFactory [Query]
20:31:23.950 [main] INFO  o.s.c.g.r.RouteDefinitionRouteLocator - [lambda$initFactories$1,88] - Loaded RoutePredicateFactory [ReadBody]
20:31:23.950 [main] INFO  o.s.c.g.r.RouteDefinitionRouteLocator - [lambda$initFactories$1,88] - Loaded RoutePredicateFactory [RemoteAddr]
20:31:23.950 [main] INFO  o.s.c.g.r.RouteDefinitionRouteLocator - [lambda$initFactories$1,88] - Loaded RoutePredicateFactory [XForwardedRemoteAddr]
20:31:23.950 [main] INFO  o.s.c.g.r.RouteDefinitionRouteLocator - [lambda$initFactories$1,88] - Loaded RoutePredicateFactory [Weight]
20:31:23.950 [main] INFO  o.s.c.g.r.RouteDefinitionRouteLocator - [lambda$initFactories$1,88] - Loaded RoutePredicateFactory [CloudFoundryRouteService]
20:31:24.379 [main] INFO  o.s.b.w.e.n.NettyWebServer - [start,111] - Netty started on port 19090
20:31:24.646 [main] INFO  c.a.n.client.naming - [initNamespaceForNaming,62] - initializer namespace from ans.namespace attribute : null
20:31:24.646 [main] INFO  c.a.n.client.naming - [lambda$initNamespaceForNaming$0,66] - initializer namespace from ALIBABA_ALIWARE_NAMESPACE attribute :null
20:31:24.647 [main] INFO  c.a.n.client.naming - [lambda$initNamespaceForNaming$1,73] - initializer namespace from namespace attribute :null
20:31:24.652 [main] INFO  c.a.n.p.a.s.c.ClientAuthPluginManager - [init,56] - [ClientAuthPluginManager] Load ClientAuthService com.alibaba.nacos.client.auth.impl.NacosClientAuthServiceImpl success.
20:31:24.653 [main] INFO  c.a.n.p.a.s.c.ClientAuthPluginManager - [init,56] - [ClientAuthPluginManager] Load ClientAuthService com.alibaba.nacos.client.auth.ram.RamClientAuthServiceImpl success.
20:31:24.657 [main] INFO  c.a.n.c.r.client - [lambda$createClient$0,108] - [RpcClientFactory] create a new rpc client of 24cff0b2-492e-4f84-84bd-7f1bafad391e
20:31:24.658 [main] INFO  c.a.n.c.r.client - [printIfInfoEnabled,63] - [24cff0b2-492e-4f84-84bd-7f1bafad391e] RpcClient init, ServerListFactory = com.alibaba.nacos.client.naming.core.ServerListManager
20:31:24.658 [main] INFO  c.a.n.c.r.client - [printIfInfoEnabled,63] - [24cff0b2-492e-4f84-84bd-7f1bafad391e] Registry connection listener to current client:com.alibaba.nacos.client.naming.remote.gprc.redo.NamingGrpcRedoService
20:31:24.658 [main] INFO  c.a.n.c.r.client - [printIfInfoEnabled,63] - [24cff0b2-492e-4f84-84bd-7f1bafad391e] Register server push request handler:com.alibaba.nacos.client.naming.remote.gprc.NamingPushRequestHandler
20:31:24.659 [main] INFO  c.a.n.c.r.client - [printIfInfoEnabled,63] - [24cff0b2-492e-4f84-84bd-7f1bafad391e] Try to connect to server on start up, server: {serverIp = 'localhost', server main port = 8848}
20:31:24.659 [main] INFO  c.a.n.c.r.c.g.GrpcClient - [createNewManagedChannel,182] - grpc client connection server:localhost ip,serverPort:9848,grpcTslConfig:{"sslProvider":"OPENSSL","enableTls":false,"mutualAuthEnable":false,"trustAll":false}
20:31:24.777 [main] INFO  c.a.n.c.r.client - [printIfInfoEnabled,63] - [24cff0b2-492e-4f84-84bd-7f1bafad391e] Success to connect to server [localhost:8848] on start up, connectionId = 1777465884664_172.17.0.1_37954
20:31:24.778 [main] INFO  c.a.n.c.r.client - [printIfInfoEnabled,63] - [24cff0b2-492e-4f84-84bd-7f1bafad391e] Register server push request handler:com.alibaba.nacos.common.remote.client.RpcClient$ConnectResetRequestHandler
20:31:24.778 [com.alibaba.nacos.client.remote.worker] INFO  c.a.n.c.r.client - [printIfInfoEnabled,63] - [24cff0b2-492e-4f84-84bd-7f1bafad391e] Notify connected event to listeners.
20:31:24.778 [main] INFO  c.a.n.c.r.client - [printIfInfoEnabled,63] - [24cff0b2-492e-4f84-84bd-7f1bafad391e] Register server push request handler:com.alibaba.nacos.common.remote.client.RpcClient$$Lambda$595/0x000002b9814f3ed8
20:31:24.778 [com.alibaba.nacos.client.remote.worker] INFO  c.a.n.client.naming - [onConnected,78] - Grpc connection connect
20:31:24.781 [main] INFO  c.a.n.client.naming - [registerService,121] - [REGISTER-SERVICE] 1b411097-df3c-4cac-a649-ba6b6b22fcd4 registering service oj-gateway with instance Instance{instanceId='null', ip='172.20.10.6', port=19090, weight=1.0, healthy=true, enabled=true, ephemeral=true, clusterName='DEFAULT', serviceName='null', metadata={IPv6=[2409:897a:3d80:97a3:543:892d:f811:3246], preserved.register.source=SPRING_CLOUD}}
20:31:24.791 [main] INFO  c.a.c.n.r.NacosServiceRegistry - [register,76] - nacos registry, DEFAULT_GROUP oj-gateway 172.20.10.6:19090 register finished
20:31:24.826 [main] INFO  c.b.g.OjGatewayApplication - [logStarted,57] - Started OjGatewayApplication in 3.985 seconds (process running for 4.617)
20:31:24.829 [main] INFO  c.a.n.c.c.i.CacheData - [<clinit>,67] - nacos.cache.data.init.snapshot = true 
20:31:24.830 [main] INFO  c.a.n.c.c.i.ClientWorker - [addCacheDataIfAbsent,380] - [fixed-1b411097-df3c-4cac-a649-ba6b6b22fcd4-localhost_8848] [subscribe] oj-gateway-local.yaml+DEFAULT_GROUP+1b411097-df3c-4cac-a649-ba6b6b22fcd4
20:31:24.835 [main] INFO  c.a.n.c.c.i.CacheData - [addListener,197] - [fixed-1b411097-df3c-4cac-a649-ba6b6b22fcd4-localhost_8848] [add-listener] ok, tenant=1b411097-df3c-4cac-a649-ba6b6b22fcd4, dataId=oj-gateway-local.yaml, group=DEFAULT_GROUP, cnt=1
20:31:24.835 [main] INFO  c.a.c.n.r.NacosContextRefresher - [registerNacosListener,129] - [Nacos Config] Listening config: dataId=oj-gateway-local.yaml, group=DEFAULT_GROUP
20:31:24.836 [main] INFO  c.a.n.c.c.i.ClientWorker - [addCacheDataIfAbsent,380] - [fixed-1b411097-df3c-4cac-a649-ba6b6b22fcd4-localhost_8848] [subscribe] oj-gateway+DEFAULT_GROUP+1b411097-df3c-4cac-a649-ba6b6b22fcd4
20:31:24.836 [main] INFO  c.a.n.c.c.i.CacheData - [addListener,197] - [fixed-1b411097-df3c-4cac-a649-ba6b6b22fcd4-localhost_8848] [add-listener] ok, tenant=1b411097-df3c-4cac-a649-ba6b6b22fcd4, dataId=oj-gateway, group=DEFAULT_GROUP, cnt=1
20:31:24.836 [main] INFO  c.a.c.n.r.NacosContextRefresher - [registerNacosListener,129] - [Nacos Config] Listening config: dataId=oj-gateway, group=DEFAULT_GROUP
20:31:24.836 [main] INFO  c.a.n.c.c.i.ClientWorker - [addCacheDataIfAbsent,380] - [fixed-1b411097-df3c-4cac-a649-ba6b6b22fcd4-localhost_8848] [subscribe] oj-gateway.yaml+DEFAULT_GROUP+1b411097-df3c-4cac-a649-ba6b6b22fcd4
20:31:24.836 [main] INFO  c.a.n.c.c.i.CacheData - [addListener,197] - [fixed-1b411097-df3c-4cac-a649-ba6b6b22fcd4-localhost_8848] [add-listener] ok, tenant=1b411097-df3c-4cac-a649-ba6b6b22fcd4, dataId=oj-gateway.yaml, group=DEFAULT_GROUP, cnt=1
20:31:24.836 [main] INFO  c.a.c.n.r.NacosContextRefresher - [registerNacosListener,129] - [Nacos Config] Listening config: dataId=oj-gateway.yaml, group=DEFAULT_GROUP
20:32:58.091 [boundedElastic-1] INFO  c.a.n.client.naming - [subscribe,167] - [SUBSCRIBE-SERVICE] service:oj-system, group:DEFAULT_GROUP, clusters: 
20:32:58.102 [boundedElastic-1] INFO  c.a.n.client.naming - [isChangedServiceInfo,184] - init new ips(1) service: DEFAULT_GROUP@@oj-system -> [{"ip":"172.20.10.6","port":9201,"weight":1.0,"healthy":true,"enabled":true,"ephemeral":true,"clusterName":"DEFAULT","serviceName":"DEFAULT_GROUP@@oj-system","metadata":{"preserved.register.source":"SPRING_CLOUD","IPv6":"[2409:897a:3d80:97a3:543:892d:f811:3246]"},"instanceHeartBeatTimeOut":15000,"instanceHeartBeatInterval":5000,"ipDeleteTimeout":30000}]
20:32:58.103 [boundedElastic-1] INFO  c.a.n.client.naming - [processServiceInfo,169] - current ips:(1) service: DEFAULT_GROUP@@oj-system -> [{"ip":"172.20.10.6","port":9201,"weight":1.0,"healthy":true,"enabled":true,"ephemeral":true,"clusterName":"DEFAULT","serviceName":"DEFAULT_GROUP@@oj-system","metadata":{"preserved.register.source":"SPRING_CLOUD","IPv6":"[2409:897a:3d80:97a3:543:892d:f811:3246]"},"instanceHeartBeatTimeOut":15000,"instanceHeartBeatInterval":5000,"ipDeleteTimeout":30000}]
20:32:58.253 [SpringApplicationShutdownHook] INFO  c.a.c.n.r.NacosServiceRegistry - [deregister,95] - De-registering from Nacos Server now...
20:32:58.253 [SpringApplicationShutdownHook] INFO  c.a.n.client.naming - [deregisterService,217] - [DEREGISTER-SERVICE] 1b411097-df3c-4cac-a649-ba6b6b22fcd4 deregistering service oj-gateway with instance: Instance{instanceId='null', ip='172.20.10.6', port=19090, weight=1.0, healthy=true, enabled=true, ephemeral=true, clusterName='DEFAULT', serviceName='null', metadata={}}
20:32:58.257 [SpringApplicationShutdownHook] INFO  c.a.c.n.r.NacosServiceRegistry - [deregister,115] - De-registration finished.
20:32:58.258 [SpringApplicationShutdownHook] INFO  c.a.n.client.naming - [shutdown,256] - com.alibaba.nacos.client.naming.cache.ServiceInfoHolder do shutdown begin
20:32:58.258 [SpringApplicationShutdownHook] INFO  c.a.n.client.naming - [shutdown,136] - com.alibaba.nacos.client.naming.backups.FailoverReactor do shutdown begin
20:32:58.258 [SpringApplicationShutdownHook] INFO  c.a.n.client.naming - [shutdown,138] - com.alibaba.nacos.client.naming.backups.FailoverReactor do shutdown stop
20:32:58.258 [SpringApplicationShutdownHook] INFO  c.a.n.client.naming - [shutdown,258] - com.alibaba.nacos.client.naming.cache.ServiceInfoHolder do shutdown stop
20:32:58.258 [SpringApplicationShutdownHook] INFO  c.a.n.client.naming - [shutdown,204] - com.alibaba.nacos.client.naming.remote.NamingClientProxyDelegate do shutdown begin
20:32:58.258 [SpringApplicationShutdownHook] INFO  c.a.n.client.naming - [shutdown,143] - com.alibaba.nacos.client.naming.core.ServiceInfoUpdateService do shutdown begin
20:32:58.258 [SpringApplicationShutdownHook] INFO  c.a.n.client.naming - [shutdown,145] - com.alibaba.nacos.client.naming.core.ServiceInfoUpdateService do shutdown stop
20:32:58.258 [SpringApplicationShutdownHook] INFO  c.a.n.client.naming - [shutdown,194] - com.alibaba.nacos.client.naming.core.ServerListManager do shutdown begin
20:32:58.259 [SpringApplicationShutdownHook] INFO  c.a.n.client.naming - [shutdown,199] - com.alibaba.nacos.client.naming.core.ServerListManager do shutdown stop
20:32:58.259 [SpringApplicationShutdownHook] INFO  c.a.n.client.naming - [shutdown,484] - com.alibaba.nacos.client.naming.remote.http.NamingHttpClientProxy do shutdown begin
20:32:58.259 [SpringApplicationShutdownHook] INFO  c.a.n.client.naming - [shutdown,486] - com.alibaba.nacos.client.naming.remote.http.NamingHttpClientProxy do shutdown stop
20:32:58.259 [SpringApplicationShutdownHook] INFO  c.a.n.c.r.client - [shutdown,429] - Shutdown rpc client, set status to shutdown
20:32:58.259 [SpringApplicationShutdownHook] INFO  c.a.n.c.r.client - [shutdown,431] - Shutdown client event executor java.util.concurrent.ScheduledThreadPoolExecutor@3451cc29[Running, pool size = 2, active threads = 2, queued tasks = 0, completed tasks = 0]
20:32:58.259 [SpringApplicationShutdownHook] INFO  c.a.n.c.r.client - [closeConnection,584] - Close current connection 1777465884664_172.17.0.1_37954
20:32:58.262 [SpringApplicationShutdownHook] INFO  c.a.n.c.r.c.g.GrpcClient - [shutdown,159] - Shutdown grpc executor java.util.concurrent.ThreadPoolExecutor@1271304d[Running, pool size = 6, active threads = 0, queued tasks = 0, completed tasks = 18]
20:32:58.262 [SpringApplicationShutdownHook] INFO  c.a.n.client.naming - [shutdown,318] - Shutdown grpc redo service executor java.util.concurrent.ScheduledThreadPoolExecutor@74c71c7c[Running, pool size = 1, active threads = 0, queued tasks = 1, completed tasks = 6]
20:32:58.263 [SpringApplicationShutdownHook] INFO  c.a.n.c.a.r.i.CredentialWatcher - [stop,106] - [null] CredentialWatcher is stopped
20:32:58.263 [SpringApplicationShutdownHook] INFO  c.a.n.c.a.r.i.CredentialService - [free,100] - [null] CredentialService is freed
20:32:58.263 [SpringApplicationShutdownHook] INFO  c.a.n.client.naming - [shutdown,211] - com.alibaba.nacos.client.naming.remote.NamingClientProxyDelegate do shutdown stop
20:37:32.787 [background-preinit] INFO  o.h.v.i.util.Version - [<clinit>,21] - HV000001: Hibernate Validator 8.0.0.Final
20:37:33.010 [main] INFO  c.a.n.c.u.ParamUtil - [<clinit>,87] - [settings] [req-serv] nacos-server port:8848
20:37:33.011 [main] INFO  c.a.n.c.u.ParamUtil - [<clinit>,98] - [settings] [http-client] connect timeout:1000
20:37:33.011 [main] INFO  c.a.n.c.u.ParamUtil - [<clinit>,105] - PER_TASK_CONFIG_SIZE: 3000.0
20:37:33.029 [main] INFO  c.a.n.p.a.s.c.ClientAuthPluginManager - [init,56] - [ClientAuthPluginManager] Load ClientAuthService com.alibaba.nacos.client.auth.impl.NacosClientAuthServiceImpl success.
20:37:33.029 [main] INFO  c.a.n.p.a.s.c.ClientAuthPluginManager - [init,56] - [ClientAuthPluginManager] Load ClientAuthService com.alibaba.nacos.client.auth.ram.RamClientAuthServiceImpl success.
20:37:33.032 [main] INFO  c.a.n.c.a.r.i.CredentialWatcher - [loadCredential,165] - null No credential found
20:37:33.269 [main] INFO  c.a.n.c.c.i.LocalConfigInfoProcessor - [<clinit>,63] - LOCAL_SNAPSHOT_PATH:C:\Users\45\nacos\config
20:37:33.272 [main] INFO  c.a.n.c.r.client - [lambda$createClient$0,108] - [RpcClientFactory] create a new rpc client of 75241ac8-58e6-49e9-8486-e6109ef5baec_config-0
20:37:33.293 [main] INFO  c.a.n.c.r.client - [printIfInfoEnabled,63] - [75241ac8-58e6-49e9-8486-e6109ef5baec_config-0] Register server push request handler:com.alibaba.nacos.client.config.impl.ClientWorker$ConfigRpcTransportClient$$Lambda$574/0x000001f66136ae60
20:37:33.293 [main] INFO  c.a.n.c.r.client - [printIfInfoEnabled,63] - [75241ac8-58e6-49e9-8486-e6109ef5baec_config-0] Register server push request handler:com.alibaba.nacos.client.config.impl.ClientWorker$ConfigRpcTransportClient$$Lambda$575/0x000001f66136b280
20:37:33.293 [main] INFO  c.a.n.c.r.client - [printIfInfoEnabled,63] - [75241ac8-58e6-49e9-8486-e6109ef5baec_config-0] Registry connection listener to current client:com.alibaba.nacos.client.config.impl.ClientWorker$ConfigRpcTransportClient$1
20:37:33.294 [main] INFO  c.a.n.c.r.client - [printIfInfoEnabled,63] - [75241ac8-58e6-49e9-8486-e6109ef5baec_config-0] RpcClient init, ServerListFactory = com.alibaba.nacos.client.config.impl.ClientWorker$ConfigRpcTransportClient$2
20:37:33.304 [main] INFO  c.a.n.c.r.client - [printIfInfoEnabled,63] - [75241ac8-58e6-49e9-8486-e6109ef5baec_config-0] Try to connect to server on start up, server: {serverIp = 'localhost', server main port = 8848}
20:37:33.332 [main] INFO  c.a.n.c.r.c.g.GrpcClient - [createNewManagedChannel,182] - grpc client connection server:localhost ip,serverPort:9848,grpcTslConfig:{"sslProvider":"OPENSSL","enableTls":false,"mutualAuthEnable":false,"trustAll":false}
20:37:34.031 [main] INFO  c.a.n.c.r.client - [printIfInfoEnabled,63] - [75241ac8-58e6-49e9-8486-e6109ef5baec_config-0] Success to connect to server [localhost:8848] on start up, connectionId = 1777466253865_172.17.0.1_34512
20:37:34.032 [com.alibaba.nacos.client.remote.worker] INFO  c.a.n.c.r.client - [printIfInfoEnabled,63] - [75241ac8-58e6-49e9-8486-e6109ef5baec_config-0] Notify connected event to listeners.
20:37:34.032 [main] INFO  c.a.n.c.r.client - [printIfInfoEnabled,63] - [75241ac8-58e6-49e9-8486-e6109ef5baec_config-0] Register server push request handler:com.alibaba.nacos.common.remote.client.RpcClient$ConnectResetRequestHandler
20:37:34.032 [com.alibaba.nacos.client.remote.worker] INFO  c.a.n.c.c.i.ClientWorker - [onConnected,639] - [75241ac8-58e6-49e9-8486-e6109ef5baec_config-0] Connected,notify listen context...
20:37:34.032 [main] INFO  c.a.n.c.r.client - [printIfInfoEnabled,63] - [75241ac8-58e6-49e9-8486-e6109ef5baec_config-0] Register server push request handler:com.alibaba.nacos.common.remote.client.RpcClient$$Lambda$595/0x000001f6614f1ad0
20:37:34.063 [main] INFO  c.a.n.c.c.i.Limiter - [<clinit>,62] - limitTime:5.0
20:37:34.088 [main] INFO  c.a.n.c.c.u.JvmUtil - [<clinit>,54] - isMultiInstance:false
20:37:34.094 [main] INFO  o.s.c.b.c.PropertySourceBootstrapConfiguration - [initialize,108] - Located property source: [BootstrapPropertySource {name='bootstrapProperties-oj-gateway-local.yaml,DEFAULT_GROUP'}, BootstrapPropertySource {name='bootstrapProperties-oj-gateway.yaml,DEFAULT_GROUP'}, BootstrapPropertySource {name='bootstrapProperties-oj-gateway,DEFAULT_GROUP'}]
20:37:34.098 [main] INFO  c.b.g.OjGatewayApplication - [logStartupProfileInfo,636] - The following 1 profile is active: "local"
20:37:34.414 [main] INFO  o.s.d.r.c.RepositoryConfigurationDelegate - [multipleStoresDetected,294] - Multiple Spring Data modules found, entering strict repository configuration mode
20:37:34.415 [main] INFO  o.s.d.r.c.RepositoryConfigurationDelegate - [registerRepositoriesIn,138] - Bootstrapping Spring Data Redis repositories in DEFAULT mode.
20:37:34.429 [main] INFO  o.s.d.r.c.RepositoryConfigurationDelegate - [registerRepositoriesIn,208] - Finished Spring Data repository scanning in 5 ms. Found 0 Redis repository interfaces.
20:37:34.531 [main] INFO  o.s.c.c.s.GenericScope - [setSerializationId,282] - BeanFactory id=a2242d8d-f5fd-3a65-be67-7fd022a476aa
20:37:34.563 [main] INFO  o.s.c.s.PostProcessorRegistrationDelegate$BeanPostProcessorChecker - [postProcessAfterInitialization,409] - Bean 'org.springframework.cloud.client.loadbalancer.reactive.LoadBalancerBeanPostProcessorAutoConfiguration' of type [org.springframework.cloud.client.loadbalancer.reactive.LoadBalancerBeanPostProcessorAutoConfiguration] is not eligible for getting processed by all BeanPostProcessors (for example: not eligible for auto-proxying)
20:37:34.564 [main] INFO  o.s.c.s.PostProcessorRegistrationDelegate$BeanPostProcessorChecker - [postProcessAfterInitialization,409] - Bean 'org.springframework.cloud.client.loadbalancer.reactive.LoadBalancerBeanPostProcessorAutoConfiguration$ReactorDeferringLoadBalancerFilterConfig' of type [org.springframework.cloud.client.loadbalancer.reactive.LoadBalancerBeanPostProcessorAutoConfiguration$ReactorDeferringLoadBalancerFilterConfig] is not eligible for getting processed by all BeanPostProcessors (for example: not eligible for auto-proxying)
20:37:34.564 [main] INFO  o.s.c.s.PostProcessorRegistrationDelegate$BeanPostProcessorChecker - [postProcessAfterInitialization,409] - Bean 'reactorDeferringLoadBalancerExchangeFilterFunction' of type [org.springframework.cloud.client.loadbalancer.reactive.DeferringLoadBalancerExchangeFilterFunction] is not eligible for getting processed by all BeanPostProcessors (for example: not eligible for auto-proxying)
20:37:35.577 [main] INFO  o.s.c.g.r.RouteDefinitionRouteLocator - [lambda$initFactories$1,88] - Loaded RoutePredicateFactory [After]
20:37:35.577 [main] INFO  o.s.c.g.r.RouteDefinitionRouteLocator - [lambda$initFactories$1,88] - Loaded RoutePredicateFactory [Before]
20:37:35.578 [main] INFO  o.s.c.g.r.RouteDefinitionRouteLocator - [lambda$initFactories$1,88] - Loaded RoutePredicateFactory [Between]
20:37:35.578 [main] INFO  o.s.c.g.r.RouteDefinitionRouteLocator - [lambda$initFactories$1,88] - Loaded RoutePredicateFactory [Cookie]
20:37:35.578 [main] INFO  o.s.c.g.r.RouteDefinitionRouteLocator - [lambda$initFactories$1,88] - Loaded RoutePredicateFactory [Header]
20:37:35.578 [main] INFO  o.s.c.g.r.RouteDefinitionRouteLocator - [lambda$initFactories$1,88] - Loaded RoutePredicateFactory [Host]
20:37:35.578 [main] INFO  o.s.c.g.r.RouteDefinitionRouteLocator - [lambda$initFactories$1,88] - Loaded RoutePredicateFactory [Method]
20:37:35.578 [main] INFO  o.s.c.g.r.RouteDefinitionRouteLocator - [lambda$initFactories$1,88] - Loaded RoutePredicateFactory [Path]
20:37:35.578 [main] INFO  o.s.c.g.r.RouteDefinitionRouteLocator - [lambda$initFactories$1,88] - Loaded RoutePredicateFactory [Query]
20:37:35.578 [main] INFO  o.s.c.g.r.RouteDefinitionRouteLocator - [lambda$initFactories$1,88] - Loaded RoutePredicateFactory [ReadBody]
20:37:35.578 [main] INFO  o.s.c.g.r.RouteDefinitionRouteLocator - [lambda$initFactories$1,88] - Loaded RoutePredicateFactory [RemoteAddr]
20:37:35.578 [main] INFO  o.s.c.g.r.RouteDefinitionRouteLocator - [lambda$initFactories$1,88] - Loaded RoutePredicateFactory [XForwardedRemoteAddr]
20:37:35.578 [main] INFO  o.s.c.g.r.RouteDefinitionRouteLocator - [lambda$initFactories$1,88] - Loaded RoutePredicateFactory [Weight]
20:37:35.578 [main] INFO  o.s.c.g.r.RouteDefinitionRouteLocator - [lambda$initFactories$1,88] - Loaded RoutePredicateFactory [CloudFoundryRouteService]
20:37:36.068 [main] INFO  o.s.b.w.e.n.NettyWebServer - [start,111] - Netty started on port 19090
20:37:36.336 [main] INFO  c.a.n.client.naming - [initNamespaceForNaming,62] - initializer namespace from ans.namespace attribute : null
20:37:36.336 [main] INFO  c.a.n.client.naming - [lambda$initNamespaceForNaming$0,66] - initializer namespace from ALIBABA_ALIWARE_NAMESPACE attribute :null
20:37:36.337 [main] INFO  c.a.n.client.naming - [lambda$initNamespaceForNaming$1,73] - initializer namespace from namespace attribute :null
20:37:36.344 [main] INFO  c.a.n.p.a.s.c.ClientAuthPluginManager - [init,56] - [ClientAuthPluginManager] Load ClientAuthService com.alibaba.nacos.client.auth.impl.NacosClientAuthServiceImpl success.
20:37:36.344 [main] INFO  c.a.n.p.a.s.c.ClientAuthPluginManager - [init,56] - [ClientAuthPluginManager] Load ClientAuthService com.alibaba.nacos.client.auth.ram.RamClientAuthServiceImpl success.
20:37:36.347 [main] INFO  c.a.n.c.r.client - [lambda$createClient$0,108] - [RpcClientFactory] create a new rpc client of 5dc44de7-d758-4f22-b498-b3eeafe87008
20:37:36.348 [main] INFO  c.a.n.c.r.client - [printIfInfoEnabled,63] - [5dc44de7-d758-4f22-b498-b3eeafe87008] RpcClient init, ServerListFactory = com.alibaba.nacos.client.naming.core.ServerListManager
20:37:36.349 [main] INFO  c.a.n.c.r.client - [printIfInfoEnabled,63] - [5dc44de7-d758-4f22-b498-b3eeafe87008] Registry connection listener to current client:com.alibaba.nacos.client.naming.remote.gprc.redo.NamingGrpcRedoService
20:37:36.349 [main] INFO  c.a.n.c.r.client - [printIfInfoEnabled,63] - [5dc44de7-d758-4f22-b498-b3eeafe87008] Register server push request handler:com.alibaba.nacos.client.naming.remote.gprc.NamingPushRequestHandler
20:37:36.349 [main] INFO  c.a.n.c.r.client - [printIfInfoEnabled,63] - [5dc44de7-d758-4f22-b498-b3eeafe87008] Try to connect to server on start up, server: {serverIp = 'localhost', server main port = 8848}
20:37:36.349 [main] INFO  c.a.n.c.r.c.g.GrpcClient - [createNewManagedChannel,182] - grpc client connection server:localhost ip,serverPort:9848,grpcTslConfig:{"sslProvider":"OPENSSL","enableTls":false,"mutualAuthEnable":false,"trustAll":false}
20:37:36.461 [main] INFO  c.a.n.c.r.client - [printIfInfoEnabled,63] - [5dc44de7-d758-4f22-b498-b3eeafe87008] Success to connect to server [localhost:8848] on start up, connectionId = 1777466256356_172.17.0.1_34522
20:37:36.463 [main] INFO  c.a.n.c.r.client - [printIfInfoEnabled,63] - [5dc44de7-d758-4f22-b498-b3eeafe87008] Register server push request handler:com.alibaba.nacos.common.remote.client.RpcClient$ConnectResetRequestHandler
20:37:36.463 [com.alibaba.nacos.client.remote.worker] INFO  c.a.n.c.r.client - [printIfInfoEnabled,63] - [5dc44de7-d758-4f22-b498-b3eeafe87008] Notify connected event to listeners.
20:37:36.465 [com.alibaba.nacos.client.remote.worker] INFO  c.a.n.client.naming - [onConnected,78] - Grpc connection connect
20:37:36.464 [main] INFO  c.a.n.c.r.client - [printIfInfoEnabled,63] - [5dc44de7-d758-4f22-b498-b3eeafe87008] Register server push request handler:com.alibaba.nacos.common.remote.client.RpcClient$$Lambda$595/0x000001f6614f1ad0
20:37:36.469 [main] INFO  c.a.n.client.naming - [registerService,121] - [REGISTER-SERVICE] 1b411097-df3c-4cac-a649-ba6b6b22fcd4 registering service oj-gateway with instance Instance{instanceId='null', ip='172.20.10.6', port=19090, weight=1.0, healthy=true, enabled=true, ephemeral=true, clusterName='DEFAULT', serviceName='null', metadata={IPv6=[2409:897a:3d80:97a3:543:892d:f811:3246], preserved.register.source=SPRING_CLOUD}}
20:37:36.481 [main] INFO  c.a.c.n.r.NacosServiceRegistry - [register,76] - nacos registry, DEFAULT_GROUP oj-gateway 172.20.10.6:19090 register finished
20:37:36.520 [main] INFO  c.b.g.OjGatewayApplication - [logStarted,57] - Started OjGatewayApplication in 4.22 seconds (process running for 4.973)
20:37:36.523 [main] INFO  c.a.n.c.c.i.CacheData - [<clinit>,67] - nacos.cache.data.init.snapshot = true 
20:37:36.524 [main] INFO  c.a.n.c.c.i.ClientWorker - [addCacheDataIfAbsent,380] - [fixed-1b411097-df3c-4cac-a649-ba6b6b22fcd4-localhost_8848] [subscribe] oj-gateway-local.yaml+DEFAULT_GROUP+1b411097-df3c-4cac-a649-ba6b6b22fcd4
20:37:36.529 [main] INFO  c.a.n.c.c.i.CacheData - [addListener,197] - [fixed-1b411097-df3c-4cac-a649-ba6b6b22fcd4-localhost_8848] [add-listener] ok, tenant=1b411097-df3c-4cac-a649-ba6b6b22fcd4, dataId=oj-gateway-local.yaml, group=DEFAULT_GROUP, cnt=1
20:37:36.529 [main] INFO  c.a.c.n.r.NacosContextRefresher - [registerNacosListener,129] - [Nacos Config] Listening config: dataId=oj-gateway-local.yaml, group=DEFAULT_GROUP
20:37:36.530 [main] INFO  c.a.n.c.c.i.ClientWorker - [addCacheDataIfAbsent,380] - [fixed-1b411097-df3c-4cac-a649-ba6b6b22fcd4-localhost_8848] [subscribe] oj-gateway+DEFAULT_GROUP+1b411097-df3c-4cac-a649-ba6b6b22fcd4
20:37:36.530 [main] INFO  c.a.n.c.c.i.CacheData - [addListener,197] - [fixed-1b411097-df3c-4cac-a649-ba6b6b22fcd4-localhost_8848] [add-listener] ok, tenant=1b411097-df3c-4cac-a649-ba6b6b22fcd4, dataId=oj-gateway, group=DEFAULT_GROUP, cnt=1
20:37:36.530 [main] INFO  c.a.c.n.r.NacosContextRefresher - [registerNacosListener,129] - [Nacos Config] Listening config: dataId=oj-gateway, group=DEFAULT_GROUP
20:37:36.530 [main] INFO  c.a.n.c.c.i.ClientWorker - [addCacheDataIfAbsent,380] - [fixed-1b411097-df3c-4cac-a649-ba6b6b22fcd4-localhost_8848] [subscribe] oj-gateway.yaml+DEFAULT_GROUP+1b411097-df3c-4cac-a649-ba6b6b22fcd4
20:37:36.530 [main] INFO  c.a.n.c.c.i.CacheData - [addListener,197] - [fixed-1b411097-df3c-4cac-a649-ba6b6b22fcd4-localhost_8848] [add-listener] ok, tenant=1b411097-df3c-4cac-a649-ba6b6b22fcd4, dataId=oj-gateway.yaml, group=DEFAULT_GROUP, cnt=1
20:37:36.531 [main] INFO  c.a.c.n.r.NacosContextRefresher - [registerNacosListener,129] - [Nacos Config] Listening config: dataId=oj-gateway.yaml, group=DEFAULT_GROUP
20:38:32.519 [SpringApplicationShutdownHook] INFO  c.a.c.n.r.NacosServiceRegistry - [deregister,95] - De-registering from Nacos Server now...
20:38:32.519 [SpringApplicationShutdownHook] INFO  c.a.n.client.naming - [deregisterService,217] - [DEREGISTER-SERVICE] 1b411097-df3c-4cac-a649-ba6b6b22fcd4 deregistering service oj-gateway with instance: Instance{instanceId='null', ip='172.20.10.6', port=19090, weight=1.0, healthy=true, enabled=true, ephemeral=true, clusterName='DEFAULT', serviceName='null', metadata={}}
20:38:32.524 [SpringApplicationShutdownHook] INFO  c.a.c.n.r.NacosServiceRegistry - [deregister,115] - De-registration finished.
20:38:32.524 [SpringApplicationShutdownHook] INFO  c.a.n.client.naming - [shutdown,256] - com.alibaba.nacos.client.naming.cache.ServiceInfoHolder do shutdown begin
20:38:32.524 [SpringApplicationShutdownHook] INFO  c.a.n.client.naming - [shutdown,136] - com.alibaba.nacos.client.naming.backups.FailoverReactor do shutdown begin
20:38:32.524 [SpringApplicationShutdownHook] INFO  c.a.n.client.naming - [shutdown,138] - com.alibaba.nacos.client.naming.backups.FailoverReactor do shutdown stop
20:38:32.524 [SpringApplicationShutdownHook] INFO  c.a.n.client.naming - [shutdown,258] - com.alibaba.nacos.client.naming.cache.ServiceInfoHolder do shutdown stop
20:38:32.525 [SpringApplicationShutdownHook] INFO  c.a.n.client.naming - [shutdown,204] - com.alibaba.nacos.client.naming.remote.NamingClientProxyDelegate do shutdown begin
20:38:32.525 [SpringApplicationShutdownHook] INFO  c.a.n.client.naming - [shutdown,143] - com.alibaba.nacos.client.naming.core.ServiceInfoUpdateService do shutdown begin
20:38:32.525 [SpringApplicationShutdownHook] INFO  c.a.n.client.naming - [shutdown,145] - com.alibaba.nacos.client.naming.core.ServiceInfoUpdateService do shutdown stop
20:38:32.525 [SpringApplicationShutdownHook] INFO  c.a.n.client.naming - [shutdown,194] - com.alibaba.nacos.client.naming.core.ServerListManager do shutdown begin
20:38:32.525 [SpringApplicationShutdownHook] INFO  c.a.n.client.naming - [shutdown,199] - com.alibaba.nacos.client.naming.core.ServerListManager do shutdown stop
20:38:32.525 [SpringApplicationShutdownHook] INFO  c.a.n.client.naming - [shutdown,484] - com.alibaba.nacos.client.naming.remote.http.NamingHttpClientProxy do shutdown begin
20:38:32.525 [SpringApplicationShutdownHook] INFO  c.a.n.client.naming - [shutdown,486] - com.alibaba.nacos.client.naming.remote.http.NamingHttpClientProxy do shutdown stop
20:38:32.525 [SpringApplicationShutdownHook] INFO  c.a.n.c.r.client - [shutdown,429] - Shutdown rpc client, set status to shutdown
20:38:32.526 [SpringApplicationShutdownHook] INFO  c.a.n.c.r.client - [shutdown,431] - Shutdown client event executor java.util.concurrent.ScheduledThreadPoolExecutor@301f3976[Running, pool size = 2, active threads = 2, queued tasks = 0, completed tasks = 0]
20:38:32.526 [SpringApplicationShutdownHook] INFO  c.a.n.c.r.client - [closeConnection,584] - Close current connection 1777466256356_172.17.0.1_34522
20:38:32.529 [SpringApplicationShutdownHook] INFO  c.a.n.c.r.c.g.GrpcClient - [shutdown,159] - Shutdown grpc executor java.util.concurrent.ThreadPoolExecutor@45858162[Running, pool size = 3, active threads = 0, queued tasks = 0, completed tasks = 15]
20:38:32.529 [SpringApplicationShutdownHook] INFO  c.a.n.client.naming - [shutdown,318] - Shutdown grpc redo service executor java.util.concurrent.ScheduledThreadPoolExecutor@30583cda[Running, pool size = 1, active threads = 0, queued tasks = 1, completed tasks = 7]
20:38:32.529 [SpringApplicationShutdownHook] INFO  c.a.n.c.a.r.i.CredentialWatcher - [stop,106] - [null] CredentialWatcher is stopped
20:38:32.530 [SpringApplicationShutdownHook] INFO  c.a.n.c.a.r.i.CredentialService - [free,100] - [null] CredentialService is freed
20:38:32.530 [SpringApplicationShutdownHook] INFO  c.a.n.client.naming - [shutdown,211] - com.alibaba.nacos.client.naming.remote.NamingClientProxyDelegate do shutdown stop
20:38:34.218 [com.alibaba.nacos.client.Worker] INFO  c.a.n.c.a.r.i.CredentialWatcher - [loadCredential,165] - null No credential found
20:39:51.688 [background-preinit] INFO  o.h.v.i.util.Version - [<clinit>,21] - HV000001: Hibernate Validator 8.0.0.Final
20:39:51.891 [main] INFO  c.a.n.c.u.ParamUtil - [<clinit>,87] - [settings] [req-serv] nacos-server port:8848
20:39:51.891 [main] INFO  c.a.n.c.u.ParamUtil - [<clinit>,98] - [settings] [http-client] connect timeout:1000
20:39:51.892 [main] INFO  c.a.n.c.u.ParamUtil - [<clinit>,105] - PER_TASK_CONFIG_SIZE: 3000.0
20:39:51.917 [main] INFO  c.a.n.p.a.s.c.ClientAuthPluginManager - [init,56] - [ClientAuthPluginManager] Load ClientAuthService com.alibaba.nacos.client.auth.impl.NacosClientAuthServiceImpl success.
20:39:51.918 [main] INFO  c.a.n.p.a.s.c.ClientAuthPluginManager - [init,56] - [ClientAuthPluginManager] Load ClientAuthService com.alibaba.nacos.client.auth.ram.RamClientAuthServiceImpl success.
20:39:51.920 [main] INFO  c.a.n.c.a.r.i.CredentialWatcher - [loadCredential,165] - null No credential found
20:39:52.134 [main] INFO  c.a.n.c.c.i.LocalConfigInfoProcessor - [<clinit>,63] - LOCAL_SNAPSHOT_PATH:C:\Users\45\nacos\config
20:39:52.137 [main] INFO  c.a.n.c.r.client - [lambda$createClient$0,108] - [RpcClientFactory] create a new rpc client of 3e947da4-8d2a-418d-aa56-8a53a5b494ab_config-0
20:39:52.147 [main] INFO  c.a.n.c.r.client - [printIfInfoEnabled,63] - [3e947da4-8d2a-418d-aa56-8a53a5b494ab_config-0] Register server push request handler:com.alibaba.nacos.client.config.impl.ClientWorker$ConfigRpcTransportClient$$Lambda$574/0x000001d83736c068
20:39:52.147 [main] INFO  c.a.n.c.r.client - [printIfInfoEnabled,63] - [3e947da4-8d2a-418d-aa56-8a53a5b494ab_config-0] Register server push request handler:com.alibaba.nacos.client.config.impl.ClientWorker$ConfigRpcTransportClient$$Lambda$575/0x000001d83736c488
20:39:52.147 [main] INFO  c.a.n.c.r.client - [printIfInfoEnabled,63] - [3e947da4-8d2a-418d-aa56-8a53a5b494ab_config-0] Registry connection listener to current client:com.alibaba.nacos.client.config.impl.ClientWorker$ConfigRpcTransportClient$1
20:39:52.148 [main] INFO  c.a.n.c.r.client - [printIfInfoEnabled,63] - [3e947da4-8d2a-418d-aa56-8a53a5b494ab_config-0] RpcClient init, ServerListFactory = com.alibaba.nacos.client.config.impl.ClientWorker$ConfigRpcTransportClient$2
20:39:52.152 [main] INFO  c.a.n.c.r.client - [printIfInfoEnabled,63] - [3e947da4-8d2a-418d-aa56-8a53a5b494ab_config-0] Try to connect to server on start up, server: {serverIp = 'localhost', server main port = 8848}
20:39:52.179 [main] INFO  c.a.n.c.r.c.g.GrpcClient - [createNewManagedChannel,182] - grpc client connection server:localhost ip,serverPort:9848,grpcTslConfig:{"sslProvider":"OPENSSL","enableTls":false,"mutualAuthEnable":false,"trustAll":false}
20:39:52.978 [main] INFO  c.a.n.c.r.client - [printIfInfoEnabled,63] - [3e947da4-8d2a-418d-aa56-8a53a5b494ab_config-0] Success to connect to server [localhost:8848] on start up, connectionId = 1777466392820_172.17.0.1_56778
20:39:52.979 [com.alibaba.nacos.client.remote.worker] INFO  c.a.n.c.r.client - [printIfInfoEnabled,63] - [3e947da4-8d2a-418d-aa56-8a53a5b494ab_config-0] Notify connected event to listeners.
20:39:52.979 [main] INFO  c.a.n.c.r.client - [printIfInfoEnabled,63] - [3e947da4-8d2a-418d-aa56-8a53a5b494ab_config-0] Register server push request handler:com.alibaba.nacos.common.remote.client.RpcClient$ConnectResetRequestHandler
20:39:52.979 [com.alibaba.nacos.client.remote.worker] INFO  c.a.n.c.c.i.ClientWorker - [onConnected,639] - [3e947da4-8d2a-418d-aa56-8a53a5b494ab_config-0] Connected,notify listen context...
20:39:52.979 [main] INFO  c.a.n.c.r.client - [printIfInfoEnabled,63] - [3e947da4-8d2a-418d-aa56-8a53a5b494ab_config-0] Register server push request handler:com.alibaba.nacos.common.remote.client.RpcClient$$Lambda$595/0x000001d8374d3780
20:39:53.001 [main] INFO  c.a.n.c.c.i.Limiter - [<clinit>,62] - limitTime:5.0
20:39:53.031 [main] INFO  c.a.n.c.c.u.JvmUtil - [<clinit>,54] - isMultiInstance:false
20:39:53.035 [main] INFO  o.s.c.b.c.PropertySourceBootstrapConfiguration - [initialize,108] - Located property source: [BootstrapPropertySource {name='bootstrapProperties-oj-gateway-local.yaml,DEFAULT_GROUP'}, BootstrapPropertySource {name='bootstrapProperties-oj-gateway.yaml,DEFAULT_GROUP'}, BootstrapPropertySource {name='bootstrapProperties-oj-gateway,DEFAULT_GROUP'}]
20:39:53.039 [main] INFO  c.b.g.OjGatewayApplication - [logStartupProfileInfo,636] - The following 1 profile is active: "local"
20:39:53.362 [main] INFO  o.s.d.r.c.RepositoryConfigurationDelegate - [multipleStoresDetected,294] - Multiple Spring Data modules found, entering strict repository configuration mode
20:39:53.365 [main] INFO  o.s.d.r.c.RepositoryConfigurationDelegate - [registerRepositoriesIn,138] - Bootstrapping Spring Data Redis repositories in DEFAULT mode.
20:39:53.382 [main] INFO  o.s.d.r.c.RepositoryConfigurationDelegate - [registerRepositoriesIn,208] - Finished Spring Data repository scanning in 5 ms. Found 0 Redis repository interfaces.
20:39:53.486 [main] INFO  o.s.c.c.s.GenericScope - [setSerializationId,282] - BeanFactory id=a2242d8d-f5fd-3a65-be67-7fd022a476aa
20:39:53.510 [main] INFO  o.s.c.s.PostProcessorRegistrationDelegate$BeanPostProcessorChecker - [postProcessAfterInitialization,409] - Bean 'org.springframework.cloud.client.loadbalancer.reactive.LoadBalancerBeanPostProcessorAutoConfiguration' of type [org.springframework.cloud.client.loadbalancer.reactive.LoadBalancerBeanPostProcessorAutoConfiguration] is not eligible for getting processed by all BeanPostProcessors (for example: not eligible for auto-proxying)
20:39:53.511 [main] INFO  o.s.c.s.PostProcessorRegistrationDelegate$BeanPostProcessorChecker - [postProcessAfterInitialization,409] - Bean 'org.springframework.cloud.client.loadbalancer.reactive.LoadBalancerBeanPostProcessorAutoConfiguration$ReactorDeferringLoadBalancerFilterConfig' of type [org.springframework.cloud.client.loadbalancer.reactive.LoadBalancerBeanPostProcessorAutoConfiguration$ReactorDeferringLoadBalancerFilterConfig] is not eligible for getting processed by all BeanPostProcessors (for example: not eligible for auto-proxying)
20:39:53.511 [main] INFO  o.s.c.s.PostProcessorRegistrationDelegate$BeanPostProcessorChecker - [postProcessAfterInitialization,409] - Bean 'reactorDeferringLoadBalancerExchangeFilterFunction' of type [org.springframework.cloud.client.loadbalancer.reactive.DeferringLoadBalancerExchangeFilterFunction] is not eligible for getting processed by all BeanPostProcessors (for example: not eligible for auto-proxying)
20:39:54.561 [main] INFO  o.s.c.g.r.RouteDefinitionRouteLocator - [lambda$initFactories$1,88] - Loaded RoutePredicateFactory [After]
20:39:54.561 [main] INFO  o.s.c.g.r.RouteDefinitionRouteLocator - [lambda$initFactories$1,88] - Loaded RoutePredicateFactory [Before]
20:39:54.561 [main] INFO  o.s.c.g.r.RouteDefinitionRouteLocator - [lambda$initFactories$1,88] - Loaded RoutePredicateFactory [Between]
20:39:54.561 [main] INFO  o.s.c.g.r.RouteDefinitionRouteLocator - [lambda$initFactories$1,88] - Loaded RoutePredicateFactory [Cookie]
20:39:54.561 [main] INFO  o.s.c.g.r.RouteDefinitionRouteLocator - [lambda$initFactories$1,88] - Loaded RoutePredicateFactory [Header]
20:39:54.561 [main] INFO  o.s.c.g.r.RouteDefinitionRouteLocator - [lambda$initFactories$1,88] - Loaded RoutePredicateFactory [Host]
20:39:54.562 [main] INFO  o.s.c.g.r.RouteDefinitionRouteLocator - [lambda$initFactories$1,88] - Loaded RoutePredicateFactory [Method]
20:39:54.562 [main] INFO  o.s.c.g.r.RouteDefinitionRouteLocator - [lambda$initFactories$1,88] - Loaded RoutePredicateFactory [Path]
20:39:54.562 [main] INFO  o.s.c.g.r.RouteDefinitionRouteLocator - [lambda$initFactories$1,88] - Loaded RoutePredicateFactory [Query]
20:39:54.562 [main] INFO  o.s.c.g.r.RouteDefinitionRouteLocator - [lambda$initFactories$1,88] - Loaded RoutePredicateFactory [ReadBody]
20:39:54.562 [main] INFO  o.s.c.g.r.RouteDefinitionRouteLocator - [lambda$initFactories$1,88] - Loaded RoutePredicateFactory [RemoteAddr]
20:39:54.562 [main] INFO  o.s.c.g.r.RouteDefinitionRouteLocator - [lambda$initFactories$1,88] - Loaded RoutePredicateFactory [XForwardedRemoteAddr]
20:39:54.562 [main] INFO  o.s.c.g.r.RouteDefinitionRouteLocator - [lambda$initFactories$1,88] - Loaded RoutePredicateFactory [Weight]
20:39:54.562 [main] INFO  o.s.c.g.r.RouteDefinitionRouteLocator - [lambda$initFactories$1,88] - Loaded RoutePredicateFactory [CloudFoundryRouteService]
20:39:54.965 [main] INFO  o.s.b.w.e.n.NettyWebServer - [start,111] - Netty started on port 19090
20:39:55.217 [main] INFO  c.a.n.client.naming - [initNamespaceForNaming,62] - initializer namespace from ans.namespace attribute : null
20:39:55.218 [main] INFO  c.a.n.client.naming - [lambda$initNamespaceForNaming$0,66] - initializer namespace from ALIBABA_ALIWARE_NAMESPACE attribute :null
20:39:55.219 [main] INFO  c.a.n.client.naming - [lambda$initNamespaceForNaming$1,73] - initializer namespace from namespace attribute :null
20:39:55.227 [main] INFO  c.a.n.p.a.s.c.ClientAuthPluginManager - [init,56] - [ClientAuthPluginManager] Load ClientAuthService com.alibaba.nacos.client.auth.impl.NacosClientAuthServiceImpl success.
20:39:55.227 [main] INFO  c.a.n.p.a.s.c.ClientAuthPluginManager - [init,56] - [ClientAuthPluginManager] Load ClientAuthService com.alibaba.nacos.client.auth.ram.RamClientAuthServiceImpl success.
20:39:55.231 [main] INFO  c.a.n.c.r.client - [lambda$createClient$0,108] - [RpcClientFactory] create a new rpc client of 6f790b7e-a944-4636-ac65-21aa03f20f36
20:39:55.232 [main] INFO  c.a.n.c.r.client - [printIfInfoEnabled,63] - [6f790b7e-a944-4636-ac65-21aa03f20f36] RpcClient init, ServerListFactory = com.alibaba.nacos.client.naming.core.ServerListManager
20:39:55.232 [main] INFO  c.a.n.c.r.client - [printIfInfoEnabled,63] - [6f790b7e-a944-4636-ac65-21aa03f20f36] Registry connection listener to current client:com.alibaba.nacos.client.naming.remote.gprc.redo.NamingGrpcRedoService
20:39:55.232 [main] INFO  c.a.n.c.r.client - [printIfInfoEnabled,63] - [6f790b7e-a944-4636-ac65-21aa03f20f36] Register server push request handler:com.alibaba.nacos.client.naming.remote.gprc.NamingPushRequestHandler
20:39:55.232 [main] INFO  c.a.n.c.r.client - [printIfInfoEnabled,63] - [6f790b7e-a944-4636-ac65-21aa03f20f36] Try to connect to server on start up, server: {serverIp = 'localhost', server main port = 8848}
20:39:55.233 [main] INFO  c.a.n.c.r.c.g.GrpcClient - [createNewManagedChannel,182] - grpc client connection server:localhost ip,serverPort:9848,grpcTslConfig:{"sslProvider":"OPENSSL","enableTls":false,"mutualAuthEnable":false,"trustAll":false}
20:39:55.356 [main] INFO  c.a.n.c.r.client - [printIfInfoEnabled,63] - [6f790b7e-a944-4636-ac65-21aa03f20f36] Success to connect to server [localhost:8848] on start up, connectionId = 1777466395239_172.17.0.1_56780
20:39:55.357 [main] INFO  c.a.n.c.r.client - [printIfInfoEnabled,63] - [6f790b7e-a944-4636-ac65-21aa03f20f36] Register server push request handler:com.alibaba.nacos.common.remote.client.RpcClient$ConnectResetRequestHandler
20:39:55.358 [com.alibaba.nacos.client.remote.worker] INFO  c.a.n.c.r.client - [printIfInfoEnabled,63] - [6f790b7e-a944-4636-ac65-21aa03f20f36] Notify connected event to listeners.
20:39:55.358 [main] INFO  c.a.n.c.r.client - [printIfInfoEnabled,63] - [6f790b7e-a944-4636-ac65-21aa03f20f36] Register server push request handler:com.alibaba.nacos.common.remote.client.RpcClient$$Lambda$595/0x000001d8374d3780
20:39:55.359 [com.alibaba.nacos.client.remote.worker] INFO  c.a.n.client.naming - [onConnected,78] - Grpc connection connect
20:39:55.361 [main] INFO  c.a.n.client.naming - [registerService,121] - [REGISTER-SERVICE] 1b411097-df3c-4cac-a649-ba6b6b22fcd4 registering service oj-gateway with instance Instance{instanceId='null', ip='172.20.10.6', port=19090, weight=1.0, healthy=true, enabled=true, ephemeral=true, clusterName='DEFAULT', serviceName='null', metadata={IPv6=[2409:897a:3d80:97a3:543:892d:f811:3246], preserved.register.source=SPRING_CLOUD}}
20:39:55.371 [main] INFO  c.a.c.n.r.NacosServiceRegistry - [register,76] - nacos registry, DEFAULT_GROUP oj-gateway 172.20.10.6:19090 register finished
20:39:55.406 [main] INFO  c.b.g.OjGatewayApplication - [logStarted,57] - Started OjGatewayApplication in 4.116 seconds (process running for 4.587)
20:39:55.408 [main] INFO  c.a.n.c.c.i.CacheData - [<clinit>,67] - nacos.cache.data.init.snapshot = true 
20:39:55.409 [main] INFO  c.a.n.c.c.i.ClientWorker - [addCacheDataIfAbsent,380] - [fixed-1b411097-df3c-4cac-a649-ba6b6b22fcd4-localhost_8848] [subscribe] oj-gateway-local.yaml+DEFAULT_GROUP+1b411097-df3c-4cac-a649-ba6b6b22fcd4
20:39:55.413 [main] INFO  c.a.n.c.c.i.CacheData - [addListener,197] - [fixed-1b411097-df3c-4cac-a649-ba6b6b22fcd4-localhost_8848] [add-listener] ok, tenant=1b411097-df3c-4cac-a649-ba6b6b22fcd4, dataId=oj-gateway-local.yaml, group=DEFAULT_GROUP, cnt=1
20:39:55.413 [main] INFO  c.a.c.n.r.NacosContextRefresher - [registerNacosListener,129] - [Nacos Config] Listening config: dataId=oj-gateway-local.yaml, group=DEFAULT_GROUP
20:39:55.414 [main] INFO  c.a.n.c.c.i.ClientWorker - [addCacheDataIfAbsent,380] - [fixed-1b411097-df3c-4cac-a649-ba6b6b22fcd4-localhost_8848] [subscribe] oj-gateway+DEFAULT_GROUP+1b411097-df3c-4cac-a649-ba6b6b22fcd4
20:39:55.414 [main] INFO  c.a.n.c.c.i.CacheData - [addListener,197] - [fixed-1b411097-df3c-4cac-a649-ba6b6b22fcd4-localhost_8848] [add-listener] ok, tenant=1b411097-df3c-4cac-a649-ba6b6b22fcd4, dataId=oj-gateway, group=DEFAULT_GROUP, cnt=1
20:39:55.414 [main] INFO  c.a.c.n.r.NacosContextRefresher - [registerNacosListener,129] - [Nacos Config] Listening config: dataId=oj-gateway, group=DEFAULT_GROUP
20:39:55.414 [main] INFO  c.a.n.c.c.i.ClientWorker - [addCacheDataIfAbsent,380] - [fixed-1b411097-df3c-4cac-a649-ba6b6b22fcd4-localhost_8848] [subscribe] oj-gateway.yaml+DEFAULT_GROUP+1b411097-df3c-4cac-a649-ba6b6b22fcd4
20:39:55.414 [main] INFO  c.a.n.c.c.i.CacheData - [addListener,197] - [fixed-1b411097-df3c-4cac-a649-ba6b6b22fcd4-localhost_8848] [add-listener] ok, tenant=1b411097-df3c-4cac-a649-ba6b6b22fcd4, dataId=oj-gateway.yaml, group=DEFAULT_GROUP, cnt=1
20:39:55.414 [main] INFO  c.a.c.n.r.NacosContextRefresher - [registerNacosListener,129] - [Nacos Config] Listening config: dataId=oj-gateway.yaml, group=DEFAULT_GROUP
20:39:56.873 [boundedElastic-1] INFO  c.a.n.client.naming - [subscribe,167] - [SUBSCRIBE-SERVICE] service:oj-system, group:DEFAULT_GROUP, clusters: 
20:39:56.887 [boundedElastic-1] INFO  c.a.n.client.naming - [isChangedServiceInfo,184] - init new ips(1) service: DEFAULT_GROUP@@oj-system -> [{"ip":"172.20.10.6","port":9201,"weight":1.0,"healthy":true,"enabled":true,"ephemeral":true,"clusterName":"DEFAULT","serviceName":"DEFAULT_GROUP@@oj-system","metadata":{"preserved.register.source":"SPRING_CLOUD","IPv6":"[2409:897a:3d80:97a3:543:892d:f811:3246]"},"ipDeleteTimeout":30000,"instanceHeartBeatInterval":5000,"instanceHeartBeatTimeOut":15000}]
20:39:56.889 [boundedElastic-1] INFO  c.a.n.client.naming - [processServiceInfo,169] - current ips:(1) service: DEFAULT_GROUP@@oj-system -> [{"ip":"172.20.10.6","port":9201,"weight":1.0,"healthy":true,"enabled":true,"ephemeral":true,"clusterName":"DEFAULT","serviceName":"DEFAULT_GROUP@@oj-system","metadata":{"preserved.register.source":"SPRING_CLOUD","IPv6":"[2409:897a:3d80:97a3:543:892d:f811:3246]"},"ipDeleteTimeout":30000,"instanceHeartBeatInterval":5000,"instanceHeartBeatTimeOut":15000}]
20:39:57.422 [nacos-grpc-client-executor-localhost-9] INFO  c.a.n.c.r.client - [printIfInfoEnabled,63] - [6f790b7e-a944-4636-ac65-21aa03f20f36] Receive server push request, request = NotifySubscriberRequest, requestId = 5
20:39:57.422 [nacos-grpc-client-executor-localhost-9] INFO  c.a.n.c.r.client - [printIfInfoEnabled,63] - [6f790b7e-a944-4636-ac65-21aa03f20f36] Ack server push request, request = NotifySubscriberRequest, requestId = 5
20:42:23.525 [SpringApplicationShutdownHook] INFO  c.a.c.n.r.NacosServiceRegistry - [deregister,95] - De-registering from Nacos Server now...
20:42:23.526 [SpringApplicationShutdownHook] INFO  c.a.n.client.naming - [deregisterService,217] - [DEREGISTER-SERVICE] 1b411097-df3c-4cac-a649-ba6b6b22fcd4 deregistering service oj-gateway with instance: Instance{instanceId='null', ip='172.20.10.6', port=19090, weight=1.0, healthy=true, enabled=true, ephemeral=true, clusterName='DEFAULT', serviceName='null', metadata={}}
20:42:23.530 [SpringApplicationShutdownHook] INFO  c.a.c.n.r.NacosServiceRegistry - [deregister,115] - De-registration finished.
20:42:23.530 [SpringApplicationShutdownHook] INFO  c.a.n.client.naming - [shutdown,256] - com.alibaba.nacos.client.naming.cache.ServiceInfoHolder do shutdown begin
20:42:23.530 [SpringApplicationShutdownHook] INFO  c.a.n.client.naming - [shutdown,136] - com.alibaba.nacos.client.naming.backups.FailoverReactor do shutdown begin
20:42:23.530 [SpringApplicationShutdownHook] INFO  c.a.n.client.naming - [shutdown,138] - com.alibaba.nacos.client.naming.backups.FailoverReactor do shutdown stop
20:42:23.530 [SpringApplicationShutdownHook] INFO  c.a.n.client.naming - [shutdown,258] - com.alibaba.nacos.client.naming.cache.ServiceInfoHolder do shutdown stop
20:42:23.530 [SpringApplicationShutdownHook] INFO  c.a.n.client.naming - [shutdown,204] - com.alibaba.nacos.client.naming.remote.NamingClientProxyDelegate do shutdown begin
20:42:23.530 [SpringApplicationShutdownHook] INFO  c.a.n.client.naming - [shutdown,143] - com.alibaba.nacos.client.naming.core.ServiceInfoUpdateService do shutdown begin
20:42:23.531 [SpringApplicationShutdownHook] INFO  c.a.n.client.naming - [shutdown,145] - com.alibaba.nacos.client.naming.core.ServiceInfoUpdateService do shutdown stop
20:42:23.531 [SpringApplicationShutdownHook] INFO  c.a.n.client.naming - [shutdown,194] - com.alibaba.nacos.client.naming.core.ServerListManager do shutdown begin
20:42:23.531 [SpringApplicationShutdownHook] INFO  c.a.n.client.naming - [shutdown,199] - com.alibaba.nacos.client.naming.core.ServerListManager do shutdown stop
20:42:23.531 [SpringApplicationShutdownHook] INFO  c.a.n.client.naming - [shutdown,484] - com.alibaba.nacos.client.naming.remote.http.NamingHttpClientProxy do shutdown begin
20:42:23.531 [SpringApplicationShutdownHook] INFO  c.a.n.client.naming - [shutdown,486] - com.alibaba.nacos.client.naming.remote.http.NamingHttpClientProxy do shutdown stop
20:42:23.531 [SpringApplicationShutdownHook] INFO  c.a.n.c.r.client - [shutdown,429] - Shutdown rpc client, set status to shutdown
20:42:23.531 [SpringApplicationShutdownHook] INFO  c.a.n.c.r.client - [shutdown,431] - Shutdown client event executor java.util.concurrent.ScheduledThreadPoolExecutor@407bdfaf[Running, pool size = 2, active threads = 2, queued tasks = 0, completed tasks = 0]
20:42:23.531 [SpringApplicationShutdownHook] INFO  c.a.n.c.r.client - [closeConnection,584] - Close current connection 1777466395239_172.17.0.1_56780
20:42:23.532 [nacos-grpc-client-executor-localhost-44] INFO  c.a.n.c.r.c.g.GrpcClient - [printIfInfoEnabled,63] - [1777466395239_172.17.0.1_56780]Ignore complete event,isRunning:false,isAbandon=false
20:42:23.534 [SpringApplicationShutdownHook] INFO  c.a.n.c.r.c.g.GrpcClient - [shutdown,159] - Shutdown grpc executor java.util.concurrent.ThreadPoolExecutor@17106ad0[Running, pool size = 4, active threads = 0, queued tasks = 0, completed tasks = 45]
20:42:23.534 [SpringApplicationShutdownHook] INFO  c.a.n.client.naming - [shutdown,318] - Shutdown grpc redo service executor java.util.concurrent.ScheduledThreadPoolExecutor@1b0b5d1b[Running, pool size = 1, active threads = 0, queued tasks = 1, completed tasks = 49]
20:42:23.534 [SpringApplicationShutdownHook] INFO  c.a.n.c.a.r.i.CredentialWatcher - [stop,106] - [null] CredentialWatcher is stopped
20:42:23.534 [SpringApplicationShutdownHook] INFO  c.a.n.c.a.r.i.CredentialService - [free,100] - [null] CredentialService is freed
20:42:23.534 [SpringApplicationShutdownHook] INFO  c.a.n.client.naming - [shutdown,211] - com.alibaba.nacos.client.naming.remote.NamingClientProxyDelegate do shutdown stop
20:42:28.161 [background-preinit] INFO  o.h.v.i.util.Version - [<clinit>,21] - HV000001: Hibernate Validator 8.0.0.Final
20:42:28.373 [main] INFO  c.a.n.c.u.ParamUtil - [<clinit>,87] - [settings] [req-serv] nacos-server port:8848
20:42:28.374 [main] INFO  c.a.n.c.u.ParamUtil - [<clinit>,98] - [settings] [http-client] connect timeout:1000
20:42:28.375 [main] INFO  c.a.n.c.u.ParamUtil - [<clinit>,105] - PER_TASK_CONFIG_SIZE: 3000.0
20:42:28.392 [main] INFO  c.a.n.p.a.s.c.ClientAuthPluginManager - [init,56] - [ClientAuthPluginManager] Load ClientAuthService com.alibaba.nacos.client.auth.impl.NacosClientAuthServiceImpl success.
20:42:28.392 [main] INFO  c.a.n.p.a.s.c.ClientAuthPluginManager - [init,56] - [ClientAuthPluginManager] Load ClientAuthService com.alibaba.nacos.client.auth.ram.RamClientAuthServiceImpl success.
20:42:28.394 [main] INFO  c.a.n.c.a.r.i.CredentialWatcher - [loadCredential,165] - null No credential found
20:42:28.606 [main] INFO  c.a.n.c.c.i.LocalConfigInfoProcessor - [<clinit>,63] - LOCAL_SNAPSHOT_PATH:C:\Users\45\nacos\config
20:42:28.609 [main] INFO  c.a.n.c.r.client - [lambda$createClient$0,108] - [RpcClientFactory] create a new rpc client of ffd3ec9f-bc13-4b83-84d4-435e48dcf507_config-0
20:42:28.619 [main] INFO  c.a.n.c.r.client - [printIfInfoEnabled,63] - [ffd3ec9f-bc13-4b83-84d4-435e48dcf507_config-0] Register server push request handler:com.alibaba.nacos.client.config.impl.ClientWorker$ConfigRpcTransportClient$$Lambda$574/0x000002985136be10
20:42:28.619 [main] INFO  c.a.n.c.r.client - [printIfInfoEnabled,63] - [ffd3ec9f-bc13-4b83-84d4-435e48dcf507_config-0] Register server push request handler:com.alibaba.nacos.client.config.impl.ClientWorker$ConfigRpcTransportClient$$Lambda$575/0x000002985136c230
20:42:28.620 [main] INFO  c.a.n.c.r.client - [printIfInfoEnabled,63] - [ffd3ec9f-bc13-4b83-84d4-435e48dcf507_config-0] Registry connection listener to current client:com.alibaba.nacos.client.config.impl.ClientWorker$ConfigRpcTransportClient$1
20:42:28.620 [main] INFO  c.a.n.c.r.client - [printIfInfoEnabled,63] - [ffd3ec9f-bc13-4b83-84d4-435e48dcf507_config-0] RpcClient init, ServerListFactory = com.alibaba.nacos.client.config.impl.ClientWorker$ConfigRpcTransportClient$2
20:42:28.626 [main] INFO  c.a.n.c.r.client - [printIfInfoEnabled,63] - [ffd3ec9f-bc13-4b83-84d4-435e48dcf507_config-0] Try to connect to server on start up, server: {serverIp = 'localhost', server main port = 8848}
20:42:28.655 [main] INFO  c.a.n.c.r.c.g.GrpcClient - [createNewManagedChannel,182] - grpc client connection server:localhost ip,serverPort:9848,grpcTslConfig:{"sslProvider":"OPENSSL","enableTls":false,"mutualAuthEnable":false,"trustAll":false}
20:42:29.336 [main] INFO  c.a.n.c.r.client - [printIfInfoEnabled,63] - [ffd3ec9f-bc13-4b83-84d4-435e48dcf507_config-0] Success to connect to server [localhost:8848] on start up, connectionId = 1777466549170_172.17.0.1_45320
20:42:29.337 [com.alibaba.nacos.client.remote.worker] INFO  c.a.n.c.r.client - [printIfInfoEnabled,63] - [ffd3ec9f-bc13-4b83-84d4-435e48dcf507_config-0] Notify connected event to listeners.
20:42:29.338 [com.alibaba.nacos.client.remote.worker] INFO  c.a.n.c.c.i.ClientWorker - [onConnected,639] - [ffd3ec9f-bc13-4b83-84d4-435e48dcf507_config-0] Connected,notify listen context...
20:42:29.338 [main] INFO  c.a.n.c.r.client - [printIfInfoEnabled,63] - [ffd3ec9f-bc13-4b83-84d4-435e48dcf507_config-0] Register server push request handler:com.alibaba.nacos.common.remote.client.RpcClient$ConnectResetRequestHandler
20:42:29.340 [main] INFO  c.a.n.c.r.client - [printIfInfoEnabled,63] - [ffd3ec9f-bc13-4b83-84d4-435e48dcf507_config-0] Register server push request handler:com.alibaba.nacos.common.remote.client.RpcClient$$Lambda$595/0x00000298514f30c8
20:42:29.362 [main] INFO  c.a.n.c.c.i.Limiter - [<clinit>,62] - limitTime:5.0
20:42:29.383 [main] INFO  c.a.n.c.c.u.JvmUtil - [<clinit>,54] - isMultiInstance:false
20:42:29.388 [main] INFO  o.s.c.b.c.PropertySourceBootstrapConfiguration - [initialize,108] - Located property source: [BootstrapPropertySource {name='bootstrapProperties-oj-gateway-local.yaml,DEFAULT_GROUP'}, BootstrapPropertySource {name='bootstrapProperties-oj-gateway.yaml,DEFAULT_GROUP'}, BootstrapPropertySource {name='bootstrapProperties-oj-gateway,DEFAULT_GROUP'}]
20:42:29.392 [main] INFO  c.b.g.OjGatewayApplication - [logStartupProfileInfo,636] - The following 1 profile is active: "local"
20:42:29.711 [main] INFO  o.s.d.r.c.RepositoryConfigurationDelegate - [multipleStoresDetected,294] - Multiple Spring Data modules found, entering strict repository configuration mode
20:42:29.714 [main] INFO  o.s.d.r.c.RepositoryConfigurationDelegate - [registerRepositoriesIn,138] - Bootstrapping Spring Data Redis repositories in DEFAULT mode.
20:42:29.728 [main] INFO  o.s.d.r.c.RepositoryConfigurationDelegate - [registerRepositoriesIn,208] - Finished Spring Data repository scanning in 5 ms. Found 0 Redis repository interfaces.
20:42:29.835 [main] INFO  o.s.c.c.s.GenericScope - [setSerializationId,282] - BeanFactory id=a2242d8d-f5fd-3a65-be67-7fd022a476aa
20:42:29.859 [main] INFO  o.s.c.s.PostProcessorRegistrationDelegate$BeanPostProcessorChecker - [postProcessAfterInitialization,409] - Bean 'org.springframework.cloud.client.loadbalancer.reactive.LoadBalancerBeanPostProcessorAutoConfiguration' of type [org.springframework.cloud.client.loadbalancer.reactive.LoadBalancerBeanPostProcessorAutoConfiguration] is not eligible for getting processed by all BeanPostProcessors (for example: not eligible for auto-proxying)
20:42:29.860 [main] INFO  o.s.c.s.PostProcessorRegistrationDelegate$BeanPostProcessorChecker - [postProcessAfterInitialization,409] - Bean 'org.springframework.cloud.client.loadbalancer.reactive.LoadBalancerBeanPostProcessorAutoConfiguration$ReactorDeferringLoadBalancerFilterConfig' of type [org.springframework.cloud.client.loadbalancer.reactive.LoadBalancerBeanPostProcessorAutoConfiguration$ReactorDeferringLoadBalancerFilterConfig] is not eligible for getting processed by all BeanPostProcessors (for example: not eligible for auto-proxying)
20:42:29.861 [main] INFO  o.s.c.s.PostProcessorRegistrationDelegate$BeanPostProcessorChecker - [postProcessAfterInitialization,409] - Bean 'reactorDeferringLoadBalancerExchangeFilterFunction' of type [org.springframework.cloud.client.loadbalancer.reactive.DeferringLoadBalancerExchangeFilterFunction] is not eligible for getting processed by all BeanPostProcessors (for example: not eligible for auto-proxying)
20:42:31.001 [main] INFO  o.s.c.g.r.RouteDefinitionRouteLocator - [lambda$initFactories$1,88] - Loaded RoutePredicateFactory [After]
20:42:31.001 [main] INFO  o.s.c.g.r.RouteDefinitionRouteLocator - [lambda$initFactories$1,88] - Loaded RoutePredicateFactory [Before]
20:42:31.002 [main] INFO  o.s.c.g.r.RouteDefinitionRouteLocator - [lambda$initFactories$1,88] - Loaded RoutePredicateFactory [Between]
20:42:31.002 [main] INFO  o.s.c.g.r.RouteDefinitionRouteLocator - [lambda$initFactories$1,88] - Loaded RoutePredicateFactory [Cookie]
20:42:31.002 [main] INFO  o.s.c.g.r.RouteDefinitionRouteLocator - [lambda$initFactories$1,88] - Loaded RoutePredicateFactory [Header]
20:42:31.002 [main] INFO  o.s.c.g.r.RouteDefinitionRouteLocator - [lambda$initFactories$1,88] - Loaded RoutePredicateFactory [Host]
20:42:31.002 [main] INFO  o.s.c.g.r.RouteDefinitionRouteLocator - [lambda$initFactories$1,88] - Loaded RoutePredicateFactory [Method]
20:42:31.002 [main] INFO  o.s.c.g.r.RouteDefinitionRouteLocator - [lambda$initFactories$1,88] - Loaded RoutePredicateFactory [Path]
20:42:31.002 [main] INFO  o.s.c.g.r.RouteDefinitionRouteLocator - [lambda$initFactories$1,88] - Loaded RoutePredicateFactory [Query]
20:42:31.002 [main] INFO  o.s.c.g.r.RouteDefinitionRouteLocator - [lambda$initFactories$1,88] - Loaded RoutePredicateFactory [ReadBody]
20:42:31.002 [main] INFO  o.s.c.g.r.RouteDefinitionRouteLocator - [lambda$initFactories$1,88] - Loaded RoutePredicateFactory [RemoteAddr]
20:42:31.002 [main] INFO  o.s.c.g.r.RouteDefinitionRouteLocator - [lambda$initFactories$1,88] - Loaded RoutePredicateFactory [XForwardedRemoteAddr]
20:42:31.002 [main] INFO  o.s.c.g.r.RouteDefinitionRouteLocator - [lambda$initFactories$1,88] - Loaded RoutePredicateFactory [Weight]
20:42:31.002 [main] INFO  o.s.c.g.r.RouteDefinitionRouteLocator - [lambda$initFactories$1,88] - Loaded RoutePredicateFactory [CloudFoundryRouteService]
20:42:31.437 [main] INFO  o.s.b.w.e.n.NettyWebServer - [start,111] - Netty started on port 19090
20:42:31.707 [main] INFO  c.a.n.client.naming - [initNamespaceForNaming,62] - initializer namespace from ans.namespace attribute : null
20:42:31.707 [main] INFO  c.a.n.client.naming - [lambda$initNamespaceForNaming$0,66] - initializer namespace from ALIBABA_ALIWARE_NAMESPACE attribute :null
20:42:31.708 [main] INFO  c.a.n.client.naming - [lambda$initNamespaceForNaming$1,73] - initializer namespace from namespace attribute :null
20:42:31.714 [main] INFO  c.a.n.p.a.s.c.ClientAuthPluginManager - [init,56] - [ClientAuthPluginManager] Load ClientAuthService com.alibaba.nacos.client.auth.impl.NacosClientAuthServiceImpl success.
20:42:31.714 [main] INFO  c.a.n.p.a.s.c.ClientAuthPluginManager - [init,56] - [ClientAuthPluginManager] Load ClientAuthService com.alibaba.nacos.client.auth.ram.RamClientAuthServiceImpl success.
20:42:31.718 [main] INFO  c.a.n.c.r.client - [lambda$createClient$0,108] - [RpcClientFactory] create a new rpc client of e1b28acd-30b1-44db-8f62-bee36c2ca512
20:42:31.719 [main] INFO  c.a.n.c.r.client - [printIfInfoEnabled,63] - [e1b28acd-30b1-44db-8f62-bee36c2ca512] RpcClient init, ServerListFactory = com.alibaba.nacos.client.naming.core.ServerListManager
20:42:31.719 [main] INFO  c.a.n.c.r.client - [printIfInfoEnabled,63] - [e1b28acd-30b1-44db-8f62-bee36c2ca512] Registry connection listener to current client:com.alibaba.nacos.client.naming.remote.gprc.redo.NamingGrpcRedoService
20:42:31.719 [main] INFO  c.a.n.c.r.client - [printIfInfoEnabled,63] - [e1b28acd-30b1-44db-8f62-bee36c2ca512] Register server push request handler:com.alibaba.nacos.client.naming.remote.gprc.NamingPushRequestHandler
20:42:31.720 [main] INFO  c.a.n.c.r.client - [printIfInfoEnabled,63] - [e1b28acd-30b1-44db-8f62-bee36c2ca512] Try to connect to server on start up, server: {serverIp = 'localhost', server main port = 8848}
20:42:31.720 [main] INFO  c.a.n.c.r.c.g.GrpcClient - [createNewManagedChannel,182] - grpc client connection server:localhost ip,serverPort:9848,grpcTslConfig:{"sslProvider":"OPENSSL","enableTls":false,"mutualAuthEnable":false,"trustAll":false}
20:42:31.844 [main] INFO  c.a.n.c.r.client - [printIfInfoEnabled,63] - [e1b28acd-30b1-44db-8f62-bee36c2ca512] Success to connect to server [localhost:8848] on start up, connectionId = 1777466551726_172.17.0.1_34778
20:42:31.845 [main] INFO  c.a.n.c.r.client - [printIfInfoEnabled,63] - [e1b28acd-30b1-44db-8f62-bee36c2ca512] Register server push request handler:com.alibaba.nacos.common.remote.client.RpcClient$ConnectResetRequestHandler
20:42:31.845 [com.alibaba.nacos.client.remote.worker] INFO  c.a.n.c.r.client - [printIfInfoEnabled,63] - [e1b28acd-30b1-44db-8f62-bee36c2ca512] Notify connected event to listeners.
20:42:31.845 [main] INFO  c.a.n.c.r.client - [printIfInfoEnabled,63] - [e1b28acd-30b1-44db-8f62-bee36c2ca512] Register server push request handler:com.alibaba.nacos.common.remote.client.RpcClient$$Lambda$595/0x00000298514f30c8
20:42:31.846 [com.alibaba.nacos.client.remote.worker] INFO  c.a.n.client.naming - [onConnected,78] - Grpc connection connect
20:42:31.852 [main] INFO  c.a.n.client.naming - [registerService,121] - [REGISTER-SERVICE] 1b411097-df3c-4cac-a649-ba6b6b22fcd4 registering service oj-gateway with instance Instance{instanceId='null', ip='172.20.10.6', port=19090, weight=1.0, healthy=true, enabled=true, ephemeral=true, clusterName='DEFAULT', serviceName='null', metadata={IPv6=[2409:897a:3d80:97a3:543:892d:f811:3246], preserved.register.source=SPRING_CLOUD}}
20:42:31.861 [main] INFO  c.a.c.n.r.NacosServiceRegistry - [register,76] - nacos registry, DEFAULT_GROUP oj-gateway 172.20.10.6:19090 register finished
20:42:31.897 [main] INFO  c.b.g.OjGatewayApplication - [logStarted,57] - Started OjGatewayApplication in 4.155 seconds (process running for 4.793)
20:42:31.900 [main] INFO  c.a.n.c.c.i.CacheData - [<clinit>,67] - nacos.cache.data.init.snapshot = true 
20:42:31.901 [main] INFO  c.a.n.c.c.i.ClientWorker - [addCacheDataIfAbsent,380] - [fixed-1b411097-df3c-4cac-a649-ba6b6b22fcd4-localhost_8848] [subscribe] oj-gateway-local.yaml+DEFAULT_GROUP+1b411097-df3c-4cac-a649-ba6b6b22fcd4
20:42:31.905 [main] INFO  c.a.n.c.c.i.CacheData - [addListener,197] - [fixed-1b411097-df3c-4cac-a649-ba6b6b22fcd4-localhost_8848] [add-listener] ok, tenant=1b411097-df3c-4cac-a649-ba6b6b22fcd4, dataId=oj-gateway-local.yaml, group=DEFAULT_GROUP, cnt=1
20:42:31.905 [main] INFO  c.a.c.n.r.NacosContextRefresher - [registerNacosListener,129] - [Nacos Config] Listening config: dataId=oj-gateway-local.yaml, group=DEFAULT_GROUP
20:42:31.906 [main] INFO  c.a.n.c.c.i.ClientWorker - [addCacheDataIfAbsent,380] - [fixed-1b411097-df3c-4cac-a649-ba6b6b22fcd4-localhost_8848] [subscribe] oj-gateway+DEFAULT_GROUP+1b411097-df3c-4cac-a649-ba6b6b22fcd4
20:42:31.906 [main] INFO  c.a.n.c.c.i.CacheData - [addListener,197] - [fixed-1b411097-df3c-4cac-a649-ba6b6b22fcd4-localhost_8848] [add-listener] ok, tenant=1b411097-df3c-4cac-a649-ba6b6b22fcd4, dataId=oj-gateway, group=DEFAULT_GROUP, cnt=1
20:42:31.906 [main] INFO  c.a.c.n.r.NacosContextRefresher - [registerNacosListener,129] - [Nacos Config] Listening config: dataId=oj-gateway, group=DEFAULT_GROUP
20:42:31.906 [main] INFO  c.a.n.c.c.i.ClientWorker - [addCacheDataIfAbsent,380] - [fixed-1b411097-df3c-4cac-a649-ba6b6b22fcd4-localhost_8848] [subscribe] oj-gateway.yaml+DEFAULT_GROUP+1b411097-df3c-4cac-a649-ba6b6b22fcd4
20:42:31.906 [main] INFO  c.a.n.c.c.i.CacheData - [addListener,197] - [fixed-1b411097-df3c-4cac-a649-ba6b6b22fcd4-localhost_8848] [add-listener] ok, tenant=1b411097-df3c-4cac-a649-ba6b6b22fcd4, dataId=oj-gateway.yaml, group=DEFAULT_GROUP, cnt=1
20:42:31.906 [main] INFO  c.a.c.n.r.NacosContextRefresher - [registerNacosListener,129] - [Nacos Config] Listening config: dataId=oj-gateway.yaml, group=DEFAULT_GROUP
20:43:58.123 [SpringApplicationShutdownHook] INFO  c.a.c.n.r.NacosServiceRegistry - [deregister,95] - De-registering from Nacos Server now...
20:43:58.123 [SpringApplicationShutdownHook] INFO  c.a.n.client.naming - [deregisterService,217] - [DEREGISTER-SERVICE] 1b411097-df3c-4cac-a649-ba6b6b22fcd4 deregistering service oj-gateway with instance: Instance{instanceId='null', ip='172.20.10.6', port=19090, weight=1.0, healthy=true, enabled=true, ephemeral=true, clusterName='DEFAULT', serviceName='null', metadata={}}
20:43:58.127 [SpringApplicationShutdownHook] INFO  c.a.c.n.r.NacosServiceRegistry - [deregister,115] - De-registration finished.
20:43:58.127 [SpringApplicationShutdownHook] INFO  c.a.n.client.naming - [shutdown,256] - com.alibaba.nacos.client.naming.cache.ServiceInfoHolder do shutdown begin
20:43:58.127 [SpringApplicationShutdownHook] INFO  c.a.n.client.naming - [shutdown,136] - com.alibaba.nacos.client.naming.backups.FailoverReactor do shutdown begin
20:43:58.128 [SpringApplicationShutdownHook] INFO  c.a.n.client.naming - [shutdown,138] - com.alibaba.nacos.client.naming.backups.FailoverReactor do shutdown stop
20:43:58.128 [SpringApplicationShutdownHook] INFO  c.a.n.client.naming - [shutdown,258] - com.alibaba.nacos.client.naming.cache.ServiceInfoHolder do shutdown stop
20:43:58.128 [SpringApplicationShutdownHook] INFO  c.a.n.client.naming - [shutdown,204] - com.alibaba.nacos.client.naming.remote.NamingClientProxyDelegate do shutdown begin
20:43:58.128 [SpringApplicationShutdownHook] INFO  c.a.n.client.naming - [shutdown,143] - com.alibaba.nacos.client.naming.core.ServiceInfoUpdateService do shutdown begin
20:43:58.128 [SpringApplicationShutdownHook] INFO  c.a.n.client.naming - [shutdown,145] - com.alibaba.nacos.client.naming.core.ServiceInfoUpdateService do shutdown stop
20:43:58.128 [SpringApplicationShutdownHook] INFO  c.a.n.client.naming - [shutdown,194] - com.alibaba.nacos.client.naming.core.ServerListManager do shutdown begin
20:43:58.128 [SpringApplicationShutdownHook] INFO  c.a.n.client.naming - [shutdown,199] - com.alibaba.nacos.client.naming.core.ServerListManager do shutdown stop
20:43:58.128 [SpringApplicationShutdownHook] INFO  c.a.n.client.naming - [shutdown,484] - com.alibaba.nacos.client.naming.remote.http.NamingHttpClientProxy do shutdown begin
20:43:58.128 [SpringApplicationShutdownHook] INFO  c.a.n.client.naming - [shutdown,486] - com.alibaba.nacos.client.naming.remote.http.NamingHttpClientProxy do shutdown stop
20:43:58.128 [SpringApplicationShutdownHook] INFO  c.a.n.c.r.client - [shutdown,429] - Shutdown rpc client, set status to shutdown
20:43:58.129 [SpringApplicationShutdownHook] INFO  c.a.n.c.r.client - [shutdown,431] - Shutdown client event executor java.util.concurrent.ScheduledThreadPoolExecutor@13f12f73[Running, pool size = 2, active threads = 2, queued tasks = 0, completed tasks = 0]
20:43:58.129 [SpringApplicationShutdownHook] INFO  c.a.n.c.r.client - [closeConnection,584] - Close current connection 1777466551726_172.17.0.1_34778
20:43:58.131 [nacos-grpc-client-executor-localhost-14] INFO  c.a.n.c.r.c.g.GrpcClient - [printIfInfoEnabled,63] - [1777466551726_172.17.0.1_34778]Ignore complete event,isRunning:false,isAbandon=false
20:43:58.132 [SpringApplicationShutdownHook] INFO  c.a.n.c.r.c.g.GrpcClient - [shutdown,159] - Shutdown grpc executor java.util.concurrent.ThreadPoolExecutor@463eff64[Running, pool size = 4, active threads = 0, queued tasks = 0, completed tasks = 15]
20:43:58.132 [SpringApplicationShutdownHook] INFO  c.a.n.client.naming - [shutdown,318] - Shutdown grpc redo service executor java.util.concurrent.ScheduledThreadPoolExecutor@3daed42b[Running, pool size = 1, active threads = 0, queued tasks = 1, completed tasks = 6]
20:43:58.132 [SpringApplicationShutdownHook] INFO  c.a.n.c.a.r.i.CredentialWatcher - [stop,106] - [null] CredentialWatcher is stopped
20:43:58.133 [SpringApplicationShutdownHook] INFO  c.a.n.c.a.r.i.CredentialService - [free,100] - [null] CredentialService is freed
20:43:58.133 [SpringApplicationShutdownHook] INFO  c.a.n.client.naming - [shutdown,211] - com.alibaba.nacos.client.naming.remote.NamingClientProxyDelegate do shutdown stop
20:44:03.983 [background-preinit] INFO  o.h.v.i.util.Version - [<clinit>,21] - HV000001: Hibernate Validator 8.0.0.Final
20:44:04.186 [main] INFO  c.a.n.c.u.ParamUtil - [<clinit>,87] - [settings] [req-serv] nacos-server port:8848
20:44:04.187 [main] INFO  c.a.n.c.u.ParamUtil - [<clinit>,98] - [settings] [http-client] connect timeout:1000
20:44:04.188 [main] INFO  c.a.n.c.u.ParamUtil - [<clinit>,105] - PER_TASK_CONFIG_SIZE: 3000.0
20:44:04.209 [main] INFO  c.a.n.p.a.s.c.ClientAuthPluginManager - [init,56] - [ClientAuthPluginManager] Load ClientAuthService com.alibaba.nacos.client.auth.impl.NacosClientAuthServiceImpl success.
20:44:04.209 [main] INFO  c.a.n.p.a.s.c.ClientAuthPluginManager - [init,56] - [ClientAuthPluginManager] Load ClientAuthService com.alibaba.nacos.client.auth.ram.RamClientAuthServiceImpl success.
20:44:04.211 [main] INFO  c.a.n.c.a.r.i.CredentialWatcher - [loadCredential,165] - null No credential found
20:44:04.431 [main] INFO  c.a.n.c.c.i.LocalConfigInfoProcessor - [<clinit>,63] - LOCAL_SNAPSHOT_PATH:C:\Users\45\nacos\config
20:44:04.433 [main] INFO  c.a.n.c.r.client - [lambda$createClient$0,108] - [RpcClientFactory] create a new rpc client of da9ff80a-388e-40d3-8c87-af4b01d7250b_config-0
20:44:04.444 [main] INFO  c.a.n.c.r.client - [printIfInfoEnabled,63] - [da9ff80a-388e-40d3-8c87-af4b01d7250b_config-0] Register server push request handler:com.alibaba.nacos.client.config.impl.ClientWorker$ConfigRpcTransportClient$$Lambda$574/0x0000020f0136c608
20:44:04.444 [main] INFO  c.a.n.c.r.client - [printIfInfoEnabled,63] - [da9ff80a-388e-40d3-8c87-af4b01d7250b_config-0] Register server push request handler:com.alibaba.nacos.client.config.impl.ClientWorker$ConfigRpcTransportClient$$Lambda$575/0x0000020f0136ca28
20:44:04.445 [main] INFO  c.a.n.c.r.client - [printIfInfoEnabled,63] - [da9ff80a-388e-40d3-8c87-af4b01d7250b_config-0] Registry connection listener to current client:com.alibaba.nacos.client.config.impl.ClientWorker$ConfigRpcTransportClient$1
20:44:04.445 [main] INFO  c.a.n.c.r.client - [printIfInfoEnabled,63] - [da9ff80a-388e-40d3-8c87-af4b01d7250b_config-0] RpcClient init, ServerListFactory = com.alibaba.nacos.client.config.impl.ClientWorker$ConfigRpcTransportClient$2
20:44:04.455 [main] INFO  c.a.n.c.r.client - [printIfInfoEnabled,63] - [da9ff80a-388e-40d3-8c87-af4b01d7250b_config-0] Try to connect to server on start up, server: {serverIp = 'localhost', server main port = 8848}
20:44:04.480 [main] INFO  c.a.n.c.r.c.g.GrpcClient - [createNewManagedChannel,182] - grpc client connection server:localhost ip,serverPort:9848,grpcTslConfig:{"sslProvider":"OPENSSL","enableTls":false,"mutualAuthEnable":false,"trustAll":false}
20:44:05.148 [main] INFO  c.a.n.c.r.client - [printIfInfoEnabled,63] - [da9ff80a-388e-40d3-8c87-af4b01d7250b_config-0] Success to connect to server [localhost:8848] on start up, connectionId = 1777466644983_172.17.0.1_46210
20:44:05.148 [com.alibaba.nacos.client.remote.worker] INFO  c.a.n.c.r.client - [printIfInfoEnabled,63] - [da9ff80a-388e-40d3-8c87-af4b01d7250b_config-0] Notify connected event to listeners.
20:44:05.149 [main] INFO  c.a.n.c.r.client - [printIfInfoEnabled,63] - [da9ff80a-388e-40d3-8c87-af4b01d7250b_config-0] Register server push request handler:com.alibaba.nacos.common.remote.client.RpcClient$ConnectResetRequestHandler
20:44:05.149 [com.alibaba.nacos.client.remote.worker] INFO  c.a.n.c.c.i.ClientWorker - [onConnected,639] - [da9ff80a-388e-40d3-8c87-af4b01d7250b_config-0] Connected,notify listen context...
20:44:05.149 [main] INFO  c.a.n.c.r.client - [printIfInfoEnabled,63] - [da9ff80a-388e-40d3-8c87-af4b01d7250b_config-0] Register server push request handler:com.alibaba.nacos.common.remote.client.RpcClient$$Lambda$595/0x0000020f014f3c38
20:44:05.179 [main] INFO  c.a.n.c.c.i.Limiter - [<clinit>,62] - limitTime:5.0
20:44:05.201 [main] INFO  c.a.n.c.c.u.JvmUtil - [<clinit>,54] - isMultiInstance:false
20:44:05.207 [main] INFO  o.s.c.b.c.PropertySourceBootstrapConfiguration - [initialize,108] - Located property source: [BootstrapPropertySource {name='bootstrapProperties-oj-gateway-local.yaml,DEFAULT_GROUP'}, BootstrapPropertySource {name='bootstrapProperties-oj-gateway.yaml,DEFAULT_GROUP'}, BootstrapPropertySource {name='bootstrapProperties-oj-gateway,DEFAULT_GROUP'}]
20:44:05.211 [main] INFO  c.b.g.OjGatewayApplication - [logStartupProfileInfo,636] - The following 1 profile is active: "local"
20:44:05.527 [main] INFO  o.s.d.r.c.RepositoryConfigurationDelegate - [multipleStoresDetected,294] - Multiple Spring Data modules found, entering strict repository configuration mode
20:44:05.529 [main] INFO  o.s.d.r.c.RepositoryConfigurationDelegate - [registerRepositoriesIn,138] - Bootstrapping Spring Data Redis repositories in DEFAULT mode.
20:44:05.544 [main] INFO  o.s.d.r.c.RepositoryConfigurationDelegate - [registerRepositoriesIn,208] - Finished Spring Data repository scanning in 5 ms. Found 0 Redis repository interfaces.
20:44:05.653 [main] INFO  o.s.c.c.s.GenericScope - [setSerializationId,282] - BeanFactory id=a2242d8d-f5fd-3a65-be67-7fd022a476aa
20:44:05.680 [main] INFO  o.s.c.s.PostProcessorRegistrationDelegate$BeanPostProcessorChecker - [postProcessAfterInitialization,409] - Bean 'org.springframework.cloud.client.loadbalancer.reactive.LoadBalancerBeanPostProcessorAutoConfiguration' of type [org.springframework.cloud.client.loadbalancer.reactive.LoadBalancerBeanPostProcessorAutoConfiguration] is not eligible for getting processed by all BeanPostProcessors (for example: not eligible for auto-proxying)
20:44:05.681 [main] INFO  o.s.c.s.PostProcessorRegistrationDelegate$BeanPostProcessorChecker - [postProcessAfterInitialization,409] - Bean 'org.springframework.cloud.client.loadbalancer.reactive.LoadBalancerBeanPostProcessorAutoConfiguration$ReactorDeferringLoadBalancerFilterConfig' of type [org.springframework.cloud.client.loadbalancer.reactive.LoadBalancerBeanPostProcessorAutoConfiguration$ReactorDeferringLoadBalancerFilterConfig] is not eligible for getting processed by all BeanPostProcessors (for example: not eligible for auto-proxying)
20:44:05.681 [main] INFO  o.s.c.s.PostProcessorRegistrationDelegate$BeanPostProcessorChecker - [postProcessAfterInitialization,409] - Bean 'reactorDeferringLoadBalancerExchangeFilterFunction' of type [org.springframework.cloud.client.loadbalancer.reactive.DeferringLoadBalancerExchangeFilterFunction] is not eligible for getting processed by all BeanPostProcessors (for example: not eligible for auto-proxying)
20:44:06.640 [main] INFO  o.s.c.g.r.RouteDefinitionRouteLocator - [lambda$initFactories$1,88] - Loaded RoutePredicateFactory [After]
20:44:06.640 [main] INFO  o.s.c.g.r.RouteDefinitionRouteLocator - [lambda$initFactories$1,88] - Loaded RoutePredicateFactory [Before]
20:44:06.640 [main] INFO  o.s.c.g.r.RouteDefinitionRouteLocator - [lambda$initFactories$1,88] - Loaded RoutePredicateFactory [Between]
20:44:06.640 [main] INFO  o.s.c.g.r.RouteDefinitionRouteLocator - [lambda$initFactories$1,88] - Loaded RoutePredicateFactory [Cookie]
20:44:06.640 [main] INFO  o.s.c.g.r.RouteDefinitionRouteLocator - [lambda$initFactories$1,88] - Loaded RoutePredicateFactory [Header]
20:44:06.641 [main] INFO  o.s.c.g.r.RouteDefinitionRouteLocator - [lambda$initFactories$1,88] - Loaded RoutePredicateFactory [Host]
20:44:06.641 [main] INFO  o.s.c.g.r.RouteDefinitionRouteLocator - [lambda$initFactories$1,88] - Loaded RoutePredicateFactory [Method]
20:44:06.641 [main] INFO  o.s.c.g.r.RouteDefinitionRouteLocator - [lambda$initFactories$1,88] - Loaded RoutePredicateFactory [Path]
20:44:06.641 [main] INFO  o.s.c.g.r.RouteDefinitionRouteLocator - [lambda$initFactories$1,88] - Loaded RoutePredicateFactory [Query]
20:44:06.641 [main] INFO  o.s.c.g.r.RouteDefinitionRouteLocator - [lambda$initFactories$1,88] - Loaded RoutePredicateFactory [ReadBody]
20:44:06.641 [main] INFO  o.s.c.g.r.RouteDefinitionRouteLocator - [lambda$initFactories$1,88] - Loaded RoutePredicateFactory [RemoteAddr]
20:44:06.641 [main] INFO  o.s.c.g.r.RouteDefinitionRouteLocator - [lambda$initFactories$1,88] - Loaded RoutePredicateFactory [XForwardedRemoteAddr]
20:44:06.641 [main] INFO  o.s.c.g.r.RouteDefinitionRouteLocator - [lambda$initFactories$1,88] - Loaded RoutePredicateFactory [Weight]
20:44:06.641 [main] INFO  o.s.c.g.r.RouteDefinitionRouteLocator - [lambda$initFactories$1,88] - Loaded RoutePredicateFactory [CloudFoundryRouteService]
20:44:07.071 [main] INFO  o.s.b.w.e.n.NettyWebServer - [start,111] - Netty started on port 19090
20:44:07.330 [main] INFO  c.a.n.client.naming - [initNamespaceForNaming,62] - initializer namespace from ans.namespace attribute : null
20:44:07.331 [main] INFO  c.a.n.client.naming - [lambda$initNamespaceForNaming$0,66] - initializer namespace from ALIBABA_ALIWARE_NAMESPACE attribute :null
20:44:07.332 [main] INFO  c.a.n.client.naming - [lambda$initNamespaceForNaming$1,73] - initializer namespace from namespace attribute :null
20:44:07.338 [main] INFO  c.a.n.p.a.s.c.ClientAuthPluginManager - [init,56] - [ClientAuthPluginManager] Load ClientAuthService com.alibaba.nacos.client.auth.impl.NacosClientAuthServiceImpl success.
20:44:07.338 [main] INFO  c.a.n.p.a.s.c.ClientAuthPluginManager - [init,56] - [ClientAuthPluginManager] Load ClientAuthService com.alibaba.nacos.client.auth.ram.RamClientAuthServiceImpl success.
20:44:07.341 [main] INFO  c.a.n.c.r.client - [lambda$createClient$0,108] - [RpcClientFactory] create a new rpc client of 21782e46-d0a7-4884-93d7-84123b347892
20:44:07.342 [main] INFO  c.a.n.c.r.client - [printIfInfoEnabled,63] - [21782e46-d0a7-4884-93d7-84123b347892] RpcClient init, ServerListFactory = com.alibaba.nacos.client.naming.core.ServerListManager
20:44:07.342 [main] INFO  c.a.n.c.r.client - [printIfInfoEnabled,63] - [21782e46-d0a7-4884-93d7-84123b347892] Registry connection listener to current client:com.alibaba.nacos.client.naming.remote.gprc.redo.NamingGrpcRedoService
20:44:07.342 [main] INFO  c.a.n.c.r.client - [printIfInfoEnabled,63] - [21782e46-d0a7-4884-93d7-84123b347892] Register server push request handler:com.alibaba.nacos.client.naming.remote.gprc.NamingPushRequestHandler
20:44:07.343 [main] INFO  c.a.n.c.r.client - [printIfInfoEnabled,63] - [21782e46-d0a7-4884-93d7-84123b347892] Try to connect to server on start up, server: {serverIp = 'localhost', server main port = 8848}
20:44:07.343 [main] INFO  c.a.n.c.r.c.g.GrpcClient - [createNewManagedChannel,182] - grpc client connection server:localhost ip,serverPort:9848,grpcTslConfig:{"sslProvider":"OPENSSL","enableTls":false,"mutualAuthEnable":false,"trustAll":false}
20:44:07.458 [main] INFO  c.a.n.c.r.client - [printIfInfoEnabled,63] - [21782e46-d0a7-4884-93d7-84123b347892] Success to connect to server [localhost:8848] on start up, connectionId = 1777466647349_172.17.0.1_46224
20:44:07.458 [main] INFO  c.a.n.c.r.client - [printIfInfoEnabled,63] - [21782e46-d0a7-4884-93d7-84123b347892] Register server push request handler:com.alibaba.nacos.common.remote.client.RpcClient$ConnectResetRequestHandler
20:44:07.458 [main] INFO  c.a.n.c.r.client - [printIfInfoEnabled,63] - [21782e46-d0a7-4884-93d7-84123b347892] Register server push request handler:com.alibaba.nacos.common.remote.client.RpcClient$$Lambda$595/0x0000020f014f3c38
20:44:07.458 [com.alibaba.nacos.client.remote.worker] INFO  c.a.n.c.r.client - [printIfInfoEnabled,63] - [21782e46-d0a7-4884-93d7-84123b347892] Notify connected event to listeners.
20:44:07.458 [com.alibaba.nacos.client.remote.worker] INFO  c.a.n.client.naming - [onConnected,78] - Grpc connection connect
20:44:07.460 [main] INFO  c.a.n.client.naming - [registerService,121] - [REGISTER-SERVICE] 1b411097-df3c-4cac-a649-ba6b6b22fcd4 registering service oj-gateway with instance Instance{instanceId='null', ip='172.20.10.6', port=19090, weight=1.0, healthy=true, enabled=true, ephemeral=true, clusterName='DEFAULT', serviceName='null', metadata={IPv6=[2409:897a:3d80:97a3:543:892d:f811:3246], preserved.register.source=SPRING_CLOUD}}
20:44:07.470 [main] INFO  c.a.c.n.r.NacosServiceRegistry - [register,76] - nacos registry, DEFAULT_GROUP oj-gateway 172.20.10.6:19090 register finished
20:44:07.505 [main] INFO  c.b.g.OjGatewayApplication - [logStarted,57] - Started OjGatewayApplication in 3.923 seconds (process running for 4.513)
20:44:07.508 [main] INFO  c.a.n.c.c.i.CacheData - [<clinit>,67] - nacos.cache.data.init.snapshot = true 
20:44:07.509 [main] INFO  c.a.n.c.c.i.ClientWorker - [addCacheDataIfAbsent,380] - [fixed-1b411097-df3c-4cac-a649-ba6b6b22fcd4-localhost_8848] [subscribe] oj-gateway-local.yaml+DEFAULT_GROUP+1b411097-df3c-4cac-a649-ba6b6b22fcd4
20:44:07.514 [main] INFO  c.a.n.c.c.i.CacheData - [addListener,197] - [fixed-1b411097-df3c-4cac-a649-ba6b6b22fcd4-localhost_8848] [add-listener] ok, tenant=1b411097-df3c-4cac-a649-ba6b6b22fcd4, dataId=oj-gateway-local.yaml, group=DEFAULT_GROUP, cnt=1
20:44:07.514 [main] INFO  c.a.c.n.r.NacosContextRefresher - [registerNacosListener,129] - [Nacos Config] Listening config: dataId=oj-gateway-local.yaml, group=DEFAULT_GROUP
20:44:07.515 [main] INFO  c.a.n.c.c.i.ClientWorker - [addCacheDataIfAbsent,380] - [fixed-1b411097-df3c-4cac-a649-ba6b6b22fcd4-localhost_8848] [subscribe] oj-gateway+DEFAULT_GROUP+1b411097-df3c-4cac-a649-ba6b6b22fcd4
20:44:07.515 [main] INFO  c.a.n.c.c.i.CacheData - [addListener,197] - [fixed-1b411097-df3c-4cac-a649-ba6b6b22fcd4-localhost_8848] [add-listener] ok, tenant=1b411097-df3c-4cac-a649-ba6b6b22fcd4, dataId=oj-gateway, group=DEFAULT_GROUP, cnt=1
20:44:07.515 [main] INFO  c.a.c.n.r.NacosContextRefresher - [registerNacosListener,129] - [Nacos Config] Listening config: dataId=oj-gateway, group=DEFAULT_GROUP
20:44:07.515 [main] INFO  c.a.n.c.c.i.ClientWorker - [addCacheDataIfAbsent,380] - [fixed-1b411097-df3c-4cac-a649-ba6b6b22fcd4-localhost_8848] [subscribe] oj-gateway.yaml+DEFAULT_GROUP+1b411097-df3c-4cac-a649-ba6b6b22fcd4
20:44:07.515 [main] INFO  c.a.n.c.c.i.CacheData - [addListener,197] - [fixed-1b411097-df3c-4cac-a649-ba6b6b22fcd4-localhost_8848] [add-listener] ok, tenant=1b411097-df3c-4cac-a649-ba6b6b22fcd4, dataId=oj-gateway.yaml, group=DEFAULT_GROUP, cnt=1
20:44:07.515 [main] INFO  c.a.c.n.r.NacosContextRefresher - [registerNacosListener,129] - [Nacos Config] Listening config: dataId=oj-gateway.yaml, group=DEFAULT_GROUP
20:44:28.481 [SpringApplicationShutdownHook] INFO  c.a.c.n.r.NacosServiceRegistry - [deregister,95] - De-registering from Nacos Server now...
20:44:28.481 [SpringApplicationShutdownHook] INFO  c.a.n.client.naming - [deregisterService,217] - [DEREGISTER-SERVICE] 1b411097-df3c-4cac-a649-ba6b6b22fcd4 deregistering service oj-gateway with instance: Instance{instanceId='null', ip='172.20.10.6', port=19090, weight=1.0, healthy=true, enabled=true, ephemeral=true, clusterName='DEFAULT', serviceName='null', metadata={}}
20:44:28.486 [SpringApplicationShutdownHook] INFO  c.a.c.n.r.NacosServiceRegistry - [deregister,115] - De-registration finished.
20:44:28.486 [SpringApplicationShutdownHook] INFO  c.a.n.client.naming - [shutdown,256] - com.alibaba.nacos.client.naming.cache.ServiceInfoHolder do shutdown begin
20:44:28.487 [SpringApplicationShutdownHook] INFO  c.a.n.client.naming - [shutdown,136] - com.alibaba.nacos.client.naming.backups.FailoverReactor do shutdown begin
20:44:28.487 [SpringApplicationShutdownHook] INFO  c.a.n.client.naming - [shutdown,138] - com.alibaba.nacos.client.naming.backups.FailoverReactor do shutdown stop
20:44:28.487 [SpringApplicationShutdownHook] INFO  c.a.n.client.naming - [shutdown,258] - com.alibaba.nacos.client.naming.cache.ServiceInfoHolder do shutdown stop
20:44:28.487 [SpringApplicationShutdownHook] INFO  c.a.n.client.naming - [shutdown,204] - com.alibaba.nacos.client.naming.remote.NamingClientProxyDelegate do shutdown begin
20:44:28.487 [SpringApplicationShutdownHook] INFO  c.a.n.client.naming - [shutdown,143] - com.alibaba.nacos.client.naming.core.ServiceInfoUpdateService do shutdown begin
20:44:28.487 [SpringApplicationShutdownHook] INFO  c.a.n.client.naming - [shutdown,145] - com.alibaba.nacos.client.naming.core.ServiceInfoUpdateService do shutdown stop
20:44:28.488 [SpringApplicationShutdownHook] INFO  c.a.n.client.naming - [shutdown,194] - com.alibaba.nacos.client.naming.core.ServerListManager do shutdown begin
20:44:28.488 [SpringApplicationShutdownHook] INFO  c.a.n.client.naming - [shutdown,199] - com.alibaba.nacos.client.naming.core.ServerListManager do shutdown stop
20:44:28.488 [SpringApplicationShutdownHook] INFO  c.a.n.client.naming - [shutdown,484] - com.alibaba.nacos.client.naming.remote.http.NamingHttpClientProxy do shutdown begin
20:44:28.488 [SpringApplicationShutdownHook] INFO  c.a.n.client.naming - [shutdown,486] - com.alibaba.nacos.client.naming.remote.http.NamingHttpClientProxy do shutdown stop
20:44:28.488 [SpringApplicationShutdownHook] INFO  c.a.n.c.r.client - [shutdown,429] - Shutdown rpc client, set status to shutdown
20:44:28.488 [SpringApplicationShutdownHook] INFO  c.a.n.c.r.client - [shutdown,431] - Shutdown client event executor java.util.concurrent.ScheduledThreadPoolExecutor@13aedd2b[Running, pool size = 2, active threads = 2, queued tasks = 0, completed tasks = 0]
20:44:28.488 [SpringApplicationShutdownHook] INFO  c.a.n.c.r.client - [closeConnection,584] - Close current connection 1777466647349_172.17.0.1_46224
20:44:28.491 [SpringApplicationShutdownHook] INFO  c.a.n.c.r.c.g.GrpcClient - [shutdown,159] - Shutdown grpc executor java.util.concurrent.ThreadPoolExecutor@3f35b290[Running, pool size = 4, active threads = 0, queued tasks = 0, completed tasks = 11]
20:44:28.491 [SpringApplicationShutdownHook] INFO  c.a.n.client.naming - [shutdown,318] - Shutdown grpc redo service executor java.util.concurrent.ScheduledThreadPoolExecutor@321a66f8[Running, pool size = 1, active threads = 0, queued tasks = 1, completed tasks = 5]
20:44:28.492 [SpringApplicationShutdownHook] INFO  c.a.n.c.a.r.i.CredentialWatcher - [stop,106] - [null] CredentialWatcher is stopped
20:44:28.492 [SpringApplicationShutdownHook] INFO  c.a.n.c.a.r.i.CredentialService - [free,100] - [null] CredentialService is freed
20:44:28.492 [SpringApplicationShutdownHook] INFO  c.a.n.client.naming - [shutdown,211] - com.alibaba.nacos.client.naming.remote.NamingClientProxyDelegate do shutdown stop
20:46:21.561 [background-preinit] INFO  o.h.v.i.util.Version - [<clinit>,21] - HV000001: Hibernate Validator 8.0.0.Final
20:46:21.762 [main] INFO  c.a.n.c.u.ParamUtil - [<clinit>,87] - [settings] [req-serv] nacos-server port:8848
20:46:21.762 [main] INFO  c.a.n.c.u.ParamUtil - [<clinit>,98] - [settings] [http-client] connect timeout:1000
20:46:21.763 [main] INFO  c.a.n.c.u.ParamUtil - [<clinit>,105] - PER_TASK_CONFIG_SIZE: 3000.0
20:46:21.781 [main] INFO  c.a.n.p.a.s.c.ClientAuthPluginManager - [init,56] - [ClientAuthPluginManager] Load ClientAuthService com.alibaba.nacos.client.auth.impl.NacosClientAuthServiceImpl success.
20:46:21.781 [main] INFO  c.a.n.p.a.s.c.ClientAuthPluginManager - [init,56] - [ClientAuthPluginManager] Load ClientAuthService com.alibaba.nacos.client.auth.ram.RamClientAuthServiceImpl success.
20:46:21.784 [main] INFO  c.a.n.c.a.r.i.CredentialWatcher - [loadCredential,165] - null No credential found
20:46:21.987 [main] INFO  c.a.n.c.c.i.LocalConfigInfoProcessor - [<clinit>,63] - LOCAL_SNAPSHOT_PATH:C:\Users\45\nacos\config
20:46:21.990 [main] INFO  c.a.n.c.r.client - [lambda$createClient$0,108] - [RpcClientFactory] create a new rpc client of b5e74ac5-c77e-4402-852e-6a3dbc2e460d_config-0
20:46:22.001 [main] INFO  c.a.n.c.r.client - [printIfInfoEnabled,63] - [b5e74ac5-c77e-4402-852e-6a3dbc2e460d_config-0] Register server push request handler:com.alibaba.nacos.client.config.impl.ClientWorker$ConfigRpcTransportClient$$Lambda$574/0x000002768136c398
20:46:22.001 [main] INFO  c.a.n.c.r.client - [printIfInfoEnabled,63] - [b5e74ac5-c77e-4402-852e-6a3dbc2e460d_config-0] Register server push request handler:com.alibaba.nacos.client.config.impl.ClientWorker$ConfigRpcTransportClient$$Lambda$575/0x000002768136c7b8
20:46:22.001 [main] INFO  c.a.n.c.r.client - [printIfInfoEnabled,63] - [b5e74ac5-c77e-4402-852e-6a3dbc2e460d_config-0] Registry connection listener to current client:com.alibaba.nacos.client.config.impl.ClientWorker$ConfigRpcTransportClient$1
20:46:22.001 [main] INFO  c.a.n.c.r.client - [printIfInfoEnabled,63] - [b5e74ac5-c77e-4402-852e-6a3dbc2e460d_config-0] RpcClient init, ServerListFactory = com.alibaba.nacos.client.config.impl.ClientWorker$ConfigRpcTransportClient$2
20:46:22.007 [main] INFO  c.a.n.c.r.client - [printIfInfoEnabled,63] - [b5e74ac5-c77e-4402-852e-6a3dbc2e460d_config-0] Try to connect to server on start up, server: {serverIp = 'localhost', server main port = 8848}
20:46:22.037 [main] INFO  c.a.n.c.r.c.g.GrpcClient - [createNewManagedChannel,182] - grpc client connection server:localhost ip,serverPort:9848,grpcTslConfig:{"sslProvider":"OPENSSL","enableTls":false,"mutualAuthEnable":false,"trustAll":false}
20:46:22.755 [main] INFO  c.a.n.c.r.client - [printIfInfoEnabled,63] - [b5e74ac5-c77e-4402-852e-6a3dbc2e460d_config-0] Success to connect to server [localhost:8848] on start up, connectionId = 1777466782579_172.17.0.1_38852
20:46:22.757 [com.alibaba.nacos.client.remote.worker] INFO  c.a.n.c.r.client - [printIfInfoEnabled,63] - [b5e74ac5-c77e-4402-852e-6a3dbc2e460d_config-0] Notify connected event to listeners.
20:46:22.757 [main] INFO  c.a.n.c.r.client - [printIfInfoEnabled,63] - [b5e74ac5-c77e-4402-852e-6a3dbc2e460d_config-0] Register server push request handler:com.alibaba.nacos.common.remote.client.RpcClient$ConnectResetRequestHandler
20:46:22.757 [com.alibaba.nacos.client.remote.worker] INFO  c.a.n.c.c.i.ClientWorker - [onConnected,639] - [b5e74ac5-c77e-4402-852e-6a3dbc2e460d_config-0] Connected,notify listen context...
20:46:22.758 [main] INFO  c.a.n.c.r.client - [printIfInfoEnabled,63] - [b5e74ac5-c77e-4402-852e-6a3dbc2e460d_config-0] Register server push request handler:com.alibaba.nacos.common.remote.client.RpcClient$$Lambda$595/0x00000276814f3780
20:46:22.781 [main] INFO  c.a.n.c.c.i.Limiter - [<clinit>,62] - limitTime:5.0
20:46:22.800 [main] INFO  c.a.n.c.c.u.JvmUtil - [<clinit>,54] - isMultiInstance:false
20:46:22.805 [main] INFO  o.s.c.b.c.PropertySourceBootstrapConfiguration - [initialize,108] - Located property source: [BootstrapPropertySource {name='bootstrapProperties-oj-gateway-local.yaml,DEFAULT_GROUP'}, BootstrapPropertySource {name='bootstrapProperties-oj-gateway.yaml,DEFAULT_GROUP'}, BootstrapPropertySource {name='bootstrapProperties-oj-gateway,DEFAULT_GROUP'}]
20:46:22.809 [main] INFO  c.b.g.OjGatewayApplication - [logStartupProfileInfo,636] - The following 1 profile is active: "local"
20:46:23.135 [main] INFO  o.s.d.r.c.RepositoryConfigurationDelegate - [multipleStoresDetected,294] - Multiple Spring Data modules found, entering strict repository configuration mode
20:46:23.137 [main] INFO  o.s.d.r.c.RepositoryConfigurationDelegate - [registerRepositoriesIn,138] - Bootstrapping Spring Data Redis repositories in DEFAULT mode.
20:46:23.152 [main] INFO  o.s.d.r.c.RepositoryConfigurationDelegate - [registerRepositoriesIn,208] - Finished Spring Data repository scanning in 5 ms. Found 0 Redis repository interfaces.
20:46:23.251 [main] INFO  o.s.c.c.s.GenericScope - [setSerializationId,282] - BeanFactory id=a2242d8d-f5fd-3a65-be67-7fd022a476aa
20:46:23.276 [main] INFO  o.s.c.s.PostProcessorRegistrationDelegate$BeanPostProcessorChecker - [postProcessAfterInitialization,409] - Bean 'org.springframework.cloud.client.loadbalancer.reactive.LoadBalancerBeanPostProcessorAutoConfiguration' of type [org.springframework.cloud.client.loadbalancer.reactive.LoadBalancerBeanPostProcessorAutoConfiguration] is not eligible for getting processed by all BeanPostProcessors (for example: not eligible for auto-proxying)
20:46:23.277 [main] INFO  o.s.c.s.PostProcessorRegistrationDelegate$BeanPostProcessorChecker - [postProcessAfterInitialization,409] - Bean 'org.springframework.cloud.client.loadbalancer.reactive.LoadBalancerBeanPostProcessorAutoConfiguration$ReactorDeferringLoadBalancerFilterConfig' of type [org.springframework.cloud.client.loadbalancer.reactive.LoadBalancerBeanPostProcessorAutoConfiguration$ReactorDeferringLoadBalancerFilterConfig] is not eligible for getting processed by all BeanPostProcessors (for example: not eligible for auto-proxying)
20:46:23.278 [main] INFO  o.s.c.s.PostProcessorRegistrationDelegate$BeanPostProcessorChecker - [postProcessAfterInitialization,409] - Bean 'reactorDeferringLoadBalancerExchangeFilterFunction' of type [org.springframework.cloud.client.loadbalancer.reactive.DeferringLoadBalancerExchangeFilterFunction] is not eligible for getting processed by all BeanPostProcessors (for example: not eligible for auto-proxying)
20:46:24.183 [main] INFO  o.s.c.g.r.RouteDefinitionRouteLocator - [lambda$initFactories$1,88] - Loaded RoutePredicateFactory [After]
20:46:24.183 [main] INFO  o.s.c.g.r.RouteDefinitionRouteLocator - [lambda$initFactories$1,88] - Loaded RoutePredicateFactory [Before]
20:46:24.183 [main] INFO  o.s.c.g.r.RouteDefinitionRouteLocator - [lambda$initFactories$1,88] - Loaded RoutePredicateFactory [Between]
20:46:24.183 [main] INFO  o.s.c.g.r.RouteDefinitionRouteLocator - [lambda$initFactories$1,88] - Loaded RoutePredicateFactory [Cookie]
20:46:24.183 [main] INFO  o.s.c.g.r.RouteDefinitionRouteLocator - [lambda$initFactories$1,88] - Loaded RoutePredicateFactory [Header]
20:46:24.183 [main] INFO  o.s.c.g.r.RouteDefinitionRouteLocator - [lambda$initFactories$1,88] - Loaded RoutePredicateFactory [Host]
20:46:24.183 [main] INFO  o.s.c.g.r.RouteDefinitionRouteLocator - [lambda$initFactories$1,88] - Loaded RoutePredicateFactory [Method]
20:46:24.183 [main] INFO  o.s.c.g.r.RouteDefinitionRouteLocator - [lambda$initFactories$1,88] - Loaded RoutePredicateFactory [Path]
20:46:24.183 [main] INFO  o.s.c.g.r.RouteDefinitionRouteLocator - [lambda$initFactories$1,88] - Loaded RoutePredicateFactory [Query]
20:46:24.183 [main] INFO  o.s.c.g.r.RouteDefinitionRouteLocator - [lambda$initFactories$1,88] - Loaded RoutePredicateFactory [ReadBody]
20:46:24.183 [main] INFO  o.s.c.g.r.RouteDefinitionRouteLocator - [lambda$initFactories$1,88] - Loaded RoutePredicateFactory [RemoteAddr]
20:46:24.183 [main] INFO  o.s.c.g.r.RouteDefinitionRouteLocator - [lambda$initFactories$1,88] - Loaded RoutePredicateFactory [XForwardedRemoteAddr]
20:46:24.183 [main] INFO  o.s.c.g.r.RouteDefinitionRouteLocator - [lambda$initFactories$1,88] - Loaded RoutePredicateFactory [Weight]
20:46:24.183 [main] INFO  o.s.c.g.r.RouteDefinitionRouteLocator - [lambda$initFactories$1,88] - Loaded RoutePredicateFactory [CloudFoundryRouteService]
20:46:24.614 [main] INFO  o.s.b.w.e.n.NettyWebServer - [start,111] - Netty started on port 19090
20:46:24.909 [main] INFO  c.a.n.client.naming - [initNamespaceForNaming,62] - initializer namespace from ans.namespace attribute : null
20:46:24.909 [main] INFO  c.a.n.client.naming - [lambda$initNamespaceForNaming$0,66] - initializer namespace from ALIBABA_ALIWARE_NAMESPACE attribute :null
20:46:24.909 [main] INFO  c.a.n.client.naming - [lambda$initNamespaceForNaming$1,73] - initializer namespace from namespace attribute :null
20:46:24.916 [main] INFO  c.a.n.p.a.s.c.ClientAuthPluginManager - [init,56] - [ClientAuthPluginManager] Load ClientAuthService com.alibaba.nacos.client.auth.impl.NacosClientAuthServiceImpl success.
20:46:24.916 [main] INFO  c.a.n.p.a.s.c.ClientAuthPluginManager - [init,56] - [ClientAuthPluginManager] Load ClientAuthService com.alibaba.nacos.client.auth.ram.RamClientAuthServiceImpl success.
20:46:24.921 [main] INFO  c.a.n.c.r.client - [lambda$createClient$0,108] - [RpcClientFactory] create a new rpc client of 82d62956-38b0-4e3a-ae43-daffd38beb89
20:46:24.924 [main] INFO  c.a.n.c.r.client - [printIfInfoEnabled,63] - [82d62956-38b0-4e3a-ae43-daffd38beb89] RpcClient init, ServerListFactory = com.alibaba.nacos.client.naming.core.ServerListManager
20:46:24.924 [main] INFO  c.a.n.c.r.client - [printIfInfoEnabled,63] - [82d62956-38b0-4e3a-ae43-daffd38beb89] Registry connection listener to current client:com.alibaba.nacos.client.naming.remote.gprc.redo.NamingGrpcRedoService
20:46:24.924 [main] INFO  c.a.n.c.r.client - [printIfInfoEnabled,63] - [82d62956-38b0-4e3a-ae43-daffd38beb89] Register server push request handler:com.alibaba.nacos.client.naming.remote.gprc.NamingPushRequestHandler
20:46:24.925 [main] INFO  c.a.n.c.r.client - [printIfInfoEnabled,63] - [82d62956-38b0-4e3a-ae43-daffd38beb89] Try to connect to server on start up, server: {serverIp = 'localhost', server main port = 8848}
20:46:24.925 [main] INFO  c.a.n.c.r.c.g.GrpcClient - [createNewManagedChannel,182] - grpc client connection server:localhost ip,serverPort:9848,grpcTslConfig:{"sslProvider":"OPENSSL","enableTls":false,"mutualAuthEnable":false,"trustAll":false}
20:46:25.048 [main] INFO  c.a.n.c.r.client - [printIfInfoEnabled,63] - [82d62956-38b0-4e3a-ae43-daffd38beb89] Success to connect to server [localhost:8848] on start up, connectionId = 1777466784931_172.17.0.1_38866
20:46:25.048 [main] INFO  c.a.n.c.r.client - [printIfInfoEnabled,63] - [82d62956-38b0-4e3a-ae43-daffd38beb89] Register server push request handler:com.alibaba.nacos.common.remote.client.RpcClient$ConnectResetRequestHandler
20:46:25.048 [com.alibaba.nacos.client.remote.worker] INFO  c.a.n.c.r.client - [printIfInfoEnabled,63] - [82d62956-38b0-4e3a-ae43-daffd38beb89] Notify connected event to listeners.
20:46:25.048 [main] INFO  c.a.n.c.r.client - [printIfInfoEnabled,63] - [82d62956-38b0-4e3a-ae43-daffd38beb89] Register server push request handler:com.alibaba.nacos.common.remote.client.RpcClient$$Lambda$595/0x00000276814f3780
20:46:25.049 [com.alibaba.nacos.client.remote.worker] INFO  c.a.n.client.naming - [onConnected,78] - Grpc connection connect
20:46:25.051 [main] INFO  c.a.n.client.naming - [registerService,121] - [REGISTER-SERVICE] 1b411097-df3c-4cac-a649-ba6b6b22fcd4 registering service oj-gateway with instance Instance{instanceId='null', ip='172.20.10.6', port=19090, weight=1.0, healthy=true, enabled=true, ephemeral=true, clusterName='DEFAULT', serviceName='null', metadata={IPv6=[2409:897a:3d80:97a3:543:892d:f811:3246], preserved.register.source=SPRING_CLOUD}}
20:46:25.060 [main] INFO  c.a.c.n.r.NacosServiceRegistry - [register,76] - nacos registry, DEFAULT_GROUP oj-gateway 172.20.10.6:19090 register finished
20:46:25.094 [main] INFO  c.b.g.OjGatewayApplication - [logStarted,57] - Started OjGatewayApplication in 3.948 seconds (process running for 4.559)
20:46:25.096 [main] INFO  c.a.n.c.c.i.CacheData - [<clinit>,67] - nacos.cache.data.init.snapshot = true 
20:46:25.097 [main] INFO  c.a.n.c.c.i.ClientWorker - [addCacheDataIfAbsent,380] - [fixed-1b411097-df3c-4cac-a649-ba6b6b22fcd4-localhost_8848] [subscribe] oj-gateway-local.yaml+DEFAULT_GROUP+1b411097-df3c-4cac-a649-ba6b6b22fcd4
20:46:25.102 [main] INFO  c.a.n.c.c.i.CacheData - [addListener,197] - [fixed-1b411097-df3c-4cac-a649-ba6b6b22fcd4-localhost_8848] [add-listener] ok, tenant=1b411097-df3c-4cac-a649-ba6b6b22fcd4, dataId=oj-gateway-local.yaml, group=DEFAULT_GROUP, cnt=1
20:46:25.102 [main] INFO  c.a.c.n.r.NacosContextRefresher - [registerNacosListener,129] - [Nacos Config] Listening config: dataId=oj-gateway-local.yaml, group=DEFAULT_GROUP
20:46:25.102 [main] INFO  c.a.n.c.c.i.ClientWorker - [addCacheDataIfAbsent,380] - [fixed-1b411097-df3c-4cac-a649-ba6b6b22fcd4-localhost_8848] [subscribe] oj-gateway+DEFAULT_GROUP+1b411097-df3c-4cac-a649-ba6b6b22fcd4
20:46:25.103 [main] INFO  c.a.n.c.c.i.CacheData - [addListener,197] - [fixed-1b411097-df3c-4cac-a649-ba6b6b22fcd4-localhost_8848] [add-listener] ok, tenant=1b411097-df3c-4cac-a649-ba6b6b22fcd4, dataId=oj-gateway, group=DEFAULT_GROUP, cnt=1
20:46:25.103 [main] INFO  c.a.c.n.r.NacosContextRefresher - [registerNacosListener,129] - [Nacos Config] Listening config: dataId=oj-gateway, group=DEFAULT_GROUP
20:46:25.103 [main] INFO  c.a.n.c.c.i.ClientWorker - [addCacheDataIfAbsent,380] - [fixed-1b411097-df3c-4cac-a649-ba6b6b22fcd4-localhost_8848] [subscribe] oj-gateway.yaml+DEFAULT_GROUP+1b411097-df3c-4cac-a649-ba6b6b22fcd4
20:46:25.103 [main] INFO  c.a.n.c.c.i.CacheData - [addListener,197] - [fixed-1b411097-df3c-4cac-a649-ba6b6b22fcd4-localhost_8848] [add-listener] ok, tenant=1b411097-df3c-4cac-a649-ba6b6b22fcd4, dataId=oj-gateway.yaml, group=DEFAULT_GROUP, cnt=1
20:46:25.103 [main] INFO  c.a.c.n.r.NacosContextRefresher - [registerNacosListener,129] - [Nacos Config] Listening config: dataId=oj-gateway.yaml, group=DEFAULT_GROUP
20:49:52.919 [SpringApplicationShutdownHook] INFO  c.a.c.n.r.NacosServiceRegistry - [deregister,95] - De-registering from Nacos Server now...
20:49:52.921 [SpringApplicationShutdownHook] INFO  c.a.n.client.naming - [deregisterService,217] - [DEREGISTER-SERVICE] 1b411097-df3c-4cac-a649-ba6b6b22fcd4 deregistering service oj-gateway with instance: Instance{instanceId='null', ip='172.20.10.6', port=19090, weight=1.0, healthy=true, enabled=true, ephemeral=true, clusterName='DEFAULT', serviceName='null', metadata={}}
20:49:52.924 [SpringApplicationShutdownHook] INFO  c.a.c.n.r.NacosServiceRegistry - [deregister,115] - De-registration finished.
20:49:52.925 [SpringApplicationShutdownHook] INFO  c.a.n.client.naming - [shutdown,256] - com.alibaba.nacos.client.naming.cache.ServiceInfoHolder do shutdown begin
20:49:52.925 [SpringApplicationShutdownHook] INFO  c.a.n.client.naming - [shutdown,136] - com.alibaba.nacos.client.naming.backups.FailoverReactor do shutdown begin
20:49:52.925 [SpringApplicationShutdownHook] INFO  c.a.n.client.naming - [shutdown,138] - com.alibaba.nacos.client.naming.backups.FailoverReactor do shutdown stop
20:49:52.925 [SpringApplicationShutdownHook] INFO  c.a.n.client.naming - [shutdown,258] - com.alibaba.nacos.client.naming.cache.ServiceInfoHolder do shutdown stop
20:49:52.925 [SpringApplicationShutdownHook] INFO  c.a.n.client.naming - [shutdown,204] - com.alibaba.nacos.client.naming.remote.NamingClientProxyDelegate do shutdown begin
20:49:52.925 [SpringApplicationShutdownHook] INFO  c.a.n.client.naming - [shutdown,143] - com.alibaba.nacos.client.naming.core.ServiceInfoUpdateService do shutdown begin
20:49:52.925 [SpringApplicationShutdownHook] INFO  c.a.n.client.naming - [shutdown,145] - com.alibaba.nacos.client.naming.core.ServiceInfoUpdateService do shutdown stop
20:49:52.925 [SpringApplicationShutdownHook] INFO  c.a.n.client.naming - [shutdown,194] - com.alibaba.nacos.client.naming.core.ServerListManager do shutdown begin
20:49:52.925 [SpringApplicationShutdownHook] INFO  c.a.n.client.naming - [shutdown,199] - com.alibaba.nacos.client.naming.core.ServerListManager do shutdown stop
20:49:52.925 [SpringApplicationShutdownHook] INFO  c.a.n.client.naming - [shutdown,484] - com.alibaba.nacos.client.naming.remote.http.NamingHttpClientProxy do shutdown begin
20:49:52.926 [SpringApplicationShutdownHook] INFO  c.a.n.client.naming - [shutdown,486] - com.alibaba.nacos.client.naming.remote.http.NamingHttpClientProxy do shutdown stop
20:49:52.926 [SpringApplicationShutdownHook] INFO  c.a.n.c.r.client - [shutdown,429] - Shutdown rpc client, set status to shutdown
20:49:52.926 [SpringApplicationShutdownHook] INFO  c.a.n.c.r.client - [shutdown,431] - Shutdown client event executor java.util.concurrent.ScheduledThreadPoolExecutor@3d52bc18[Running, pool size = 2, active threads = 2, queued tasks = 0, completed tasks = 0]
20:49:52.926 [SpringApplicationShutdownHook] INFO  c.a.n.c.r.client - [closeConnection,584] - Close current connection 1777466784931_172.17.0.1_38866
20:49:52.928 [nacos-grpc-client-executor-localhost-11] INFO  c.a.n.c.r.c.g.GrpcClient - [printIfInfoEnabled,63] - [1777466784931_172.17.0.1_38866]Ignore complete event,isRunning:false,isAbandon=false
20:49:52.928 [SpringApplicationShutdownHook] INFO  c.a.n.c.r.c.g.GrpcClient - [shutdown,159] - Shutdown grpc executor java.util.concurrent.ThreadPoolExecutor@46f1b732[Running, pool size = 3, active threads = 0, queued tasks = 0, completed tasks = 12]
20:49:52.928 [SpringApplicationShutdownHook] INFO  c.a.n.client.naming - [shutdown,318] - Shutdown grpc redo service executor java.util.concurrent.ScheduledThreadPoolExecutor@1feb2600[Running, pool size = 1, active threads = 0, queued tasks = 1, completed tasks = 5]
20:49:52.929 [SpringApplicationShutdownHook] INFO  c.a.n.c.a.r.i.CredentialWatcher - [stop,106] - [null] CredentialWatcher is stopped
20:49:52.929 [SpringApplicationShutdownHook] INFO  c.a.n.c.a.r.i.CredentialService - [free,100] - [null] CredentialService is freed
20:49:52.929 [SpringApplicationShutdownHook] INFO  c.a.n.client.naming - [shutdown,211] - com.alibaba.nacos.client.naming.remote.NamingClientProxyDelegate do shutdown stop
20:50:24.560 [background-preinit] INFO  o.h.v.i.util.Version - [<clinit>,21] - HV000001: Hibernate Validator 8.0.0.Final
20:50:24.765 [main] INFO  c.a.n.c.u.ParamUtil - [<clinit>,87] - [settings] [req-serv] nacos-server port:8848
20:50:24.765 [main] INFO  c.a.n.c.u.ParamUtil - [<clinit>,98] - [settings] [http-client] connect timeout:1000
20:50:24.766 [main] INFO  c.a.n.c.u.ParamUtil - [<clinit>,105] - PER_TASK_CONFIG_SIZE: 3000.0
20:50:24.785 [main] INFO  c.a.n.p.a.s.c.ClientAuthPluginManager - [init,56] - [ClientAuthPluginManager] Load ClientAuthService com.alibaba.nacos.client.auth.impl.NacosClientAuthServiceImpl success.
20:50:24.785 [main] INFO  c.a.n.p.a.s.c.ClientAuthPluginManager - [init,56] - [ClientAuthPluginManager] Load ClientAuthService com.alibaba.nacos.client.auth.ram.RamClientAuthServiceImpl success.
20:50:24.788 [main] INFO  c.a.n.c.a.r.i.CredentialWatcher - [loadCredential,165] - null No credential found
20:50:24.997 [main] INFO  c.a.n.c.c.i.LocalConfigInfoProcessor - [<clinit>,63] - LOCAL_SNAPSHOT_PATH:C:\Users\45\nacos\config
20:50:25.000 [main] INFO  c.a.n.c.r.client - [lambda$createClient$0,108] - [RpcClientFactory] create a new rpc client of 76934e6f-e4af-4073-8b1e-54d219c3b376_config-0
20:50:25.010 [main] INFO  c.a.n.c.r.client - [printIfInfoEnabled,63] - [76934e6f-e4af-4073-8b1e-54d219c3b376_config-0] Register server push request handler:com.alibaba.nacos.client.config.impl.ClientWorker$ConfigRpcTransportClient$$Lambda$574/0x00000169a236c068
20:50:25.010 [main] INFO  c.a.n.c.r.client - [printIfInfoEnabled,63] - [76934e6f-e4af-4073-8b1e-54d219c3b376_config-0] Register server push request handler:com.alibaba.nacos.client.config.impl.ClientWorker$ConfigRpcTransportClient$$Lambda$575/0x00000169a236c488
20:50:25.011 [main] INFO  c.a.n.c.r.client - [printIfInfoEnabled,63] - [76934e6f-e4af-4073-8b1e-54d219c3b376_config-0] Registry connection listener to current client:com.alibaba.nacos.client.config.impl.ClientWorker$ConfigRpcTransportClient$1
20:50:25.011 [main] INFO  c.a.n.c.r.client - [printIfInfoEnabled,63] - [76934e6f-e4af-4073-8b1e-54d219c3b376_config-0] RpcClient init, ServerListFactory = com.alibaba.nacos.client.config.impl.ClientWorker$ConfigRpcTransportClient$2
20:50:25.017 [main] INFO  c.a.n.c.r.client - [printIfInfoEnabled,63] - [76934e6f-e4af-4073-8b1e-54d219c3b376_config-0] Try to connect to server on start up, server: {serverIp = 'localhost', server main port = 8848}
20:50:25.046 [main] INFO  c.a.n.c.r.c.g.GrpcClient - [createNewManagedChannel,182] - grpc client connection server:localhost ip,serverPort:9848,grpcTslConfig:{"sslProvider":"OPENSSL","enableTls":false,"mutualAuthEnable":false,"trustAll":false}
20:50:25.740 [main] INFO  c.a.n.c.r.client - [printIfInfoEnabled,63] - [76934e6f-e4af-4073-8b1e-54d219c3b376_config-0] Success to connect to server [localhost:8848] on start up, connectionId = 1777467025562_172.17.0.1_39362
20:50:25.741 [com.alibaba.nacos.client.remote.worker] INFO  c.a.n.c.r.client - [printIfInfoEnabled,63] - [76934e6f-e4af-4073-8b1e-54d219c3b376_config-0] Notify connected event to listeners.
20:50:25.741 [main] INFO  c.a.n.c.r.client - [printIfInfoEnabled,63] - [76934e6f-e4af-4073-8b1e-54d219c3b376_config-0] Register server push request handler:com.alibaba.nacos.common.remote.client.RpcClient$ConnectResetRequestHandler
20:50:25.742 [com.alibaba.nacos.client.remote.worker] INFO  c.a.n.c.c.i.ClientWorker - [onConnected,639] - [76934e6f-e4af-4073-8b1e-54d219c3b376_config-0] Connected,notify listen context...
20:50:25.744 [main] INFO  c.a.n.c.r.client - [printIfInfoEnabled,63] - [76934e6f-e4af-4073-8b1e-54d219c3b376_config-0] Register server push request handler:com.alibaba.nacos.common.remote.client.RpcClient$$Lambda$595/0x00000169a24f3c38
20:50:25.767 [main] INFO  c.a.n.c.c.i.Limiter - [<clinit>,62] - limitTime:5.0
20:50:25.909 [main] INFO  c.a.n.c.c.u.JvmUtil - [<clinit>,54] - isMultiInstance:false
20:50:25.916 [main] INFO  o.s.c.b.c.PropertySourceBootstrapConfiguration - [initialize,108] - Located property source: [BootstrapPropertySource {name='bootstrapProperties-oj-gateway-local.yaml,DEFAULT_GROUP'}, BootstrapPropertySource {name='bootstrapProperties-oj-gateway.yaml,DEFAULT_GROUP'}, BootstrapPropertySource {name='bootstrapProperties-oj-gateway,DEFAULT_GROUP'}]
20:50:25.920 [main] INFO  c.b.g.OjGatewayApplication - [logStartupProfileInfo,636] - The following 1 profile is active: "local"
20:50:26.247 [main] INFO  o.s.d.r.c.RepositoryConfigurationDelegate - [multipleStoresDetected,294] - Multiple Spring Data modules found, entering strict repository configuration mode
20:50:26.249 [main] INFO  o.s.d.r.c.RepositoryConfigurationDelegate - [registerRepositoriesIn,138] - Bootstrapping Spring Data Redis repositories in DEFAULT mode.
20:50:26.263 [main] INFO  o.s.d.r.c.RepositoryConfigurationDelegate - [registerRepositoriesIn,208] - Finished Spring Data repository scanning in 4 ms. Found 0 Redis repository interfaces.
20:50:26.367 [main] INFO  o.s.c.c.s.GenericScope - [setSerializationId,282] - BeanFactory id=a2242d8d-f5fd-3a65-be67-7fd022a476aa
20:50:26.389 [main] INFO  o.s.c.s.PostProcessorRegistrationDelegate$BeanPostProcessorChecker - [postProcessAfterInitialization,409] - Bean 'org.springframework.cloud.client.loadbalancer.reactive.LoadBalancerBeanPostProcessorAutoConfiguration' of type [org.springframework.cloud.client.loadbalancer.reactive.LoadBalancerBeanPostProcessorAutoConfiguration] is not eligible for getting processed by all BeanPostProcessors (for example: not eligible for auto-proxying)
20:50:26.390 [main] INFO  o.s.c.s.PostProcessorRegistrationDelegate$BeanPostProcessorChecker - [postProcessAfterInitialization,409] - Bean 'org.springframework.cloud.client.loadbalancer.reactive.LoadBalancerBeanPostProcessorAutoConfiguration$ReactorDeferringLoadBalancerFilterConfig' of type [org.springframework.cloud.client.loadbalancer.reactive.LoadBalancerBeanPostProcessorAutoConfiguration$ReactorDeferringLoadBalancerFilterConfig] is not eligible for getting processed by all BeanPostProcessors (for example: not eligible for auto-proxying)
20:50:26.390 [main] INFO  o.s.c.s.PostProcessorRegistrationDelegate$BeanPostProcessorChecker - [postProcessAfterInitialization,409] - Bean 'reactorDeferringLoadBalancerExchangeFilterFunction' of type [org.springframework.cloud.client.loadbalancer.reactive.DeferringLoadBalancerExchangeFilterFunction] is not eligible for getting processed by all BeanPostProcessors (for example: not eligible for auto-proxying)
20:50:27.309 [main] INFO  o.s.c.g.r.RouteDefinitionRouteLocator - [lambda$initFactories$1,88] - Loaded RoutePredicateFactory [After]
20:50:27.309 [main] INFO  o.s.c.g.r.RouteDefinitionRouteLocator - [lambda$initFactories$1,88] - Loaded RoutePredicateFactory [Before]
20:50:27.309 [main] INFO  o.s.c.g.r.RouteDefinitionRouteLocator - [lambda$initFactories$1,88] - Loaded RoutePredicateFactory [Between]
20:50:27.309 [main] INFO  o.s.c.g.r.RouteDefinitionRouteLocator - [lambda$initFactories$1,88] - Loaded RoutePredicateFactory [Cookie]
20:50:27.309 [main] INFO  o.s.c.g.r.RouteDefinitionRouteLocator - [lambda$initFactories$1,88] - Loaded RoutePredicateFactory [Header]
20:50:27.310 [main] INFO  o.s.c.g.r.RouteDefinitionRouteLocator - [lambda$initFactories$1,88] - Loaded RoutePredicateFactory [Host]
20:50:27.310 [main] INFO  o.s.c.g.r.RouteDefinitionRouteLocator - [lambda$initFactories$1,88] - Loaded RoutePredicateFactory [Method]
20:50:27.310 [main] INFO  o.s.c.g.r.RouteDefinitionRouteLocator - [lambda$initFactories$1,88] - Loaded RoutePredicateFactory [Path]
20:50:27.310 [main] INFO  o.s.c.g.r.RouteDefinitionRouteLocator - [lambda$initFactories$1,88] - Loaded RoutePredicateFactory [Query]
20:50:27.310 [main] INFO  o.s.c.g.r.RouteDefinitionRouteLocator - [lambda$initFactories$1,88] - Loaded RoutePredicateFactory [ReadBody]
20:50:27.310 [main] INFO  o.s.c.g.r.RouteDefinitionRouteLocator - [lambda$initFactories$1,88] - Loaded RoutePredicateFactory [RemoteAddr]
20:50:27.310 [main] INFO  o.s.c.g.r.RouteDefinitionRouteLocator - [lambda$initFactories$1,88] - Loaded RoutePredicateFactory [XForwardedRemoteAddr]
20:50:27.310 [main] INFO  o.s.c.g.r.RouteDefinitionRouteLocator - [lambda$initFactories$1,88] - Loaded RoutePredicateFactory [Weight]
20:50:27.310 [main] INFO  o.s.c.g.r.RouteDefinitionRouteLocator - [lambda$initFactories$1,88] - Loaded RoutePredicateFactory [CloudFoundryRouteService]
20:50:27.739 [main] INFO  o.s.b.w.e.n.NettyWebServer - [start,111] - Netty started on port 19090
20:50:28.010 [main] INFO  c.a.n.client.naming - [initNamespaceForNaming,62] - initializer namespace from ans.namespace attribute : null
20:50:28.010 [main] INFO  c.a.n.client.naming - [lambda$initNamespaceForNaming$0,66] - initializer namespace from ALIBABA_ALIWARE_NAMESPACE attribute :null
20:50:28.011 [main] INFO  c.a.n.client.naming - [lambda$initNamespaceForNaming$1,73] - initializer namespace from namespace attribute :null
20:50:28.017 [main] INFO  c.a.n.p.a.s.c.ClientAuthPluginManager - [init,56] - [ClientAuthPluginManager] Load ClientAuthService com.alibaba.nacos.client.auth.impl.NacosClientAuthServiceImpl success.
20:50:28.017 [main] INFO  c.a.n.p.a.s.c.ClientAuthPluginManager - [init,56] - [ClientAuthPluginManager] Load ClientAuthService com.alibaba.nacos.client.auth.ram.RamClientAuthServiceImpl success.
20:50:28.021 [main] INFO  c.a.n.c.r.client - [lambda$createClient$0,108] - [RpcClientFactory] create a new rpc client of c5886f33-5d93-4803-884b-856727f181f4
20:50:28.022 [main] INFO  c.a.n.c.r.client - [printIfInfoEnabled,63] - [c5886f33-5d93-4803-884b-856727f181f4] RpcClient init, ServerListFactory = com.alibaba.nacos.client.naming.core.ServerListManager
20:50:28.022 [main] INFO  c.a.n.c.r.client - [printIfInfoEnabled,63] - [c5886f33-5d93-4803-884b-856727f181f4] Registry connection listener to current client:com.alibaba.nacos.client.naming.remote.gprc.redo.NamingGrpcRedoService
20:50:28.022 [main] INFO  c.a.n.c.r.client - [printIfInfoEnabled,63] - [c5886f33-5d93-4803-884b-856727f181f4] Register server push request handler:com.alibaba.nacos.client.naming.remote.gprc.NamingPushRequestHandler
20:50:28.023 [main] INFO  c.a.n.c.r.client - [printIfInfoEnabled,63] - [c5886f33-5d93-4803-884b-856727f181f4] Try to connect to server on start up, server: {serverIp = 'localhost', server main port = 8848}
20:50:28.023 [main] INFO  c.a.n.c.r.c.g.GrpcClient - [createNewManagedChannel,182] - grpc client connection server:localhost ip,serverPort:9848,grpcTslConfig:{"sslProvider":"OPENSSL","enableTls":false,"mutualAuthEnable":false,"trustAll":false}
20:50:28.141 [main] INFO  c.a.n.c.r.client - [printIfInfoEnabled,63] - [c5886f33-5d93-4803-884b-856727f181f4] Success to connect to server [localhost:8848] on start up, connectionId = 1777467028028_172.17.0.1_39378
20:50:28.143 [main] INFO  c.a.n.c.r.client - [printIfInfoEnabled,63] - [c5886f33-5d93-4803-884b-856727f181f4] Register server push request handler:com.alibaba.nacos.common.remote.client.RpcClient$ConnectResetRequestHandler
20:50:28.143 [com.alibaba.nacos.client.remote.worker] INFO  c.a.n.c.r.client - [printIfInfoEnabled,63] - [c5886f33-5d93-4803-884b-856727f181f4] Notify connected event to listeners.
20:50:28.144 [com.alibaba.nacos.client.remote.worker] INFO  c.a.n.client.naming - [onConnected,78] - Grpc connection connect
20:50:28.143 [main] INFO  c.a.n.c.r.client - [printIfInfoEnabled,63] - [c5886f33-5d93-4803-884b-856727f181f4] Register server push request handler:com.alibaba.nacos.common.remote.client.RpcClient$$Lambda$595/0x00000169a24f3c38
20:50:28.149 [main] INFO  c.a.n.client.naming - [registerService,121] - [REGISTER-SERVICE] 1b411097-df3c-4cac-a649-ba6b6b22fcd4 registering service oj-gateway with instance Instance{instanceId='null', ip='172.20.10.6', port=19090, weight=1.0, healthy=true, enabled=true, ephemeral=true, clusterName='DEFAULT', serviceName='null', metadata={IPv6=[2409:897a:3d80:97a3:543:892d:f811:3246], preserved.register.source=SPRING_CLOUD}}
20:50:28.160 [main] INFO  c.a.c.n.r.NacosServiceRegistry - [register,76] - nacos registry, DEFAULT_GROUP oj-gateway 172.20.10.6:19090 register finished
20:50:28.195 [main] INFO  c.b.g.OjGatewayApplication - [logStarted,57] - Started OjGatewayApplication in 4.07 seconds (process running for 4.761)
20:50:28.199 [main] INFO  c.a.n.c.c.i.CacheData - [<clinit>,67] - nacos.cache.data.init.snapshot = true 
20:50:28.200 [main] INFO  c.a.n.c.c.i.ClientWorker - [addCacheDataIfAbsent,380] - [fixed-1b411097-df3c-4cac-a649-ba6b6b22fcd4-localhost_8848] [subscribe] oj-gateway-local.yaml+DEFAULT_GROUP+1b411097-df3c-4cac-a649-ba6b6b22fcd4
20:50:28.205 [main] INFO  c.a.n.c.c.i.CacheData - [addListener,197] - [fixed-1b411097-df3c-4cac-a649-ba6b6b22fcd4-localhost_8848] [add-listener] ok, tenant=1b411097-df3c-4cac-a649-ba6b6b22fcd4, dataId=oj-gateway-local.yaml, group=DEFAULT_GROUP, cnt=1
20:50:28.205 [main] INFO  c.a.c.n.r.NacosContextRefresher - [registerNacosListener,129] - [Nacos Config] Listening config: dataId=oj-gateway-local.yaml, group=DEFAULT_GROUP
20:50:28.205 [main] INFO  c.a.n.c.c.i.ClientWorker - [addCacheDataIfAbsent,380] - [fixed-1b411097-df3c-4cac-a649-ba6b6b22fcd4-localhost_8848] [subscribe] oj-gateway+DEFAULT_GROUP+1b411097-df3c-4cac-a649-ba6b6b22fcd4
20:50:28.205 [main] INFO  c.a.n.c.c.i.CacheData - [addListener,197] - [fixed-1b411097-df3c-4cac-a649-ba6b6b22fcd4-localhost_8848] [add-listener] ok, tenant=1b411097-df3c-4cac-a649-ba6b6b22fcd4, dataId=oj-gateway, group=DEFAULT_GROUP, cnt=1
20:50:28.205 [main] INFO  c.a.c.n.r.NacosContextRefresher - [registerNacosListener,129] - [Nacos Config] Listening config: dataId=oj-gateway, group=DEFAULT_GROUP
20:50:28.206 [main] INFO  c.a.n.c.c.i.ClientWorker - [addCacheDataIfAbsent,380] - [fixed-1b411097-df3c-4cac-a649-ba6b6b22fcd4-localhost_8848] [subscribe] oj-gateway.yaml+DEFAULT_GROUP+1b411097-df3c-4cac-a649-ba6b6b22fcd4
20:50:28.206 [main] INFO  c.a.n.c.c.i.CacheData - [addListener,197] - [fixed-1b411097-df3c-4cac-a649-ba6b6b22fcd4-localhost_8848] [add-listener] ok, tenant=1b411097-df3c-4cac-a649-ba6b6b22fcd4, dataId=oj-gateway.yaml, group=DEFAULT_GROUP, cnt=1
20:50:28.206 [main] INFO  c.a.c.n.r.NacosContextRefresher - [registerNacosListener,129] - [Nacos Config] Listening config: dataId=oj-gateway.yaml, group=DEFAULT_GROUP
20:53:15.011 [nacos-grpc-client-executor-localhost-22] INFO  c.a.n.c.r.client - [printIfInfoEnabled,63] - [76934e6f-e4af-4073-8b1e-54d219c3b376_config-0] Receive server push request, request = ConfigChangeNotifyRequest, requestId = 6
20:53:15.011 [nacos-grpc-client-executor-localhost-22] INFO  c.a.n.c.c.i.ClientWorker - [lambda$initRpcClientHandler$0,606] - [76934e6f-e4af-4073-8b1e-54d219c3b376_config-0] [server-push] config changed. dataId=oj-gateway-local.yaml, group=DEFAULT_GROUP,tenant=1b411097-df3c-4cac-a649-ba6b6b22fcd4
20:53:15.011 [nacos-grpc-client-executor-localhost-22] INFO  c.a.n.c.r.client - [printIfInfoEnabled,63] - [76934e6f-e4af-4073-8b1e-54d219c3b376_config-0] Ack server push request, request = ConfigChangeNotifyRequest, requestId = 6
20:53:15.014 [nacos-grpc-client-executor-localhost-24] INFO  c.a.n.c.r.client - [printIfInfoEnabled,63] - [76934e6f-e4af-4073-8b1e-54d219c3b376_config-0] Receive server push request, request = ConfigChangeNotifyRequest, requestId = 7
20:53:15.014 [nacos-grpc-client-executor-localhost-24] INFO  c.a.n.c.c.i.ClientWorker - [lambda$initRpcClientHandler$0,606] - [76934e6f-e4af-4073-8b1e-54d219c3b376_config-0] [server-push] config changed. dataId=oj-gateway-local.yaml, group=DEFAULT_GROUP,tenant=1b411097-df3c-4cac-a649-ba6b6b22fcd4
20:53:15.014 [nacos-grpc-client-executor-localhost-24] INFO  c.a.n.c.r.client - [printIfInfoEnabled,63] - [76934e6f-e4af-4073-8b1e-54d219c3b376_config-0] Ack server push request, request = ConfigChangeNotifyRequest, requestId = 7
20:53:15.022 [SpringApplicationShutdownHook] INFO  c.a.c.n.r.NacosServiceRegistry - [deregister,95] - De-registering from Nacos Server now...
20:53:15.022 [SpringApplicationShutdownHook] INFO  c.a.n.client.naming - [deregisterService,217] - [DEREGISTER-SERVICE] 1b411097-df3c-4cac-a649-ba6b6b22fcd4 deregistering service oj-gateway with instance: Instance{instanceId='null', ip='172.20.10.6', port=19090, weight=1.0, healthy=true, enabled=true, ephemeral=true, clusterName='DEFAULT', serviceName='null', metadata={}}
20:53:15.026 [com.alibaba.nacos.client.Worker] INFO  c.a.n.c.c.i.ClientWorker - [refreshContentAndCheck,449] - [fixed-1b411097-df3c-4cac-a649-ba6b6b22fcd4-localhost_8848] [data-received] dataId=oj-gateway-local.yaml, group=DEFAULT_GROUP, tenant=1b411097-df3c-4cac-a649-ba6b6b22fcd4, md5=2cd74770b59d2f47bbbec70bdf8567e6, content=server:
  port: 19090
spring:
  data:
    redis:
      host: localhost
      password: 123456
  clou..., type=yaml
20:53:15.026 [SpringApplicationShutdownHook] INFO  c.a.c.n.r.NacosServiceRegistry - [deregister,115] - De-registration finished.
20:53:15.026 [SpringApplicationShutdownHook] INFO  c.a.n.client.naming - [shutdown,256] - com.alibaba.nacos.client.naming.cache.ServiceInfoHolder do shutdown begin
20:53:15.026 [SpringApplicationShutdownHook] INFO  c.a.n.client.naming - [shutdown,136] - com.alibaba.nacos.client.naming.backups.FailoverReactor do shutdown begin
20:53:15.027 [SpringApplicationShutdownHook] INFO  c.a.n.client.naming - [shutdown,138] - com.alibaba.nacos.client.naming.backups.FailoverReactor do shutdown stop
20:53:15.027 [com.alibaba.nacos.client.Worker] INFO  c.a.n.c.c.i.CacheData - [safeNotifyListener,383] - [fixed-1b411097-df3c-4cac-a649-ba6b6b22fcd4-localhost_8848] [notify-listener] time cost=1ms in ClientWorker, dataId=oj-gateway-local.yaml, group=DEFAULT_GROUP, md5=2cd74770b59d2f47bbbec70bdf8567e6, listener=com.alibaba.cloud.nacos.refresh.NacosContextRefresher$1@57df548a 
20:53:15.027 [nacos.client.cachedata.internal.notifier] INFO  c.a.n.c.c.i.CacheData - [lambda$safeNotifyListener$1,319] - [fixed-1b411097-df3c-4cac-a649-ba6b6b22fcd4-localhost_8848] [notify-context] dataId=oj-gateway-local.yaml, group=DEFAULT_GROUP, md5=2cd74770b59d2f47bbbec70bdf8567e6
20:53:15.027 [SpringApplicationShutdownHook] INFO  c.a.n.client.naming - [shutdown,258] - com.alibaba.nacos.client.naming.cache.ServiceInfoHolder do shutdown stop
20:53:15.027 [SpringApplicationShutdownHook] INFO  c.a.n.client.naming - [shutdown,204] - com.alibaba.nacos.client.naming.remote.NamingClientProxyDelegate do shutdown begin
20:53:15.027 [SpringApplicationShutdownHook] INFO  c.a.n.client.naming - [shutdown,143] - com.alibaba.nacos.client.naming.core.ServiceInfoUpdateService do shutdown begin
20:53:15.027 [SpringApplicationShutdownHook] INFO  c.a.n.client.naming - [shutdown,145] - com.alibaba.nacos.client.naming.core.ServiceInfoUpdateService do shutdown stop
20:53:15.027 [SpringApplicationShutdownHook] INFO  c.a.n.client.naming - [shutdown,194] - com.alibaba.nacos.client.naming.core.ServerListManager do shutdown begin
20:53:15.027 [SpringApplicationShutdownHook] INFO  c.a.n.client.naming - [shutdown,199] - com.alibaba.nacos.client.naming.core.ServerListManager do shutdown stop
20:53:15.028 [SpringApplicationShutdownHook] INFO  c.a.n.client.naming - [shutdown,484] - com.alibaba.nacos.client.naming.remote.http.NamingHttpClientProxy do shutdown begin
20:53:15.028 [nacos.client.cachedata.internal.notifier] INFO  c.a.n.c.c.i.CacheData - [lambda$safeNotifyListener$1,345] - [fixed-1b411097-df3c-4cac-a649-ba6b6b22fcd4-localhost_8848] [notify-ok] dataId=oj-gateway-local.yaml, group=DEFAULT_GROUP, md5=2cd74770b59d2f47bbbec70bdf8567e6, listener=com.alibaba.cloud.nacos.refresh.NacosContextRefresher$1@57df548a ,cost=1 millis.
20:53:15.028 [SpringApplicationShutdownHook] INFO  c.a.n.client.naming - [shutdown,486] - com.alibaba.nacos.client.naming.remote.http.NamingHttpClientProxy do shutdown stop
20:53:15.028 [SpringApplicationShutdownHook] INFO  c.a.n.c.r.client - [shutdown,429] - Shutdown rpc client, set status to shutdown
20:53:15.028 [SpringApplicationShutdownHook] INFO  c.a.n.c.r.client - [shutdown,431] - Shutdown client event executor java.util.concurrent.ScheduledThreadPoolExecutor@6d475ca[Running, pool size = 2, active threads = 2, queued tasks = 0, completed tasks = 0]
20:53:15.028 [SpringApplicationShutdownHook] INFO  c.a.n.c.r.client - [closeConnection,584] - Close current connection 1777467028028_172.17.0.1_39378
20:53:15.030 [nacos-grpc-client-executor-localhost-14] INFO  c.a.n.c.r.c.g.GrpcClient - [printIfInfoEnabled,63] - [1777467028028_172.17.0.1_39378]Ignore complete event,isRunning:false,isAbandon=false
20:53:15.032 [SpringApplicationShutdownHook] INFO  c.a.n.c.r.c.g.GrpcClient - [shutdown,159] - Shutdown grpc executor java.util.concurrent.ThreadPoolExecutor@6cc7e16e[Running, pool size = 3, active threads = 0, queued tasks = 0, completed tasks = 15]
20:53:15.032 [SpringApplicationShutdownHook] INFO  c.a.n.client.naming - [shutdown,318] - Shutdown grpc redo service executor java.util.concurrent.ScheduledThreadPoolExecutor@742505be[Running, pool size = 1, active threads = 0, queued tasks = 1, completed tasks = 7]
20:53:15.032 [SpringApplicationShutdownHook] INFO  c.a.n.c.a.r.i.CredentialWatcher - [stop,106] - [null] CredentialWatcher is stopped
20:53:15.032 [SpringApplicationShutdownHook] INFO  c.a.n.c.a.r.i.CredentialService - [free,100] - [null] CredentialService is freed
20:53:15.032 [SpringApplicationShutdownHook] INFO  c.a.n.client.naming - [shutdown,211] - com.alibaba.nacos.client.naming.remote.NamingClientProxyDelegate do shutdown stop
20:53:19.752 [background-preinit] INFO  o.h.v.i.util.Version - [<clinit>,21] - HV000001: Hibernate Validator 8.0.0.Final
20:53:19.953 [main] INFO  c.a.n.c.u.ParamUtil - [<clinit>,87] - [settings] [req-serv] nacos-server port:8848
20:53:19.953 [main] INFO  c.a.n.c.u.ParamUtil - [<clinit>,98] - [settings] [http-client] connect timeout:1000
20:53:19.954 [main] INFO  c.a.n.c.u.ParamUtil - [<clinit>,105] - PER_TASK_CONFIG_SIZE: 3000.0
20:53:19.973 [main] INFO  c.a.n.p.a.s.c.ClientAuthPluginManager - [init,56] - [ClientAuthPluginManager] Load ClientAuthService com.alibaba.nacos.client.auth.impl.NacosClientAuthServiceImpl success.
20:53:19.973 [main] INFO  c.a.n.p.a.s.c.ClientAuthPluginManager - [init,56] - [ClientAuthPluginManager] Load ClientAuthService com.alibaba.nacos.client.auth.ram.RamClientAuthServiceImpl success.
20:53:19.975 [main] INFO  c.a.n.c.a.r.i.CredentialWatcher - [loadCredential,165] - null No credential found
20:53:20.200 [main] INFO  c.a.n.c.c.i.LocalConfigInfoProcessor - [<clinit>,63] - LOCAL_SNAPSHOT_PATH:C:\Users\45\nacos\config
20:53:20.203 [main] INFO  c.a.n.c.r.client - [lambda$createClient$0,108] - [RpcClientFactory] create a new rpc client of d7c77ac4-ad9c-4bf8-9f3f-976402fabf42_config-0
20:53:20.217 [main] INFO  c.a.n.c.r.client - [printIfInfoEnabled,63] - [d7c77ac4-ad9c-4bf8-9f3f-976402fabf42_config-0] Register server push request handler:com.alibaba.nacos.client.config.impl.ClientWorker$ConfigRpcTransportClient$$Lambda$574/0x000002495036b3e0
20:53:20.218 [main] INFO  c.a.n.c.r.client - [printIfInfoEnabled,63] - [d7c77ac4-ad9c-4bf8-9f3f-976402fabf42_config-0] Register server push request handler:com.alibaba.nacos.client.config.impl.ClientWorker$ConfigRpcTransportClient$$Lambda$575/0x000002495036b800
20:53:20.218 [main] INFO  c.a.n.c.r.client - [printIfInfoEnabled,63] - [d7c77ac4-ad9c-4bf8-9f3f-976402fabf42_config-0] Registry connection listener to current client:com.alibaba.nacos.client.config.impl.ClientWorker$ConfigRpcTransportClient$1
20:53:20.218 [main] INFO  c.a.n.c.r.client - [printIfInfoEnabled,63] - [d7c77ac4-ad9c-4bf8-9f3f-976402fabf42_config-0] RpcClient init, ServerListFactory = com.alibaba.nacos.client.config.impl.ClientWorker$ConfigRpcTransportClient$2
20:53:20.225 [main] INFO  c.a.n.c.r.client - [printIfInfoEnabled,63] - [d7c77ac4-ad9c-4bf8-9f3f-976402fabf42_config-0] Try to connect to server on start up, server: {serverIp = 'localhost', server main port = 8848}
20:53:20.256 [main] INFO  c.a.n.c.r.c.g.GrpcClient - [createNewManagedChannel,182] - grpc client connection server:localhost ip,serverPort:9848,grpcTslConfig:{"sslProvider":"OPENSSL","enableTls":false,"mutualAuthEnable":false,"trustAll":false}
20:53:20.963 [main] INFO  c.a.n.c.r.client - [printIfInfoEnabled,63] - [d7c77ac4-ad9c-4bf8-9f3f-976402fabf42_config-0] Success to connect to server [localhost:8848] on start up, connectionId = 1777467200791_172.17.0.1_55654
20:53:20.983 [com.alibaba.nacos.client.remote.worker] INFO  c.a.n.c.r.client - [printIfInfoEnabled,63] - [d7c77ac4-ad9c-4bf8-9f3f-976402fabf42_config-0] Notify connected event to listeners.
20:53:20.983 [main] INFO  c.a.n.c.r.client - [printIfInfoEnabled,63] - [d7c77ac4-ad9c-4bf8-9f3f-976402fabf42_config-0] Register server push request handler:com.alibaba.nacos.common.remote.client.RpcClient$ConnectResetRequestHandler
20:53:20.983 [com.alibaba.nacos.client.remote.worker] INFO  c.a.n.c.c.i.ClientWorker - [onConnected,639] - [d7c77ac4-ad9c-4bf8-9f3f-976402fabf42_config-0] Connected,notify listen context...
20:53:20.984 [main] INFO  c.a.n.c.r.client - [printIfInfoEnabled,63] - [d7c77ac4-ad9c-4bf8-9f3f-976402fabf42_config-0] Register server push request handler:com.alibaba.nacos.common.remote.client.RpcClient$$Lambda$595/0x00000249504f2c28
20:53:21.009 [main] INFO  c.a.n.c.c.i.Limiter - [<clinit>,62] - limitTime:5.0
20:53:21.029 [main] INFO  c.a.n.c.c.u.JvmUtil - [<clinit>,54] - isMultiInstance:false
20:53:21.034 [main] INFO  o.s.c.b.c.PropertySourceBootstrapConfiguration - [initialize,108] - Located property source: [BootstrapPropertySource {name='bootstrapProperties-oj-gateway-local.yaml,DEFAULT_GROUP'}, BootstrapPropertySource {name='bootstrapProperties-oj-gateway.yaml,DEFAULT_GROUP'}, BootstrapPropertySource {name='bootstrapProperties-oj-gateway,DEFAULT_GROUP'}]
20:53:21.038 [main] INFO  c.b.g.OjGatewayApplication - [logStartupProfileInfo,636] - The following 1 profile is active: "local"
20:53:21.347 [main] INFO  o.s.d.r.c.RepositoryConfigurationDelegate - [multipleStoresDetected,294] - Multiple Spring Data modules found, entering strict repository configuration mode
20:53:21.349 [main] INFO  o.s.d.r.c.RepositoryConfigurationDelegate - [registerRepositoriesIn,138] - Bootstrapping Spring Data Redis repositories in DEFAULT mode.
20:53:21.363 [main] INFO  o.s.d.r.c.RepositoryConfigurationDelegate - [registerRepositoriesIn,208] - Finished Spring Data repository scanning in 5 ms. Found 0 Redis repository interfaces.
20:53:21.470 [main] INFO  o.s.c.c.s.GenericScope - [setSerializationId,282] - BeanFactory id=a2242d8d-f5fd-3a65-be67-7fd022a476aa
20:53:21.497 [main] INFO  o.s.c.s.PostProcessorRegistrationDelegate$BeanPostProcessorChecker - [postProcessAfterInitialization,409] - Bean 'org.springframework.cloud.client.loadbalancer.reactive.LoadBalancerBeanPostProcessorAutoConfiguration' of type [org.springframework.cloud.client.loadbalancer.reactive.LoadBalancerBeanPostProcessorAutoConfiguration] is not eligible for getting processed by all BeanPostProcessors (for example: not eligible for auto-proxying)
20:53:21.498 [main] INFO  o.s.c.s.PostProcessorRegistrationDelegate$BeanPostProcessorChecker - [postProcessAfterInitialization,409] - Bean 'org.springframework.cloud.client.loadbalancer.reactive.LoadBalancerBeanPostProcessorAutoConfiguration$ReactorDeferringLoadBalancerFilterConfig' of type [org.springframework.cloud.client.loadbalancer.reactive.LoadBalancerBeanPostProcessorAutoConfiguration$ReactorDeferringLoadBalancerFilterConfig] is not eligible for getting processed by all BeanPostProcessors (for example: not eligible for auto-proxying)
20:53:21.499 [main] INFO  o.s.c.s.PostProcessorRegistrationDelegate$BeanPostProcessorChecker - [postProcessAfterInitialization,409] - Bean 'reactorDeferringLoadBalancerExchangeFilterFunction' of type [org.springframework.cloud.client.loadbalancer.reactive.DeferringLoadBalancerExchangeFilterFunction] is not eligible for getting processed by all BeanPostProcessors (for example: not eligible for auto-proxying)
20:53:22.448 [main] INFO  o.s.c.g.r.RouteDefinitionRouteLocator - [lambda$initFactories$1,88] - Loaded RoutePredicateFactory [After]
20:53:22.448 [main] INFO  o.s.c.g.r.RouteDefinitionRouteLocator - [lambda$initFactories$1,88] - Loaded RoutePredicateFactory [Before]
20:53:22.448 [main] INFO  o.s.c.g.r.RouteDefinitionRouteLocator - [lambda$initFactories$1,88] - Loaded RoutePredicateFactory [Between]
20:53:22.448 [main] INFO  o.s.c.g.r.RouteDefinitionRouteLocator - [lambda$initFactories$1,88] - Loaded RoutePredicateFactory [Cookie]
20:53:22.448 [main] INFO  o.s.c.g.r.RouteDefinitionRouteLocator - [lambda$initFactories$1,88] - Loaded RoutePredicateFactory [Header]
20:53:22.448 [main] INFO  o.s.c.g.r.RouteDefinitionRouteLocator - [lambda$initFactories$1,88] - Loaded RoutePredicateFactory [Host]
20:53:22.448 [main] INFO  o.s.c.g.r.RouteDefinitionRouteLocator - [lambda$initFactories$1,88] - Loaded RoutePredicateFactory [Method]
20:53:22.448 [main] INFO  o.s.c.g.r.RouteDefinitionRouteLocator - [lambda$initFactories$1,88] - Loaded RoutePredicateFactory [Path]
20:53:22.448 [main] INFO  o.s.c.g.r.RouteDefinitionRouteLocator - [lambda$initFactories$1,88] - Loaded RoutePredicateFactory [Query]
20:53:22.448 [main] INFO  o.s.c.g.r.RouteDefinitionRouteLocator - [lambda$initFactories$1,88] - Loaded RoutePredicateFactory [ReadBody]
20:53:22.449 [main] INFO  o.s.c.g.r.RouteDefinitionRouteLocator - [lambda$initFactories$1,88] - Loaded RoutePredicateFactory [RemoteAddr]
20:53:22.449 [main] INFO  o.s.c.g.r.RouteDefinitionRouteLocator - [lambda$initFactories$1,88] - Loaded RoutePredicateFactory [XForwardedRemoteAddr]
20:53:22.449 [main] INFO  o.s.c.g.r.RouteDefinitionRouteLocator - [lambda$initFactories$1,88] - Loaded RoutePredicateFactory [Weight]
20:53:22.449 [main] INFO  o.s.c.g.r.RouteDefinitionRouteLocator - [lambda$initFactories$1,88] - Loaded RoutePredicateFactory [CloudFoundryRouteService]
20:53:22.881 [main] INFO  o.s.b.w.e.n.NettyWebServer - [start,111] - Netty started on port 19090
20:53:23.138 [main] INFO  c.a.n.client.naming - [initNamespaceForNaming,62] - initializer namespace from ans.namespace attribute : null
20:53:23.139 [main] INFO  c.a.n.client.naming - [lambda$initNamespaceForNaming$0,66] - initializer namespace from ALIBABA_ALIWARE_NAMESPACE attribute :null
20:53:23.140 [main] INFO  c.a.n.client.naming - [lambda$initNamespaceForNaming$1,73] - initializer namespace from namespace attribute :null
20:53:23.147 [main] INFO  c.a.n.p.a.s.c.ClientAuthPluginManager - [init,56] - [ClientAuthPluginManager] Load ClientAuthService com.alibaba.nacos.client.auth.impl.NacosClientAuthServiceImpl success.
20:53:23.148 [main] INFO  c.a.n.p.a.s.c.ClientAuthPluginManager - [init,56] - [ClientAuthPluginManager] Load ClientAuthService com.alibaba.nacos.client.auth.ram.RamClientAuthServiceImpl success.
20:53:23.152 [main] INFO  c.a.n.c.r.client - [lambda$createClient$0,108] - [RpcClientFactory] create a new rpc client of 172cb853-3c65-43db-9a10-63700f7dc4ae
20:53:23.153 [main] INFO  c.a.n.c.r.client - [printIfInfoEnabled,63] - [172cb853-3c65-43db-9a10-63700f7dc4ae] RpcClient init, ServerListFactory = com.alibaba.nacos.client.naming.core.ServerListManager
20:53:23.153 [main] INFO  c.a.n.c.r.client - [printIfInfoEnabled,63] - [172cb853-3c65-43db-9a10-63700f7dc4ae] Registry connection listener to current client:com.alibaba.nacos.client.naming.remote.gprc.redo.NamingGrpcRedoService
20:53:23.153 [main] INFO  c.a.n.c.r.client - [printIfInfoEnabled,63] - [172cb853-3c65-43db-9a10-63700f7dc4ae] Register server push request handler:com.alibaba.nacos.client.naming.remote.gprc.NamingPushRequestHandler
20:53:23.154 [main] INFO  c.a.n.c.r.client - [printIfInfoEnabled,63] - [172cb853-3c65-43db-9a10-63700f7dc4ae] Try to connect to server on start up, server: {serverIp = 'localhost', server main port = 8848}
20:53:23.154 [main] INFO  c.a.n.c.r.c.g.GrpcClient - [createNewManagedChannel,182] - grpc client connection server:localhost ip,serverPort:9848,grpcTslConfig:{"sslProvider":"OPENSSL","enableTls":false,"mutualAuthEnable":false,"trustAll":false}
20:53:23.267 [main] INFO  c.a.n.c.r.client - [printIfInfoEnabled,63] - [172cb853-3c65-43db-9a10-63700f7dc4ae] Success to connect to server [localhost:8848] on start up, connectionId = 1777467203159_172.17.0.1_55670
20:53:23.268 [main] INFO  c.a.n.c.r.client - [printIfInfoEnabled,63] - [172cb853-3c65-43db-9a10-63700f7dc4ae] Register server push request handler:com.alibaba.nacos.common.remote.client.RpcClient$ConnectResetRequestHandler
20:53:23.268 [com.alibaba.nacos.client.remote.worker] INFO  c.a.n.c.r.client - [printIfInfoEnabled,63] - [172cb853-3c65-43db-9a10-63700f7dc4ae] Notify connected event to listeners.
20:53:23.268 [main] INFO  c.a.n.c.r.client - [printIfInfoEnabled,63] - [172cb853-3c65-43db-9a10-63700f7dc4ae] Register server push request handler:com.alibaba.nacos.common.remote.client.RpcClient$$Lambda$595/0x00000249504f2c28
20:53:23.270 [com.alibaba.nacos.client.remote.worker] INFO  c.a.n.client.naming - [onConnected,78] - Grpc connection connect
20:53:23.273 [main] INFO  c.a.n.client.naming - [registerService,121] - [REGISTER-SERVICE] 1b411097-df3c-4cac-a649-ba6b6b22fcd4 registering service oj-gateway with instance Instance{instanceId='null', ip='172.20.10.6', port=19090, weight=1.0, healthy=true, enabled=true, ephemeral=true, clusterName='DEFAULT', serviceName='null', metadata={IPv6=[2409:897a:3d80:97a3:543:892d:f811:3246], preserved.register.source=SPRING_CLOUD}}
20:53:23.284 [main] INFO  c.a.c.n.r.NacosServiceRegistry - [register,76] - nacos registry, DEFAULT_GROUP oj-gateway 172.20.10.6:19090 register finished
20:53:23.321 [main] INFO  c.b.g.OjGatewayApplication - [logStarted,57] - Started OjGatewayApplication in 3.977 seconds (process running for 4.611)
20:53:23.324 [main] INFO  c.a.n.c.c.i.CacheData - [<clinit>,67] - nacos.cache.data.init.snapshot = true 
20:53:23.325 [main] INFO  c.a.n.c.c.i.ClientWorker - [addCacheDataIfAbsent,380] - [fixed-1b411097-df3c-4cac-a649-ba6b6b22fcd4-localhost_8848] [subscribe] oj-gateway-local.yaml+DEFAULT_GROUP+1b411097-df3c-4cac-a649-ba6b6b22fcd4
20:53:23.329 [main] INFO  c.a.n.c.c.i.CacheData - [addListener,197] - [fixed-1b411097-df3c-4cac-a649-ba6b6b22fcd4-localhost_8848] [add-listener] ok, tenant=1b411097-df3c-4cac-a649-ba6b6b22fcd4, dataId=oj-gateway-local.yaml, group=DEFAULT_GROUP, cnt=1
20:53:23.329 [main] INFO  c.a.c.n.r.NacosContextRefresher - [registerNacosListener,129] - [Nacos Config] Listening config: dataId=oj-gateway-local.yaml, group=DEFAULT_GROUP
20:53:23.330 [main] INFO  c.a.n.c.c.i.ClientWorker - [addCacheDataIfAbsent,380] - [fixed-1b411097-df3c-4cac-a649-ba6b6b22fcd4-localhost_8848] [subscribe] oj-gateway+DEFAULT_GROUP+1b411097-df3c-4cac-a649-ba6b6b22fcd4
20:53:23.330 [main] INFO  c.a.n.c.c.i.CacheData - [addListener,197] - [fixed-1b411097-df3c-4cac-a649-ba6b6b22fcd4-localhost_8848] [add-listener] ok, tenant=1b411097-df3c-4cac-a649-ba6b6b22fcd4, dataId=oj-gateway, group=DEFAULT_GROUP, cnt=1
20:53:23.330 [main] INFO  c.a.c.n.r.NacosContextRefresher - [registerNacosListener,129] - [Nacos Config] Listening config: dataId=oj-gateway, group=DEFAULT_GROUP
20:53:23.330 [main] INFO  c.a.n.c.c.i.ClientWorker - [addCacheDataIfAbsent,380] - [fixed-1b411097-df3c-4cac-a649-ba6b6b22fcd4-localhost_8848] [subscribe] oj-gateway.yaml+DEFAULT_GROUP+1b411097-df3c-4cac-a649-ba6b6b22fcd4
20:53:23.330 [main] INFO  c.a.n.c.c.i.CacheData - [addListener,197] - [fixed-1b411097-df3c-4cac-a649-ba6b6b22fcd4-localhost_8848] [add-listener] ok, tenant=1b411097-df3c-4cac-a649-ba6b6b22fcd4, dataId=oj-gateway.yaml, group=DEFAULT_GROUP, cnt=1
20:53:23.330 [main] INFO  c.a.c.n.r.NacosContextRefresher - [registerNacosListener,129] - [Nacos Config] Listening config: dataId=oj-gateway.yaml, group=DEFAULT_GROUP
20:54:58.183 [boundedElastic-1] INFO  c.a.n.client.naming - [subscribe,167] - [SUBSCRIBE-SERVICE] service:oj-system, group:DEFAULT_GROUP, clusters: 
20:54:58.192 [boundedElastic-1] INFO  c.a.n.client.naming - [isChangedServiceInfo,184] - init new ips(1) service: DEFAULT_GROUP@@oj-system -> [{"ip":"172.20.10.6","port":9201,"weight":1.0,"healthy":true,"enabled":true,"ephemeral":true,"clusterName":"DEFAULT","serviceName":"DEFAULT_GROUP@@oj-system","metadata":{"preserved.register.source":"SPRING_CLOUD","IPv6":"[2409:897a:3d80:97a3:543:892d:f811:3246]"},"instanceHeartBeatInterval":5000,"instanceHeartBeatTimeOut":15000,"ipDeleteTimeout":30000}]
20:54:58.193 [boundedElastic-1] INFO  c.a.n.client.naming - [processServiceInfo,169] - current ips:(1) service: DEFAULT_GROUP@@oj-system -> [{"ip":"172.20.10.6","port":9201,"weight":1.0,"healthy":true,"enabled":true,"ephemeral":true,"clusterName":"DEFAULT","serviceName":"DEFAULT_GROUP@@oj-system","metadata":{"preserved.register.source":"SPRING_CLOUD","IPv6":"[2409:897a:3d80:97a3:543:892d:f811:3246]"},"instanceHeartBeatInterval":5000,"instanceHeartBeatTimeOut":15000,"ipDeleteTimeout":30000}]
20:54:58.272 [SpringApplicationShutdownHook] INFO  c.a.c.n.r.NacosServiceRegistry - [deregister,95] - De-registering from Nacos Server now...
20:54:58.272 [SpringApplicationShutdownHook] INFO  c.a.n.client.naming - [deregisterService,217] - [DEREGISTER-SERVICE] 1b411097-df3c-4cac-a649-ba6b6b22fcd4 deregistering service oj-gateway with instance: Instance{instanceId='null', ip='172.20.10.6', port=19090, weight=1.0, healthy=true, enabled=true, ephemeral=true, clusterName='DEFAULT', serviceName='null', metadata={}}
20:54:58.277 [SpringApplicationShutdownHook] INFO  c.a.c.n.r.NacosServiceRegistry - [deregister,115] - De-registration finished.
20:54:58.278 [SpringApplicationShutdownHook] INFO  c.a.n.client.naming - [shutdown,256] - com.alibaba.nacos.client.naming.cache.ServiceInfoHolder do shutdown begin
20:54:58.278 [SpringApplicationShutdownHook] INFO  c.a.n.client.naming - [shutdown,136] - com.alibaba.nacos.client.naming.backups.FailoverReactor do shutdown begin
20:54:58.278 [SpringApplicationShutdownHook] INFO  c.a.n.client.naming - [shutdown,138] - com.alibaba.nacos.client.naming.backups.FailoverReactor do shutdown stop
20:54:58.278 [SpringApplicationShutdownHook] INFO  c.a.n.client.naming - [shutdown,258] - com.alibaba.nacos.client.naming.cache.ServiceInfoHolder do shutdown stop
20:54:58.278 [SpringApplicationShutdownHook] INFO  c.a.n.client.naming - [shutdown,204] - com.alibaba.nacos.client.naming.remote.NamingClientProxyDelegate do shutdown begin
20:54:58.278 [SpringApplicationShutdownHook] INFO  c.a.n.client.naming - [shutdown,143] - com.alibaba.nacos.client.naming.core.ServiceInfoUpdateService do shutdown begin
20:54:58.278 [SpringApplicationShutdownHook] INFO  c.a.n.client.naming - [shutdown,145] - com.alibaba.nacos.client.naming.core.ServiceInfoUpdateService do shutdown stop
20:54:58.278 [SpringApplicationShutdownHook] INFO  c.a.n.client.naming - [shutdown,194] - com.alibaba.nacos.client.naming.core.ServerListManager do shutdown begin
20:54:58.278 [SpringApplicationShutdownHook] INFO  c.a.n.client.naming - [shutdown,199] - com.alibaba.nacos.client.naming.core.ServerListManager do shutdown stop
20:54:58.279 [SpringApplicationShutdownHook] INFO  c.a.n.client.naming - [shutdown,484] - com.alibaba.nacos.client.naming.remote.http.NamingHttpClientProxy do shutdown begin
20:54:58.279 [SpringApplicationShutdownHook] INFO  c.a.n.client.naming - [shutdown,486] - com.alibaba.nacos.client.naming.remote.http.NamingHttpClientProxy do shutdown stop
20:54:58.279 [SpringApplicationShutdownHook] INFO  c.a.n.c.r.client - [shutdown,429] - Shutdown rpc client, set status to shutdown
20:54:58.279 [SpringApplicationShutdownHook] INFO  c.a.n.c.r.client - [shutdown,431] - Shutdown client event executor java.util.concurrent.ScheduledThreadPoolExecutor@5a867ff9[Running, pool size = 2, active threads = 2, queued tasks = 0, completed tasks = 0]
20:54:58.279 [SpringApplicationShutdownHook] INFO  c.a.n.c.r.client - [closeConnection,584] - Close current connection 1777467203159_172.17.0.1_55670
20:54:58.281 [nacos-grpc-client-executor-localhost-24] INFO  c.a.n.c.r.c.g.GrpcClient - [printIfInfoEnabled,63] - [1777467203159_172.17.0.1_55670]Ignore complete event,isRunning:false,isAbandon=false
20:54:58.282 [SpringApplicationShutdownHook] INFO  c.a.n.c.r.c.g.GrpcClient - [shutdown,159] - Shutdown grpc executor java.util.concurrent.ThreadPoolExecutor@38523a0a[Running, pool size = 8, active threads = 0, queued tasks = 0, completed tasks = 25]
20:54:58.282 [SpringApplicationShutdownHook] INFO  c.a.n.client.naming - [shutdown,318] - Shutdown grpc redo service executor java.util.concurrent.ScheduledThreadPoolExecutor@73381bc2[Running, pool size = 1, active threads = 0, queued tasks = 1, completed tasks = 13]
20:54:58.283 [SpringApplicationShutdownHook] INFO  c.a.n.c.a.r.i.CredentialWatcher - [stop,106] - [null] CredentialWatcher is stopped
20:54:58.283 [SpringApplicationShutdownHook] INFO  c.a.n.c.a.r.i.CredentialService - [free,100] - [null] CredentialService is freed
20:54:58.283 [SpringApplicationShutdownHook] INFO  c.a.n.client.naming - [shutdown,211] - com.alibaba.nacos.client.naming.remote.NamingClientProxyDelegate do shutdown stop
22:58:45.863 [background-preinit] INFO  o.h.v.i.util.Version - [<clinit>,21] - HV000001: Hibernate Validator 8.0.0.Final
22:58:46.052 [main] INFO  c.a.n.c.u.ParamUtil - [<clinit>,87] - [settings] [req-serv] nacos-server port:8848
22:58:46.052 [main] INFO  c.a.n.c.u.ParamUtil - [<clinit>,98] - [settings] [http-client] connect timeout:1000
22:58:46.053 [main] INFO  c.a.n.c.u.ParamUtil - [<clinit>,105] - PER_TASK_CONFIG_SIZE: 3000.0
22:58:46.072 [main] INFO  c.a.n.p.a.s.c.ClientAuthPluginManager - [init,56] - [ClientAuthPluginManager] Load ClientAuthService com.alibaba.nacos.client.auth.impl.NacosClientAuthServiceImpl success.
22:58:46.072 [main] INFO  c.a.n.p.a.s.c.ClientAuthPluginManager - [init,56] - [ClientAuthPluginManager] Load ClientAuthService com.alibaba.nacos.client.auth.ram.RamClientAuthServiceImpl success.
22:58:46.075 [main] INFO  c.a.n.c.a.r.i.CredentialWatcher - [loadCredential,165] - null No credential found
22:58:46.268 [main] INFO  c.a.n.c.c.i.LocalConfigInfoProcessor - [<clinit>,63] - LOCAL_SNAPSHOT_PATH:C:\Users\45\nacos\config
22:58:46.271 [main] INFO  c.a.n.c.r.client - [lambda$createClient$0,108] - [RpcClientFactory] create a new rpc client of 97012aed-7757-4b40-bf2c-165a4e0c4df6_config-0
22:58:46.280 [main] INFO  c.a.n.c.r.client - [printIfInfoEnabled,63] - [97012aed-7757-4b40-bf2c-165a4e0c4df6_config-0] Register server push request handler:com.alibaba.nacos.client.config.impl.ClientWorker$ConfigRpcTransportClient$$Lambda$574/0x000002708936b900
22:58:46.280 [main] INFO  c.a.n.c.r.client - [printIfInfoEnabled,63] - [97012aed-7757-4b40-bf2c-165a4e0c4df6_config-0] Register server push request handler:com.alibaba.nacos.client.config.impl.ClientWorker$ConfigRpcTransportClient$$Lambda$575/0x000002708936bd20
22:58:46.280 [main] INFO  c.a.n.c.r.client - [printIfInfoEnabled,63] - [97012aed-7757-4b40-bf2c-165a4e0c4df6_config-0] Registry connection listener to current client:com.alibaba.nacos.client.config.impl.ClientWorker$ConfigRpcTransportClient$1
22:58:46.281 [main] INFO  c.a.n.c.r.client - [printIfInfoEnabled,63] - [97012aed-7757-4b40-bf2c-165a4e0c4df6_config-0] RpcClient init, ServerListFactory = com.alibaba.nacos.client.config.impl.ClientWorker$ConfigRpcTransportClient$2
22:58:46.286 [main] INFO  c.a.n.c.r.client - [printIfInfoEnabled,63] - [97012aed-7757-4b40-bf2c-165a4e0c4df6_config-0] Try to connect to server on start up, server: {serverIp = 'localhost', server main port = 8848}
22:58:46.309 [main] INFO  c.a.n.c.r.c.g.GrpcClient - [createNewManagedChannel,182] - grpc client connection server:localhost ip,serverPort:9848,grpcTslConfig:{"sslProvider":"OPENSSL","enableTls":false,"mutualAuthEnable":false,"trustAll":false}
22:58:46.971 [main] INFO  c.a.n.c.r.client - [printIfInfoEnabled,63] - [97012aed-7757-4b40-bf2c-165a4e0c4df6_config-0] Success to connect to server [localhost:8848] on start up, connectionId = 1777474726808_172.17.0.1_50942
22:58:46.972 [com.alibaba.nacos.client.remote.worker] INFO  c.a.n.c.r.client - [printIfInfoEnabled,63] - [97012aed-7757-4b40-bf2c-165a4e0c4df6_config-0] Notify connected event to listeners.
22:58:46.972 [main] INFO  c.a.n.c.r.client - [printIfInfoEnabled,63] - [97012aed-7757-4b40-bf2c-165a4e0c4df6_config-0] Register server push request handler:com.alibaba.nacos.common.remote.client.RpcClient$ConnectResetRequestHandler
22:58:46.972 [com.alibaba.nacos.client.remote.worker] INFO  c.a.n.c.c.i.ClientWorker - [onConnected,639] - [97012aed-7757-4b40-bf2c-165a4e0c4df6_config-0] Connected,notify listen context...
22:58:46.973 [main] INFO  c.a.n.c.r.client - [printIfInfoEnabled,63] - [97012aed-7757-4b40-bf2c-165a4e0c4df6_config-0] Register server push request handler:com.alibaba.nacos.common.remote.client.RpcClient$$Lambda$595/0x00000270894d30c8
22:58:46.993 [main] INFO  c.a.n.c.c.i.Limiter - [<clinit>,62] - limitTime:5.0
22:58:47.020 [main] INFO  c.a.n.c.c.u.JvmUtil - [<clinit>,54] - isMultiInstance:false
22:58:47.026 [main] INFO  o.s.c.b.c.PropertySourceBootstrapConfiguration - [initialize,108] - Located property source: [BootstrapPropertySource {name='bootstrapProperties-oj-gateway-local.yaml,DEFAULT_GROUP'}, BootstrapPropertySource {name='bootstrapProperties-oj-gateway.yaml,DEFAULT_GROUP'}, BootstrapPropertySource {name='bootstrapProperties-oj-gateway,DEFAULT_GROUP'}]
22:58:47.030 [main] INFO  c.b.g.OjGatewayApplication - [logStartupProfileInfo,636] - The following 1 profile is active: "local"
22:58:47.342 [main] INFO  o.s.d.r.c.RepositoryConfigurationDelegate - [multipleStoresDetected,294] - Multiple Spring Data modules found, entering strict repository configuration mode
22:58:47.344 [main] INFO  o.s.d.r.c.RepositoryConfigurationDelegate - [registerRepositoriesIn,138] - Bootstrapping Spring Data Redis repositories in DEFAULT mode.
22:58:47.358 [main] INFO  o.s.d.r.c.RepositoryConfigurationDelegate - [registerRepositoriesIn,208] - Finished Spring Data repository scanning in 5 ms. Found 0 Redis repository interfaces.
22:58:47.455 [main] INFO  o.s.c.c.s.GenericScope - [setSerializationId,282] - BeanFactory id=a2242d8d-f5fd-3a65-be67-7fd022a476aa
22:58:47.476 [main] INFO  o.s.c.s.PostProcessorRegistrationDelegate$BeanPostProcessorChecker - [postProcessAfterInitialization,409] - Bean 'org.springframework.cloud.client.loadbalancer.reactive.LoadBalancerBeanPostProcessorAutoConfiguration' of type [org.springframework.cloud.client.loadbalancer.reactive.LoadBalancerBeanPostProcessorAutoConfiguration] is not eligible for getting processed by all BeanPostProcessors (for example: not eligible for auto-proxying)
22:58:47.478 [main] INFO  o.s.c.s.PostProcessorRegistrationDelegate$BeanPostProcessorChecker - [postProcessAfterInitialization,409] - Bean 'org.springframework.cloud.client.loadbalancer.reactive.LoadBalancerBeanPostProcessorAutoConfiguration$ReactorDeferringLoadBalancerFilterConfig' of type [org.springframework.cloud.client.loadbalancer.reactive.LoadBalancerBeanPostProcessorAutoConfiguration$ReactorDeferringLoadBalancerFilterConfig] is not eligible for getting processed by all BeanPostProcessors (for example: not eligible for auto-proxying)
22:58:47.479 [main] INFO  o.s.c.s.PostProcessorRegistrationDelegate$BeanPostProcessorChecker - [postProcessAfterInitialization,409] - Bean 'reactorDeferringLoadBalancerExchangeFilterFunction' of type [org.springframework.cloud.client.loadbalancer.reactive.DeferringLoadBalancerExchangeFilterFunction] is not eligible for getting processed by all BeanPostProcessors (for example: not eligible for auto-proxying)
22:58:48.385 [main] INFO  o.s.c.g.r.RouteDefinitionRouteLocator - [lambda$initFactories$1,88] - Loaded RoutePredicateFactory [After]
22:58:48.385 [main] INFO  o.s.c.g.r.RouteDefinitionRouteLocator - [lambda$initFactories$1,88] - Loaded RoutePredicateFactory [Before]
22:58:48.385 [main] INFO  o.s.c.g.r.RouteDefinitionRouteLocator - [lambda$initFactories$1,88] - Loaded RoutePredicateFactory [Between]
22:58:48.385 [main] INFO  o.s.c.g.r.RouteDefinitionRouteLocator - [lambda$initFactories$1,88] - Loaded RoutePredicateFactory [Cookie]
22:58:48.385 [main] INFO  o.s.c.g.r.RouteDefinitionRouteLocator - [lambda$initFactories$1,88] - Loaded RoutePredicateFactory [Header]
22:58:48.385 [main] INFO  o.s.c.g.r.RouteDefinitionRouteLocator - [lambda$initFactories$1,88] - Loaded RoutePredicateFactory [Host]
22:58:48.385 [main] INFO  o.s.c.g.r.RouteDefinitionRouteLocator - [lambda$initFactories$1,88] - Loaded RoutePredicateFactory [Method]
22:58:48.385 [main] INFO  o.s.c.g.r.RouteDefinitionRouteLocator - [lambda$initFactories$1,88] - Loaded RoutePredicateFactory [Path]
22:58:48.386 [main] INFO  o.s.c.g.r.RouteDefinitionRouteLocator - [lambda$initFactories$1,88] - Loaded RoutePredicateFactory [Query]
22:58:48.386 [main] INFO  o.s.c.g.r.RouteDefinitionRouteLocator - [lambda$initFactories$1,88] - Loaded RoutePredicateFactory [ReadBody]
22:58:48.386 [main] INFO  o.s.c.g.r.RouteDefinitionRouteLocator - [lambda$initFactories$1,88] - Loaded RoutePredicateFactory [RemoteAddr]
22:58:48.386 [main] INFO  o.s.c.g.r.RouteDefinitionRouteLocator - [lambda$initFactories$1,88] - Loaded RoutePredicateFactory [XForwardedRemoteAddr]
22:58:48.386 [main] INFO  o.s.c.g.r.RouteDefinitionRouteLocator - [lambda$initFactories$1,88] - Loaded RoutePredicateFactory [Weight]
22:58:48.386 [main] INFO  o.s.c.g.r.RouteDefinitionRouteLocator - [lambda$initFactories$1,88] - Loaded RoutePredicateFactory [CloudFoundryRouteService]
22:58:48.892 [main] INFO  o.s.b.w.e.n.NettyWebServer - [start,111] - Netty started on port 19090
22:58:49.190 [main] INFO  c.a.n.client.naming - [initNamespaceForNaming,62] - initializer namespace from ans.namespace attribute : null
22:58:49.192 [main] INFO  c.a.n.client.naming - [lambda$initNamespaceForNaming$0,66] - initializer namespace from ALIBABA_ALIWARE_NAMESPACE attribute :null
22:58:49.192 [main] INFO  c.a.n.client.naming - [lambda$initNamespaceForNaming$1,73] - initializer namespace from namespace attribute :null
22:58:49.197 [main] INFO  c.a.n.p.a.s.c.ClientAuthPluginManager - [init,56] - [ClientAuthPluginManager] Load ClientAuthService com.alibaba.nacos.client.auth.impl.NacosClientAuthServiceImpl success.
22:58:49.197 [main] INFO  c.a.n.p.a.s.c.ClientAuthPluginManager - [init,56] - [ClientAuthPluginManager] Load ClientAuthService com.alibaba.nacos.client.auth.ram.RamClientAuthServiceImpl success.
22:58:49.201 [main] INFO  c.a.n.c.r.client - [lambda$createClient$0,108] - [RpcClientFactory] create a new rpc client of f9c90bd3-9be1-453e-93e7-be4d9ae1c2f6
22:58:49.202 [main] INFO  c.a.n.c.r.client - [printIfInfoEnabled,63] - [f9c90bd3-9be1-453e-93e7-be4d9ae1c2f6] RpcClient init, ServerListFactory = com.alibaba.nacos.client.naming.core.ServerListManager
22:58:49.202 [main] INFO  c.a.n.c.r.client - [printIfInfoEnabled,63] - [f9c90bd3-9be1-453e-93e7-be4d9ae1c2f6] Registry connection listener to current client:com.alibaba.nacos.client.naming.remote.gprc.redo.NamingGrpcRedoService
22:58:49.202 [main] INFO  c.a.n.c.r.client - [printIfInfoEnabled,63] - [f9c90bd3-9be1-453e-93e7-be4d9ae1c2f6] Register server push request handler:com.alibaba.nacos.client.naming.remote.gprc.NamingPushRequestHandler
22:58:49.203 [main] INFO  c.a.n.c.r.client - [printIfInfoEnabled,63] - [f9c90bd3-9be1-453e-93e7-be4d9ae1c2f6] Try to connect to server on start up, server: {serverIp = 'localhost', server main port = 8848}
22:58:49.203 [main] INFO  c.a.n.c.r.c.g.GrpcClient - [createNewManagedChannel,182] - grpc client connection server:localhost ip,serverPort:9848,grpcTslConfig:{"sslProvider":"OPENSSL","enableTls":false,"mutualAuthEnable":false,"trustAll":false}
22:58:49.321 [main] INFO  c.a.n.c.r.client - [printIfInfoEnabled,63] - [f9c90bd3-9be1-453e-93e7-be4d9ae1c2f6] Success to connect to server [localhost:8848] on start up, connectionId = 1777474729208_172.17.0.1_50952
22:58:49.321 [main] INFO  c.a.n.c.r.client - [printIfInfoEnabled,63] - [f9c90bd3-9be1-453e-93e7-be4d9ae1c2f6] Register server push request handler:com.alibaba.nacos.common.remote.client.RpcClient$ConnectResetRequestHandler
22:58:49.321 [com.alibaba.nacos.client.remote.worker] INFO  c.a.n.c.r.client - [printIfInfoEnabled,63] - [f9c90bd3-9be1-453e-93e7-be4d9ae1c2f6] Notify connected event to listeners.
22:58:49.321 [main] INFO  c.a.n.c.r.client - [printIfInfoEnabled,63] - [f9c90bd3-9be1-453e-93e7-be4d9ae1c2f6] Register server push request handler:com.alibaba.nacos.common.remote.client.RpcClient$$Lambda$595/0x00000270894d30c8
22:58:49.322 [com.alibaba.nacos.client.remote.worker] INFO  c.a.n.client.naming - [onConnected,78] - Grpc connection connect
22:58:49.324 [main] INFO  c.a.n.client.naming - [registerService,121] - [REGISTER-SERVICE] 1b411097-df3c-4cac-a649-ba6b6b22fcd4 registering service oj-gateway with instance Instance{instanceId='null', ip='172.20.10.6', port=19090, weight=1.0, healthy=true, enabled=true, ephemeral=true, clusterName='DEFAULT', serviceName='null', metadata={IPv6=[2409:897a:3d80:97a3:543:892d:f811:3246], preserved.register.source=SPRING_CLOUD}}
22:58:49.335 [main] INFO  c.a.c.n.r.NacosServiceRegistry - [register,76] - nacos registry, DEFAULT_GROUP oj-gateway 172.20.10.6:19090 register finished
22:58:49.370 [main] INFO  c.b.g.OjGatewayApplication - [logStarted,57] - Started OjGatewayApplication in 3.896 seconds (process running for 4.356)
22:58:49.373 [main] INFO  c.a.n.c.c.i.CacheData - [<clinit>,67] - nacos.cache.data.init.snapshot = true 
22:58:49.374 [main] INFO  c.a.n.c.c.i.ClientWorker - [addCacheDataIfAbsent,380] - [fixed-1b411097-df3c-4cac-a649-ba6b6b22fcd4-localhost_8848] [subscribe] oj-gateway-local.yaml+DEFAULT_GROUP+1b411097-df3c-4cac-a649-ba6b6b22fcd4
22:58:49.379 [main] INFO  c.a.n.c.c.i.CacheData - [addListener,197] - [fixed-1b411097-df3c-4cac-a649-ba6b6b22fcd4-localhost_8848] [add-listener] ok, tenant=1b411097-df3c-4cac-a649-ba6b6b22fcd4, dataId=oj-gateway-local.yaml, group=DEFAULT_GROUP, cnt=1
22:58:49.379 [main] INFO  c.a.c.n.r.NacosContextRefresher - [registerNacosListener,129] - [Nacos Config] Listening config: dataId=oj-gateway-local.yaml, group=DEFAULT_GROUP
22:58:49.379 [main] INFO  c.a.n.c.c.i.ClientWorker - [addCacheDataIfAbsent,380] - [fixed-1b411097-df3c-4cac-a649-ba6b6b22fcd4-localhost_8848] [subscribe] oj-gateway+DEFAULT_GROUP+1b411097-df3c-4cac-a649-ba6b6b22fcd4
22:58:49.379 [main] INFO  c.a.n.c.c.i.CacheData - [addListener,197] - [fixed-1b411097-df3c-4cac-a649-ba6b6b22fcd4-localhost_8848] [add-listener] ok, tenant=1b411097-df3c-4cac-a649-ba6b6b22fcd4, dataId=oj-gateway, group=DEFAULT_GROUP, cnt=1
22:58:49.379 [main] INFO  c.a.c.n.r.NacosContextRefresher - [registerNacosListener,129] - [Nacos Config] Listening config: dataId=oj-gateway, group=DEFAULT_GROUP
22:58:49.379 [main] INFO  c.a.n.c.c.i.ClientWorker - [addCacheDataIfAbsent,380] - [fixed-1b411097-df3c-4cac-a649-ba6b6b22fcd4-localhost_8848] [subscribe] oj-gateway.yaml+DEFAULT_GROUP+1b411097-df3c-4cac-a649-ba6b6b22fcd4
22:58:49.379 [main] INFO  c.a.n.c.c.i.CacheData - [addListener,197] - [fixed-1b411097-df3c-4cac-a649-ba6b6b22fcd4-localhost_8848] [add-listener] ok, tenant=1b411097-df3c-4cac-a649-ba6b6b22fcd4, dataId=oj-gateway.yaml, group=DEFAULT_GROUP, cnt=1
22:58:49.379 [main] INFO  c.a.c.n.r.NacosContextRefresher - [registerNacosListener,129] - [Nacos Config] Listening config: dataId=oj-gateway.yaml, group=DEFAULT_GROUP
22:59:21.602 [SpringApplicationShutdownHook] INFO  c.a.c.n.r.NacosServiceRegistry - [deregister,95] - De-registering from Nacos Server now...
22:59:21.602 [SpringApplicationShutdownHook] INFO  c.a.n.client.naming - [deregisterService,217] - [DEREGISTER-SERVICE] 1b411097-df3c-4cac-a649-ba6b6b22fcd4 deregistering service oj-gateway with instance: Instance{instanceId='null', ip='172.20.10.6', port=19090, weight=1.0, healthy=true, enabled=true, ephemeral=true, clusterName='DEFAULT', serviceName='null', metadata={}}
22:59:21.606 [SpringApplicationShutdownHook] INFO  c.a.c.n.r.NacosServiceRegistry - [deregister,115] - De-registration finished.
22:59:21.606 [SpringApplicationShutdownHook] INFO  c.a.n.client.naming - [shutdown,256] - com.alibaba.nacos.client.naming.cache.ServiceInfoHolder do shutdown begin
22:59:21.606 [SpringApplicationShutdownHook] INFO  c.a.n.client.naming - [shutdown,136] - com.alibaba.nacos.client.naming.backups.FailoverReactor do shutdown begin
22:59:21.607 [SpringApplicationShutdownHook] INFO  c.a.n.client.naming - [shutdown,138] - com.alibaba.nacos.client.naming.backups.FailoverReactor do shutdown stop
22:59:21.607 [SpringApplicationShutdownHook] INFO  c.a.n.client.naming - [shutdown,258] - com.alibaba.nacos.client.naming.cache.ServiceInfoHolder do shutdown stop
22:59:21.607 [SpringApplicationShutdownHook] INFO  c.a.n.client.naming - [shutdown,204] - com.alibaba.nacos.client.naming.remote.NamingClientProxyDelegate do shutdown begin
22:59:21.607 [SpringApplicationShutdownHook] INFO  c.a.n.client.naming - [shutdown,143] - com.alibaba.nacos.client.naming.core.ServiceInfoUpdateService do shutdown begin
22:59:21.607 [SpringApplicationShutdownHook] INFO  c.a.n.client.naming - [shutdown,145] - com.alibaba.nacos.client.naming.core.ServiceInfoUpdateService do shutdown stop
22:59:21.607 [SpringApplicationShutdownHook] INFO  c.a.n.client.naming - [shutdown,194] - com.alibaba.nacos.client.naming.core.ServerListManager do shutdown begin
22:59:21.607 [SpringApplicationShutdownHook] INFO  c.a.n.client.naming - [shutdown,199] - com.alibaba.nacos.client.naming.core.ServerListManager do shutdown stop
22:59:21.607 [SpringApplicationShutdownHook] INFO  c.a.n.client.naming - [shutdown,484] - com.alibaba.nacos.client.naming.remote.http.NamingHttpClientProxy do shutdown begin
22:59:21.607 [SpringApplicationShutdownHook] INFO  c.a.n.client.naming - [shutdown,486] - com.alibaba.nacos.client.naming.remote.http.NamingHttpClientProxy do shutdown stop
22:59:21.607 [SpringApplicationShutdownHook] INFO  c.a.n.c.r.client - [shutdown,429] - Shutdown rpc client, set status to shutdown
22:59:21.607 [SpringApplicationShutdownHook] INFO  c.a.n.c.r.client - [shutdown,431] - Shutdown client event executor java.util.concurrent.ScheduledThreadPoolExecutor@718c779c[Running, pool size = 2, active threads = 2, queued tasks = 0, completed tasks = 0]
22:59:21.607 [SpringApplicationShutdownHook] INFO  c.a.n.c.r.client - [closeConnection,584] - Close current connection 1777474729208_172.17.0.1_50952
22:59:21.610 [SpringApplicationShutdownHook] INFO  c.a.n.c.r.c.g.GrpcClient - [shutdown,159] - Shutdown grpc executor java.util.concurrent.ThreadPoolExecutor@310aac57[Running, pool size = 4, active threads = 0, queued tasks = 0, completed tasks = 13]
22:59:21.610 [SpringApplicationShutdownHook] INFO  c.a.n.client.naming - [shutdown,318] - Shutdown grpc redo service executor java.util.concurrent.ScheduledThreadPoolExecutor@7a4f631a[Running, pool size = 1, active threads = 0, queued tasks = 1, completed tasks = 10]
22:59:21.610 [SpringApplicationShutdownHook] INFO  c.a.n.c.a.r.i.CredentialWatcher - [stop,106] - [null] CredentialWatcher is stopped
22:59:21.610 [SpringApplicationShutdownHook] INFO  c.a.n.c.a.r.i.CredentialService - [free,100] - [null] CredentialService is freed
22:59:21.611 [SpringApplicationShutdownHook] INFO  c.a.n.client.naming - [shutdown,211] - com.alibaba.nacos.client.naming.remote.NamingClientProxyDelegate do shutdown stop
22:59:26.073 [background-preinit] INFO  o.h.v.i.util.Version - [<clinit>,21] - HV000001: Hibernate Validator 8.0.0.Final
22:59:26.281 [main] INFO  c.a.n.c.u.ParamUtil - [<clinit>,87] - [settings] [req-serv] nacos-server port:8848
22:59:26.281 [main] INFO  c.a.n.c.u.ParamUtil - [<clinit>,98] - [settings] [http-client] connect timeout:1000
22:59:26.282 [main] INFO  c.a.n.c.u.ParamUtil - [<clinit>,105] - PER_TASK_CONFIG_SIZE: 3000.0
22:59:26.300 [main] INFO  c.a.n.p.a.s.c.ClientAuthPluginManager - [init,56] - [ClientAuthPluginManager] Load ClientAuthService com.alibaba.nacos.client.auth.impl.NacosClientAuthServiceImpl success.
22:59:26.300 [main] INFO  c.a.n.p.a.s.c.ClientAuthPluginManager - [init,56] - [ClientAuthPluginManager] Load ClientAuthService com.alibaba.nacos.client.auth.ram.RamClientAuthServiceImpl success.
22:59:26.302 [main] INFO  c.a.n.c.a.r.i.CredentialWatcher - [loadCredential,165] - null No credential found
22:59:26.516 [main] INFO  c.a.n.c.c.i.LocalConfigInfoProcessor - [<clinit>,63] - LOCAL_SNAPSHOT_PATH:C:\Users\45\nacos\config
22:59:26.522 [main] INFO  c.a.n.c.r.client - [lambda$createClient$0,108] - [RpcClientFactory] create a new rpc client of 7c609fd1-a6a0-46be-b5d0-dfc688bb20be_config-0
22:59:26.534 [main] INFO  c.a.n.c.r.client - [printIfInfoEnabled,63] - [7c609fd1-a6a0-46be-b5d0-dfc688bb20be_config-0] Register server push request handler:com.alibaba.nacos.client.config.impl.ClientWorker$ConfigRpcTransportClient$$Lambda$574/0x000002c94a36be10
22:59:26.534 [main] INFO  c.a.n.c.r.client - [printIfInfoEnabled,63] - [7c609fd1-a6a0-46be-b5d0-dfc688bb20be_config-0] Register server push request handler:com.alibaba.nacos.client.config.impl.ClientWorker$ConfigRpcTransportClient$$Lambda$575/0x000002c94a36c230
22:59:26.534 [main] INFO  c.a.n.c.r.client - [printIfInfoEnabled,63] - [7c609fd1-a6a0-46be-b5d0-dfc688bb20be_config-0] Registry connection listener to current client:com.alibaba.nacos.client.config.impl.ClientWorker$ConfigRpcTransportClient$1
22:59:26.535 [main] INFO  c.a.n.c.r.client - [printIfInfoEnabled,63] - [7c609fd1-a6a0-46be-b5d0-dfc688bb20be_config-0] RpcClient init, ServerListFactory = com.alibaba.nacos.client.config.impl.ClientWorker$ConfigRpcTransportClient$2
22:59:26.540 [main] INFO  c.a.n.c.r.client - [printIfInfoEnabled,63] - [7c609fd1-a6a0-46be-b5d0-dfc688bb20be_config-0] Try to connect to server on start up, server: {serverIp = 'localhost', server main port = 8848}
22:59:26.568 [main] INFO  c.a.n.c.r.c.g.GrpcClient - [createNewManagedChannel,182] - grpc client connection server:localhost ip,serverPort:9848,grpcTslConfig:{"sslProvider":"OPENSSL","enableTls":false,"mutualAuthEnable":false,"trustAll":false}
22:59:27.247 [main] INFO  c.a.n.c.r.client - [printIfInfoEnabled,63] - [7c609fd1-a6a0-46be-b5d0-dfc688bb20be_config-0] Success to connect to server [localhost:8848] on start up, connectionId = 1777474767067_172.17.0.1_34510
22:59:27.250 [com.alibaba.nacos.client.remote.worker] INFO  c.a.n.c.r.client - [printIfInfoEnabled,63] - [7c609fd1-a6a0-46be-b5d0-dfc688bb20be_config-0] Notify connected event to listeners.
22:59:27.250 [main] INFO  c.a.n.c.r.client - [printIfInfoEnabled,63] - [7c609fd1-a6a0-46be-b5d0-dfc688bb20be_config-0] Register server push request handler:com.alibaba.nacos.common.remote.client.RpcClient$ConnectResetRequestHandler
22:59:27.250 [com.alibaba.nacos.client.remote.worker] INFO  c.a.n.c.c.i.ClientWorker - [onConnected,639] - [7c609fd1-a6a0-46be-b5d0-dfc688bb20be_config-0] Connected,notify listen context...
22:59:27.252 [main] INFO  c.a.n.c.r.client - [printIfInfoEnabled,63] - [7c609fd1-a6a0-46be-b5d0-dfc688bb20be_config-0] Register server push request handler:com.alibaba.nacos.common.remote.client.RpcClient$$Lambda$595/0x000002c94a4f3578
22:59:27.275 [main] INFO  c.a.n.c.c.i.Limiter - [<clinit>,62] - limitTime:5.0
22:59:27.297 [main] INFO  c.a.n.c.c.u.JvmUtil - [<clinit>,54] - isMultiInstance:false
22:59:27.303 [main] INFO  o.s.c.b.c.PropertySourceBootstrapConfiguration - [initialize,108] - Located property source: [BootstrapPropertySource {name='bootstrapProperties-oj-gateway-local.yaml,DEFAULT_GROUP'}, BootstrapPropertySource {name='bootstrapProperties-oj-gateway.yaml,DEFAULT_GROUP'}, BootstrapPropertySource {name='bootstrapProperties-oj-gateway,DEFAULT_GROUP'}]
22:59:27.307 [main] INFO  c.b.g.OjGatewayApplication - [logStartupProfileInfo,636] - The following 1 profile is active: "local"
22:59:27.638 [main] INFO  o.s.d.r.c.RepositoryConfigurationDelegate - [multipleStoresDetected,294] - Multiple Spring Data modules found, entering strict repository configuration mode
22:59:27.640 [main] INFO  o.s.d.r.c.RepositoryConfigurationDelegate - [registerRepositoriesIn,138] - Bootstrapping Spring Data Redis repositories in DEFAULT mode.
22:59:27.654 [main] INFO  o.s.d.r.c.RepositoryConfigurationDelegate - [registerRepositoriesIn,208] - Finished Spring Data repository scanning in 5 ms. Found 0 Redis repository interfaces.
22:59:27.765 [main] INFO  o.s.c.c.s.GenericScope - [setSerializationId,282] - BeanFactory id=a2242d8d-f5fd-3a65-be67-7fd022a476aa
22:59:27.789 [main] INFO  o.s.c.s.PostProcessorRegistrationDelegate$BeanPostProcessorChecker - [postProcessAfterInitialization,409] - Bean 'org.springframework.cloud.client.loadbalancer.reactive.LoadBalancerBeanPostProcessorAutoConfiguration' of type [org.springframework.cloud.client.loadbalancer.reactive.LoadBalancerBeanPostProcessorAutoConfiguration] is not eligible for getting processed by all BeanPostProcessors (for example: not eligible for auto-proxying)
22:59:27.790 [main] INFO  o.s.c.s.PostProcessorRegistrationDelegate$BeanPostProcessorChecker - [postProcessAfterInitialization,409] - Bean 'org.springframework.cloud.client.loadbalancer.reactive.LoadBalancerBeanPostProcessorAutoConfiguration$ReactorDeferringLoadBalancerFilterConfig' of type [org.springframework.cloud.client.loadbalancer.reactive.LoadBalancerBeanPostProcessorAutoConfiguration$ReactorDeferringLoadBalancerFilterConfig] is not eligible for getting processed by all BeanPostProcessors (for example: not eligible for auto-proxying)
22:59:27.791 [main] INFO  o.s.c.s.PostProcessorRegistrationDelegate$BeanPostProcessorChecker - [postProcessAfterInitialization,409] - Bean 'reactorDeferringLoadBalancerExchangeFilterFunction' of type [org.springframework.cloud.client.loadbalancer.reactive.DeferringLoadBalancerExchangeFilterFunction] is not eligible for getting processed by all BeanPostProcessors (for example: not eligible for auto-proxying)
22:59:28.712 [main] INFO  o.s.c.g.r.RouteDefinitionRouteLocator - [lambda$initFactories$1,88] - Loaded RoutePredicateFactory [After]
22:59:28.712 [main] INFO  o.s.c.g.r.RouteDefinitionRouteLocator - [lambda$initFactories$1,88] - Loaded RoutePredicateFactory [Before]
22:59:28.713 [main] INFO  o.s.c.g.r.RouteDefinitionRouteLocator - [lambda$initFactories$1,88] - Loaded RoutePredicateFactory [Between]
22:59:28.713 [main] INFO  o.s.c.g.r.RouteDefinitionRouteLocator - [lambda$initFactories$1,88] - Loaded RoutePredicateFactory [Cookie]
22:59:28.713 [main] INFO  o.s.c.g.r.RouteDefinitionRouteLocator - [lambda$initFactories$1,88] - Loaded RoutePredicateFactory [Header]
22:59:28.713 [main] INFO  o.s.c.g.r.RouteDefinitionRouteLocator - [lambda$initFactories$1,88] - Loaded RoutePredicateFactory [Host]
22:59:28.713 [main] INFO  o.s.c.g.r.RouteDefinitionRouteLocator - [lambda$initFactories$1,88] - Loaded RoutePredicateFactory [Method]
22:59:28.713 [main] INFO  o.s.c.g.r.RouteDefinitionRouteLocator - [lambda$initFactories$1,88] - Loaded RoutePredicateFactory [Path]
22:59:28.713 [main] INFO  o.s.c.g.r.RouteDefinitionRouteLocator - [lambda$initFactories$1,88] - Loaded RoutePredicateFactory [Query]
22:59:28.713 [main] INFO  o.s.c.g.r.RouteDefinitionRouteLocator - [lambda$initFactories$1,88] - Loaded RoutePredicateFactory [ReadBody]
22:59:28.713 [main] INFO  o.s.c.g.r.RouteDefinitionRouteLocator - [lambda$initFactories$1,88] - Loaded RoutePredicateFactory [RemoteAddr]
22:59:28.713 [main] INFO  o.s.c.g.r.RouteDefinitionRouteLocator - [lambda$initFactories$1,88] - Loaded RoutePredicateFactory [XForwardedRemoteAddr]
22:59:28.713 [main] INFO  o.s.c.g.r.RouteDefinitionRouteLocator - [lambda$initFactories$1,88] - Loaded RoutePredicateFactory [Weight]
22:59:28.713 [main] INFO  o.s.c.g.r.RouteDefinitionRouteLocator - [lambda$initFactories$1,88] - Loaded RoutePredicateFactory [CloudFoundryRouteService]
22:59:29.176 [main] INFO  o.s.b.w.e.n.NettyWebServer - [start,111] - Netty started on port 19090
22:59:29.436 [main] INFO  c.a.n.client.naming - [initNamespaceForNaming,62] - initializer namespace from ans.namespace attribute : null
22:59:29.436 [main] INFO  c.a.n.client.naming - [lambda$initNamespaceForNaming$0,66] - initializer namespace from ALIBABA_ALIWARE_NAMESPACE attribute :null
22:59:29.437 [main] INFO  c.a.n.client.naming - [lambda$initNamespaceForNaming$1,73] - initializer namespace from namespace attribute :null
22:59:29.444 [main] INFO  c.a.n.p.a.s.c.ClientAuthPluginManager - [init,56] - [ClientAuthPluginManager] Load ClientAuthService com.alibaba.nacos.client.auth.impl.NacosClientAuthServiceImpl success.
22:59:29.444 [main] INFO  c.a.n.p.a.s.c.ClientAuthPluginManager - [init,56] - [ClientAuthPluginManager] Load ClientAuthService com.alibaba.nacos.client.auth.ram.RamClientAuthServiceImpl success.
22:59:29.447 [main] INFO  c.a.n.c.r.client - [lambda$createClient$0,108] - [RpcClientFactory] create a new rpc client of a134bafb-4a21-4124-b024-146da04b3bf6
22:59:29.450 [main] INFO  c.a.n.c.r.client - [printIfInfoEnabled,63] - [a134bafb-4a21-4124-b024-146da04b3bf6] RpcClient init, ServerListFactory = com.alibaba.nacos.client.naming.core.ServerListManager
22:59:29.450 [main] INFO  c.a.n.c.r.client - [printIfInfoEnabled,63] - [a134bafb-4a21-4124-b024-146da04b3bf6] Registry connection listener to current client:com.alibaba.nacos.client.naming.remote.gprc.redo.NamingGrpcRedoService
22:59:29.450 [main] INFO  c.a.n.c.r.client - [printIfInfoEnabled,63] - [a134bafb-4a21-4124-b024-146da04b3bf6] Register server push request handler:com.alibaba.nacos.client.naming.remote.gprc.NamingPushRequestHandler
22:59:29.451 [main] INFO  c.a.n.c.r.client - [printIfInfoEnabled,63] - [a134bafb-4a21-4124-b024-146da04b3bf6] Try to connect to server on start up, server: {serverIp = 'localhost', server main port = 8848}
22:59:29.453 [main] INFO  c.a.n.c.r.c.g.GrpcClient - [createNewManagedChannel,182] - grpc client connection server:localhost ip,serverPort:9848,grpcTslConfig:{"sslProvider":"OPENSSL","enableTls":false,"mutualAuthEnable":false,"trustAll":false}
22:59:29.566 [main] INFO  c.a.n.c.r.client - [printIfInfoEnabled,63] - [a134bafb-4a21-4124-b024-146da04b3bf6] Success to connect to server [localhost:8848] on start up, connectionId = 1777474769459_172.17.0.1_34512
22:59:29.567 [main] INFO  c.a.n.c.r.client - [printIfInfoEnabled,63] - [a134bafb-4a21-4124-b024-146da04b3bf6] Register server push request handler:com.alibaba.nacos.common.remote.client.RpcClient$ConnectResetRequestHandler
22:59:29.567 [com.alibaba.nacos.client.remote.worker] INFO  c.a.n.c.r.client - [printIfInfoEnabled,63] - [a134bafb-4a21-4124-b024-146da04b3bf6] Notify connected event to listeners.
22:59:29.568 [com.alibaba.nacos.client.remote.worker] INFO  c.a.n.client.naming - [onConnected,78] - Grpc connection connect
22:59:29.567 [main] INFO  c.a.n.c.r.client - [printIfInfoEnabled,63] - [a134bafb-4a21-4124-b024-146da04b3bf6] Register server push request handler:com.alibaba.nacos.common.remote.client.RpcClient$$Lambda$595/0x000002c94a4f3578
22:59:29.572 [main] INFO  c.a.n.client.naming - [registerService,121] - [REGISTER-SERVICE] 1b411097-df3c-4cac-a649-ba6b6b22fcd4 registering service oj-gateway with instance Instance{instanceId='null', ip='172.20.10.6', port=19090, weight=1.0, healthy=true, enabled=true, ephemeral=true, clusterName='DEFAULT', serviceName='null', metadata={IPv6=[2409:897a:3d80:97a3:543:892d:f811:3246], preserved.register.source=SPRING_CLOUD}}
22:59:29.583 [main] INFO  c.a.c.n.r.NacosServiceRegistry - [register,76] - nacos registry, DEFAULT_GROUP oj-gateway 172.20.10.6:19090 register finished
22:59:29.621 [main] INFO  c.b.g.OjGatewayApplication - [logStarted,57] - Started OjGatewayApplication in 3.951 seconds (process running for 4.583)
22:59:29.624 [main] INFO  c.a.n.c.c.i.CacheData - [<clinit>,67] - nacos.cache.data.init.snapshot = true 
22:59:29.625 [main] INFO  c.a.n.c.c.i.ClientWorker - [addCacheDataIfAbsent,380] - [fixed-1b411097-df3c-4cac-a649-ba6b6b22fcd4-localhost_8848] [subscribe] oj-gateway-local.yaml+DEFAULT_GROUP+1b411097-df3c-4cac-a649-ba6b6b22fcd4
22:59:29.630 [main] INFO  c.a.n.c.c.i.CacheData - [addListener,197] - [fixed-1b411097-df3c-4cac-a649-ba6b6b22fcd4-localhost_8848] [add-listener] ok, tenant=1b411097-df3c-4cac-a649-ba6b6b22fcd4, dataId=oj-gateway-local.yaml, group=DEFAULT_GROUP, cnt=1
22:59:29.630 [main] INFO  c.a.c.n.r.NacosContextRefresher - [registerNacosListener,129] - [Nacos Config] Listening config: dataId=oj-gateway-local.yaml, group=DEFAULT_GROUP
22:59:29.631 [main] INFO  c.a.n.c.c.i.ClientWorker - [addCacheDataIfAbsent,380] - [fixed-1b411097-df3c-4cac-a649-ba6b6b22fcd4-localhost_8848] [subscribe] oj-gateway+DEFAULT_GROUP+1b411097-df3c-4cac-a649-ba6b6b22fcd4
22:59:29.631 [main] INFO  c.a.n.c.c.i.CacheData - [addListener,197] - [fixed-1b411097-df3c-4cac-a649-ba6b6b22fcd4-localhost_8848] [add-listener] ok, tenant=1b411097-df3c-4cac-a649-ba6b6b22fcd4, dataId=oj-gateway, group=DEFAULT_GROUP, cnt=1
22:59:29.631 [main] INFO  c.a.c.n.r.NacosContextRefresher - [registerNacosListener,129] - [Nacos Config] Listening config: dataId=oj-gateway, group=DEFAULT_GROUP
22:59:29.631 [main] INFO  c.a.n.c.c.i.ClientWorker - [addCacheDataIfAbsent,380] - [fixed-1b411097-df3c-4cac-a649-ba6b6b22fcd4-localhost_8848] [subscribe] oj-gateway.yaml+DEFAULT_GROUP+1b411097-df3c-4cac-a649-ba6b6b22fcd4
22:59:29.631 [main] INFO  c.a.n.c.c.i.CacheData - [addListener,197] - [fixed-1b411097-df3c-4cac-a649-ba6b6b22fcd4-localhost_8848] [add-listener] ok, tenant=1b411097-df3c-4cac-a649-ba6b6b22fcd4, dataId=oj-gateway.yaml, group=DEFAULT_GROUP, cnt=1
22:59:29.631 [main] INFO  c.a.c.n.r.NacosContextRefresher - [registerNacosListener,129] - [Nacos Config] Listening config: dataId=oj-gateway.yaml, group=DEFAULT_GROUP
23:00:52.509 [SpringApplicationShutdownHook] INFO  c.a.c.n.r.NacosServiceRegistry - [deregister,95] - De-registering from Nacos Server now...
23:00:52.509 [SpringApplicationShutdownHook] INFO  c.a.n.client.naming - [deregisterService,217] - [DEREGISTER-SERVICE] 1b411097-df3c-4cac-a649-ba6b6b22fcd4 deregistering service oj-gateway with instance: Instance{instanceId='null', ip='172.20.10.6', port=19090, weight=1.0, healthy=true, enabled=true, ephemeral=true, clusterName='DEFAULT', serviceName='null', metadata={}}
23:00:52.514 [SpringApplicationShutdownHook] INFO  c.a.c.n.r.NacosServiceRegistry - [deregister,115] - De-registration finished.
23:00:52.514 [SpringApplicationShutdownHook] INFO  c.a.n.client.naming - [shutdown,256] - com.alibaba.nacos.client.naming.cache.ServiceInfoHolder do shutdown begin
23:00:52.514 [SpringApplicationShutdownHook] INFO  c.a.n.client.naming - [shutdown,136] - com.alibaba.nacos.client.naming.backups.FailoverReactor do shutdown begin
23:00:52.514 [SpringApplicationShutdownHook] INFO  c.a.n.client.naming - [shutdown,138] - com.alibaba.nacos.client.naming.backups.FailoverReactor do shutdown stop
23:00:52.515 [SpringApplicationShutdownHook] INFO  c.a.n.client.naming - [shutdown,258] - com.alibaba.nacos.client.naming.cache.ServiceInfoHolder do shutdown stop
23:00:52.515 [SpringApplicationShutdownHook] INFO  c.a.n.client.naming - [shutdown,204] - com.alibaba.nacos.client.naming.remote.NamingClientProxyDelegate do shutdown begin
23:00:52.515 [SpringApplicationShutdownHook] INFO  c.a.n.client.naming - [shutdown,143] - com.alibaba.nacos.client.naming.core.ServiceInfoUpdateService do shutdown begin
23:00:52.515 [SpringApplicationShutdownHook] INFO  c.a.n.client.naming - [shutdown,145] - com.alibaba.nacos.client.naming.core.ServiceInfoUpdateService do shutdown stop
23:00:52.515 [SpringApplicationShutdownHook] INFO  c.a.n.client.naming - [shutdown,194] - com.alibaba.nacos.client.naming.core.ServerListManager do shutdown begin
23:00:52.515 [SpringApplicationShutdownHook] INFO  c.a.n.client.naming - [shutdown,199] - com.alibaba.nacos.client.naming.core.ServerListManager do shutdown stop
23:00:52.515 [SpringApplicationShutdownHook] INFO  c.a.n.client.naming - [shutdown,484] - com.alibaba.nacos.client.naming.remote.http.NamingHttpClientProxy do shutdown begin
23:00:52.515 [SpringApplicationShutdownHook] INFO  c.a.n.client.naming - [shutdown,486] - com.alibaba.nacos.client.naming.remote.http.NamingHttpClientProxy do shutdown stop
23:00:52.515 [SpringApplicationShutdownHook] INFO  c.a.n.c.r.client - [shutdown,429] - Shutdown rpc client, set status to shutdown
23:00:52.515 [SpringApplicationShutdownHook] INFO  c.a.n.c.r.client - [shutdown,431] - Shutdown client event executor java.util.concurrent.ScheduledThreadPoolExecutor@5082f80f[Running, pool size = 2, active threads = 2, queued tasks = 0, completed tasks = 0]
23:00:52.515 [SpringApplicationShutdownHook] INFO  c.a.n.c.r.client - [closeConnection,584] - Close current connection 1777474769459_172.17.0.1_34512
23:00:52.519 [SpringApplicationShutdownHook] INFO  c.a.n.c.r.c.g.GrpcClient - [shutdown,159] - Shutdown grpc executor java.util.concurrent.ThreadPoolExecutor@5e3e07af[Running, pool size = 5, active threads = 0, queued tasks = 0, completed tasks = 27]
23:00:52.519 [SpringApplicationShutdownHook] INFO  c.a.n.client.naming - [shutdown,318] - Shutdown grpc redo service executor java.util.concurrent.ScheduledThreadPoolExecutor@427cc3d2[Running, pool size = 1, active threads = 0, queued tasks = 1, completed tasks = 27]
23:00:52.519 [SpringApplicationShutdownHook] INFO  c.a.n.c.a.r.i.CredentialWatcher - [stop,106] - [null] CredentialWatcher is stopped
23:00:52.519 [SpringApplicationShutdownHook] INFO  c.a.n.c.a.r.i.CredentialService - [free,100] - [null] CredentialService is freed
23:00:52.519 [SpringApplicationShutdownHook] INFO  c.a.n.client.naming - [shutdown,211] - com.alibaba.nacos.client.naming.remote.NamingClientProxyDelegate do shutdown stop
23:00:56.879 [background-preinit] INFO  o.h.v.i.util.Version - [<clinit>,21] - HV000001: Hibernate Validator 8.0.0.Final
23:00:57.083 [main] INFO  c.a.n.c.u.ParamUtil - [<clinit>,87] - [settings] [req-serv] nacos-server port:8848
23:00:57.083 [main] INFO  c.a.n.c.u.ParamUtil - [<clinit>,98] - [settings] [http-client] connect timeout:1000
23:00:57.084 [main] INFO  c.a.n.c.u.ParamUtil - [<clinit>,105] - PER_TASK_CONFIG_SIZE: 3000.0
23:00:57.103 [main] INFO  c.a.n.p.a.s.c.ClientAuthPluginManager - [init,56] - [ClientAuthPluginManager] Load ClientAuthService com.alibaba.nacos.client.auth.impl.NacosClientAuthServiceImpl success.
23:00:57.103 [main] INFO  c.a.n.p.a.s.c.ClientAuthPluginManager - [init,56] - [ClientAuthPluginManager] Load ClientAuthService com.alibaba.nacos.client.auth.ram.RamClientAuthServiceImpl success.
23:00:57.105 [main] INFO  c.a.n.c.a.r.i.CredentialWatcher - [loadCredential,165] - null No credential found
23:00:57.297 [main] INFO  c.a.n.c.c.i.LocalConfigInfoProcessor - [<clinit>,63] - LOCAL_SNAPSHOT_PATH:C:\Users\45\nacos\config
23:00:57.299 [main] INFO  c.a.n.c.r.client - [lambda$createClient$0,108] - [RpcClientFactory] create a new rpc client of dd15fb57-178d-4927-8405-c5b0faf10fd4_config-0
23:00:57.311 [main] INFO  c.a.n.c.r.client - [printIfInfoEnabled,63] - [dd15fb57-178d-4927-8405-c5b0faf10fd4_config-0] Register server push request handler:com.alibaba.nacos.client.config.impl.ClientWorker$ConfigRpcTransportClient$$Lambda$574/0x000002416236ae60
23:00:57.311 [main] INFO  c.a.n.c.r.client - [printIfInfoEnabled,63] - [dd15fb57-178d-4927-8405-c5b0faf10fd4_config-0] Register server push request handler:com.alibaba.nacos.client.config.impl.ClientWorker$ConfigRpcTransportClient$$Lambda$575/0x000002416236b280
23:00:57.311 [main] INFO  c.a.n.c.r.client - [printIfInfoEnabled,63] - [dd15fb57-178d-4927-8405-c5b0faf10fd4_config-0] Registry connection listener to current client:com.alibaba.nacos.client.config.impl.ClientWorker$ConfigRpcTransportClient$1
23:00:57.312 [main] INFO  c.a.n.c.r.client - [printIfInfoEnabled,63] - [dd15fb57-178d-4927-8405-c5b0faf10fd4_config-0] RpcClient init, ServerListFactory = com.alibaba.nacos.client.config.impl.ClientWorker$ConfigRpcTransportClient$2
23:00:57.321 [main] INFO  c.a.n.c.r.client - [printIfInfoEnabled,63] - [dd15fb57-178d-4927-8405-c5b0faf10fd4_config-0] Try to connect to server on start up, server: {serverIp = 'localhost', server main port = 8848}
23:00:57.345 [main] INFO  c.a.n.c.r.c.g.GrpcClient - [createNewManagedChannel,182] - grpc client connection server:localhost ip,serverPort:9848,grpcTslConfig:{"sslProvider":"OPENSSL","enableTls":false,"mutualAuthEnable":false,"trustAll":false}
23:00:58.044 [main] INFO  c.a.n.c.r.client - [printIfInfoEnabled,63] - [dd15fb57-178d-4927-8405-c5b0faf10fd4_config-0] Success to connect to server [localhost:8848] on start up, connectionId = 1777474857876_172.17.0.1_48180
23:00:58.047 [com.alibaba.nacos.client.remote.worker] INFO  c.a.n.c.r.client - [printIfInfoEnabled,63] - [dd15fb57-178d-4927-8405-c5b0faf10fd4_config-0] Notify connected event to listeners.
23:00:58.047 [main] INFO  c.a.n.c.r.client - [printIfInfoEnabled,63] - [dd15fb57-178d-4927-8405-c5b0faf10fd4_config-0] Register server push request handler:com.alibaba.nacos.common.remote.client.RpcClient$ConnectResetRequestHandler
23:00:58.048 [com.alibaba.nacos.client.remote.worker] INFO  c.a.n.c.c.i.ClientWorker - [onConnected,639] - [dd15fb57-178d-4927-8405-c5b0faf10fd4_config-0] Connected,notify listen context...
23:00:58.048 [main] INFO  c.a.n.c.r.client - [printIfInfoEnabled,63] - [dd15fb57-178d-4927-8405-c5b0faf10fd4_config-0] Register server push request handler:com.alibaba.nacos.common.remote.client.RpcClient$$Lambda$595/0x00000241624f20d8
23:00:58.080 [main] INFO  c.a.n.c.c.i.Limiter - [<clinit>,62] - limitTime:5.0
23:00:58.102 [main] INFO  c.a.n.c.c.u.JvmUtil - [<clinit>,54] - isMultiInstance:false
23:00:58.109 [main] INFO  o.s.c.b.c.PropertySourceBootstrapConfiguration - [initialize,108] - Located property source: [BootstrapPropertySource {name='bootstrapProperties-oj-gateway-local.yaml,DEFAULT_GROUP'}, BootstrapPropertySource {name='bootstrapProperties-oj-gateway.yaml,DEFAULT_GROUP'}, BootstrapPropertySource {name='bootstrapProperties-oj-gateway,DEFAULT_GROUP'}]
23:00:58.113 [main] INFO  c.b.g.OjGatewayApplication - [logStartupProfileInfo,636] - The following 1 profile is active: "local"
23:00:58.441 [main] INFO  o.s.d.r.c.RepositoryConfigurationDelegate - [multipleStoresDetected,294] - Multiple Spring Data modules found, entering strict repository configuration mode
23:00:58.445 [main] INFO  o.s.d.r.c.RepositoryConfigurationDelegate - [registerRepositoriesIn,138] - Bootstrapping Spring Data Redis repositories in DEFAULT mode.
23:00:58.459 [main] INFO  o.s.d.r.c.RepositoryConfigurationDelegate - [registerRepositoriesIn,208] - Finished Spring Data repository scanning in 5 ms. Found 0 Redis repository interfaces.
23:00:58.555 [main] INFO  o.s.c.c.s.GenericScope - [setSerializationId,282] - BeanFactory id=a2242d8d-f5fd-3a65-be67-7fd022a476aa
23:00:58.584 [main] INFO  o.s.c.s.PostProcessorRegistrationDelegate$BeanPostProcessorChecker - [postProcessAfterInitialization,409] - Bean 'org.springframework.cloud.client.loadbalancer.reactive.LoadBalancerBeanPostProcessorAutoConfiguration' of type [org.springframework.cloud.client.loadbalancer.reactive.LoadBalancerBeanPostProcessorAutoConfiguration] is not eligible for getting processed by all BeanPostProcessors (for example: not eligible for auto-proxying)
23:00:58.585 [main] INFO  o.s.c.s.PostProcessorRegistrationDelegate$BeanPostProcessorChecker - [postProcessAfterInitialization,409] - Bean 'org.springframework.cloud.client.loadbalancer.reactive.LoadBalancerBeanPostProcessorAutoConfiguration$ReactorDeferringLoadBalancerFilterConfig' of type [org.springframework.cloud.client.loadbalancer.reactive.LoadBalancerBeanPostProcessorAutoConfiguration$ReactorDeferringLoadBalancerFilterConfig] is not eligible for getting processed by all BeanPostProcessors (for example: not eligible for auto-proxying)
23:00:58.585 [main] INFO  o.s.c.s.PostProcessorRegistrationDelegate$BeanPostProcessorChecker - [postProcessAfterInitialization,409] - Bean 'reactorDeferringLoadBalancerExchangeFilterFunction' of type [org.springframework.cloud.client.loadbalancer.reactive.DeferringLoadBalancerExchangeFilterFunction] is not eligible for getting processed by all BeanPostProcessors (for example: not eligible for auto-proxying)
23:00:59.585 [main] INFO  o.s.c.g.r.RouteDefinitionRouteLocator - [lambda$initFactories$1,88] - Loaded RoutePredicateFactory [After]
23:00:59.586 [main] INFO  o.s.c.g.r.RouteDefinitionRouteLocator - [lambda$initFactories$1,88] - Loaded RoutePredicateFactory [Before]
23:00:59.586 [main] INFO  o.s.c.g.r.RouteDefinitionRouteLocator - [lambda$initFactories$1,88] - Loaded RoutePredicateFactory [Between]
23:00:59.586 [main] INFO  o.s.c.g.r.RouteDefinitionRouteLocator - [lambda$initFactories$1,88] - Loaded RoutePredicateFactory [Cookie]
23:00:59.586 [main] INFO  o.s.c.g.r.RouteDefinitionRouteLocator - [lambda$initFactories$1,88] - Loaded RoutePredicateFactory [Header]
23:00:59.586 [main] INFO  o.s.c.g.r.RouteDefinitionRouteLocator - [lambda$initFactories$1,88] - Loaded RoutePredicateFactory [Host]
23:00:59.586 [main] INFO  o.s.c.g.r.RouteDefinitionRouteLocator - [lambda$initFactories$1,88] - Loaded RoutePredicateFactory [Method]
23:00:59.586 [main] INFO  o.s.c.g.r.RouteDefinitionRouteLocator - [lambda$initFactories$1,88] - Loaded RoutePredicateFactory [Path]
23:00:59.586 [main] INFO  o.s.c.g.r.RouteDefinitionRouteLocator - [lambda$initFactories$1,88] - Loaded RoutePredicateFactory [Query]
23:00:59.586 [main] INFO  o.s.c.g.r.RouteDefinitionRouteLocator - [lambda$initFactories$1,88] - Loaded RoutePredicateFactory [ReadBody]
23:00:59.586 [main] INFO  o.s.c.g.r.RouteDefinitionRouteLocator - [lambda$initFactories$1,88] - Loaded RoutePredicateFactory [RemoteAddr]
23:00:59.586 [main] INFO  o.s.c.g.r.RouteDefinitionRouteLocator - [lambda$initFactories$1,88] - Loaded RoutePredicateFactory [XForwardedRemoteAddr]
23:00:59.586 [main] INFO  o.s.c.g.r.RouteDefinitionRouteLocator - [lambda$initFactories$1,88] - Loaded RoutePredicateFactory [Weight]
23:00:59.587 [main] INFO  o.s.c.g.r.RouteDefinitionRouteLocator - [lambda$initFactories$1,88] - Loaded RoutePredicateFactory [CloudFoundryRouteService]
23:01:00.034 [main] INFO  o.s.b.w.e.n.NettyWebServer - [start,111] - Netty started on port 19090
23:01:00.305 [main] INFO  c.a.n.client.naming - [initNamespaceForNaming,62] - initializer namespace from ans.namespace attribute : null
23:01:00.305 [main] INFO  c.a.n.client.naming - [lambda$initNamespaceForNaming$0,66] - initializer namespace from ALIBABA_ALIWARE_NAMESPACE attribute :null
23:01:00.306 [main] INFO  c.a.n.client.naming - [lambda$initNamespaceForNaming$1,73] - initializer namespace from namespace attribute :null
23:01:00.311 [main] INFO  c.a.n.p.a.s.c.ClientAuthPluginManager - [init,56] - [ClientAuthPluginManager] Load ClientAuthService com.alibaba.nacos.client.auth.impl.NacosClientAuthServiceImpl success.
23:01:00.311 [main] INFO  c.a.n.p.a.s.c.ClientAuthPluginManager - [init,56] - [ClientAuthPluginManager] Load ClientAuthService com.alibaba.nacos.client.auth.ram.RamClientAuthServiceImpl success.
23:01:00.315 [main] INFO  c.a.n.c.r.client - [lambda$createClient$0,108] - [RpcClientFactory] create a new rpc client of 8a81b874-6e82-422f-990e-b208de55a133
23:01:00.316 [main] INFO  c.a.n.c.r.client - [printIfInfoEnabled,63] - [8a81b874-6e82-422f-990e-b208de55a133] RpcClient init, ServerListFactory = com.alibaba.nacos.client.naming.core.ServerListManager
23:01:00.316 [main] INFO  c.a.n.c.r.client - [printIfInfoEnabled,63] - [8a81b874-6e82-422f-990e-b208de55a133] Registry connection listener to current client:com.alibaba.nacos.client.naming.remote.gprc.redo.NamingGrpcRedoService
23:01:00.316 [main] INFO  c.a.n.c.r.client - [printIfInfoEnabled,63] - [8a81b874-6e82-422f-990e-b208de55a133] Register server push request handler:com.alibaba.nacos.client.naming.remote.gprc.NamingPushRequestHandler
23:01:00.316 [main] INFO  c.a.n.c.r.client - [printIfInfoEnabled,63] - [8a81b874-6e82-422f-990e-b208de55a133] Try to connect to server on start up, server: {serverIp = 'localhost', server main port = 8848}
23:01:00.317 [main] INFO  c.a.n.c.r.c.g.GrpcClient - [createNewManagedChannel,182] - grpc client connection server:localhost ip,serverPort:9848,grpcTslConfig:{"sslProvider":"OPENSSL","enableTls":false,"mutualAuthEnable":false,"trustAll":false}
23:01:00.436 [main] INFO  c.a.n.c.r.client - [printIfInfoEnabled,63] - [8a81b874-6e82-422f-990e-b208de55a133] Success to connect to server [localhost:8848] on start up, connectionId = 1777474860323_172.17.0.1_56898
23:01:00.436 [main] INFO  c.a.n.c.r.client - [printIfInfoEnabled,63] - [8a81b874-6e82-422f-990e-b208de55a133] Register server push request handler:com.alibaba.nacos.common.remote.client.RpcClient$ConnectResetRequestHandler
23:01:00.436 [com.alibaba.nacos.client.remote.worker] INFO  c.a.n.c.r.client - [printIfInfoEnabled,63] - [8a81b874-6e82-422f-990e-b208de55a133] Notify connected event to listeners.
23:01:00.436 [main] INFO  c.a.n.c.r.client - [printIfInfoEnabled,63] - [8a81b874-6e82-422f-990e-b208de55a133] Register server push request handler:com.alibaba.nacos.common.remote.client.RpcClient$$Lambda$595/0x00000241624f20d8
23:01:00.436 [com.alibaba.nacos.client.remote.worker] INFO  c.a.n.client.naming - [onConnected,78] - Grpc connection connect
23:01:00.438 [main] INFO  c.a.n.client.naming - [registerService,121] - [REGISTER-SERVICE] 1b411097-df3c-4cac-a649-ba6b6b22fcd4 registering service oj-gateway with instance Instance{instanceId='null', ip='172.20.10.6', port=19090, weight=1.0, healthy=true, enabled=true, ephemeral=true, clusterName='DEFAULT', serviceName='null', metadata={IPv6=[2409:897a:3d80:97a3:543:892d:f811:3246], preserved.register.source=SPRING_CLOUD}}
23:01:00.521 [main] INFO  c.a.c.n.r.NacosServiceRegistry - [register,76] - nacos registry, DEFAULT_GROUP oj-gateway 172.20.10.6:19090 register finished
23:01:00.561 [main] INFO  c.b.g.OjGatewayApplication - [logStarted,57] - Started OjGatewayApplication in 4.094 seconds (process running for 4.714)
23:01:00.564 [main] INFO  c.a.n.c.c.i.CacheData - [<clinit>,67] - nacos.cache.data.init.snapshot = true 
23:01:00.566 [main] INFO  c.a.n.c.c.i.ClientWorker - [addCacheDataIfAbsent,380] - [fixed-1b411097-df3c-4cac-a649-ba6b6b22fcd4-localhost_8848] [subscribe] oj-gateway-local.yaml+DEFAULT_GROUP+1b411097-df3c-4cac-a649-ba6b6b22fcd4
23:01:00.571 [main] INFO  c.a.n.c.c.i.CacheData - [addListener,197] - [fixed-1b411097-df3c-4cac-a649-ba6b6b22fcd4-localhost_8848] [add-listener] ok, tenant=1b411097-df3c-4cac-a649-ba6b6b22fcd4, dataId=oj-gateway-local.yaml, group=DEFAULT_GROUP, cnt=1
23:01:00.571 [main] INFO  c.a.c.n.r.NacosContextRefresher - [registerNacosListener,129] - [Nacos Config] Listening config: dataId=oj-gateway-local.yaml, group=DEFAULT_GROUP
23:01:00.571 [main] INFO  c.a.n.c.c.i.ClientWorker - [addCacheDataIfAbsent,380] - [fixed-1b411097-df3c-4cac-a649-ba6b6b22fcd4-localhost_8848] [subscribe] oj-gateway+DEFAULT_GROUP+1b411097-df3c-4cac-a649-ba6b6b22fcd4
23:01:00.572 [main] INFO  c.a.n.c.c.i.CacheData - [addListener,197] - [fixed-1b411097-df3c-4cac-a649-ba6b6b22fcd4-localhost_8848] [add-listener] ok, tenant=1b411097-df3c-4cac-a649-ba6b6b22fcd4, dataId=oj-gateway, group=DEFAULT_GROUP, cnt=1
23:01:00.572 [main] INFO  c.a.c.n.r.NacosContextRefresher - [registerNacosListener,129] - [Nacos Config] Listening config: dataId=oj-gateway, group=DEFAULT_GROUP
23:01:00.572 [main] INFO  c.a.n.c.c.i.ClientWorker - [addCacheDataIfAbsent,380] - [fixed-1b411097-df3c-4cac-a649-ba6b6b22fcd4-localhost_8848] [subscribe] oj-gateway.yaml+DEFAULT_GROUP+1b411097-df3c-4cac-a649-ba6b6b22fcd4
23:01:00.572 [main] INFO  c.a.n.c.c.i.CacheData - [addListener,197] - [fixed-1b411097-df3c-4cac-a649-ba6b6b22fcd4-localhost_8848] [add-listener] ok, tenant=1b411097-df3c-4cac-a649-ba6b6b22fcd4, dataId=oj-gateway.yaml, group=DEFAULT_GROUP, cnt=1
23:01:00.572 [main] INFO  c.a.c.n.r.NacosContextRefresher - [registerNacosListener,129] - [Nacos Config] Listening config: dataId=oj-gateway.yaml, group=DEFAULT_GROUP
23:02:30.986 [boundedElastic-1] INFO  c.a.n.client.naming - [subscribe,167] - [SUBSCRIBE-SERVICE] service:oj-system, group:DEFAULT_GROUP, clusters: 
23:02:41.061 [com.alibaba.nacos.client.naming.grpc.redo.0] INFO  c.a.n.client.naming - [redoForSubscribe,121] - Redo subscriber operation REGISTER for DEFAULT_GROUP@@oj-system#
23:02:50.520 [boundedElastic-1] INFO  c.a.n.client.naming - [isChangedServiceInfo,184] - init new ips(1) service: DEFAULT_GROUP@@oj-system -> [{"ip":"172.20.10.6","port":9201,"weight":1.0,"healthy":true,"enabled":true,"ephemeral":true,"clusterName":"DEFAULT","serviceName":"DEFAULT_GROUP@@oj-system","metadata":{"preserved.register.source":"SPRING_CLOUD","IPv6":"[2409:897a:3d80:97a3:543:892d:f811:3246]"},"ipDeleteTimeout":30000,"instanceHeartBeatInterval":5000,"instanceHeartBeatTimeOut":15000}]
23:02:50.984 [boundedElastic-1] INFO  c.a.n.client.naming - [processServiceInfo,169] - current ips:(1) service: DEFAULT_GROUP@@oj-system -> [{"ip":"172.20.10.6","port":9201,"weight":1.0,"healthy":true,"enabled":true,"ephemeral":true,"clusterName":"DEFAULT","serviceName":"DEFAULT_GROUP@@oj-system","metadata":{"preserved.register.source":"SPRING_CLOUD","IPv6":"[2409:897a:3d80:97a3:543:892d:f811:3246]"},"ipDeleteTimeout":30000,"instanceHeartBeatInterval":5000,"instanceHeartBeatTimeOut":15000}]
23:02:51.918 [nacos-grpc-client-executor-localhost-17] INFO  c.a.n.c.r.client - [printIfInfoEnabled,63] - [8a81b874-6e82-422f-990e-b208de55a133] Receive server push request, request = NotifySubscriberRequest, requestId = 8
23:02:52.109 [nacos-grpc-client-executor-localhost-17] INFO  c.a.n.c.r.client - [printIfInfoEnabled,63] - [8a81b874-6e82-422f-990e-b208de55a133] Ack server push request, request = NotifySubscriberRequest, requestId = 8
23:02:52.665 [nacos-grpc-client-executor-localhost-20] INFO  c.a.n.c.r.client - [printIfInfoEnabled,63] - [8a81b874-6e82-422f-990e-b208de55a133] Receive server push request, request = NotifySubscriberRequest, requestId = 9
23:02:52.859 [nacos-grpc-client-executor-localhost-20] INFO  c.a.n.c.r.client - [printIfInfoEnabled,63] - [8a81b874-6e82-422f-990e-b208de55a133] Ack server push request, request = NotifySubscriberRequest, requestId = 9
23:02:53.472 [nacos-grpc-client-executor-localhost-21] INFO  c.a.n.c.r.client - [printIfInfoEnabled,63] - [8a81b874-6e82-422f-990e-b208de55a133] Receive server push request, request = NotifySubscriberRequest, requestId = 10
23:02:53.474 [nacos-grpc-client-executor-localhost-21] INFO  c.a.n.c.r.client - [printIfInfoEnabled,63] - [8a81b874-6e82-422f-990e-b208de55a133] Ack server push request, request = NotifySubscriberRequest, requestId = 10
23:05:21.689 [SpringApplicationShutdownHook] INFO  c.a.c.n.r.NacosServiceRegistry - [deregister,95] - De-registering from Nacos Server now...
23:05:21.689 [SpringApplicationShutdownHook] INFO  c.a.n.client.naming - [deregisterService,217] - [DEREGISTER-SERVICE] 1b411097-df3c-4cac-a649-ba6b6b22fcd4 deregistering service oj-gateway with instance: Instance{instanceId='null', ip='172.20.10.6', port=19090, weight=1.0, healthy=true, enabled=true, ephemeral=true, clusterName='DEFAULT', serviceName='null', metadata={}}
23:05:21.693 [SpringApplicationShutdownHook] INFO  c.a.c.n.r.NacosServiceRegistry - [deregister,115] - De-registration finished.
23:05:21.694 [SpringApplicationShutdownHook] INFO  c.a.n.client.naming - [shutdown,256] - com.alibaba.nacos.client.naming.cache.ServiceInfoHolder do shutdown begin
23:05:21.694 [SpringApplicationShutdownHook] INFO  c.a.n.client.naming - [shutdown,136] - com.alibaba.nacos.client.naming.backups.FailoverReactor do shutdown begin
23:05:21.694 [SpringApplicationShutdownHook] INFO  c.a.n.client.naming - [shutdown,138] - com.alibaba.nacos.client.naming.backups.FailoverReactor do shutdown stop
23:05:21.694 [SpringApplicationShutdownHook] INFO  c.a.n.client.naming - [shutdown,258] - com.alibaba.nacos.client.naming.cache.ServiceInfoHolder do shutdown stop
23:05:21.694 [SpringApplicationShutdownHook] INFO  c.a.n.client.naming - [shutdown,204] - com.alibaba.nacos.client.naming.remote.NamingClientProxyDelegate do shutdown begin
23:05:21.694 [SpringApplicationShutdownHook] INFO  c.a.n.client.naming - [shutdown,143] - com.alibaba.nacos.client.naming.core.ServiceInfoUpdateService do shutdown begin
23:05:21.694 [SpringApplicationShutdownHook] INFO  c.a.n.client.naming - [shutdown,145] - com.alibaba.nacos.client.naming.core.ServiceInfoUpdateService do shutdown stop
23:05:21.694 [SpringApplicationShutdownHook] INFO  c.a.n.client.naming - [shutdown,194] - com.alibaba.nacos.client.naming.core.ServerListManager do shutdown begin
23:05:21.695 [SpringApplicationShutdownHook] INFO  c.a.n.client.naming - [shutdown,199] - com.alibaba.nacos.client.naming.core.ServerListManager do shutdown stop
23:05:21.695 [SpringApplicationShutdownHook] INFO  c.a.n.client.naming - [shutdown,484] - com.alibaba.nacos.client.naming.remote.http.NamingHttpClientProxy do shutdown begin
23:05:21.695 [SpringApplicationShutdownHook] INFO  c.a.n.client.naming - [shutdown,486] - com.alibaba.nacos.client.naming.remote.http.NamingHttpClientProxy do shutdown stop
23:05:21.695 [SpringApplicationShutdownHook] INFO  c.a.n.c.r.client - [shutdown,429] - Shutdown rpc client, set status to shutdown
23:05:21.695 [SpringApplicationShutdownHook] INFO  c.a.n.c.r.client - [shutdown,431] - Shutdown client event executor java.util.concurrent.ScheduledThreadPoolExecutor@78c5306[Running, pool size = 2, active threads = 2, queued tasks = 0, completed tasks = 0]
23:05:21.695 [SpringApplicationShutdownHook] INFO  c.a.n.c.r.client - [closeConnection,584] - Close current connection 1777474860323_172.17.0.1_56898
23:05:21.697 [nacos-grpc-client-executor-localhost-30] INFO  c.a.n.c.r.c.g.GrpcClient - [printIfInfoEnabled,63] - [1777474860323_172.17.0.1_56898]Ignore complete event,isRunning:false,isAbandon=false
23:05:21.698 [SpringApplicationShutdownHook] INFO  c.a.n.c.r.c.g.GrpcClient - [shutdown,159] - Shutdown grpc executor java.util.concurrent.ThreadPoolExecutor@61083d8b[Running, pool size = 3, active threads = 0, queued tasks = 0, completed tasks = 31]
23:05:21.698 [SpringApplicationShutdownHook] INFO  c.a.n.client.naming - [shutdown,318] - Shutdown grpc redo service executor java.util.concurrent.ScheduledThreadPoolExecutor@4532f567[Running, pool size = 1, active threads = 0, queued tasks = 1, completed tasks = 26]
23:05:21.698 [SpringApplicationShutdownHook] INFO  c.a.n.c.a.r.i.CredentialWatcher - [stop,106] - [null] CredentialWatcher is stopped
23:05:21.698 [SpringApplicationShutdownHook] INFO  c.a.n.c.a.r.i.CredentialService - [free,100] - [null] CredentialService is freed
23:05:21.699 [SpringApplicationShutdownHook] INFO  c.a.n.client.naming - [shutdown,211] - com.alibaba.nacos.client.naming.remote.NamingClientProxyDelegate do shutdown stop
23:07:02.192 [background-preinit] INFO  o.h.v.i.util.Version - [<clinit>,21] - HV000001: Hibernate Validator 8.0.0.Final
23:07:02.403 [main] INFO  c.a.n.c.u.ParamUtil - [<clinit>,87] - [settings] [req-serv] nacos-server port:8848
23:07:02.403 [main] INFO  c.a.n.c.u.ParamUtil - [<clinit>,98] - [settings] [http-client] connect timeout:1000
23:07:02.404 [main] INFO  c.a.n.c.u.ParamUtil - [<clinit>,105] - PER_TASK_CONFIG_SIZE: 3000.0
23:07:02.425 [main] INFO  c.a.n.p.a.s.c.ClientAuthPluginManager - [init,56] - [ClientAuthPluginManager] Load ClientAuthService com.alibaba.nacos.client.auth.impl.NacosClientAuthServiceImpl success.
23:07:02.425 [main] INFO  c.a.n.p.a.s.c.ClientAuthPluginManager - [init,56] - [ClientAuthPluginManager] Load ClientAuthService com.alibaba.nacos.client.auth.ram.RamClientAuthServiceImpl success.
23:07:02.427 [main] INFO  c.a.n.c.a.r.i.CredentialWatcher - [loadCredential,165] - null No credential found
23:07:04.882 [background-preinit] INFO  o.h.v.i.util.Version - [<clinit>,21] - HV000001: Hibernate Validator 8.0.0.Final
23:07:05.089 [main] INFO  c.a.n.c.u.ParamUtil - [<clinit>,87] - [settings] [req-serv] nacos-server port:8848
23:07:05.089 [main] INFO  c.a.n.c.u.ParamUtil - [<clinit>,98] - [settings] [http-client] connect timeout:1000
23:07:05.090 [main] INFO  c.a.n.c.u.ParamUtil - [<clinit>,105] - PER_TASK_CONFIG_SIZE: 3000.0
23:07:05.111 [main] INFO  c.a.n.p.a.s.c.ClientAuthPluginManager - [init,56] - [ClientAuthPluginManager] Load ClientAuthService com.alibaba.nacos.client.auth.impl.NacosClientAuthServiceImpl success.
23:07:05.111 [main] INFO  c.a.n.p.a.s.c.ClientAuthPluginManager - [init,56] - [ClientAuthPluginManager] Load ClientAuthService com.alibaba.nacos.client.auth.ram.RamClientAuthServiceImpl success.
23:07:05.113 [main] INFO  c.a.n.c.a.r.i.CredentialWatcher - [loadCredential,165] - null No credential found
23:07:05.343 [main] INFO  c.a.n.c.c.i.LocalConfigInfoProcessor - [<clinit>,63] - LOCAL_SNAPSHOT_PATH:C:\Users\45\nacos\config
23:07:05.346 [main] INFO  c.a.n.c.r.client - [lambda$createClient$0,108] - [RpcClientFactory] create a new rpc client of 572ca041-629f-42b8-bbae-841d24629ae3_config-0
23:07:05.356 [main] INFO  c.a.n.c.r.client - [printIfInfoEnabled,63] - [572ca041-629f-42b8-bbae-841d24629ae3_config-0] Register server push request handler:com.alibaba.nacos.client.config.impl.ClientWorker$ConfigRpcTransportClient$$Lambda$574/0x0000020c8136ae60
23:07:05.357 [main] INFO  c.a.n.c.r.client - [printIfInfoEnabled,63] - [572ca041-629f-42b8-bbae-841d24629ae3_config-0] Register server push request handler:com.alibaba.nacos.client.config.impl.ClientWorker$ConfigRpcTransportClient$$Lambda$575/0x0000020c8136b280
23:07:05.357 [main] INFO  c.a.n.c.r.client - [printIfInfoEnabled,63] - [572ca041-629f-42b8-bbae-841d24629ae3_config-0] Registry connection listener to current client:com.alibaba.nacos.client.config.impl.ClientWorker$ConfigRpcTransportClient$1
23:07:05.357 [main] INFO  c.a.n.c.r.client - [printIfInfoEnabled,63] - [572ca041-629f-42b8-bbae-841d24629ae3_config-0] RpcClient init, ServerListFactory = com.alibaba.nacos.client.config.impl.ClientWorker$ConfigRpcTransportClient$2
23:07:05.363 [main] INFO  c.a.n.c.r.client - [printIfInfoEnabled,63] - [572ca041-629f-42b8-bbae-841d24629ae3_config-0] Try to connect to server on start up, server: {serverIp = 'localhost', server main port = 8848}
23:07:05.393 [main] INFO  c.a.n.c.r.c.g.GrpcClient - [createNewManagedChannel,182] - grpc client connection server:localhost ip,serverPort:9848,grpcTslConfig:{"sslProvider":"OPENSSL","enableTls":false,"mutualAuthEnable":false,"trustAll":false}
23:07:06.072 [main] INFO  c.a.n.c.r.client - [printIfInfoEnabled,63] - [572ca041-629f-42b8-bbae-841d24629ae3_config-0] Success to connect to server [localhost:8848] on start up, connectionId = 1777475225892_172.17.0.1_38606
23:07:06.074 [com.alibaba.nacos.client.remote.worker] INFO  c.a.n.c.r.client - [printIfInfoEnabled,63] - [572ca041-629f-42b8-bbae-841d24629ae3_config-0] Notify connected event to listeners.
23:07:06.075 [com.alibaba.nacos.client.remote.worker] INFO  c.a.n.c.c.i.ClientWorker - [onConnected,639] - [572ca041-629f-42b8-bbae-841d24629ae3_config-0] Connected,notify listen context...
23:07:06.075 [main] INFO  c.a.n.c.r.client - [printIfInfoEnabled,63] - [572ca041-629f-42b8-bbae-841d24629ae3_config-0] Register server push request handler:com.alibaba.nacos.common.remote.client.RpcClient$ConnectResetRequestHandler
23:07:06.076 [main] INFO  c.a.n.c.r.client - [printIfInfoEnabled,63] - [572ca041-629f-42b8-bbae-841d24629ae3_config-0] Register server push request handler:com.alibaba.nacos.common.remote.client.RpcClient$$Lambda$595/0x0000020c814f1ad0
23:07:06.099 [main] INFO  c.a.n.c.c.i.Limiter - [<clinit>,62] - limitTime:5.0
23:07:06.118 [main] INFO  c.a.n.c.c.u.JvmUtil - [<clinit>,54] - isMultiInstance:false
23:07:06.124 [main] INFO  o.s.c.b.c.PropertySourceBootstrapConfiguration - [initialize,108] - Located property source: [BootstrapPropertySource {name='bootstrapProperties-oj-gateway-local.yaml,DEFAULT_GROUP'}, BootstrapPropertySource {name='bootstrapProperties-oj-gateway.yaml,DEFAULT_GROUP'}, BootstrapPropertySource {name='bootstrapProperties-oj-gateway,DEFAULT_GROUP'}]
23:07:06.127 [main] INFO  c.b.g.OjGatewayApplication - [logStartupProfileInfo,636] - The following 1 profile is active: "local"
23:07:06.445 [main] INFO  o.s.d.r.c.RepositoryConfigurationDelegate - [multipleStoresDetected,294] - Multiple Spring Data modules found, entering strict repository configuration mode
23:07:06.447 [main] INFO  o.s.d.r.c.RepositoryConfigurationDelegate - [registerRepositoriesIn,138] - Bootstrapping Spring Data Redis repositories in DEFAULT mode.
23:07:06.462 [main] INFO  o.s.d.r.c.RepositoryConfigurationDelegate - [registerRepositoriesIn,208] - Finished Spring Data repository scanning in 5 ms. Found 0 Redis repository interfaces.
23:07:06.569 [main] INFO  o.s.c.c.s.GenericScope - [setSerializationId,282] - BeanFactory id=a2242d8d-f5fd-3a65-be67-7fd022a476aa
23:07:06.592 [main] INFO  o.s.c.s.PostProcessorRegistrationDelegate$BeanPostProcessorChecker - [postProcessAfterInitialization,409] - Bean 'org.springframework.cloud.client.loadbalancer.reactive.LoadBalancerBeanPostProcessorAutoConfiguration' of type [org.springframework.cloud.client.loadbalancer.reactive.LoadBalancerBeanPostProcessorAutoConfiguration] is not eligible for getting processed by all BeanPostProcessors (for example: not eligible for auto-proxying)
23:07:06.593 [main] INFO  o.s.c.s.PostProcessorRegistrationDelegate$BeanPostProcessorChecker - [postProcessAfterInitialization,409] - Bean 'org.springframework.cloud.client.loadbalancer.reactive.LoadBalancerBeanPostProcessorAutoConfiguration$ReactorDeferringLoadBalancerFilterConfig' of type [org.springframework.cloud.client.loadbalancer.reactive.LoadBalancerBeanPostProcessorAutoConfiguration$ReactorDeferringLoadBalancerFilterConfig] is not eligible for getting processed by all BeanPostProcessors (for example: not eligible for auto-proxying)
23:07:06.594 [main] INFO  o.s.c.s.PostProcessorRegistrationDelegate$BeanPostProcessorChecker - [postProcessAfterInitialization,409] - Bean 'reactorDeferringLoadBalancerExchangeFilterFunction' of type [org.springframework.cloud.client.loadbalancer.reactive.DeferringLoadBalancerExchangeFilterFunction] is not eligible for getting processed by all BeanPostProcessors (for example: not eligible for auto-proxying)
23:07:07.548 [main] INFO  o.s.c.g.r.RouteDefinitionRouteLocator - [lambda$initFactories$1,88] - Loaded RoutePredicateFactory [After]
23:07:07.548 [main] INFO  o.s.c.g.r.RouteDefinitionRouteLocator - [lambda$initFactories$1,88] - Loaded RoutePredicateFactory [Before]
23:07:07.548 [main] INFO  o.s.c.g.r.RouteDefinitionRouteLocator - [lambda$initFactories$1,88] - Loaded RoutePredicateFactory [Between]
23:07:07.549 [main] INFO  o.s.c.g.r.RouteDefinitionRouteLocator - [lambda$initFactories$1,88] - Loaded RoutePredicateFactory [Cookie]
23:07:07.549 [main] INFO  o.s.c.g.r.RouteDefinitionRouteLocator - [lambda$initFactories$1,88] - Loaded RoutePredicateFactory [Header]
23:07:07.549 [main] INFO  o.s.c.g.r.RouteDefinitionRouteLocator - [lambda$initFactories$1,88] - Loaded RoutePredicateFactory [Host]
23:07:07.549 [main] INFO  o.s.c.g.r.RouteDefinitionRouteLocator - [lambda$initFactories$1,88] - Loaded RoutePredicateFactory [Method]
23:07:07.549 [main] INFO  o.s.c.g.r.RouteDefinitionRouteLocator - [lambda$initFactories$1,88] - Loaded RoutePredicateFactory [Path]
23:07:07.549 [main] INFO  o.s.c.g.r.RouteDefinitionRouteLocator - [lambda$initFactories$1,88] - Loaded RoutePredicateFactory [Query]
23:07:07.549 [main] INFO  o.s.c.g.r.RouteDefinitionRouteLocator - [lambda$initFactories$1,88] - Loaded RoutePredicateFactory [ReadBody]
23:07:07.549 [main] INFO  o.s.c.g.r.RouteDefinitionRouteLocator - [lambda$initFactories$1,88] - Loaded RoutePredicateFactory [RemoteAddr]
23:07:07.549 [main] INFO  o.s.c.g.r.RouteDefinitionRouteLocator - [lambda$initFactories$1,88] - Loaded RoutePredicateFactory [XForwardedRemoteAddr]
23:07:07.549 [main] INFO  o.s.c.g.r.RouteDefinitionRouteLocator - [lambda$initFactories$1,88] - Loaded RoutePredicateFactory [Weight]
23:07:07.549 [main] INFO  o.s.c.g.r.RouteDefinitionRouteLocator - [lambda$initFactories$1,88] - Loaded RoutePredicateFactory [CloudFoundryRouteService]
23:07:07.989 [main] INFO  o.s.b.w.e.n.NettyWebServer - [start,111] - Netty started on port 19090
23:07:08.344 [main] INFO  c.a.n.client.naming - [initNamespaceForNaming,62] - initializer namespace from ans.namespace attribute : null
23:07:08.344 [main] INFO  c.a.n.client.naming - [lambda$initNamespaceForNaming$0,66] - initializer namespace from ALIBABA_ALIWARE_NAMESPACE attribute :null
23:07:08.344 [main] INFO  c.a.n.client.naming - [lambda$initNamespaceForNaming$1,73] - initializer namespace from namespace attribute :null
23:07:08.352 [main] INFO  c.a.n.p.a.s.c.ClientAuthPluginManager - [init,56] - [ClientAuthPluginManager] Load ClientAuthService com.alibaba.nacos.client.auth.impl.NacosClientAuthServiceImpl success.
23:07:08.353 [main] INFO  c.a.n.p.a.s.c.ClientAuthPluginManager - [init,56] - [ClientAuthPluginManager] Load ClientAuthService com.alibaba.nacos.client.auth.ram.RamClientAuthServiceImpl success.
23:07:08.358 [main] INFO  c.a.n.c.r.client - [lambda$createClient$0,108] - [RpcClientFactory] create a new rpc client of 1b4d4266-438d-446a-843e-cb31270158aa
23:07:08.359 [main] INFO  c.a.n.c.r.client - [printIfInfoEnabled,63] - [1b4d4266-438d-446a-843e-cb31270158aa] RpcClient init, ServerListFactory = com.alibaba.nacos.client.naming.core.ServerListManager
23:07:08.360 [main] INFO  c.a.n.c.r.client - [printIfInfoEnabled,63] - [1b4d4266-438d-446a-843e-cb31270158aa] Registry connection listener to current client:com.alibaba.nacos.client.naming.remote.gprc.redo.NamingGrpcRedoService
23:07:08.360 [main] INFO  c.a.n.c.r.client - [printIfInfoEnabled,63] - [1b4d4266-438d-446a-843e-cb31270158aa] Register server push request handler:com.alibaba.nacos.client.naming.remote.gprc.NamingPushRequestHandler
23:07:08.360 [main] INFO  c.a.n.c.r.client - [printIfInfoEnabled,63] - [1b4d4266-438d-446a-843e-cb31270158aa] Try to connect to server on start up, server: {serverIp = 'localhost', server main port = 8848}
23:07:08.361 [main] INFO  c.a.n.c.r.c.g.GrpcClient - [createNewManagedChannel,182] - grpc client connection server:localhost ip,serverPort:9848,grpcTslConfig:{"sslProvider":"OPENSSL","enableTls":false,"mutualAuthEnable":false,"trustAll":false}
23:07:08.477 [main] INFO  c.a.n.c.r.client - [printIfInfoEnabled,63] - [1b4d4266-438d-446a-843e-cb31270158aa] Success to connect to server [localhost:8848] on start up, connectionId = 1777475228368_172.17.0.1_38612
23:07:08.477 [main] INFO  c.a.n.c.r.client - [printIfInfoEnabled,63] - [1b4d4266-438d-446a-843e-cb31270158aa] Register server push request handler:com.alibaba.nacos.common.remote.client.RpcClient$ConnectResetRequestHandler
23:07:08.477 [com.alibaba.nacos.client.remote.worker] INFO  c.a.n.c.r.client - [printIfInfoEnabled,63] - [1b4d4266-438d-446a-843e-cb31270158aa] Notify connected event to listeners.
23:07:08.477 [main] INFO  c.a.n.c.r.client - [printIfInfoEnabled,63] - [1b4d4266-438d-446a-843e-cb31270158aa] Register server push request handler:com.alibaba.nacos.common.remote.client.RpcClient$$Lambda$595/0x0000020c814f1ad0
23:07:08.478 [com.alibaba.nacos.client.remote.worker] INFO  c.a.n.client.naming - [onConnected,78] - Grpc connection connect
23:07:08.479 [main] INFO  c.a.n.client.naming - [registerService,121] - [REGISTER-SERVICE] 1b411097-df3c-4cac-a649-ba6b6b22fcd4 registering service oj-gateway with instance Instance{instanceId='null', ip='172.20.10.6', port=19090, weight=1.0, healthy=true, enabled=true, ephemeral=true, clusterName='DEFAULT', serviceName='null', metadata={IPv6=[2409:897a:3d80:97a3:543:892d:f811:3246], preserved.register.source=SPRING_CLOUD}}
23:07:08.488 [main] INFO  c.a.c.n.r.NacosServiceRegistry - [register,76] - nacos registry, DEFAULT_GROUP oj-gateway 172.20.10.6:19090 register finished
23:07:08.528 [main] INFO  c.b.g.OjGatewayApplication - [logStarted,57] - Started OjGatewayApplication in 4.11 seconds (process running for 4.719)
23:07:08.531 [main] INFO  c.a.n.c.c.i.CacheData - [<clinit>,67] - nacos.cache.data.init.snapshot = true 
23:07:08.533 [main] INFO  c.a.n.c.c.i.ClientWorker - [addCacheDataIfAbsent,380] - [fixed-1b411097-df3c-4cac-a649-ba6b6b22fcd4-localhost_8848] [subscribe] oj-gateway-local.yaml+DEFAULT_GROUP+1b411097-df3c-4cac-a649-ba6b6b22fcd4
23:07:08.538 [main] INFO  c.a.n.c.c.i.CacheData - [addListener,197] - [fixed-1b411097-df3c-4cac-a649-ba6b6b22fcd4-localhost_8848] [add-listener] ok, tenant=1b411097-df3c-4cac-a649-ba6b6b22fcd4, dataId=oj-gateway-local.yaml, group=DEFAULT_GROUP, cnt=1
23:07:08.538 [main] INFO  c.a.c.n.r.NacosContextRefresher - [registerNacosListener,129] - [Nacos Config] Listening config: dataId=oj-gateway-local.yaml, group=DEFAULT_GROUP
23:07:08.538 [main] INFO  c.a.n.c.c.i.ClientWorker - [addCacheDataIfAbsent,380] - [fixed-1b411097-df3c-4cac-a649-ba6b6b22fcd4-localhost_8848] [subscribe] oj-gateway+DEFAULT_GROUP+1b411097-df3c-4cac-a649-ba6b6b22fcd4
23:07:08.538 [main] INFO  c.a.n.c.c.i.CacheData - [addListener,197] - [fixed-1b411097-df3c-4cac-a649-ba6b6b22fcd4-localhost_8848] [add-listener] ok, tenant=1b411097-df3c-4cac-a649-ba6b6b22fcd4, dataId=oj-gateway, group=DEFAULT_GROUP, cnt=1
23:07:08.538 [main] INFO  c.a.c.n.r.NacosContextRefresher - [registerNacosListener,129] - [Nacos Config] Listening config: dataId=oj-gateway, group=DEFAULT_GROUP
23:07:08.539 [main] INFO  c.a.n.c.c.i.ClientWorker - [addCacheDataIfAbsent,380] - [fixed-1b411097-df3c-4cac-a649-ba6b6b22fcd4-localhost_8848] [subscribe] oj-gateway.yaml+DEFAULT_GROUP+1b411097-df3c-4cac-a649-ba6b6b22fcd4
23:07:08.539 [main] INFO  c.a.n.c.c.i.CacheData - [addListener,197] - [fixed-1b411097-df3c-4cac-a649-ba6b6b22fcd4-localhost_8848] [add-listener] ok, tenant=1b411097-df3c-4cac-a649-ba6b6b22fcd4, dataId=oj-gateway.yaml, group=DEFAULT_GROUP, cnt=1
23:07:08.539 [main] INFO  c.a.c.n.r.NacosContextRefresher - [registerNacosListener,129] - [Nacos Config] Listening config: dataId=oj-gateway.yaml, group=DEFAULT_GROUP
23:07:38.827 [boundedElastic-1] INFO  c.a.n.client.naming - [subscribe,167] - [SUBSCRIBE-SERVICE] service:oj-system, group:DEFAULT_GROUP, clusters: 
23:07:38.839 [boundedElastic-1] INFO  c.a.n.client.naming - [isChangedServiceInfo,184] - init new ips(1) service: DEFAULT_GROUP@@oj-system -> [{"ip":"172.20.10.6","port":9201,"weight":1.0,"healthy":true,"enabled":true,"ephemeral":true,"clusterName":"DEFAULT","serviceName":"DEFAULT_GROUP@@oj-system","metadata":{"preserved.register.source":"SPRING_CLOUD","IPv6":"[2409:897a:3d80:97a3:543:892d:f811:3246]"},"instanceHeartBeatInterval":5000,"instanceHeartBeatTimeOut":15000,"ipDeleteTimeout":30000}]
23:07:38.840 [boundedElastic-1] INFO  c.a.n.client.naming - [processServiceInfo,169] - current ips:(1) service: DEFAULT_GROUP@@oj-system -> [{"ip":"172.20.10.6","port":9201,"weight":1.0,"healthy":true,"enabled":true,"ephemeral":true,"clusterName":"DEFAULT","serviceName":"DEFAULT_GROUP@@oj-system","metadata":{"preserved.register.source":"SPRING_CLOUD","IPv6":"[2409:897a:3d80:97a3:543:892d:f811:3246]"},"instanceHeartBeatInterval":5000,"instanceHeartBeatTimeOut":15000,"ipDeleteTimeout":30000}]
23:07:39.361 [nacos-grpc-client-executor-localhost-14] INFO  c.a.n.c.r.client - [printIfInfoEnabled,63] - [1b4d4266-438d-446a-843e-cb31270158aa] Receive server push request, request = NotifySubscriberRequest, requestId = 11
23:07:39.361 [nacos-grpc-client-executor-localhost-14] INFO  c.a.n.c.r.client - [printIfInfoEnabled,63] - [1b4d4266-438d-446a-843e-cb31270158aa] Ack server push request, request = NotifySubscriberRequest, requestId = 11
23:08:16.079 [nacos-grpc-client-executor-localhost-21] INFO  c.a.n.c.r.client - [printIfInfoEnabled,63] - [1b4d4266-438d-446a-843e-cb31270158aa] Receive server push request, request = NotifySubscriberRequest, requestId = 12
23:08:16.080 [nacos-grpc-client-executor-localhost-21] INFO  c.a.n.client.naming - [isChangedServiceInfo,241] - removed ips(1) service: DEFAULT_GROUP@@oj-system -> [{"ip":"172.20.10.6","port":9201,"weight":1.0,"healthy":true,"enabled":true,"ephemeral":true,"clusterName":"DEFAULT","serviceName":"DEFAULT_GROUP@@oj-system","metadata":{"preserved.register.source":"SPRING_CLOUD","IPv6":"[2409:897a:3d80:97a3:543:892d:f811:3246]"},"instanceHeartBeatInterval":5000,"instanceHeartBeatTimeOut":15000,"ipDeleteTimeout":30000}]
23:08:16.080 [nacos-grpc-client-executor-localhost-21] INFO  c.a.n.client.naming - [processServiceInfo,169] - current ips:(0) service: DEFAULT_GROUP@@oj-system -> []
23:08:16.081 [nacos-grpc-client-executor-localhost-21] INFO  c.a.n.c.r.client - [printIfInfoEnabled,63] - [1b4d4266-438d-446a-843e-cb31270158aa] Ack server push request, request = NotifySubscriberRequest, requestId = 12
23:08:28.186 [nacos-grpc-client-executor-localhost-23] INFO  c.a.n.c.r.client - [printIfInfoEnabled,63] - [1b4d4266-438d-446a-843e-cb31270158aa] Receive server push request, request = NotifySubscriberRequest, requestId = 13
23:08:28.186 [nacos-grpc-client-executor-localhost-23] INFO  c.a.n.client.naming - [isChangedServiceInfo,235] - new ips(1) service: DEFAULT_GROUP@@oj-system -> [{"ip":"172.20.10.6","port":9201,"weight":1.0,"healthy":true,"enabled":true,"ephemeral":true,"clusterName":"DEFAULT","serviceName":"DEFAULT_GROUP@@oj-system","metadata":{"preserved.register.source":"SPRING_CLOUD","IPv6":"[2409:897a:3d80:97a3:543:892d:f811:3246]"},"instanceHeartBeatInterval":5000,"instanceHeartBeatTimeOut":15000,"ipDeleteTimeout":30000}]
23:08:28.187 [nacos-grpc-client-executor-localhost-23] INFO  c.a.n.client.naming - [processServiceInfo,169] - current ips:(1) service: DEFAULT_GROUP@@oj-system -> [{"ip":"172.20.10.6","port":9201,"weight":1.0,"healthy":true,"enabled":true,"ephemeral":true,"clusterName":"DEFAULT","serviceName":"DEFAULT_GROUP@@oj-system","metadata":{"preserved.register.source":"SPRING_CLOUD","IPv6":"[2409:897a:3d80:97a3:543:892d:f811:3246]"},"instanceHeartBeatInterval":5000,"instanceHeartBeatTimeOut":15000,"ipDeleteTimeout":30000}]
23:08:28.188 [nacos-grpc-client-executor-localhost-23] INFO  c.a.n.c.r.client - [printIfInfoEnabled,63] - [1b4d4266-438d-446a-843e-cb31270158aa] Ack server push request, request = NotifySubscriberRequest, requestId = 13
23:08:39.381 [SpringApplicationShutdownHook] INFO  c.a.c.n.r.NacosServiceRegistry - [deregister,95] - De-registering from Nacos Server now...
23:08:39.381 [SpringApplicationShutdownHook] INFO  c.a.n.client.naming - [deregisterService,217] - [DEREGISTER-SERVICE] 1b411097-df3c-4cac-a649-ba6b6b22fcd4 deregistering service oj-gateway with instance: Instance{instanceId='null', ip='172.20.10.6', port=19090, weight=1.0, healthy=true, enabled=true, ephemeral=true, clusterName='DEFAULT', serviceName='null', metadata={}}
23:08:39.386 [SpringApplicationShutdownHook] INFO  c.a.c.n.r.NacosServiceRegistry - [deregister,115] - De-registration finished.
23:08:39.387 [SpringApplicationShutdownHook] INFO  c.a.n.client.naming - [shutdown,256] - com.alibaba.nacos.client.naming.cache.ServiceInfoHolder do shutdown begin
23:08:39.387 [SpringApplicationShutdownHook] INFO  c.a.n.client.naming - [shutdown,136] - com.alibaba.nacos.client.naming.backups.FailoverReactor do shutdown begin
23:08:39.387 [SpringApplicationShutdownHook] INFO  c.a.n.client.naming - [shutdown,138] - com.alibaba.nacos.client.naming.backups.FailoverReactor do shutdown stop
23:08:39.388 [SpringApplicationShutdownHook] INFO  c.a.n.client.naming - [shutdown,258] - com.alibaba.nacos.client.naming.cache.ServiceInfoHolder do shutdown stop
23:08:39.388 [SpringApplicationShutdownHook] INFO  c.a.n.client.naming - [shutdown,204] - com.alibaba.nacos.client.naming.remote.NamingClientProxyDelegate do shutdown begin
23:08:39.388 [SpringApplicationShutdownHook] INFO  c.a.n.client.naming - [shutdown,143] - com.alibaba.nacos.client.naming.core.ServiceInfoUpdateService do shutdown begin
23:08:39.388 [SpringApplicationShutdownHook] INFO  c.a.n.client.naming - [shutdown,145] - com.alibaba.nacos.client.naming.core.ServiceInfoUpdateService do shutdown stop
23:08:39.388 [SpringApplicationShutdownHook] INFO  c.a.n.client.naming - [shutdown,194] - com.alibaba.nacos.client.naming.core.ServerListManager do shutdown begin
23:08:39.388 [SpringApplicationShutdownHook] INFO  c.a.n.client.naming - [shutdown,199] - com.alibaba.nacos.client.naming.core.ServerListManager do shutdown stop
23:08:39.388 [SpringApplicationShutdownHook] INFO  c.a.n.client.naming - [shutdown,484] - com.alibaba.nacos.client.naming.remote.http.NamingHttpClientProxy do shutdown begin
23:08:39.389 [SpringApplicationShutdownHook] INFO  c.a.n.client.naming - [shutdown,486] - com.alibaba.nacos.client.naming.remote.http.NamingHttpClientProxy do shutdown stop
23:08:39.389 [SpringApplicationShutdownHook] INFO  c.a.n.c.r.client - [shutdown,429] - Shutdown rpc client, set status to shutdown
23:08:39.389 [SpringApplicationShutdownHook] INFO  c.a.n.c.r.client - [shutdown,431] - Shutdown client event executor java.util.concurrent.ScheduledThreadPoolExecutor@8e27eba[Running, pool size = 2, active threads = 2, queued tasks = 0, completed tasks = 0]
23:08:39.389 [SpringApplicationShutdownHook] INFO  c.a.n.c.r.client - [closeConnection,584] - Close current connection 1777475228368_172.17.0.1_38612
23:08:39.391 [SpringApplicationShutdownHook] INFO  c.a.n.c.r.c.g.GrpcClient - [shutdown,159] - Shutdown grpc executor java.util.concurrent.ThreadPoolExecutor@7c34e0fe[Running, pool size = 4, active threads = 0, queued tasks = 0, completed tasks = 28]
23:08:39.392 [SpringApplicationShutdownHook] INFO  c.a.n.client.naming - [shutdown,318] - Shutdown grpc redo service executor java.util.concurrent.ScheduledThreadPoolExecutor@3d4270f5[Running, pool size = 1, active threads = 0, queued tasks = 1, completed tasks = 28]
23:08:39.392 [SpringApplicationShutdownHook] INFO  c.a.n.c.a.r.i.CredentialWatcher - [stop,106] - [null] CredentialWatcher is stopped
23:08:39.392 [SpringApplicationShutdownHook] INFO  c.a.n.c.a.r.i.CredentialService - [free,100] - [null] CredentialService is freed
23:08:39.392 [SpringApplicationShutdownHook] INFO  c.a.n.client.naming - [shutdown,211] - com.alibaba.nacos.client.naming.remote.NamingClientProxyDelegate do shutdown stop
23:08:43.772 [background-preinit] INFO  o.h.v.i.util.Version - [<clinit>,21] - HV000001: Hibernate Validator 8.0.0.Final
23:08:43.984 [main] INFO  c.a.n.c.u.ParamUtil - [<clinit>,87] - [settings] [req-serv] nacos-server port:8848
23:08:43.984 [main] INFO  c.a.n.c.u.ParamUtil - [<clinit>,98] - [settings] [http-client] connect timeout:1000
23:08:43.985 [main] INFO  c.a.n.c.u.ParamUtil - [<clinit>,105] - PER_TASK_CONFIG_SIZE: 3000.0
23:08:44.003 [main] INFO  c.a.n.p.a.s.c.ClientAuthPluginManager - [init,56] - [ClientAuthPluginManager] Load ClientAuthService com.alibaba.nacos.client.auth.impl.NacosClientAuthServiceImpl success.
23:08:44.003 [main] INFO  c.a.n.p.a.s.c.ClientAuthPluginManager - [init,56] - [ClientAuthPluginManager] Load ClientAuthService com.alibaba.nacos.client.auth.ram.RamClientAuthServiceImpl success.
23:08:44.005 [main] INFO  c.a.n.c.a.r.i.CredentialWatcher - [loadCredential,165] - null No credential found
23:08:44.212 [main] INFO  c.a.n.c.c.i.LocalConfigInfoProcessor - [<clinit>,63] - LOCAL_SNAPSHOT_PATH:C:\Users\45\nacos\config
23:08:44.215 [main] INFO  c.a.n.c.r.client - [lambda$createClient$0,108] - [RpcClientFactory] create a new rpc client of 67553380-a131-4b37-8ca1-b2ed953a7685_config-0
23:08:44.225 [main] INFO  c.a.n.c.r.client - [printIfInfoEnabled,63] - [67553380-a131-4b37-8ca1-b2ed953a7685_config-0] Register server push request handler:com.alibaba.nacos.client.config.impl.ClientWorker$ConfigRpcTransportClient$$Lambda$574/0x000002549536b900
23:08:44.226 [main] INFO  c.a.n.c.r.client - [printIfInfoEnabled,63] - [67553380-a131-4b37-8ca1-b2ed953a7685_config-0] Register server push request handler:com.alibaba.nacos.client.config.impl.ClientWorker$ConfigRpcTransportClient$$Lambda$575/0x000002549536bd20
23:08:44.226 [main] INFO  c.a.n.c.r.client - [printIfInfoEnabled,63] - [67553380-a131-4b37-8ca1-b2ed953a7685_config-0] Registry connection listener to current client:com.alibaba.nacos.client.config.impl.ClientWorker$ConfigRpcTransportClient$1
23:08:44.226 [main] INFO  c.a.n.c.r.client - [printIfInfoEnabled,63] - [67553380-a131-4b37-8ca1-b2ed953a7685_config-0] RpcClient init, ServerListFactory = com.alibaba.nacos.client.config.impl.ClientWorker$ConfigRpcTransportClient$2
23:08:44.232 [main] INFO  c.a.n.c.r.client - [printIfInfoEnabled,63] - [67553380-a131-4b37-8ca1-b2ed953a7685_config-0] Try to connect to server on start up, server: {serverIp = 'localhost', server main port = 8848}
23:08:44.262 [main] INFO  c.a.n.c.r.c.g.GrpcClient - [createNewManagedChannel,182] - grpc client connection server:localhost ip,serverPort:9848,grpcTslConfig:{"sslProvider":"OPENSSL","enableTls":false,"mutualAuthEnable":false,"trustAll":false}
23:08:44.961 [main] INFO  c.a.n.c.r.client - [printIfInfoEnabled,63] - [67553380-a131-4b37-8ca1-b2ed953a7685_config-0] Success to connect to server [localhost:8848] on start up, connectionId = 1777475324785_172.17.0.1_38186
23:08:44.961 [com.alibaba.nacos.client.remote.worker] INFO  c.a.n.c.r.client - [printIfInfoEnabled,63] - [67553380-a131-4b37-8ca1-b2ed953a7685_config-0] Notify connected event to listeners.
23:08:44.961 [com.alibaba.nacos.client.remote.worker] INFO  c.a.n.c.c.i.ClientWorker - [onConnected,639] - [67553380-a131-4b37-8ca1-b2ed953a7685_config-0] Connected,notify listen context...
23:08:44.961 [main] INFO  c.a.n.c.r.client - [printIfInfoEnabled,63] - [67553380-a131-4b37-8ca1-b2ed953a7685_config-0] Register server push request handler:com.alibaba.nacos.common.remote.client.RpcClient$ConnectResetRequestHandler
23:08:44.961 [main] INFO  c.a.n.c.r.client - [printIfInfoEnabled,63] - [67553380-a131-4b37-8ca1-b2ed953a7685_config-0] Register server push request handler:com.alibaba.nacos.common.remote.client.RpcClient$$Lambda$595/0x00000254954f30c8
23:08:44.993 [main] INFO  c.a.n.c.c.i.Limiter - [<clinit>,62] - limitTime:5.0
23:08:45.018 [main] INFO  c.a.n.c.c.u.JvmUtil - [<clinit>,54] - isMultiInstance:false
23:08:45.026 [main] INFO  o.s.c.b.c.PropertySourceBootstrapConfiguration - [initialize,108] - Located property source: [BootstrapPropertySource {name='bootstrapProperties-oj-gateway-local.yaml,DEFAULT_GROUP'}, BootstrapPropertySource {name='bootstrapProperties-oj-gateway.yaml,DEFAULT_GROUP'}, BootstrapPropertySource {name='bootstrapProperties-oj-gateway,DEFAULT_GROUP'}]
23:08:45.031 [main] INFO  c.b.g.OjGatewayApplication - [logStartupProfileInfo,636] - The following 1 profile is active: "local"
23:08:45.402 [main] INFO  o.s.d.r.c.RepositoryConfigurationDelegate - [multipleStoresDetected,294] - Multiple Spring Data modules found, entering strict repository configuration mode
23:08:45.405 [main] INFO  o.s.d.r.c.RepositoryConfigurationDelegate - [registerRepositoriesIn,138] - Bootstrapping Spring Data Redis repositories in DEFAULT mode.
23:08:45.422 [main] INFO  o.s.d.r.c.RepositoryConfigurationDelegate - [registerRepositoriesIn,208] - Finished Spring Data repository scanning in 6 ms. Found 0 Redis repository interfaces.
23:08:45.545 [main] INFO  o.s.c.c.s.GenericScope - [setSerializationId,282] - BeanFactory id=a2242d8d-f5fd-3a65-be67-7fd022a476aa
23:08:45.581 [main] INFO  o.s.c.s.PostProcessorRegistrationDelegate$BeanPostProcessorChecker - [postProcessAfterInitialization,409] - Bean 'org.springframework.cloud.client.loadbalancer.reactive.LoadBalancerBeanPostProcessorAutoConfiguration' of type [org.springframework.cloud.client.loadbalancer.reactive.LoadBalancerBeanPostProcessorAutoConfiguration] is not eligible for getting processed by all BeanPostProcessors (for example: not eligible for auto-proxying)
23:08:45.582 [main] INFO  o.s.c.s.PostProcessorRegistrationDelegate$BeanPostProcessorChecker - [postProcessAfterInitialization,409] - Bean 'org.springframework.cloud.client.loadbalancer.reactive.LoadBalancerBeanPostProcessorAutoConfiguration$ReactorDeferringLoadBalancerFilterConfig' of type [org.springframework.cloud.client.loadbalancer.reactive.LoadBalancerBeanPostProcessorAutoConfiguration$ReactorDeferringLoadBalancerFilterConfig] is not eligible for getting processed by all BeanPostProcessors (for example: not eligible for auto-proxying)
23:08:45.583 [main] INFO  o.s.c.s.PostProcessorRegistrationDelegate$BeanPostProcessorChecker - [postProcessAfterInitialization,409] - Bean 'reactorDeferringLoadBalancerExchangeFilterFunction' of type [org.springframework.cloud.client.loadbalancer.reactive.DeferringLoadBalancerExchangeFilterFunction] is not eligible for getting processed by all BeanPostProcessors (for example: not eligible for auto-proxying)
23:08:46.828 [main] INFO  o.s.c.g.r.RouteDefinitionRouteLocator - [lambda$initFactories$1,88] - Loaded RoutePredicateFactory [After]
23:08:46.828 [main] INFO  o.s.c.g.r.RouteDefinitionRouteLocator - [lambda$initFactories$1,88] - Loaded RoutePredicateFactory [Before]
23:08:46.828 [main] INFO  o.s.c.g.r.RouteDefinitionRouteLocator - [lambda$initFactories$1,88] - Loaded RoutePredicateFactory [Between]
23:08:46.828 [main] INFO  o.s.c.g.r.RouteDefinitionRouteLocator - [lambda$initFactories$1,88] - Loaded RoutePredicateFactory [Cookie]
23:08:46.828 [main] INFO  o.s.c.g.r.RouteDefinitionRouteLocator - [lambda$initFactories$1,88] - Loaded RoutePredicateFactory [Header]
23:08:46.828 [main] INFO  o.s.c.g.r.RouteDefinitionRouteLocator - [lambda$initFactories$1,88] - Loaded RoutePredicateFactory [Host]
23:08:46.828 [main] INFO  o.s.c.g.r.RouteDefinitionRouteLocator - [lambda$initFactories$1,88] - Loaded RoutePredicateFactory [Method]
23:08:46.828 [main] INFO  o.s.c.g.r.RouteDefinitionRouteLocator - [lambda$initFactories$1,88] - Loaded RoutePredicateFactory [Path]
23:08:46.829 [main] INFO  o.s.c.g.r.RouteDefinitionRouteLocator - [lambda$initFactories$1,88] - Loaded RoutePredicateFactory [Query]
23:08:46.829 [main] INFO  o.s.c.g.r.RouteDefinitionRouteLocator - [lambda$initFactories$1,88] - Loaded RoutePredicateFactory [ReadBody]
23:08:46.829 [main] INFO  o.s.c.g.r.RouteDefinitionRouteLocator - [lambda$initFactories$1,88] - Loaded RoutePredicateFactory [RemoteAddr]
23:08:46.829 [main] INFO  o.s.c.g.r.RouteDefinitionRouteLocator - [lambda$initFactories$1,88] - Loaded RoutePredicateFactory [XForwardedRemoteAddr]
23:08:46.829 [main] INFO  o.s.c.g.r.RouteDefinitionRouteLocator - [lambda$initFactories$1,88] - Loaded RoutePredicateFactory [Weight]
23:08:46.829 [main] INFO  o.s.c.g.r.RouteDefinitionRouteLocator - [lambda$initFactories$1,88] - Loaded RoutePredicateFactory [CloudFoundryRouteService]
23:08:47.360 [main] INFO  o.s.b.w.e.n.NettyWebServer - [start,111] - Netty started on port 19090
23:08:47.665 [main] INFO  c.a.n.client.naming - [initNamespaceForNaming,62] - initializer namespace from ans.namespace attribute : null
23:08:47.665 [main] INFO  c.a.n.client.naming - [lambda$initNamespaceForNaming$0,66] - initializer namespace from ALIBABA_ALIWARE_NAMESPACE attribute :null
23:08:47.666 [main] INFO  c.a.n.client.naming - [lambda$initNamespaceForNaming$1,73] - initializer namespace from namespace attribute :null
23:08:47.672 [main] INFO  c.a.n.p.a.s.c.ClientAuthPluginManager - [init,56] - [ClientAuthPluginManager] Load ClientAuthService com.alibaba.nacos.client.auth.impl.NacosClientAuthServiceImpl success.
23:08:47.672 [main] INFO  c.a.n.p.a.s.c.ClientAuthPluginManager - [init,56] - [ClientAuthPluginManager] Load ClientAuthService com.alibaba.nacos.client.auth.ram.RamClientAuthServiceImpl success.
23:08:47.675 [main] INFO  c.a.n.c.r.client - [lambda$createClient$0,108] - [RpcClientFactory] create a new rpc client of a6fb215c-5b7f-4869-8f2f-b446e6f1dc1d
23:08:47.677 [main] INFO  c.a.n.c.r.client - [printIfInfoEnabled,63] - [a6fb215c-5b7f-4869-8f2f-b446e6f1dc1d] RpcClient init, ServerListFactory = com.alibaba.nacos.client.naming.core.ServerListManager
23:08:47.677 [main] INFO  c.a.n.c.r.client - [printIfInfoEnabled,63] - [a6fb215c-5b7f-4869-8f2f-b446e6f1dc1d] Registry connection listener to current client:com.alibaba.nacos.client.naming.remote.gprc.redo.NamingGrpcRedoService
23:08:47.677 [main] INFO  c.a.n.c.r.client - [printIfInfoEnabled,63] - [a6fb215c-5b7f-4869-8f2f-b446e6f1dc1d] Register server push request handler:com.alibaba.nacos.client.naming.remote.gprc.NamingPushRequestHandler
23:08:47.678 [main] INFO  c.a.n.c.r.client - [printIfInfoEnabled,63] - [a6fb215c-5b7f-4869-8f2f-b446e6f1dc1d] Try to connect to server on start up, server: {serverIp = 'localhost', server main port = 8848}
23:08:47.678 [main] INFO  c.a.n.c.r.c.g.GrpcClient - [createNewManagedChannel,182] - grpc client connection server:localhost ip,serverPort:9848,grpcTslConfig:{"sslProvider":"OPENSSL","enableTls":false,"mutualAuthEnable":false,"trustAll":false}
23:08:47.802 [main] INFO  c.a.n.c.r.client - [printIfInfoEnabled,63] - [a6fb215c-5b7f-4869-8f2f-b446e6f1dc1d] Success to connect to server [localhost:8848] on start up, connectionId = 1777475327685_172.17.0.1_38192
23:08:47.802 [main] INFO  c.a.n.c.r.client - [printIfInfoEnabled,63] - [a6fb215c-5b7f-4869-8f2f-b446e6f1dc1d] Register server push request handler:com.alibaba.nacos.common.remote.client.RpcClient$ConnectResetRequestHandler
23:08:47.802 [com.alibaba.nacos.client.remote.worker] INFO  c.a.n.c.r.client - [printIfInfoEnabled,63] - [a6fb215c-5b7f-4869-8f2f-b446e6f1dc1d] Notify connected event to listeners.
23:08:47.802 [main] INFO  c.a.n.c.r.client - [printIfInfoEnabled,63] - [a6fb215c-5b7f-4869-8f2f-b446e6f1dc1d] Register server push request handler:com.alibaba.nacos.common.remote.client.RpcClient$$Lambda$595/0x00000254954f30c8
23:08:47.803 [com.alibaba.nacos.client.remote.worker] INFO  c.a.n.client.naming - [onConnected,78] - Grpc connection connect
23:08:47.803 [main] INFO  c.a.n.client.naming - [registerService,121] - [REGISTER-SERVICE] 1b411097-df3c-4cac-a649-ba6b6b22fcd4 registering service oj-gateway with instance Instance{instanceId='null', ip='172.20.10.6', port=19090, weight=1.0, healthy=true, enabled=true, ephemeral=true, clusterName='DEFAULT', serviceName='null', metadata={IPv6=[2409:897a:3d80:97a3:543:892d:f811:3246], preserved.register.source=SPRING_CLOUD}}
23:08:47.814 [main] INFO  c.a.c.n.r.NacosServiceRegistry - [register,76] - nacos registry, DEFAULT_GROUP oj-gateway 172.20.10.6:19090 register finished
23:08:47.856 [main] INFO  c.b.g.OjGatewayApplication - [logStarted,57] - Started OjGatewayApplication in 4.513 seconds (process running for 5.109)
23:08:47.859 [main] INFO  c.a.n.c.c.i.CacheData - [<clinit>,67] - nacos.cache.data.init.snapshot = true 
23:08:47.860 [main] INFO  c.a.n.c.c.i.ClientWorker - [addCacheDataIfAbsent,380] - [fixed-1b411097-df3c-4cac-a649-ba6b6b22fcd4-localhost_8848] [subscribe] oj-gateway-local.yaml+DEFAULT_GROUP+1b411097-df3c-4cac-a649-ba6b6b22fcd4
23:08:47.865 [main] INFO  c.a.n.c.c.i.CacheData - [addListener,197] - [fixed-1b411097-df3c-4cac-a649-ba6b6b22fcd4-localhost_8848] [add-listener] ok, tenant=1b411097-df3c-4cac-a649-ba6b6b22fcd4, dataId=oj-gateway-local.yaml, group=DEFAULT_GROUP, cnt=1
23:08:47.866 [main] INFO  c.a.c.n.r.NacosContextRefresher - [registerNacosListener,129] - [Nacos Config] Listening config: dataId=oj-gateway-local.yaml, group=DEFAULT_GROUP
23:08:47.867 [main] INFO  c.a.n.c.c.i.ClientWorker - [addCacheDataIfAbsent,380] - [fixed-1b411097-df3c-4cac-a649-ba6b6b22fcd4-localhost_8848] [subscribe] oj-gateway+DEFAULT_GROUP+1b411097-df3c-4cac-a649-ba6b6b22fcd4
23:08:47.867 [main] INFO  c.a.n.c.c.i.CacheData - [addListener,197] - [fixed-1b411097-df3c-4cac-a649-ba6b6b22fcd4-localhost_8848] [add-listener] ok, tenant=1b411097-df3c-4cac-a649-ba6b6b22fcd4, dataId=oj-gateway, group=DEFAULT_GROUP, cnt=1
23:08:47.867 [main] INFO  c.a.c.n.r.NacosContextRefresher - [registerNacosListener,129] - [Nacos Config] Listening config: dataId=oj-gateway, group=DEFAULT_GROUP
23:08:47.867 [main] INFO  c.a.n.c.c.i.ClientWorker - [addCacheDataIfAbsent,380] - [fixed-1b411097-df3c-4cac-a649-ba6b6b22fcd4-localhost_8848] [subscribe] oj-gateway.yaml+DEFAULT_GROUP+1b411097-df3c-4cac-a649-ba6b6b22fcd4
23:08:47.867 [main] INFO  c.a.n.c.c.i.CacheData - [addListener,197] - [fixed-1b411097-df3c-4cac-a649-ba6b6b22fcd4-localhost_8848] [add-listener] ok, tenant=1b411097-df3c-4cac-a649-ba6b6b22fcd4, dataId=oj-gateway.yaml, group=DEFAULT_GROUP, cnt=1
23:08:47.867 [main] INFO  c.a.c.n.r.NacosContextRefresher - [registerNacosListener,129] - [Nacos Config] Listening config: dataId=oj-gateway.yaml, group=DEFAULT_GROUP
23:10:33.955 [SpringApplicationShutdownHook] INFO  c.a.c.n.r.NacosServiceRegistry - [deregister,95] - De-registering from Nacos Server now...
23:10:33.956 [SpringApplicationShutdownHook] INFO  c.a.n.client.naming - [deregisterService,217] - [DEREGISTER-SERVICE] 1b411097-df3c-4cac-a649-ba6b6b22fcd4 deregistering service oj-gateway with instance: Instance{instanceId='null', ip='172.20.10.6', port=19090, weight=1.0, healthy=true, enabled=true, ephemeral=true, clusterName='DEFAULT', serviceName='null', metadata={}}
23:10:33.960 [SpringApplicationShutdownHook] INFO  c.a.c.n.r.NacosServiceRegistry - [deregister,115] - De-registration finished.
23:10:33.960 [SpringApplicationShutdownHook] INFO  c.a.n.client.naming - [shutdown,256] - com.alibaba.nacos.client.naming.cache.ServiceInfoHolder do shutdown begin
23:10:33.961 [SpringApplicationShutdownHook] INFO  c.a.n.client.naming - [shutdown,136] - com.alibaba.nacos.client.naming.backups.FailoverReactor do shutdown begin
23:10:33.961 [SpringApplicationShutdownHook] INFO  c.a.n.client.naming - [shutdown,138] - com.alibaba.nacos.client.naming.backups.FailoverReactor do shutdown stop
23:10:33.961 [SpringApplicationShutdownHook] INFO  c.a.n.client.naming - [shutdown,258] - com.alibaba.nacos.client.naming.cache.ServiceInfoHolder do shutdown stop
23:10:33.961 [SpringApplicationShutdownHook] INFO  c.a.n.client.naming - [shutdown,204] - com.alibaba.nacos.client.naming.remote.NamingClientProxyDelegate do shutdown begin
23:10:33.961 [SpringApplicationShutdownHook] INFO  c.a.n.client.naming - [shutdown,143] - com.alibaba.nacos.client.naming.core.ServiceInfoUpdateService do shutdown begin
23:10:33.961 [SpringApplicationShutdownHook] INFO  c.a.n.client.naming - [shutdown,145] - com.alibaba.nacos.client.naming.core.ServiceInfoUpdateService do shutdown stop
23:10:33.961 [SpringApplicationShutdownHook] INFO  c.a.n.client.naming - [shutdown,194] - com.alibaba.nacos.client.naming.core.ServerListManager do shutdown begin
23:10:33.961 [SpringApplicationShutdownHook] INFO  c.a.n.client.naming - [shutdown,199] - com.alibaba.nacos.client.naming.core.ServerListManager do shutdown stop
23:10:33.961 [SpringApplicationShutdownHook] INFO  c.a.n.client.naming - [shutdown,484] - com.alibaba.nacos.client.naming.remote.http.NamingHttpClientProxy do shutdown begin
23:10:33.961 [SpringApplicationShutdownHook] INFO  c.a.n.client.naming - [shutdown,486] - com.alibaba.nacos.client.naming.remote.http.NamingHttpClientProxy do shutdown stop
23:10:33.961 [SpringApplicationShutdownHook] INFO  c.a.n.c.r.client - [shutdown,429] - Shutdown rpc client, set status to shutdown
23:10:33.961 [SpringApplicationShutdownHook] INFO  c.a.n.c.r.client - [shutdown,431] - Shutdown client event executor java.util.concurrent.ScheduledThreadPoolExecutor@62e21c55[Running, pool size = 2, active threads = 2, queued tasks = 0, completed tasks = 0]
23:10:33.962 [SpringApplicationShutdownHook] INFO  c.a.n.c.r.client - [closeConnection,584] - Close current connection 1777475327685_172.17.0.1_38192
23:10:33.965 [SpringApplicationShutdownHook] INFO  c.a.n.c.r.c.g.GrpcClient - [shutdown,159] - Shutdown grpc executor java.util.concurrent.ThreadPoolExecutor@4dba1310[Running, pool size = 4, active threads = 0, queued tasks = 0, completed tasks = 31]
23:10:33.965 [SpringApplicationShutdownHook] INFO  c.a.n.client.naming - [shutdown,318] - Shutdown grpc redo service executor java.util.concurrent.ScheduledThreadPoolExecutor@3c1e24a5[Running, pool size = 1, active threads = 0, queued tasks = 1, completed tasks = 35]
23:10:33.965 [SpringApplicationShutdownHook] INFO  c.a.n.c.a.r.i.CredentialWatcher - [stop,106] - [null] CredentialWatcher is stopped
23:10:33.965 [SpringApplicationShutdownHook] INFO  c.a.n.c.a.r.i.CredentialService - [free,100] - [null] CredentialService is freed
23:10:33.966 [SpringApplicationShutdownHook] INFO  c.a.n.client.naming - [shutdown,211] - com.alibaba.nacos.client.naming.remote.NamingClientProxyDelegate do shutdown stop
23:10:34.189 [com.alibaba.nacos.client.Worker] INFO  c.a.n.c.a.r.i.CredentialWatcher - [loadCredential,165] - null No credential found
23:10:38.498 [background-preinit] INFO  o.h.v.i.util.Version - [<clinit>,21] - HV000001: Hibernate Validator 8.0.0.Final
23:10:38.704 [main] INFO  c.a.n.c.u.ParamUtil - [<clinit>,87] - [settings] [req-serv] nacos-server port:8848
23:10:38.705 [main] INFO  c.a.n.c.u.ParamUtil - [<clinit>,98] - [settings] [http-client] connect timeout:1000
23:10:38.705 [main] INFO  c.a.n.c.u.ParamUtil - [<clinit>,105] - PER_TASK_CONFIG_SIZE: 3000.0
23:10:38.724 [main] INFO  c.a.n.p.a.s.c.ClientAuthPluginManager - [init,56] - [ClientAuthPluginManager] Load ClientAuthService com.alibaba.nacos.client.auth.impl.NacosClientAuthServiceImpl success.
23:10:38.724 [main] INFO  c.a.n.p.a.s.c.ClientAuthPluginManager - [init,56] - [ClientAuthPluginManager] Load ClientAuthService com.alibaba.nacos.client.auth.ram.RamClientAuthServiceImpl success.
23:10:38.726 [main] INFO  c.a.n.c.a.r.i.CredentialWatcher - [loadCredential,165] - null No credential found
23:10:38.935 [main] INFO  c.a.n.c.c.i.LocalConfigInfoProcessor - [<clinit>,63] - LOCAL_SNAPSHOT_PATH:C:\Users\45\nacos\config
23:10:38.938 [main] INFO  c.a.n.c.r.client - [lambda$createClient$0,108] - [RpcClientFactory] create a new rpc client of 45314e46-b169-46c0-8770-b76bf7e26cfb_config-0
23:10:38.949 [main] INFO  c.a.n.c.r.client - [printIfInfoEnabled,63] - [45314e46-b169-46c0-8770-b76bf7e26cfb_config-0] Register server push request handler:com.alibaba.nacos.client.config.impl.ClientWorker$ConfigRpcTransportClient$$Lambda$574/0x0000024c9136b3e0
23:10:38.949 [main] INFO  c.a.n.c.r.client - [printIfInfoEnabled,63] - [45314e46-b169-46c0-8770-b76bf7e26cfb_config-0] Register server push request handler:com.alibaba.nacos.client.config.impl.ClientWorker$ConfigRpcTransportClient$$Lambda$575/0x0000024c9136b800
23:10:38.949 [main] INFO  c.a.n.c.r.client - [printIfInfoEnabled,63] - [45314e46-b169-46c0-8770-b76bf7e26cfb_config-0] Registry connection listener to current client:com.alibaba.nacos.client.config.impl.ClientWorker$ConfigRpcTransportClient$1
23:10:38.950 [main] INFO  c.a.n.c.r.client - [printIfInfoEnabled,63] - [45314e46-b169-46c0-8770-b76bf7e26cfb_config-0] RpcClient init, ServerListFactory = com.alibaba.nacos.client.config.impl.ClientWorker$ConfigRpcTransportClient$2
23:10:38.954 [main] INFO  c.a.n.c.r.client - [printIfInfoEnabled,63] - [45314e46-b169-46c0-8770-b76bf7e26cfb_config-0] Try to connect to server on start up, server: {serverIp = 'localhost', server main port = 8848}
23:10:38.984 [main] INFO  c.a.n.c.r.c.g.GrpcClient - [createNewManagedChannel,182] - grpc client connection server:localhost ip,serverPort:9848,grpcTslConfig:{"sslProvider":"OPENSSL","enableTls":false,"mutualAuthEnable":false,"trustAll":false}
23:10:39.721 [main] INFO  c.a.n.c.r.client - [printIfInfoEnabled,63] - [45314e46-b169-46c0-8770-b76bf7e26cfb_config-0] Success to connect to server [localhost:8848] on start up, connectionId = 1777475439528_172.17.0.1_44988
23:10:39.724 [com.alibaba.nacos.client.remote.worker] INFO  c.a.n.c.r.client - [printIfInfoEnabled,63] - [45314e46-b169-46c0-8770-b76bf7e26cfb_config-0] Notify connected event to listeners.
23:10:39.724 [com.alibaba.nacos.client.remote.worker] INFO  c.a.n.c.c.i.ClientWorker - [onConnected,639] - [45314e46-b169-46c0-8770-b76bf7e26cfb_config-0] Connected,notify listen context...
23:10:39.724 [main] INFO  c.a.n.c.r.client - [printIfInfoEnabled,63] - [45314e46-b169-46c0-8770-b76bf7e26cfb_config-0] Register server push request handler:com.alibaba.nacos.common.remote.client.RpcClient$ConnectResetRequestHandler
23:10:39.725 [main] INFO  c.a.n.c.r.client - [printIfInfoEnabled,63] - [45314e46-b169-46c0-8770-b76bf7e26cfb_config-0] Register server push request handler:com.alibaba.nacos.common.remote.client.RpcClient$$Lambda$595/0x0000024c914f30c8
23:10:39.748 [main] INFO  c.a.n.c.c.i.Limiter - [<clinit>,62] - limitTime:5.0
23:10:39.936 [main] INFO  c.a.n.c.c.u.JvmUtil - [<clinit>,54] - isMultiInstance:false
23:10:39.942 [main] INFO  o.s.c.b.c.PropertySourceBootstrapConfiguration - [initialize,108] - Located property source: [BootstrapPropertySource {name='bootstrapProperties-oj-gateway-local.yaml,DEFAULT_GROUP'}, BootstrapPropertySource {name='bootstrapProperties-oj-gateway.yaml,DEFAULT_GROUP'}, BootstrapPropertySource {name='bootstrapProperties-oj-gateway,DEFAULT_GROUP'}]
23:10:39.946 [main] INFO  c.b.g.OjGatewayApplication - [logStartupProfileInfo,636] - The following 1 profile is active: "local"
23:10:40.276 [main] INFO  o.s.d.r.c.RepositoryConfigurationDelegate - [multipleStoresDetected,294] - Multiple Spring Data modules found, entering strict repository configuration mode
23:10:40.278 [main] INFO  o.s.d.r.c.RepositoryConfigurationDelegate - [registerRepositoriesIn,138] - Bootstrapping Spring Data Redis repositories in DEFAULT mode.
23:10:40.292 [main] INFO  o.s.d.r.c.RepositoryConfigurationDelegate - [registerRepositoriesIn,208] - Finished Spring Data repository scanning in 4 ms. Found 0 Redis repository interfaces.
23:10:40.398 [main] INFO  o.s.c.c.s.GenericScope - [setSerializationId,282] - BeanFactory id=a2242d8d-f5fd-3a65-be67-7fd022a476aa
23:10:40.422 [main] INFO  o.s.c.s.PostProcessorRegistrationDelegate$BeanPostProcessorChecker - [postProcessAfterInitialization,409] - Bean 'org.springframework.cloud.client.loadbalancer.reactive.LoadBalancerBeanPostProcessorAutoConfiguration' of type [org.springframework.cloud.client.loadbalancer.reactive.LoadBalancerBeanPostProcessorAutoConfiguration] is not eligible for getting processed by all BeanPostProcessors (for example: not eligible for auto-proxying)
23:10:40.422 [main] INFO  o.s.c.s.PostProcessorRegistrationDelegate$BeanPostProcessorChecker - [postProcessAfterInitialization,409] - Bean 'org.springframework.cloud.client.loadbalancer.reactive.LoadBalancerBeanPostProcessorAutoConfiguration$ReactorDeferringLoadBalancerFilterConfig' of type [org.springframework.cloud.client.loadbalancer.reactive.LoadBalancerBeanPostProcessorAutoConfiguration$ReactorDeferringLoadBalancerFilterConfig] is not eligible for getting processed by all BeanPostProcessors (for example: not eligible for auto-proxying)
23:10:40.423 [main] INFO  o.s.c.s.PostProcessorRegistrationDelegate$BeanPostProcessorChecker - [postProcessAfterInitialization,409] - Bean 'reactorDeferringLoadBalancerExchangeFilterFunction' of type [org.springframework.cloud.client.loadbalancer.reactive.DeferringLoadBalancerExchangeFilterFunction] is not eligible for getting processed by all BeanPostProcessors (for example: not eligible for auto-proxying)
23:10:41.337 [main] INFO  o.s.c.g.r.RouteDefinitionRouteLocator - [lambda$initFactories$1,88] - Loaded RoutePredicateFactory [After]
23:10:41.337 [main] INFO  o.s.c.g.r.RouteDefinitionRouteLocator - [lambda$initFactories$1,88] - Loaded RoutePredicateFactory [Before]
23:10:41.337 [main] INFO  o.s.c.g.r.RouteDefinitionRouteLocator - [lambda$initFactories$1,88] - Loaded RoutePredicateFactory [Between]
23:10:41.338 [main] INFO  o.s.c.g.r.RouteDefinitionRouteLocator - [lambda$initFactories$1,88] - Loaded RoutePredicateFactory [Cookie]
23:10:41.338 [main] INFO  o.s.c.g.r.RouteDefinitionRouteLocator - [lambda$initFactories$1,88] - Loaded RoutePredicateFactory [Header]
23:10:41.338 [main] INFO  o.s.c.g.r.RouteDefinitionRouteLocator - [lambda$initFactories$1,88] - Loaded RoutePredicateFactory [Host]
23:10:41.338 [main] INFO  o.s.c.g.r.RouteDefinitionRouteLocator - [lambda$initFactories$1,88] - Loaded RoutePredicateFactory [Method]
23:10:41.338 [main] INFO  o.s.c.g.r.RouteDefinitionRouteLocator - [lambda$initFactories$1,88] - Loaded RoutePredicateFactory [Path]
23:10:41.338 [main] INFO  o.s.c.g.r.RouteDefinitionRouteLocator - [lambda$initFactories$1,88] - Loaded RoutePredicateFactory [Query]
23:10:41.338 [main] INFO  o.s.c.g.r.RouteDefinitionRouteLocator - [lambda$initFactories$1,88] - Loaded RoutePredicateFactory [ReadBody]
23:10:41.338 [main] INFO  o.s.c.g.r.RouteDefinitionRouteLocator - [lambda$initFactories$1,88] - Loaded RoutePredicateFactory [RemoteAddr]
23:10:41.338 [main] INFO  o.s.c.g.r.RouteDefinitionRouteLocator - [lambda$initFactories$1,88] - Loaded RoutePredicateFactory [XForwardedRemoteAddr]
23:10:41.338 [main] INFO  o.s.c.g.r.RouteDefinitionRouteLocator - [lambda$initFactories$1,88] - Loaded RoutePredicateFactory [Weight]
23:10:41.338 [main] INFO  o.s.c.g.r.RouteDefinitionRouteLocator - [lambda$initFactories$1,88] - Loaded RoutePredicateFactory [CloudFoundryRouteService]
23:10:41.784 [main] INFO  o.s.b.w.e.n.NettyWebServer - [start,111] - Netty started on port 19090
23:10:42.073 [main] INFO  c.a.n.client.naming - [initNamespaceForNaming,62] - initializer namespace from ans.namespace attribute : null
23:10:42.074 [main] INFO  c.a.n.client.naming - [lambda$initNamespaceForNaming$0,66] - initializer namespace from ALIBABA_ALIWARE_NAMESPACE attribute :null
23:10:42.076 [main] INFO  c.a.n.client.naming - [lambda$initNamespaceForNaming$1,73] - initializer namespace from namespace attribute :null
23:10:42.082 [main] INFO  c.a.n.p.a.s.c.ClientAuthPluginManager - [init,56] - [ClientAuthPluginManager] Load ClientAuthService com.alibaba.nacos.client.auth.impl.NacosClientAuthServiceImpl success.
23:10:42.082 [main] INFO  c.a.n.p.a.s.c.ClientAuthPluginManager - [init,56] - [ClientAuthPluginManager] Load ClientAuthService com.alibaba.nacos.client.auth.ram.RamClientAuthServiceImpl success.
23:10:42.086 [main] INFO  c.a.n.c.r.client - [lambda$createClient$0,108] - [RpcClientFactory] create a new rpc client of 741f2b11-ff8d-4073-84f1-931c904372c0
23:10:42.087 [main] INFO  c.a.n.c.r.client - [printIfInfoEnabled,63] - [741f2b11-ff8d-4073-84f1-931c904372c0] RpcClient init, ServerListFactory = com.alibaba.nacos.client.naming.core.ServerListManager
23:10:42.087 [main] INFO  c.a.n.c.r.client - [printIfInfoEnabled,63] - [741f2b11-ff8d-4073-84f1-931c904372c0] Registry connection listener to current client:com.alibaba.nacos.client.naming.remote.gprc.redo.NamingGrpcRedoService
23:10:42.087 [main] INFO  c.a.n.c.r.client - [printIfInfoEnabled,63] - [741f2b11-ff8d-4073-84f1-931c904372c0] Register server push request handler:com.alibaba.nacos.client.naming.remote.gprc.NamingPushRequestHandler
23:10:42.088 [main] INFO  c.a.n.c.r.client - [printIfInfoEnabled,63] - [741f2b11-ff8d-4073-84f1-931c904372c0] Try to connect to server on start up, server: {serverIp = 'localhost', server main port = 8848}
23:10:42.088 [main] INFO  c.a.n.c.r.c.g.GrpcClient - [createNewManagedChannel,182] - grpc client connection server:localhost ip,serverPort:9848,grpcTslConfig:{"sslProvider":"OPENSSL","enableTls":false,"mutualAuthEnable":false,"trustAll":false}
23:10:42.249 [main] INFO  c.a.n.c.r.client - [printIfInfoEnabled,63] - [741f2b11-ff8d-4073-84f1-931c904372c0] Success to connect to server [localhost:8848] on start up, connectionId = 1777475442135_172.17.0.1_40356
23:10:42.250 [main] INFO  c.a.n.c.r.client - [printIfInfoEnabled,63] - [741f2b11-ff8d-4073-84f1-931c904372c0] Register server push request handler:com.alibaba.nacos.common.remote.client.RpcClient$ConnectResetRequestHandler
23:10:42.250 [com.alibaba.nacos.client.remote.worker] INFO  c.a.n.c.r.client - [printIfInfoEnabled,63] - [741f2b11-ff8d-4073-84f1-931c904372c0] Notify connected event to listeners.
23:10:42.250 [main] INFO  c.a.n.c.r.client - [printIfInfoEnabled,63] - [741f2b11-ff8d-4073-84f1-931c904372c0] Register server push request handler:com.alibaba.nacos.common.remote.client.RpcClient$$Lambda$595/0x0000024c914f30c8
23:10:42.251 [com.alibaba.nacos.client.remote.worker] INFO  c.a.n.client.naming - [onConnected,78] - Grpc connection connect
23:10:42.254 [main] INFO  c.a.n.client.naming - [registerService,121] - [REGISTER-SERVICE] 1b411097-df3c-4cac-a649-ba6b6b22fcd4 registering service oj-gateway with instance Instance{instanceId='null', ip='172.20.10.6', port=19090, weight=1.0, healthy=true, enabled=true, ephemeral=true, clusterName='DEFAULT', serviceName='null', metadata={IPv6=[2409:897a:3d80:97a3:543:892d:f811:3246], preserved.register.source=SPRING_CLOUD}}
23:10:42.264 [main] INFO  c.a.c.n.r.NacosServiceRegistry - [register,76] - nacos registry, DEFAULT_GROUP oj-gateway 172.20.10.6:19090 register finished
23:10:42.304 [main] INFO  c.b.g.OjGatewayApplication - [logStarted,57] - Started OjGatewayApplication in 4.222 seconds (process running for 4.84)
23:10:42.309 [main] INFO  c.a.n.c.c.i.CacheData - [<clinit>,67] - nacos.cache.data.init.snapshot = true 
23:10:42.310 [main] INFO  c.a.n.c.c.i.ClientWorker - [addCacheDataIfAbsent,380] - [fixed-1b411097-df3c-4cac-a649-ba6b6b22fcd4-localhost_8848] [subscribe] oj-gateway-local.yaml+DEFAULT_GROUP+1b411097-df3c-4cac-a649-ba6b6b22fcd4
23:10:42.316 [main] INFO  c.a.n.c.c.i.CacheData - [addListener,197] - [fixed-1b411097-df3c-4cac-a649-ba6b6b22fcd4-localhost_8848] [add-listener] ok, tenant=1b411097-df3c-4cac-a649-ba6b6b22fcd4, dataId=oj-gateway-local.yaml, group=DEFAULT_GROUP, cnt=1
23:10:42.316 [main] INFO  c.a.c.n.r.NacosContextRefresher - [registerNacosListener,129] - [Nacos Config] Listening config: dataId=oj-gateway-local.yaml, group=DEFAULT_GROUP
23:10:42.316 [main] INFO  c.a.n.c.c.i.ClientWorker - [addCacheDataIfAbsent,380] - [fixed-1b411097-df3c-4cac-a649-ba6b6b22fcd4-localhost_8848] [subscribe] oj-gateway+DEFAULT_GROUP+1b411097-df3c-4cac-a649-ba6b6b22fcd4
23:10:42.316 [main] INFO  c.a.n.c.c.i.CacheData - [addListener,197] - [fixed-1b411097-df3c-4cac-a649-ba6b6b22fcd4-localhost_8848] [add-listener] ok, tenant=1b411097-df3c-4cac-a649-ba6b6b22fcd4, dataId=oj-gateway, group=DEFAULT_GROUP, cnt=1
23:10:42.316 [main] INFO  c.a.c.n.r.NacosContextRefresher - [registerNacosListener,129] - [Nacos Config] Listening config: dataId=oj-gateway, group=DEFAULT_GROUP
23:10:42.317 [main] INFO  c.a.n.c.c.i.ClientWorker - [addCacheDataIfAbsent,380] - [fixed-1b411097-df3c-4cac-a649-ba6b6b22fcd4-localhost_8848] [subscribe] oj-gateway.yaml+DEFAULT_GROUP+1b411097-df3c-4cac-a649-ba6b6b22fcd4
23:10:42.317 [main] INFO  c.a.n.c.c.i.CacheData - [addListener,197] - [fixed-1b411097-df3c-4cac-a649-ba6b6b22fcd4-localhost_8848] [add-listener] ok, tenant=1b411097-df3c-4cac-a649-ba6b6b22fcd4, dataId=oj-gateway.yaml, group=DEFAULT_GROUP, cnt=1
23:10:42.317 [main] INFO  c.a.c.n.r.NacosContextRefresher - [registerNacosListener,129] - [Nacos Config] Listening config: dataId=oj-gateway.yaml, group=DEFAULT_GROUP
23:12:16.092 [boundedElastic-1] INFO  c.a.n.client.naming - [subscribe,167] - [SUBSCRIBE-SERVICE] service:oj-system, group:DEFAULT_GROUP, clusters: 
23:12:16.106 [boundedElastic-1] INFO  c.a.n.client.naming - [isChangedServiceInfo,184] - init new ips(1) service: DEFAULT_GROUP@@oj-system -> [{"ip":"172.20.10.6","port":9201,"weight":1.0,"healthy":true,"enabled":true,"ephemeral":true,"clusterName":"DEFAULT","serviceName":"DEFAULT_GROUP@@oj-system","metadata":{"preserved.register.source":"SPRING_CLOUD","IPv6":"[2409:897a:3d80:97a3:543:892d:f811:3246]"},"instanceHeartBeatInterval":5000,"instanceHeartBeatTimeOut":15000,"ipDeleteTimeout":30000}]
23:12:16.108 [boundedElastic-1] INFO  c.a.n.client.naming - [processServiceInfo,169] - current ips:(1) service: DEFAULT_GROUP@@oj-system -> [{"ip":"172.20.10.6","port":9201,"weight":1.0,"healthy":true,"enabled":true,"ephemeral":true,"clusterName":"DEFAULT","serviceName":"DEFAULT_GROUP@@oj-system","metadata":{"preserved.register.source":"SPRING_CLOUD","IPv6":"[2409:897a:3d80:97a3:543:892d:f811:3246]"},"instanceHeartBeatInterval":5000,"instanceHeartBeatTimeOut":15000,"ipDeleteTimeout":30000}]
23:12:16.656 [nacos-grpc-client-executor-localhost-26] INFO  c.a.n.c.r.client - [printIfInfoEnabled,63] - [741f2b11-ff8d-4073-84f1-931c904372c0] Receive server push request, request = NotifySubscriberRequest, requestId = 14
23:12:16.657 [nacos-grpc-client-executor-localhost-26] INFO  c.a.n.c.r.client - [printIfInfoEnabled,63] - [741f2b11-ff8d-4073-84f1-931c904372c0] Ack server push request, request = NotifySubscriberRequest, requestId = 14
23:14:15.523 [SpringApplicationShutdownHook] INFO  c.a.c.n.r.NacosServiceRegistry - [deregister,95] - De-registering from Nacos Server now...
23:14:15.523 [SpringApplicationShutdownHook] INFO  c.a.n.client.naming - [deregisterService,217] - [DEREGISTER-SERVICE] 1b411097-df3c-4cac-a649-ba6b6b22fcd4 deregistering service oj-gateway with instance: Instance{instanceId='null', ip='172.20.10.6', port=19090, weight=1.0, healthy=true, enabled=true, ephemeral=true, clusterName='DEFAULT', serviceName='null', metadata={}}
23:14:15.528 [SpringApplicationShutdownHook] INFO  c.a.c.n.r.NacosServiceRegistry - [deregister,115] - De-registration finished.
23:14:15.528 [SpringApplicationShutdownHook] INFO  c.a.n.client.naming - [shutdown,256] - com.alibaba.nacos.client.naming.cache.ServiceInfoHolder do shutdown begin
23:14:15.528 [SpringApplicationShutdownHook] INFO  c.a.n.client.naming - [shutdown,136] - com.alibaba.nacos.client.naming.backups.FailoverReactor do shutdown begin
23:14:15.528 [SpringApplicationShutdownHook] INFO  c.a.n.client.naming - [shutdown,138] - com.alibaba.nacos.client.naming.backups.FailoverReactor do shutdown stop
23:14:15.529 [SpringApplicationShutdownHook] INFO  c.a.n.client.naming - [shutdown,258] - com.alibaba.nacos.client.naming.cache.ServiceInfoHolder do shutdown stop
23:14:15.529 [SpringApplicationShutdownHook] INFO  c.a.n.client.naming - [shutdown,204] - com.alibaba.nacos.client.naming.remote.NamingClientProxyDelegate do shutdown begin
23:14:15.529 [SpringApplicationShutdownHook] INFO  c.a.n.client.naming - [shutdown,143] - com.alibaba.nacos.client.naming.core.ServiceInfoUpdateService do shutdown begin
23:14:15.529 [SpringApplicationShutdownHook] INFO  c.a.n.client.naming - [shutdown,145] - com.alibaba.nacos.client.naming.core.ServiceInfoUpdateService do shutdown stop
23:14:15.529 [SpringApplicationShutdownHook] INFO  c.a.n.client.naming - [shutdown,194] - com.alibaba.nacos.client.naming.core.ServerListManager do shutdown begin
23:14:15.529 [SpringApplicationShutdownHook] INFO  c.a.n.client.naming - [shutdown,199] - com.alibaba.nacos.client.naming.core.ServerListManager do shutdown stop
23:14:15.529 [SpringApplicationShutdownHook] INFO  c.a.n.client.naming - [shutdown,484] - com.alibaba.nacos.client.naming.remote.http.NamingHttpClientProxy do shutdown begin
23:14:15.529 [SpringApplicationShutdownHook] INFO  c.a.n.client.naming - [shutdown,486] - com.alibaba.nacos.client.naming.remote.http.NamingHttpClientProxy do shutdown stop
23:14:15.529 [SpringApplicationShutdownHook] INFO  c.a.n.c.r.client - [shutdown,429] - Shutdown rpc client, set status to shutdown
23:14:15.529 [SpringApplicationShutdownHook] INFO  c.a.n.c.r.client - [shutdown,431] - Shutdown client event executor java.util.concurrent.ScheduledThreadPoolExecutor@e4f541d[Running, pool size = 2, active threads = 2, queued tasks = 0, completed tasks = 0]
23:14:15.529 [SpringApplicationShutdownHook] INFO  c.a.n.c.r.client - [closeConnection,584] - Close current connection 1777475442135_172.17.0.1_40356
23:14:15.531 [nacos-grpc-client-executor-localhost-53] INFO  c.a.n.c.r.c.g.GrpcClient - [printIfInfoEnabled,63] - [1777475442135_172.17.0.1_40356]Ignore complete event,isRunning:false,isAbandon=false
23:14:15.532 [SpringApplicationShutdownHook] INFO  c.a.n.c.r.c.g.GrpcClient - [shutdown,159] - Shutdown grpc executor java.util.concurrent.ThreadPoolExecutor@1daf854a[Running, pool size = 4, active threads = 0, queued tasks = 0, completed tasks = 54]
23:14:15.532 [SpringApplicationShutdownHook] INFO  c.a.n.client.naming - [shutdown,318] - Shutdown grpc redo service executor java.util.concurrent.ScheduledThreadPoolExecutor@3217d90b[Running, pool size = 1, active threads = 0, queued tasks = 1, completed tasks = 70]
23:14:15.532 [SpringApplicationShutdownHook] INFO  c.a.n.c.a.r.i.CredentialWatcher - [stop,106] - [null] CredentialWatcher is stopped
23:14:15.532 [SpringApplicationShutdownHook] INFO  c.a.n.c.a.r.i.CredentialService - [free,100] - [null] CredentialService is freed
23:14:15.533 [SpringApplicationShutdownHook] INFO  c.a.n.client.naming - [shutdown,211] - com.alibaba.nacos.client.naming.remote.NamingClientProxyDelegate do shutdown stop
23:14:20.280 [background-preinit] INFO  o.h.v.i.util.Version - [<clinit>,21] - HV000001: Hibernate Validator 8.0.0.Final
23:14:20.486 [main] INFO  c.a.n.c.u.ParamUtil - [<clinit>,87] - [settings] [req-serv] nacos-server port:8848
23:14:20.486 [main] INFO  c.a.n.c.u.ParamUtil - [<clinit>,98] - [settings] [http-client] connect timeout:1000
23:14:20.487 [main] INFO  c.a.n.c.u.ParamUtil - [<clinit>,105] - PER_TASK_CONFIG_SIZE: 3000.0
23:14:20.507 [main] INFO  c.a.n.p.a.s.c.ClientAuthPluginManager - [init,56] - [ClientAuthPluginManager] Load ClientAuthService com.alibaba.nacos.client.auth.impl.NacosClientAuthServiceImpl success.
23:14:20.507 [main] INFO  c.a.n.p.a.s.c.ClientAuthPluginManager - [init,56] - [ClientAuthPluginManager] Load ClientAuthService com.alibaba.nacos.client.auth.ram.RamClientAuthServiceImpl success.
23:14:20.509 [main] INFO  c.a.n.c.a.r.i.CredentialWatcher - [loadCredential,165] - null No credential found
23:14:20.717 [main] INFO  c.a.n.c.c.i.LocalConfigInfoProcessor - [<clinit>,63] - LOCAL_SNAPSHOT_PATH:C:\Users\45\nacos\config
23:14:20.720 [main] INFO  c.a.n.c.r.client - [lambda$createClient$0,108] - [RpcClientFactory] create a new rpc client of a5a6706b-7b2f-47ce-aab3-f7bfa4fdac05_config-0
23:14:20.734 [main] INFO  c.a.n.c.r.client - [printIfInfoEnabled,63] - [a5a6706b-7b2f-47ce-aab3-f7bfa4fdac05_config-0] Register server push request handler:com.alibaba.nacos.client.config.impl.ClientWorker$ConfigRpcTransportClient$$Lambda$574/0x00000238a336b3e0
23:14:20.735 [main] INFO  c.a.n.c.r.client - [printIfInfoEnabled,63] - [a5a6706b-7b2f-47ce-aab3-f7bfa4fdac05_config-0] Register server push request handler:com.alibaba.nacos.client.config.impl.ClientWorker$ConfigRpcTransportClient$$Lambda$575/0x00000238a336b800
23:14:20.735 [main] INFO  c.a.n.c.r.client - [printIfInfoEnabled,63] - [a5a6706b-7b2f-47ce-aab3-f7bfa4fdac05_config-0] Registry connection listener to current client:com.alibaba.nacos.client.config.impl.ClientWorker$ConfigRpcTransportClient$1
23:14:20.736 [main] INFO  c.a.n.c.r.client - [printIfInfoEnabled,63] - [a5a6706b-7b2f-47ce-aab3-f7bfa4fdac05_config-0] RpcClient init, ServerListFactory = com.alibaba.nacos.client.config.impl.ClientWorker$ConfigRpcTransportClient$2
23:14:20.741 [main] INFO  c.a.n.c.r.client - [printIfInfoEnabled,63] - [a5a6706b-7b2f-47ce-aab3-f7bfa4fdac05_config-0] Try to connect to server on start up, server: {serverIp = 'localhost', server main port = 8848}
23:14:20.765 [main] INFO  c.a.n.c.r.c.g.GrpcClient - [createNewManagedChannel,182] - grpc client connection server:localhost ip,serverPort:9848,grpcTslConfig:{"sslProvider":"OPENSSL","enableTls":false,"mutualAuthEnable":false,"trustAll":false}
23:14:21.484 [main] INFO  c.a.n.c.r.client - [printIfInfoEnabled,63] - [a5a6706b-7b2f-47ce-aab3-f7bfa4fdac05_config-0] Success to connect to server [localhost:8848] on start up, connectionId = 1777475661308_172.17.0.1_48274
23:14:21.485 [main] INFO  c.a.n.c.r.client - [printIfInfoEnabled,63] - [a5a6706b-7b2f-47ce-aab3-f7bfa4fdac05_config-0] Register server push request handler:com.alibaba.nacos.common.remote.client.RpcClient$ConnectResetRequestHandler
23:14:21.485 [com.alibaba.nacos.client.remote.worker] INFO  c.a.n.c.r.client - [printIfInfoEnabled,63] - [a5a6706b-7b2f-47ce-aab3-f7bfa4fdac05_config-0] Notify connected event to listeners.
23:14:21.485 [com.alibaba.nacos.client.remote.worker] INFO  c.a.n.c.c.i.ClientWorker - [onConnected,639] - [a5a6706b-7b2f-47ce-aab3-f7bfa4fdac05_config-0] Connected,notify listen context...
23:14:21.487 [main] INFO  c.a.n.c.r.client - [printIfInfoEnabled,63] - [a5a6706b-7b2f-47ce-aab3-f7bfa4fdac05_config-0] Register server push request handler:com.alibaba.nacos.common.remote.client.RpcClient$$Lambda$595/0x00000238a34f3578
23:14:21.516 [main] INFO  c.a.n.c.c.i.Limiter - [<clinit>,62] - limitTime:5.0
23:14:21.543 [main] INFO  c.a.n.c.c.u.JvmUtil - [<clinit>,54] - isMultiInstance:false
23:14:21.551 [main] INFO  o.s.c.b.c.PropertySourceBootstrapConfiguration - [initialize,108] - Located property source: [BootstrapPropertySource {name='bootstrapProperties-oj-gateway-local.yaml,DEFAULT_GROUP'}, BootstrapPropertySource {name='bootstrapProperties-oj-gateway.yaml,DEFAULT_GROUP'}, BootstrapPropertySource {name='bootstrapProperties-oj-gateway,DEFAULT_GROUP'}]
23:14:21.555 [main] INFO  c.b.g.OjGatewayApplication - [logStartupProfileInfo,636] - The following 1 profile is active: "local"
23:14:21.891 [main] INFO  o.s.d.r.c.RepositoryConfigurationDelegate - [multipleStoresDetected,294] - Multiple Spring Data modules found, entering strict repository configuration mode
23:14:21.893 [main] INFO  o.s.d.r.c.RepositoryConfigurationDelegate - [registerRepositoriesIn,138] - Bootstrapping Spring Data Redis repositories in DEFAULT mode.
23:14:21.907 [main] INFO  o.s.d.r.c.RepositoryConfigurationDelegate - [registerRepositoriesIn,208] - Finished Spring Data repository scanning in 4 ms. Found 0 Redis repository interfaces.
23:14:22.013 [main] INFO  o.s.c.c.s.GenericScope - [setSerializationId,282] - BeanFactory id=a2242d8d-f5fd-3a65-be67-7fd022a476aa
23:14:22.039 [main] INFO  o.s.c.s.PostProcessorRegistrationDelegate$BeanPostProcessorChecker - [postProcessAfterInitialization,409] - Bean 'org.springframework.cloud.client.loadbalancer.reactive.LoadBalancerBeanPostProcessorAutoConfiguration' of type [org.springframework.cloud.client.loadbalancer.reactive.LoadBalancerBeanPostProcessorAutoConfiguration] is not eligible for getting processed by all BeanPostProcessors (for example: not eligible for auto-proxying)
23:14:22.040 [main] INFO  o.s.c.s.PostProcessorRegistrationDelegate$BeanPostProcessorChecker - [postProcessAfterInitialization,409] - Bean 'org.springframework.cloud.client.loadbalancer.reactive.LoadBalancerBeanPostProcessorAutoConfiguration$ReactorDeferringLoadBalancerFilterConfig' of type [org.springframework.cloud.client.loadbalancer.reactive.LoadBalancerBeanPostProcessorAutoConfiguration$ReactorDeferringLoadBalancerFilterConfig] is not eligible for getting processed by all BeanPostProcessors (for example: not eligible for auto-proxying)
23:14:22.042 [main] INFO  o.s.c.s.PostProcessorRegistrationDelegate$BeanPostProcessorChecker - [postProcessAfterInitialization,409] - Bean 'reactorDeferringLoadBalancerExchangeFilterFunction' of type [org.springframework.cloud.client.loadbalancer.reactive.DeferringLoadBalancerExchangeFilterFunction] is not eligible for getting processed by all BeanPostProcessors (for example: not eligible for auto-proxying)
23:14:23.033 [main] INFO  o.s.c.g.r.RouteDefinitionRouteLocator - [lambda$initFactories$1,88] - Loaded RoutePredicateFactory [After]
23:14:23.034 [main] INFO  o.s.c.g.r.RouteDefinitionRouteLocator - [lambda$initFactories$1,88] - Loaded RoutePredicateFactory [Before]
23:14:23.034 [main] INFO  o.s.c.g.r.RouteDefinitionRouteLocator - [lambda$initFactories$1,88] - Loaded RoutePredicateFactory [Between]
23:14:23.034 [main] INFO  o.s.c.g.r.RouteDefinitionRouteLocator - [lambda$initFactories$1,88] - Loaded RoutePredicateFactory [Cookie]
23:14:23.034 [main] INFO  o.s.c.g.r.RouteDefinitionRouteLocator - [lambda$initFactories$1,88] - Loaded RoutePredicateFactory [Header]
23:14:23.034 [main] INFO  o.s.c.g.r.RouteDefinitionRouteLocator - [lambda$initFactories$1,88] - Loaded RoutePredicateFactory [Host]
23:14:23.034 [main] INFO  o.s.c.g.r.RouteDefinitionRouteLocator - [lambda$initFactories$1,88] - Loaded RoutePredicateFactory [Method]
23:14:23.034 [main] INFO  o.s.c.g.r.RouteDefinitionRouteLocator - [lambda$initFactories$1,88] - Loaded RoutePredicateFactory [Path]
23:14:23.034 [main] INFO  o.s.c.g.r.RouteDefinitionRouteLocator - [lambda$initFactories$1,88] - Loaded RoutePredicateFactory [Query]
23:14:23.034 [main] INFO  o.s.c.g.r.RouteDefinitionRouteLocator - [lambda$initFactories$1,88] - Loaded RoutePredicateFactory [ReadBody]
23:14:23.034 [main] INFO  o.s.c.g.r.RouteDefinitionRouteLocator - [lambda$initFactories$1,88] - Loaded RoutePredicateFactory [RemoteAddr]
23:14:23.034 [main] INFO  o.s.c.g.r.RouteDefinitionRouteLocator - [lambda$initFactories$1,88] - Loaded RoutePredicateFactory [XForwardedRemoteAddr]
23:14:23.034 [main] INFO  o.s.c.g.r.RouteDefinitionRouteLocator - [lambda$initFactories$1,88] - Loaded RoutePredicateFactory [Weight]
23:14:23.034 [main] INFO  o.s.c.g.r.RouteDefinitionRouteLocator - [lambda$initFactories$1,88] - Loaded RoutePredicateFactory [CloudFoundryRouteService]
23:14:23.538 [main] INFO  o.s.b.w.e.n.NettyWebServer - [start,111] - Netty started on port 19090
23:14:23.864 [main] INFO  c.a.n.client.naming - [initNamespaceForNaming,62] - initializer namespace from ans.namespace attribute : null
23:14:23.865 [main] INFO  c.a.n.client.naming - [lambda$initNamespaceForNaming$0,66] - initializer namespace from ALIBABA_ALIWARE_NAMESPACE attribute :null
23:14:23.865 [main] INFO  c.a.n.client.naming - [lambda$initNamespaceForNaming$1,73] - initializer namespace from namespace attribute :null
23:14:23.873 [main] INFO  c.a.n.p.a.s.c.ClientAuthPluginManager - [init,56] - [ClientAuthPluginManager] Load ClientAuthService com.alibaba.nacos.client.auth.impl.NacosClientAuthServiceImpl success.
23:14:23.874 [main] INFO  c.a.n.p.a.s.c.ClientAuthPluginManager - [init,56] - [ClientAuthPluginManager] Load ClientAuthService com.alibaba.nacos.client.auth.ram.RamClientAuthServiceImpl success.
23:14:23.877 [main] INFO  c.a.n.c.r.client - [lambda$createClient$0,108] - [RpcClientFactory] create a new rpc client of 6d1cc7c0-de05-4496-98f6-54b4100da767
23:14:23.879 [main] INFO  c.a.n.c.r.client - [printIfInfoEnabled,63] - [6d1cc7c0-de05-4496-98f6-54b4100da767] RpcClient init, ServerListFactory = com.alibaba.nacos.client.naming.core.ServerListManager
23:14:23.879 [main] INFO  c.a.n.c.r.client - [printIfInfoEnabled,63] - [6d1cc7c0-de05-4496-98f6-54b4100da767] Registry connection listener to current client:com.alibaba.nacos.client.naming.remote.gprc.redo.NamingGrpcRedoService
23:14:23.879 [main] INFO  c.a.n.c.r.client - [printIfInfoEnabled,63] - [6d1cc7c0-de05-4496-98f6-54b4100da767] Register server push request handler:com.alibaba.nacos.client.naming.remote.gprc.NamingPushRequestHandler
23:14:23.880 [main] INFO  c.a.n.c.r.client - [printIfInfoEnabled,63] - [6d1cc7c0-de05-4496-98f6-54b4100da767] Try to connect to server on start up, server: {serverIp = 'localhost', server main port = 8848}
23:14:23.880 [main] INFO  c.a.n.c.r.c.g.GrpcClient - [createNewManagedChannel,182] - grpc client connection server:localhost ip,serverPort:9848,grpcTslConfig:{"sslProvider":"OPENSSL","enableTls":false,"mutualAuthEnable":false,"trustAll":false}
23:14:23.999 [main] INFO  c.a.n.c.r.client - [printIfInfoEnabled,63] - [6d1cc7c0-de05-4496-98f6-54b4100da767] Success to connect to server [localhost:8848] on start up, connectionId = 1777475663888_172.17.0.1_48280
23:14:23.999 [main] INFO  c.a.n.c.r.client - [printIfInfoEnabled,63] - [6d1cc7c0-de05-4496-98f6-54b4100da767] Register server push request handler:com.alibaba.nacos.common.remote.client.RpcClient$ConnectResetRequestHandler
23:14:23.999 [com.alibaba.nacos.client.remote.worker] INFO  c.a.n.c.r.client - [printIfInfoEnabled,63] - [6d1cc7c0-de05-4496-98f6-54b4100da767] Notify connected event to listeners.
23:14:23.999 [com.alibaba.nacos.client.remote.worker] INFO  c.a.n.client.naming - [onConnected,78] - Grpc connection connect
23:14:23.999 [main] INFO  c.a.n.c.r.client - [printIfInfoEnabled,63] - [6d1cc7c0-de05-4496-98f6-54b4100da767] Register server push request handler:com.alibaba.nacos.common.remote.client.RpcClient$$Lambda$595/0x00000238a34f3578
23:14:24.001 [main] INFO  c.a.n.client.naming - [registerService,121] - [REGISTER-SERVICE] 1b411097-df3c-4cac-a649-ba6b6b22fcd4 registering service oj-gateway with instance Instance{instanceId='null', ip='172.20.10.6', port=19090, weight=1.0, healthy=true, enabled=true, ephemeral=true, clusterName='DEFAULT', serviceName='null', metadata={IPv6=[2409:897a:3d80:97a3:543:892d:f811:3246], preserved.register.source=SPRING_CLOUD}}
23:14:24.011 [main] INFO  c.a.c.n.r.NacosServiceRegistry - [register,76] - nacos registry, DEFAULT_GROUP oj-gateway 172.20.10.6:19090 register finished
23:14:24.055 [main] INFO  c.b.g.OjGatewayApplication - [logStarted,57] - Started OjGatewayApplication in 4.197 seconds (process running for 4.88)
23:14:24.058 [main] INFO  c.a.n.c.c.i.CacheData - [<clinit>,67] - nacos.cache.data.init.snapshot = true 
23:14:24.060 [main] INFO  c.a.n.c.c.i.ClientWorker - [addCacheDataIfAbsent,380] - [fixed-1b411097-df3c-4cac-a649-ba6b6b22fcd4-localhost_8848] [subscribe] oj-gateway-local.yaml+DEFAULT_GROUP+1b411097-df3c-4cac-a649-ba6b6b22fcd4
23:14:24.065 [main] INFO  c.a.n.c.c.i.CacheData - [addListener,197] - [fixed-1b411097-df3c-4cac-a649-ba6b6b22fcd4-localhost_8848] [add-listener] ok, tenant=1b411097-df3c-4cac-a649-ba6b6b22fcd4, dataId=oj-gateway-local.yaml, group=DEFAULT_GROUP, cnt=1
23:14:24.065 [main] INFO  c.a.c.n.r.NacosContextRefresher - [registerNacosListener,129] - [Nacos Config] Listening config: dataId=oj-gateway-local.yaml, group=DEFAULT_GROUP
23:14:24.066 [main] INFO  c.a.n.c.c.i.ClientWorker - [addCacheDataIfAbsent,380] - [fixed-1b411097-df3c-4cac-a649-ba6b6b22fcd4-localhost_8848] [subscribe] oj-gateway+DEFAULT_GROUP+1b411097-df3c-4cac-a649-ba6b6b22fcd4
23:14:24.066 [main] INFO  c.a.n.c.c.i.CacheData - [addListener,197] - [fixed-1b411097-df3c-4cac-a649-ba6b6b22fcd4-localhost_8848] [add-listener] ok, tenant=1b411097-df3c-4cac-a649-ba6b6b22fcd4, dataId=oj-gateway, group=DEFAULT_GROUP, cnt=1
23:14:24.066 [main] INFO  c.a.c.n.r.NacosContextRefresher - [registerNacosListener,129] - [Nacos Config] Listening config: dataId=oj-gateway, group=DEFAULT_GROUP
23:14:24.066 [main] INFO  c.a.n.c.c.i.ClientWorker - [addCacheDataIfAbsent,380] - [fixed-1b411097-df3c-4cac-a649-ba6b6b22fcd4-localhost_8848] [subscribe] oj-gateway.yaml+DEFAULT_GROUP+1b411097-df3c-4cac-a649-ba6b6b22fcd4
23:14:24.066 [main] INFO  c.a.n.c.c.i.CacheData - [addListener,197] - [fixed-1b411097-df3c-4cac-a649-ba6b6b22fcd4-localhost_8848] [add-listener] ok, tenant=1b411097-df3c-4cac-a649-ba6b6b22fcd4, dataId=oj-gateway.yaml, group=DEFAULT_GROUP, cnt=1
23:14:24.066 [main] INFO  c.a.c.n.r.NacosContextRefresher - [registerNacosListener,129] - [Nacos Config] Listening config: dataId=oj-gateway.yaml, group=DEFAULT_GROUP
23:14:35.022 [boundedElastic-1] INFO  c.a.n.client.naming - [subscribe,167] - [SUBSCRIBE-SERVICE] service:oj-system, group:DEFAULT_GROUP, clusters: 
23:14:35.035 [boundedElastic-1] INFO  c.a.n.client.naming - [isChangedServiceInfo,184] - init new ips(1) service: DEFAULT_GROUP@@oj-system -> [{"ip":"172.20.10.6","port":9201,"weight":1.0,"healthy":true,"enabled":true,"ephemeral":true,"clusterName":"DEFAULT","serviceName":"DEFAULT_GROUP@@oj-system","metadata":{"preserved.register.source":"SPRING_CLOUD","IPv6":"[2409:897a:3d80:97a3:543:892d:f811:3246]"},"ipDeleteTimeout":30000,"instanceHeartBeatInterval":5000,"instanceHeartBeatTimeOut":15000}]
23:14:35.037 [boundedElastic-1] INFO  c.a.n.client.naming - [processServiceInfo,169] - current ips:(1) service: DEFAULT_GROUP@@oj-system -> [{"ip":"172.20.10.6","port":9201,"weight":1.0,"healthy":true,"enabled":true,"ephemeral":true,"clusterName":"DEFAULT","serviceName":"DEFAULT_GROUP@@oj-system","metadata":{"preserved.register.source":"SPRING_CLOUD","IPv6":"[2409:897a:3d80:97a3:543:892d:f811:3246]"},"ipDeleteTimeout":30000,"instanceHeartBeatInterval":5000,"instanceHeartBeatTimeOut":15000}]
23:14:35.601 [nacos-grpc-client-executor-localhost-11] INFO  c.a.n.c.r.client - [printIfInfoEnabled,63] - [6d1cc7c0-de05-4496-98f6-54b4100da767] Receive server push request, request = NotifySubscriberRequest, requestId = 15
23:14:35.602 [nacos-grpc-client-executor-localhost-11] INFO  c.a.n.c.r.client - [printIfInfoEnabled,63] - [6d1cc7c0-de05-4496-98f6-54b4100da767] Ack server push request, request = NotifySubscriberRequest, requestId = 15
23:15:49.921 [nacos-grpc-client-executor-localhost-26] INFO  c.a.n.c.r.client - [printIfInfoEnabled,63] - [6d1cc7c0-de05-4496-98f6-54b4100da767] Receive server push request, request = NotifySubscriberRequest, requestId = 16
23:15:49.922 [nacos-grpc-client-executor-localhost-26] INFO  c.a.n.client.naming - [isChangedServiceInfo,241] - removed ips(1) service: DEFAULT_GROUP@@oj-system -> [{"ip":"172.20.10.6","port":9201,"weight":1.0,"healthy":true,"enabled":true,"ephemeral":true,"clusterName":"DEFAULT","serviceName":"DEFAULT_GROUP@@oj-system","metadata":{"preserved.register.source":"SPRING_CLOUD","IPv6":"[2409:897a:3d80:97a3:543:892d:f811:3246]"},"ipDeleteTimeout":30000,"instanceHeartBeatInterval":5000,"instanceHeartBeatTimeOut":15000}]
23:15:49.922 [nacos-grpc-client-executor-localhost-26] INFO  c.a.n.client.naming - [processServiceInfo,169] - current ips:(0) service: DEFAULT_GROUP@@oj-system -> []
23:15:49.923 [nacos-grpc-client-executor-localhost-26] INFO  c.a.n.c.r.client - [printIfInfoEnabled,63] - [6d1cc7c0-de05-4496-98f6-54b4100da767] Ack server push request, request = NotifySubscriberRequest, requestId = 16
23:15:52.775 [SpringApplicationShutdownHook] INFO  c.a.c.n.r.NacosServiceRegistry - [deregister,95] - De-registering from Nacos Server now...
23:15:52.775 [SpringApplicationShutdownHook] INFO  c.a.n.client.naming - [deregisterService,217] - [DEREGISTER-SERVICE] 1b411097-df3c-4cac-a649-ba6b6b22fcd4 deregistering service oj-gateway with instance: Instance{instanceId='null', ip='172.20.10.6', port=19090, weight=1.0, healthy=true, enabled=true, ephemeral=true, clusterName='DEFAULT', serviceName='null', metadata={}}
23:15:52.780 [SpringApplicationShutdownHook] INFO  c.a.c.n.r.NacosServiceRegistry - [deregister,115] - De-registration finished.
23:15:52.780 [SpringApplicationShutdownHook] INFO  c.a.n.client.naming - [shutdown,256] - com.alibaba.nacos.client.naming.cache.ServiceInfoHolder do shutdown begin
23:15:52.780 [SpringApplicationShutdownHook] INFO  c.a.n.client.naming - [shutdown,136] - com.alibaba.nacos.client.naming.backups.FailoverReactor do shutdown begin
23:15:52.781 [SpringApplicationShutdownHook] INFO  c.a.n.client.naming - [shutdown,138] - com.alibaba.nacos.client.naming.backups.FailoverReactor do shutdown stop
23:15:52.781 [SpringApplicationShutdownHook] INFO  c.a.n.client.naming - [shutdown,258] - com.alibaba.nacos.client.naming.cache.ServiceInfoHolder do shutdown stop
23:15:52.781 [SpringApplicationShutdownHook] INFO  c.a.n.client.naming - [shutdown,204] - com.alibaba.nacos.client.naming.remote.NamingClientProxyDelegate do shutdown begin
23:15:52.781 [SpringApplicationShutdownHook] INFO  c.a.n.client.naming - [shutdown,143] - com.alibaba.nacos.client.naming.core.ServiceInfoUpdateService do shutdown begin
23:15:52.781 [SpringApplicationShutdownHook] INFO  c.a.n.client.naming - [shutdown,145] - com.alibaba.nacos.client.naming.core.ServiceInfoUpdateService do shutdown stop
23:15:52.781 [SpringApplicationShutdownHook] INFO  c.a.n.client.naming - [shutdown,194] - com.alibaba.nacos.client.naming.core.ServerListManager do shutdown begin
23:15:52.781 [SpringApplicationShutdownHook] INFO  c.a.n.client.naming - [shutdown,199] - com.alibaba.nacos.client.naming.core.ServerListManager do shutdown stop
23:15:52.781 [SpringApplicationShutdownHook] INFO  c.a.n.client.naming - [shutdown,484] - com.alibaba.nacos.client.naming.remote.http.NamingHttpClientProxy do shutdown begin
23:15:52.781 [SpringApplicationShutdownHook] INFO  c.a.n.client.naming - [shutdown,486] - com.alibaba.nacos.client.naming.remote.http.NamingHttpClientProxy do shutdown stop
23:15:52.781 [SpringApplicationShutdownHook] INFO  c.a.n.c.r.client - [shutdown,429] - Shutdown rpc client, set status to shutdown
23:15:52.781 [SpringApplicationShutdownHook] INFO  c.a.n.c.r.client - [shutdown,431] - Shutdown client event executor java.util.concurrent.ScheduledThreadPoolExecutor@7ea3dd11[Running, pool size = 2, active threads = 2, queued tasks = 0, completed tasks = 0]
23:15:52.781 [SpringApplicationShutdownHook] INFO  c.a.n.c.r.client - [closeConnection,584] - Close current connection 1777475663888_172.17.0.1_48280
23:15:52.783 [nacos-grpc-client-executor-localhost-28] INFO  c.a.n.c.r.c.g.GrpcClient - [printIfInfoEnabled,63] - [1777475663888_172.17.0.1_48280]Ignore complete event,isRunning:false,isAbandon=false
23:15:52.784 [SpringApplicationShutdownHook] INFO  c.a.n.c.r.c.g.GrpcClient - [shutdown,159] - Shutdown grpc executor java.util.concurrent.ThreadPoolExecutor@64293c4a[Running, pool size = 5, active threads = 0, queued tasks = 0, completed tasks = 29]
23:15:52.784 [SpringApplicationShutdownHook] INFO  c.a.n.client.naming - [shutdown,318] - Shutdown grpc redo service executor java.util.concurrent.ScheduledThreadPoolExecutor@77cc14b2[Running, pool size = 1, active threads = 0, queued tasks = 1, completed tasks = 29]
23:15:52.785 [SpringApplicationShutdownHook] INFO  c.a.n.c.a.r.i.CredentialWatcher - [stop,106] - [null] CredentialWatcher is stopped
23:15:52.785 [SpringApplicationShutdownHook] INFO  c.a.n.c.a.r.i.CredentialService - [free,100] - [null] CredentialService is freed
23:15:52.785 [SpringApplicationShutdownHook] INFO  c.a.n.client.naming - [shutdown,211] - com.alibaba.nacos.client.naming.remote.NamingClientProxyDelegate do shutdown stop
23:15:57.606 [background-preinit] INFO  o.h.v.i.util.Version - [<clinit>,21] - HV000001: Hibernate Validator 8.0.0.Final
23:15:57.849 [main] INFO  c.a.n.c.u.ParamUtil - [<clinit>,87] - [settings] [req-serv] nacos-server port:8848
23:15:57.849 [main] INFO  c.a.n.c.u.ParamUtil - [<clinit>,98] - [settings] [http-client] connect timeout:1000
23:15:57.849 [main] INFO  c.a.n.c.u.ParamUtil - [<clinit>,105] - PER_TASK_CONFIG_SIZE: 3000.0
23:15:57.870 [main] INFO  c.a.n.p.a.s.c.ClientAuthPluginManager - [init,56] - [ClientAuthPluginManager] Load ClientAuthService com.alibaba.nacos.client.auth.impl.NacosClientAuthServiceImpl success.
23:15:57.870 [main] INFO  c.a.n.p.a.s.c.ClientAuthPluginManager - [init,56] - [ClientAuthPluginManager] Load ClientAuthService com.alibaba.nacos.client.auth.ram.RamClientAuthServiceImpl success.
23:15:57.871 [main] INFO  c.a.n.c.a.r.i.CredentialWatcher - [loadCredential,165] - null No credential found
23:15:58.088 [main] INFO  c.a.n.c.c.i.LocalConfigInfoProcessor - [<clinit>,63] - LOCAL_SNAPSHOT_PATH:C:\Users\45\nacos\config
23:15:58.091 [main] INFO  c.a.n.c.r.client - [lambda$createClient$0,108] - [RpcClientFactory] create a new rpc client of 2aab28ef-3345-4055-aec7-422630795b31_config-0
23:15:58.103 [main] INFO  c.a.n.c.r.client - [printIfInfoEnabled,63] - [2aab28ef-3345-4055-aec7-422630795b31_config-0] Register server push request handler:com.alibaba.nacos.client.config.impl.ClientWorker$ConfigRpcTransportClient$$Lambda$574/0x0000019adc36b698
23:15:58.103 [main] INFO  c.a.n.c.r.client - [printIfInfoEnabled,63] - [2aab28ef-3345-4055-aec7-422630795b31_config-0] Register server push request handler:com.alibaba.nacos.client.config.impl.ClientWorker$ConfigRpcTransportClient$$Lambda$575/0x0000019adc36bab8
23:15:58.104 [main] INFO  c.a.n.c.r.client - [printIfInfoEnabled,63] - [2aab28ef-3345-4055-aec7-422630795b31_config-0] Registry connection listener to current client:com.alibaba.nacos.client.config.impl.ClientWorker$ConfigRpcTransportClient$1
23:15:58.104 [main] INFO  c.a.n.c.r.client - [printIfInfoEnabled,63] - [2aab28ef-3345-4055-aec7-422630795b31_config-0] RpcClient init, ServerListFactory = com.alibaba.nacos.client.config.impl.ClientWorker$ConfigRpcTransportClient$2
23:15:58.112 [main] INFO  c.a.n.c.r.client - [printIfInfoEnabled,63] - [2aab28ef-3345-4055-aec7-422630795b31_config-0] Try to connect to server on start up, server: {serverIp = 'localhost', server main port = 8848}
23:15:58.140 [main] INFO  c.a.n.c.r.c.g.GrpcClient - [createNewManagedChannel,182] - grpc client connection server:localhost ip,serverPort:9848,grpcTslConfig:{"sslProvider":"OPENSSL","enableTls":false,"mutualAuthEnable":false,"trustAll":false}
23:15:58.836 [main] INFO  c.a.n.c.r.client - [printIfInfoEnabled,63] - [2aab28ef-3345-4055-aec7-422630795b31_config-0] Success to connect to server [localhost:8848] on start up, connectionId = 1777475758663_172.17.0.1_56596
23:15:58.836 [com.alibaba.nacos.client.remote.worker] INFO  c.a.n.c.r.client - [printIfInfoEnabled,63] - [2aab28ef-3345-4055-aec7-422630795b31_config-0] Notify connected event to listeners.
23:15:58.837 [main] INFO  c.a.n.c.r.client - [printIfInfoEnabled,63] - [2aab28ef-3345-4055-aec7-422630795b31_config-0] Register server push request handler:com.alibaba.nacos.common.remote.client.RpcClient$ConnectResetRequestHandler
23:15:58.837 [com.alibaba.nacos.client.remote.worker] INFO  c.a.n.c.c.i.ClientWorker - [onConnected,639] - [2aab28ef-3345-4055-aec7-422630795b31_config-0] Connected,notify listen context...
23:15:58.837 [main] INFO  c.a.n.c.r.client - [printIfInfoEnabled,63] - [2aab28ef-3345-4055-aec7-422630795b31_config-0] Register server push request handler:com.alibaba.nacos.common.remote.client.RpcClient$$Lambda$595/0x0000019adc4f30c8
23:15:58.857 [main] INFO  c.a.n.c.c.i.Limiter - [<clinit>,62] - limitTime:5.0
23:15:58.883 [main] INFO  c.a.n.c.c.u.JvmUtil - [<clinit>,54] - isMultiInstance:false
23:15:58.889 [main] INFO  o.s.c.b.c.PropertySourceBootstrapConfiguration - [initialize,108] - Located property source: [BootstrapPropertySource {name='bootstrapProperties-oj-gateway-local.yaml,DEFAULT_GROUP'}, BootstrapPropertySource {name='bootstrapProperties-oj-gateway.yaml,DEFAULT_GROUP'}, BootstrapPropertySource {name='bootstrapProperties-oj-gateway,DEFAULT_GROUP'}]
23:15:58.889 [main] INFO  c.b.g.OjGatewayApplication - [logStartupProfileInfo,636] - The following 1 profile is active: "local"
23:15:59.213 [main] INFO  o.s.d.r.c.RepositoryConfigurationDelegate - [multipleStoresDetected,294] - Multiple Spring Data modules found, entering strict repository configuration mode
23:15:59.213 [main] INFO  o.s.d.r.c.RepositoryConfigurationDelegate - [registerRepositoriesIn,138] - Bootstrapping Spring Data Redis repositories in DEFAULT mode.
23:15:59.229 [main] INFO  o.s.d.r.c.RepositoryConfigurationDelegate - [registerRepositoriesIn,208] - Finished Spring Data repository scanning in 4 ms. Found 0 Redis repository interfaces.
23:15:59.324 [main] INFO  o.s.c.c.s.GenericScope - [setSerializationId,282] - BeanFactory id=a2242d8d-f5fd-3a65-be67-7fd022a476aa
23:15:59.346 [main] INFO  o.s.c.s.PostProcessorRegistrationDelegate$BeanPostProcessorChecker - [postProcessAfterInitialization,409] - Bean 'org.springframework.cloud.client.loadbalancer.reactive.LoadBalancerBeanPostProcessorAutoConfiguration' of type [org.springframework.cloud.client.loadbalancer.reactive.LoadBalancerBeanPostProcessorAutoConfiguration] is not eligible for getting processed by all BeanPostProcessors (for example: not eligible for auto-proxying)
23:15:59.346 [main] INFO  o.s.c.s.PostProcessorRegistrationDelegate$BeanPostProcessorChecker - [postProcessAfterInitialization,409] - Bean 'org.springframework.cloud.client.loadbalancer.reactive.LoadBalancerBeanPostProcessorAutoConfiguration$ReactorDeferringLoadBalancerFilterConfig' of type [org.springframework.cloud.client.loadbalancer.reactive.LoadBalancerBeanPostProcessorAutoConfiguration$ReactorDeferringLoadBalancerFilterConfig] is not eligible for getting processed by all BeanPostProcessors (for example: not eligible for auto-proxying)
23:15:59.346 [main] INFO  o.s.c.s.PostProcessorRegistrationDelegate$BeanPostProcessorChecker - [postProcessAfterInitialization,409] - Bean 'reactorDeferringLoadBalancerExchangeFilterFunction' of type [org.springframework.cloud.client.loadbalancer.reactive.DeferringLoadBalancerExchangeFilterFunction] is not eligible for getting processed by all BeanPostProcessors (for example: not eligible for auto-proxying)
23:16:00.388 [main] INFO  o.s.c.g.r.RouteDefinitionRouteLocator - [lambda$initFactories$1,88] - Loaded RoutePredicateFactory [After]
23:16:00.388 [main] INFO  o.s.c.g.r.RouteDefinitionRouteLocator - [lambda$initFactories$1,88] - Loaded RoutePredicateFactory [Before]
23:16:00.388 [main] INFO  o.s.c.g.r.RouteDefinitionRouteLocator - [lambda$initFactories$1,88] - Loaded RoutePredicateFactory [Between]
23:16:00.388 [main] INFO  o.s.c.g.r.RouteDefinitionRouteLocator - [lambda$initFactories$1,88] - Loaded RoutePredicateFactory [Cookie]
23:16:00.388 [main] INFO  o.s.c.g.r.RouteDefinitionRouteLocator - [lambda$initFactories$1,88] - Loaded RoutePredicateFactory [Header]
23:16:00.388 [main] INFO  o.s.c.g.r.RouteDefinitionRouteLocator - [lambda$initFactories$1,88] - Loaded RoutePredicateFactory [Host]
23:16:00.389 [main] INFO  o.s.c.g.r.RouteDefinitionRouteLocator - [lambda$initFactories$1,88] - Loaded RoutePredicateFactory [Method]
23:16:00.389 [main] INFO  o.s.c.g.r.RouteDefinitionRouteLocator - [lambda$initFactories$1,88] - Loaded RoutePredicateFactory [Path]
23:16:00.389 [main] INFO  o.s.c.g.r.RouteDefinitionRouteLocator - [lambda$initFactories$1,88] - Loaded RoutePredicateFactory [Query]
23:16:00.389 [main] INFO  o.s.c.g.r.RouteDefinitionRouteLocator - [lambda$initFactories$1,88] - Loaded RoutePredicateFactory [ReadBody]
23:16:00.389 [main] INFO  o.s.c.g.r.RouteDefinitionRouteLocator - [lambda$initFactories$1,88] - Loaded RoutePredicateFactory [RemoteAddr]
23:16:00.389 [main] INFO  o.s.c.g.r.RouteDefinitionRouteLocator - [lambda$initFactories$1,88] - Loaded RoutePredicateFactory [XForwardedRemoteAddr]
23:16:00.389 [main] INFO  o.s.c.g.r.RouteDefinitionRouteLocator - [lambda$initFactories$1,88] - Loaded RoutePredicateFactory [Weight]
23:16:00.389 [main] INFO  o.s.c.g.r.RouteDefinitionRouteLocator - [lambda$initFactories$1,88] - Loaded RoutePredicateFactory [CloudFoundryRouteService]
23:16:00.848 [main] INFO  o.s.b.w.e.n.NettyWebServer - [start,111] - Netty started on port 19090
23:16:01.127 [main] INFO  c.a.n.client.naming - [initNamespaceForNaming,62] - initializer namespace from ans.namespace attribute : null
23:16:01.127 [main] INFO  c.a.n.client.naming - [lambda$initNamespaceForNaming$0,66] - initializer namespace from ALIBABA_ALIWARE_NAMESPACE attribute :null
23:16:01.127 [main] INFO  c.a.n.client.naming - [lambda$initNamespaceForNaming$1,73] - initializer namespace from namespace attribute :null
23:16:01.134 [main] INFO  c.a.n.p.a.s.c.ClientAuthPluginManager - [init,56] - [ClientAuthPluginManager] Load ClientAuthService com.alibaba.nacos.client.auth.impl.NacosClientAuthServiceImpl success.
23:16:01.134 [main] INFO  c.a.n.p.a.s.c.ClientAuthPluginManager - [init,56] - [ClientAuthPluginManager] Load ClientAuthService com.alibaba.nacos.client.auth.ram.RamClientAuthServiceImpl success.
23:16:01.138 [main] INFO  c.a.n.c.r.client - [lambda$createClient$0,108] - [RpcClientFactory] create a new rpc client of 42ea8fba-4435-4d84-bdf8-a289d51a9b6c
23:16:01.140 [main] INFO  c.a.n.c.r.client - [printIfInfoEnabled,63] - [42ea8fba-4435-4d84-bdf8-a289d51a9b6c] RpcClient init, ServerListFactory = com.alibaba.nacos.client.naming.core.ServerListManager
23:16:01.140 [main] INFO  c.a.n.c.r.client - [printIfInfoEnabled,63] - [42ea8fba-4435-4d84-bdf8-a289d51a9b6c] Registry connection listener to current client:com.alibaba.nacos.client.naming.remote.gprc.redo.NamingGrpcRedoService
23:16:01.140 [main] INFO  c.a.n.c.r.client - [printIfInfoEnabled,63] - [42ea8fba-4435-4d84-bdf8-a289d51a9b6c] Register server push request handler:com.alibaba.nacos.client.naming.remote.gprc.NamingPushRequestHandler
23:16:01.140 [main] INFO  c.a.n.c.r.client - [printIfInfoEnabled,63] - [42ea8fba-4435-4d84-bdf8-a289d51a9b6c] Try to connect to server on start up, server: {serverIp = 'localhost', server main port = 8848}
23:16:01.141 [main] INFO  c.a.n.c.r.c.g.GrpcClient - [createNewManagedChannel,182] - grpc client connection server:localhost ip,serverPort:9848,grpcTslConfig:{"sslProvider":"OPENSSL","enableTls":false,"mutualAuthEnable":false,"trustAll":false}
23:16:01.259 [main] INFO  c.a.n.c.r.client - [printIfInfoEnabled,63] - [42ea8fba-4435-4d84-bdf8-a289d51a9b6c] Success to connect to server [localhost:8848] on start up, connectionId = 1777475761146_172.17.0.1_41730
23:16:01.259 [com.alibaba.nacos.client.remote.worker] INFO  c.a.n.c.r.client - [printIfInfoEnabled,63] - [42ea8fba-4435-4d84-bdf8-a289d51a9b6c] Notify connected event to listeners.
23:16:01.259 [main] INFO  c.a.n.c.r.client - [printIfInfoEnabled,63] - [42ea8fba-4435-4d84-bdf8-a289d51a9b6c] Register server push request handler:com.alibaba.nacos.common.remote.client.RpcClient$ConnectResetRequestHandler
23:16:01.259 [com.alibaba.nacos.client.remote.worker] INFO  c.a.n.client.naming - [onConnected,78] - Grpc connection connect
23:16:01.259 [main] INFO  c.a.n.c.r.client - [printIfInfoEnabled,63] - [42ea8fba-4435-4d84-bdf8-a289d51a9b6c] Register server push request handler:com.alibaba.nacos.common.remote.client.RpcClient$$Lambda$595/0x0000019adc4f30c8
23:16:01.259 [main] INFO  c.a.n.client.naming - [registerService,121] - [REGISTER-SERVICE] 1b411097-df3c-4cac-a649-ba6b6b22fcd4 registering service oj-gateway with instance Instance{instanceId='null', ip='172.20.10.6', port=19090, weight=1.0, healthy=true, enabled=true, ephemeral=true, clusterName='DEFAULT', serviceName='null', metadata={IPv6=[2409:897a:3d80:97a3:543:892d:f811:3246], preserved.register.source=SPRING_CLOUD}}
23:16:01.278 [main] INFO  c.a.c.n.r.NacosServiceRegistry - [register,76] - nacos registry, DEFAULT_GROUP oj-gateway 172.20.10.6:19090 register finished
23:16:01.307 [main] INFO  c.b.g.OjGatewayApplication - [logStarted,57] - Started OjGatewayApplication in 4.143 seconds (process running for 4.745)
23:16:01.307 [main] INFO  c.a.n.c.c.i.CacheData - [<clinit>,67] - nacos.cache.data.init.snapshot = true 
23:16:01.307 [main] INFO  c.a.n.c.c.i.ClientWorker - [addCacheDataIfAbsent,380] - [fixed-1b411097-df3c-4cac-a649-ba6b6b22fcd4-localhost_8848] [subscribe] oj-gateway-local.yaml+DEFAULT_GROUP+1b411097-df3c-4cac-a649-ba6b6b22fcd4
23:16:01.322 [main] INFO  c.a.n.c.c.i.CacheData - [addListener,197] - [fixed-1b411097-df3c-4cac-a649-ba6b6b22fcd4-localhost_8848] [add-listener] ok, tenant=1b411097-df3c-4cac-a649-ba6b6b22fcd4, dataId=oj-gateway-local.yaml, group=DEFAULT_GROUP, cnt=1
23:16:01.322 [main] INFO  c.a.c.n.r.NacosContextRefresher - [registerNacosListener,129] - [Nacos Config] Listening config: dataId=oj-gateway-local.yaml, group=DEFAULT_GROUP
23:16:01.322 [main] INFO  c.a.n.c.c.i.ClientWorker - [addCacheDataIfAbsent,380] - [fixed-1b411097-df3c-4cac-a649-ba6b6b22fcd4-localhost_8848] [subscribe] oj-gateway+DEFAULT_GROUP+1b411097-df3c-4cac-a649-ba6b6b22fcd4
23:16:01.322 [main] INFO  c.a.n.c.c.i.CacheData - [addListener,197] - [fixed-1b411097-df3c-4cac-a649-ba6b6b22fcd4-localhost_8848] [add-listener] ok, tenant=1b411097-df3c-4cac-a649-ba6b6b22fcd4, dataId=oj-gateway, group=DEFAULT_GROUP, cnt=1
23:16:01.322 [main] INFO  c.a.c.n.r.NacosContextRefresher - [registerNacosListener,129] - [Nacos Config] Listening config: dataId=oj-gateway, group=DEFAULT_GROUP
23:16:01.322 [main] INFO  c.a.n.c.c.i.ClientWorker - [addCacheDataIfAbsent,380] - [fixed-1b411097-df3c-4cac-a649-ba6b6b22fcd4-localhost_8848] [subscribe] oj-gateway.yaml+DEFAULT_GROUP+1b411097-df3c-4cac-a649-ba6b6b22fcd4
23:16:01.322 [main] INFO  c.a.n.c.c.i.CacheData - [addListener,197] - [fixed-1b411097-df3c-4cac-a649-ba6b6b22fcd4-localhost_8848] [add-listener] ok, tenant=1b411097-df3c-4cac-a649-ba6b6b22fcd4, dataId=oj-gateway.yaml, group=DEFAULT_GROUP, cnt=1
23:16:01.322 [main] INFO  c.a.c.n.r.NacosContextRefresher - [registerNacosListener,129] - [Nacos Config] Listening config: dataId=oj-gateway.yaml, group=DEFAULT_GROUP
23:16:10.032 [boundedElastic-1] INFO  c.a.n.client.naming - [subscribe,167] - [SUBSCRIBE-SERVICE] service:oj-system, group:DEFAULT_GROUP, clusters: 
23:16:10.047 [boundedElastic-1] INFO  c.a.n.client.naming - [isChangedServiceInfo,184] - init new ips(1) service: DEFAULT_GROUP@@oj-system -> [{"ip":"172.20.10.6","port":9201,"weight":1.0,"healthy":true,"enabled":true,"ephemeral":true,"clusterName":"DEFAULT","serviceName":"DEFAULT_GROUP@@oj-system","metadata":{"preserved.register.source":"SPRING_CLOUD","IPv6":"[2409:897a:3d80:97a3:543:892d:f811:3246]"},"instanceHeartBeatInterval":5000,"instanceHeartBeatTimeOut":15000,"ipDeleteTimeout":30000}]
23:16:10.049 [boundedElastic-1] INFO  c.a.n.client.naming - [processServiceInfo,169] - current ips:(1) service: DEFAULT_GROUP@@oj-system -> [{"ip":"172.20.10.6","port":9201,"weight":1.0,"healthy":true,"enabled":true,"ephemeral":true,"clusterName":"DEFAULT","serviceName":"DEFAULT_GROUP@@oj-system","metadata":{"preserved.register.source":"SPRING_CLOUD","IPv6":"[2409:897a:3d80:97a3:543:892d:f811:3246]"},"instanceHeartBeatInterval":5000,"instanceHeartBeatTimeOut":15000,"ipDeleteTimeout":30000}]
23:16:10.578 [nacos-grpc-client-executor-localhost-9] INFO  c.a.n.c.r.client - [printIfInfoEnabled,63] - [42ea8fba-4435-4d84-bdf8-a289d51a9b6c] Receive server push request, request = NotifySubscriberRequest, requestId = 17
23:16:10.578 [nacos-grpc-client-executor-localhost-9] INFO  c.a.n.c.r.client - [printIfInfoEnabled,63] - [42ea8fba-4435-4d84-bdf8-a289d51a9b6c] Ack server push request, request = NotifySubscriberRequest, requestId = 17
23:16:49.694 [nacos-grpc-client-executor-localhost-17] INFO  c.a.n.c.r.client - [printIfInfoEnabled,63] - [42ea8fba-4435-4d84-bdf8-a289d51a9b6c] Receive server push request, request = NotifySubscriberRequest, requestId = 18
23:16:49.695 [nacos-grpc-client-executor-localhost-17] INFO  c.a.n.client.naming - [isChangedServiceInfo,241] - removed ips(1) service: DEFAULT_GROUP@@oj-system -> [{"ip":"172.20.10.6","port":9201,"weight":1.0,"healthy":true,"enabled":true,"ephemeral":true,"clusterName":"DEFAULT","serviceName":"DEFAULT_GROUP@@oj-system","metadata":{"preserved.register.source":"SPRING_CLOUD","IPv6":"[2409:897a:3d80:97a3:543:892d:f811:3246]"},"instanceHeartBeatInterval":5000,"instanceHeartBeatTimeOut":15000,"ipDeleteTimeout":30000}]
23:16:49.695 [nacos-grpc-client-executor-localhost-17] INFO  c.a.n.client.naming - [processServiceInfo,169] - current ips:(0) service: DEFAULT_GROUP@@oj-system -> []
23:16:49.696 [nacos-grpc-client-executor-localhost-17] INFO  c.a.n.c.r.client - [printIfInfoEnabled,63] - [42ea8fba-4435-4d84-bdf8-a289d51a9b6c] Ack server push request, request = NotifySubscriberRequest, requestId = 18
23:16:54.216 [SpringApplicationShutdownHook] INFO  c.a.c.n.r.NacosServiceRegistry - [deregister,95] - De-registering from Nacos Server now...
23:16:54.216 [SpringApplicationShutdownHook] INFO  c.a.n.client.naming - [deregisterService,217] - [DEREGISTER-SERVICE] 1b411097-df3c-4cac-a649-ba6b6b22fcd4 deregistering service oj-gateway with instance: Instance{instanceId='null', ip='172.20.10.6', port=19090, weight=1.0, healthy=true, enabled=true, ephemeral=true, clusterName='DEFAULT', serviceName='null', metadata={}}
23:16:54.222 [SpringApplicationShutdownHook] INFO  c.a.c.n.r.NacosServiceRegistry - [deregister,115] - De-registration finished.
23:16:54.222 [SpringApplicationShutdownHook] INFO  c.a.n.client.naming - [shutdown,256] - com.alibaba.nacos.client.naming.cache.ServiceInfoHolder do shutdown begin
23:16:54.222 [SpringApplicationShutdownHook] INFO  c.a.n.client.naming - [shutdown,136] - com.alibaba.nacos.client.naming.backups.FailoverReactor do shutdown begin
23:16:54.222 [SpringApplicationShutdownHook] INFO  c.a.n.client.naming - [shutdown,138] - com.alibaba.nacos.client.naming.backups.FailoverReactor do shutdown stop
23:16:54.223 [SpringApplicationShutdownHook] INFO  c.a.n.client.naming - [shutdown,258] - com.alibaba.nacos.client.naming.cache.ServiceInfoHolder do shutdown stop
23:16:54.223 [SpringApplicationShutdownHook] INFO  c.a.n.client.naming - [shutdown,204] - com.alibaba.nacos.client.naming.remote.NamingClientProxyDelegate do shutdown begin
23:16:54.223 [SpringApplicationShutdownHook] INFO  c.a.n.client.naming - [shutdown,143] - com.alibaba.nacos.client.naming.core.ServiceInfoUpdateService do shutdown begin
23:16:54.223 [SpringApplicationShutdownHook] INFO  c.a.n.client.naming - [shutdown,145] - com.alibaba.nacos.client.naming.core.ServiceInfoUpdateService do shutdown stop
23:16:54.223 [SpringApplicationShutdownHook] INFO  c.a.n.client.naming - [shutdown,194] - com.alibaba.nacos.client.naming.core.ServerListManager do shutdown begin
23:16:54.223 [SpringApplicationShutdownHook] INFO  c.a.n.client.naming - [shutdown,199] - com.alibaba.nacos.client.naming.core.ServerListManager do shutdown stop
23:16:54.223 [SpringApplicationShutdownHook] INFO  c.a.n.client.naming - [shutdown,484] - com.alibaba.nacos.client.naming.remote.http.NamingHttpClientProxy do shutdown begin
23:16:54.223 [SpringApplicationShutdownHook] INFO  c.a.n.client.naming - [shutdown,486] - com.alibaba.nacos.client.naming.remote.http.NamingHttpClientProxy do shutdown stop
23:16:54.223 [SpringApplicationShutdownHook] INFO  c.a.n.c.r.client - [shutdown,429] - Shutdown rpc client, set status to shutdown
23:16:54.223 [SpringApplicationShutdownHook] INFO  c.a.n.c.r.client - [shutdown,431] - Shutdown client event executor java.util.concurrent.ScheduledThreadPoolExecutor@6359ddb1[Running, pool size = 2, active threads = 2, queued tasks = 0, completed tasks = 0]
23:16:54.223 [SpringApplicationShutdownHook] INFO  c.a.n.c.r.client - [closeConnection,584] - Close current connection 1777475761146_172.17.0.1_41730
23:16:54.225 [nacos-grpc-client-executor-localhost-19] INFO  c.a.n.c.r.c.g.GrpcClient - [printIfInfoEnabled,63] - [1777475761146_172.17.0.1_41730]Ignore complete event,isRunning:false,isAbandon=false
23:16:54.226 [SpringApplicationShutdownHook] INFO  c.a.n.c.r.c.g.GrpcClient - [shutdown,159] - Shutdown grpc executor java.util.concurrent.ThreadPoolExecutor@37fb06a9[Running, pool size = 4, active threads = 0, queued tasks = 0, completed tasks = 20]
23:16:54.226 [SpringApplicationShutdownHook] INFO  c.a.n.client.naming - [shutdown,318] - Shutdown grpc redo service executor java.util.concurrent.ScheduledThreadPoolExecutor@52f47b9e[Running, pool size = 1, active threads = 0, queued tasks = 1, completed tasks = 17]
23:16:54.227 [SpringApplicationShutdownHook] INFO  c.a.n.c.a.r.i.CredentialWatcher - [stop,106] - [null] CredentialWatcher is stopped
23:16:54.227 [SpringApplicationShutdownHook] INFO  c.a.n.c.a.r.i.CredentialService - [free,100] - [null] CredentialService is freed
23:16:54.227 [SpringApplicationShutdownHook] INFO  c.a.n.client.naming - [shutdown,211] - com.alibaba.nacos.client.naming.remote.NamingClientProxyDelegate do shutdown stop
23:16:58.788 [background-preinit] INFO  o.h.v.i.util.Version - [<clinit>,21] - HV000001: Hibernate Validator 8.0.0.Final
23:16:58.995 [main] INFO  c.a.n.c.u.ParamUtil - [<clinit>,87] - [settings] [req-serv] nacos-server port:8848
23:16:58.995 [main] INFO  c.a.n.c.u.ParamUtil - [<clinit>,98] - [settings] [http-client] connect timeout:1000
23:16:58.996 [main] INFO  c.a.n.c.u.ParamUtil - [<clinit>,105] - PER_TASK_CONFIG_SIZE: 3000.0
23:16:59.016 [main] INFO  c.a.n.p.a.s.c.ClientAuthPluginManager - [init,56] - [ClientAuthPluginManager] Load ClientAuthService com.alibaba.nacos.client.auth.impl.NacosClientAuthServiceImpl success.
23:16:59.016 [main] INFO  c.a.n.p.a.s.c.ClientAuthPluginManager - [init,56] - [ClientAuthPluginManager] Load ClientAuthService com.alibaba.nacos.client.auth.ram.RamClientAuthServiceImpl success.
23:16:59.019 [main] INFO  c.a.n.c.a.r.i.CredentialWatcher - [loadCredential,165] - null No credential found
23:16:59.228 [main] INFO  c.a.n.c.c.i.LocalConfigInfoProcessor - [<clinit>,63] - LOCAL_SNAPSHOT_PATH:C:\Users\45\nacos\config
23:16:59.231 [main] INFO  c.a.n.c.r.client - [lambda$createClient$0,108] - [RpcClientFactory] create a new rpc client of 37fb2209-8223-4423-a5b5-191a62df06af_config-0
23:16:59.240 [main] INFO  c.a.n.c.r.client - [printIfInfoEnabled,63] - [37fb2209-8223-4423-a5b5-191a62df06af_config-0] Register server push request handler:com.alibaba.nacos.client.config.impl.ClientWorker$ConfigRpcTransportClient$$Lambda$574/0x00000173df36c590
23:16:59.241 [main] INFO  c.a.n.c.r.client - [printIfInfoEnabled,63] - [37fb2209-8223-4423-a5b5-191a62df06af_config-0] Register server push request handler:com.alibaba.nacos.client.config.impl.ClientWorker$ConfigRpcTransportClient$$Lambda$575/0x00000173df36c9b0
23:16:59.241 [main] INFO  c.a.n.c.r.client - [printIfInfoEnabled,63] - [37fb2209-8223-4423-a5b5-191a62df06af_config-0] Registry connection listener to current client:com.alibaba.nacos.client.config.impl.ClientWorker$ConfigRpcTransportClient$1
23:16:59.242 [main] INFO  c.a.n.c.r.client - [printIfInfoEnabled,63] - [37fb2209-8223-4423-a5b5-191a62df06af_config-0] RpcClient init, ServerListFactory = com.alibaba.nacos.client.config.impl.ClientWorker$ConfigRpcTransportClient$2
23:16:59.246 [main] INFO  c.a.n.c.r.client - [printIfInfoEnabled,63] - [37fb2209-8223-4423-a5b5-191a62df06af_config-0] Try to connect to server on start up, server: {serverIp = 'localhost', server main port = 8848}
23:16:59.275 [main] INFO  c.a.n.c.r.c.g.GrpcClient - [createNewManagedChannel,182] - grpc client connection server:localhost ip,serverPort:9848,grpcTslConfig:{"sslProvider":"OPENSSL","enableTls":false,"mutualAuthEnable":false,"trustAll":false}
23:17:00.003 [main] INFO  c.a.n.c.r.client - [printIfInfoEnabled,63] - [37fb2209-8223-4423-a5b5-191a62df06af_config-0] Success to connect to server [localhost:8848] on start up, connectionId = 1777475819825_172.17.0.1_47646
23:17:00.003 [com.alibaba.nacos.client.remote.worker] INFO  c.a.n.c.r.client - [printIfInfoEnabled,63] - [37fb2209-8223-4423-a5b5-191a62df06af_config-0] Notify connected event to listeners.
23:17:00.003 [com.alibaba.nacos.client.remote.worker] INFO  c.a.n.c.c.i.ClientWorker - [onConnected,639] - [37fb2209-8223-4423-a5b5-191a62df06af_config-0] Connected,notify listen context...
23:17:00.003 [main] INFO  c.a.n.c.r.client - [printIfInfoEnabled,63] - [37fb2209-8223-4423-a5b5-191a62df06af_config-0] Register server push request handler:com.alibaba.nacos.common.remote.client.RpcClient$ConnectResetRequestHandler
23:17:00.004 [main] INFO  c.a.n.c.r.client - [printIfInfoEnabled,63] - [37fb2209-8223-4423-a5b5-191a62df06af_config-0] Register server push request handler:com.alibaba.nacos.common.remote.client.RpcClient$$Lambda$595/0x00000173df4f3c38
23:17:00.028 [main] INFO  c.a.n.c.c.i.Limiter - [<clinit>,62] - limitTime:5.0
23:17:00.048 [main] INFO  c.a.n.c.c.u.JvmUtil - [<clinit>,54] - isMultiInstance:false
23:17:00.054 [main] INFO  o.s.c.b.c.PropertySourceBootstrapConfiguration - [initialize,108] - Located property source: [BootstrapPropertySource {name='bootstrapProperties-oj-gateway-local.yaml,DEFAULT_GROUP'}, BootstrapPropertySource {name='bootstrapProperties-oj-gateway.yaml,DEFAULT_GROUP'}, BootstrapPropertySource {name='bootstrapProperties-oj-gateway,DEFAULT_GROUP'}]
23:17:00.058 [main] INFO  c.b.g.OjGatewayApplication - [logStartupProfileInfo,636] - The following 1 profile is active: "local"
23:17:00.366 [main] INFO  o.s.d.r.c.RepositoryConfigurationDelegate - [multipleStoresDetected,294] - Multiple Spring Data modules found, entering strict repository configuration mode
23:17:00.368 [main] INFO  o.s.d.r.c.RepositoryConfigurationDelegate - [registerRepositoriesIn,138] - Bootstrapping Spring Data Redis repositories in DEFAULT mode.
23:17:00.382 [main] INFO  o.s.d.r.c.RepositoryConfigurationDelegate - [registerRepositoriesIn,208] - Finished Spring Data repository scanning in 5 ms. Found 0 Redis repository interfaces.
23:17:00.491 [main] INFO  o.s.c.c.s.GenericScope - [setSerializationId,282] - BeanFactory id=a2242d8d-f5fd-3a65-be67-7fd022a476aa
23:17:00.517 [main] INFO  o.s.c.s.PostProcessorRegistrationDelegate$BeanPostProcessorChecker - [postProcessAfterInitialization,409] - Bean 'org.springframework.cloud.client.loadbalancer.reactive.LoadBalancerBeanPostProcessorAutoConfiguration' of type [org.springframework.cloud.client.loadbalancer.reactive.LoadBalancerBeanPostProcessorAutoConfiguration] is not eligible for getting processed by all BeanPostProcessors (for example: not eligible for auto-proxying)
23:17:00.518 [main] INFO  o.s.c.s.PostProcessorRegistrationDelegate$BeanPostProcessorChecker - [postProcessAfterInitialization,409] - Bean 'org.springframework.cloud.client.loadbalancer.reactive.LoadBalancerBeanPostProcessorAutoConfiguration$ReactorDeferringLoadBalancerFilterConfig' of type [org.springframework.cloud.client.loadbalancer.reactive.LoadBalancerBeanPostProcessorAutoConfiguration$ReactorDeferringLoadBalancerFilterConfig] is not eligible for getting processed by all BeanPostProcessors (for example: not eligible for auto-proxying)
23:17:00.519 [main] INFO  o.s.c.s.PostProcessorRegistrationDelegate$BeanPostProcessorChecker - [postProcessAfterInitialization,409] - Bean 'reactorDeferringLoadBalancerExchangeFilterFunction' of type [org.springframework.cloud.client.loadbalancer.reactive.DeferringLoadBalancerExchangeFilterFunction] is not eligible for getting processed by all BeanPostProcessors (for example: not eligible for auto-proxying)
23:17:01.485 [main] INFO  o.s.c.g.r.RouteDefinitionRouteLocator - [lambda$initFactories$1,88] - Loaded RoutePredicateFactory [After]
23:17:01.486 [main] INFO  o.s.c.g.r.RouteDefinitionRouteLocator - [lambda$initFactories$1,88] - Loaded RoutePredicateFactory [Before]
23:17:01.486 [main] INFO  o.s.c.g.r.RouteDefinitionRouteLocator - [lambda$initFactories$1,88] - Loaded RoutePredicateFactory [Between]
23:17:01.486 [main] INFO  o.s.c.g.r.RouteDefinitionRouteLocator - [lambda$initFactories$1,88] - Loaded RoutePredicateFactory [Cookie]
23:17:01.486 [main] INFO  o.s.c.g.r.RouteDefinitionRouteLocator - [lambda$initFactories$1,88] - Loaded RoutePredicateFactory [Header]
23:17:01.486 [main] INFO  o.s.c.g.r.RouteDefinitionRouteLocator - [lambda$initFactories$1,88] - Loaded RoutePredicateFactory [Host]
23:17:01.486 [main] INFO  o.s.c.g.r.RouteDefinitionRouteLocator - [lambda$initFactories$1,88] - Loaded RoutePredicateFactory [Method]
23:17:01.486 [main] INFO  o.s.c.g.r.RouteDefinitionRouteLocator - [lambda$initFactories$1,88] - Loaded RoutePredicateFactory [Path]
23:17:01.486 [main] INFO  o.s.c.g.r.RouteDefinitionRouteLocator - [lambda$initFactories$1,88] - Loaded RoutePredicateFactory [Query]
23:17:01.486 [main] INFO  o.s.c.g.r.RouteDefinitionRouteLocator - [lambda$initFactories$1,88] - Loaded RoutePredicateFactory [ReadBody]
23:17:01.486 [main] INFO  o.s.c.g.r.RouteDefinitionRouteLocator - [lambda$initFactories$1,88] - Loaded RoutePredicateFactory [RemoteAddr]
23:17:01.486 [main] INFO  o.s.c.g.r.RouteDefinitionRouteLocator - [lambda$initFactories$1,88] - Loaded RoutePredicateFactory [XForwardedRemoteAddr]
23:17:01.486 [main] INFO  o.s.c.g.r.RouteDefinitionRouteLocator - [lambda$initFactories$1,88] - Loaded RoutePredicateFactory [Weight]
23:17:01.486 [main] INFO  o.s.c.g.r.RouteDefinitionRouteLocator - [lambda$initFactories$1,88] - Loaded RoutePredicateFactory [CloudFoundryRouteService]
23:17:01.917 [main] INFO  o.s.b.w.e.n.NettyWebServer - [start,111] - Netty started on port 19090
23:17:02.176 [main] INFO  c.a.n.client.naming - [initNamespaceForNaming,62] - initializer namespace from ans.namespace attribute : null
23:17:02.177 [main] INFO  c.a.n.client.naming - [lambda$initNamespaceForNaming$0,66] - initializer namespace from ALIBABA_ALIWARE_NAMESPACE attribute :null
23:17:02.177 [main] INFO  c.a.n.client.naming - [lambda$initNamespaceForNaming$1,73] - initializer namespace from namespace attribute :null
23:17:02.182 [main] INFO  c.a.n.p.a.s.c.ClientAuthPluginManager - [init,56] - [ClientAuthPluginManager] Load ClientAuthService com.alibaba.nacos.client.auth.impl.NacosClientAuthServiceImpl success.
23:17:02.182 [main] INFO  c.a.n.p.a.s.c.ClientAuthPluginManager - [init,56] - [ClientAuthPluginManager] Load ClientAuthService com.alibaba.nacos.client.auth.ram.RamClientAuthServiceImpl success.
23:17:02.186 [main] INFO  c.a.n.c.r.client - [lambda$createClient$0,108] - [RpcClientFactory] create a new rpc client of aed777a6-27a8-4662-8201-f8fd983aed68
23:17:02.187 [main] INFO  c.a.n.c.r.client - [printIfInfoEnabled,63] - [aed777a6-27a8-4662-8201-f8fd983aed68] RpcClient init, ServerListFactory = com.alibaba.nacos.client.naming.core.ServerListManager
23:17:02.187 [main] INFO  c.a.n.c.r.client - [printIfInfoEnabled,63] - [aed777a6-27a8-4662-8201-f8fd983aed68] Registry connection listener to current client:com.alibaba.nacos.client.naming.remote.gprc.redo.NamingGrpcRedoService
23:17:02.187 [main] INFO  c.a.n.c.r.client - [printIfInfoEnabled,63] - [aed777a6-27a8-4662-8201-f8fd983aed68] Register server push request handler:com.alibaba.nacos.client.naming.remote.gprc.NamingPushRequestHandler
23:17:02.188 [main] INFO  c.a.n.c.r.client - [printIfInfoEnabled,63] - [aed777a6-27a8-4662-8201-f8fd983aed68] Try to connect to server on start up, server: {serverIp = 'localhost', server main port = 8848}
23:17:02.188 [main] INFO  c.a.n.c.r.c.g.GrpcClient - [createNewManagedChannel,182] - grpc client connection server:localhost ip,serverPort:9848,grpcTslConfig:{"sslProvider":"OPENSSL","enableTls":false,"mutualAuthEnable":false,"trustAll":false}
23:17:02.306 [main] INFO  c.a.n.c.r.client - [printIfInfoEnabled,63] - [aed777a6-27a8-4662-8201-f8fd983aed68] Success to connect to server [localhost:8848] on start up, connectionId = 1777475822193_172.17.0.1_47648
23:17:02.306 [main] INFO  c.a.n.c.r.client - [printIfInfoEnabled,63] - [aed777a6-27a8-4662-8201-f8fd983aed68] Register server push request handler:com.alibaba.nacos.common.remote.client.RpcClient$ConnectResetRequestHandler
23:17:02.306 [com.alibaba.nacos.client.remote.worker] INFO  c.a.n.c.r.client - [printIfInfoEnabled,63] - [aed777a6-27a8-4662-8201-f8fd983aed68] Notify connected event to listeners.
23:17:02.308 [main] INFO  c.a.n.c.r.client - [printIfInfoEnabled,63] - [aed777a6-27a8-4662-8201-f8fd983aed68] Register server push request handler:com.alibaba.nacos.common.remote.client.RpcClient$$Lambda$595/0x00000173df4f3c38
23:17:02.308 [com.alibaba.nacos.client.remote.worker] INFO  c.a.n.client.naming - [onConnected,78] - Grpc connection connect
23:17:02.312 [main] INFO  c.a.n.client.naming - [registerService,121] - [REGISTER-SERVICE] 1b411097-df3c-4cac-a649-ba6b6b22fcd4 registering service oj-gateway with instance Instance{instanceId='null', ip='172.20.10.6', port=19090, weight=1.0, healthy=true, enabled=true, ephemeral=true, clusterName='DEFAULT', serviceName='null', metadata={IPv6=[2409:897a:3d80:97a3:543:892d:f811:3246], preserved.register.source=SPRING_CLOUD}}
23:17:02.323 [main] INFO  c.a.c.n.r.NacosServiceRegistry - [register,76] - nacos registry, DEFAULT_GROUP oj-gateway 172.20.10.6:19090 register finished
23:17:02.358 [main] INFO  c.b.g.OjGatewayApplication - [logStarted,57] - Started OjGatewayApplication in 3.995 seconds (process running for 4.658)
23:17:02.362 [main] INFO  c.a.n.c.c.i.CacheData - [<clinit>,67] - nacos.cache.data.init.snapshot = true 
23:17:02.363 [main] INFO  c.a.n.c.c.i.ClientWorker - [addCacheDataIfAbsent,380] - [fixed-1b411097-df3c-4cac-a649-ba6b6b22fcd4-localhost_8848] [subscribe] oj-gateway-local.yaml+DEFAULT_GROUP+1b411097-df3c-4cac-a649-ba6b6b22fcd4
23:17:02.368 [main] INFO  c.a.n.c.c.i.CacheData - [addListener,197] - [fixed-1b411097-df3c-4cac-a649-ba6b6b22fcd4-localhost_8848] [add-listener] ok, tenant=1b411097-df3c-4cac-a649-ba6b6b22fcd4, dataId=oj-gateway-local.yaml, group=DEFAULT_GROUP, cnt=1
23:17:02.368 [main] INFO  c.a.c.n.r.NacosContextRefresher - [registerNacosListener,129] - [Nacos Config] Listening config: dataId=oj-gateway-local.yaml, group=DEFAULT_GROUP
23:17:02.369 [main] INFO  c.a.n.c.c.i.ClientWorker - [addCacheDataIfAbsent,380] - [fixed-1b411097-df3c-4cac-a649-ba6b6b22fcd4-localhost_8848] [subscribe] oj-gateway+DEFAULT_GROUP+1b411097-df3c-4cac-a649-ba6b6b22fcd4
23:17:02.369 [main] INFO  c.a.n.c.c.i.CacheData - [addListener,197] - [fixed-1b411097-df3c-4cac-a649-ba6b6b22fcd4-localhost_8848] [add-listener] ok, tenant=1b411097-df3c-4cac-a649-ba6b6b22fcd4, dataId=oj-gateway, group=DEFAULT_GROUP, cnt=1
23:17:02.369 [main] INFO  c.a.c.n.r.NacosContextRefresher - [registerNacosListener,129] - [Nacos Config] Listening config: dataId=oj-gateway, group=DEFAULT_GROUP
23:17:02.369 [main] INFO  c.a.n.c.c.i.ClientWorker - [addCacheDataIfAbsent,380] - [fixed-1b411097-df3c-4cac-a649-ba6b6b22fcd4-localhost_8848] [subscribe] oj-gateway.yaml+DEFAULT_GROUP+1b411097-df3c-4cac-a649-ba6b6b22fcd4
23:17:02.369 [main] INFO  c.a.n.c.c.i.CacheData - [addListener,197] - [fixed-1b411097-df3c-4cac-a649-ba6b6b22fcd4-localhost_8848] [add-listener] ok, tenant=1b411097-df3c-4cac-a649-ba6b6b22fcd4, dataId=oj-gateway.yaml, group=DEFAULT_GROUP, cnt=1
23:17:02.369 [main] INFO  c.a.c.n.r.NacosContextRefresher - [registerNacosListener,129] - [Nacos Config] Listening config: dataId=oj-gateway.yaml, group=DEFAULT_GROUP
23:17:06.958 [boundedElastic-1] INFO  c.a.n.client.naming - [subscribe,167] - [SUBSCRIBE-SERVICE] service:oj-system, group:DEFAULT_GROUP, clusters: 
23:17:06.967 [boundedElastic-1] INFO  c.a.n.client.naming - [isChangedServiceInfo,184] - init new ips(1) service: DEFAULT_GROUP@@oj-system -> [{"ip":"172.20.10.6","port":9201,"weight":1.0,"healthy":true,"enabled":true,"ephemeral":true,"clusterName":"DEFAULT","serviceName":"DEFAULT_GROUP@@oj-system","metadata":{"preserved.register.source":"SPRING_CLOUD","IPv6":"[2409:897a:3d80:97a3:543:892d:f811:3246]"},"instanceHeartBeatInterval":5000,"instanceHeartBeatTimeOut":15000,"ipDeleteTimeout":30000}]
23:17:06.968 [boundedElastic-1] INFO  c.a.n.client.naming - [processServiceInfo,169] - current ips:(1) service: DEFAULT_GROUP@@oj-system -> [{"ip":"172.20.10.6","port":9201,"weight":1.0,"healthy":true,"enabled":true,"ephemeral":true,"clusterName":"DEFAULT","serviceName":"DEFAULT_GROUP@@oj-system","metadata":{"preserved.register.source":"SPRING_CLOUD","IPv6":"[2409:897a:3d80:97a3:543:892d:f811:3246]"},"instanceHeartBeatInterval":5000,"instanceHeartBeatTimeOut":15000,"ipDeleteTimeout":30000}]
23:17:07.560 [nacos-grpc-client-executor-localhost-8] INFO  c.a.n.c.r.client - [printIfInfoEnabled,63] - [aed777a6-27a8-4662-8201-f8fd983aed68] Receive server push request, request = NotifySubscriberRequest, requestId = 19
23:17:07.560 [nacos-grpc-client-executor-localhost-8] INFO  c.a.n.c.r.client - [printIfInfoEnabled,63] - [aed777a6-27a8-4662-8201-f8fd983aed68] Ack server push request, request = NotifySubscriberRequest, requestId = 19
23:20:12.856 [nacos-grpc-client-executor-localhost-48] INFO  c.a.n.c.r.client - [printIfInfoEnabled,63] - [aed777a6-27a8-4662-8201-f8fd983aed68] Receive server push request, request = NotifySubscriberRequest, requestId = 20
23:20:12.857 [nacos-grpc-client-executor-localhost-48] INFO  c.a.n.client.naming - [isChangedServiceInfo,241] - removed ips(1) service: DEFAULT_GROUP@@oj-system -> [{"ip":"172.20.10.6","port":9201,"weight":1.0,"healthy":true,"enabled":true,"ephemeral":true,"clusterName":"DEFAULT","serviceName":"DEFAULT_GROUP@@oj-system","metadata":{"preserved.register.source":"SPRING_CLOUD","IPv6":"[2409:897a:3d80:97a3:543:892d:f811:3246]"},"instanceHeartBeatInterval":5000,"instanceHeartBeatTimeOut":15000,"ipDeleteTimeout":30000}]
23:20:12.857 [nacos-grpc-client-executor-localhost-48] INFO  c.a.n.client.naming - [processServiceInfo,169] - current ips:(0) service: DEFAULT_GROUP@@oj-system -> []
23:20:12.858 [nacos-grpc-client-executor-localhost-48] INFO  c.a.n.c.r.client - [printIfInfoEnabled,63] - [aed777a6-27a8-4662-8201-f8fd983aed68] Ack server push request, request = NotifySubscriberRequest, requestId = 20
23:20:14.465 [SpringApplicationShutdownHook] INFO  c.a.c.n.r.NacosServiceRegistry - [deregister,95] - De-registering from Nacos Server now...
23:20:14.465 [SpringApplicationShutdownHook] INFO  c.a.n.client.naming - [deregisterService,217] - [DEREGISTER-SERVICE] 1b411097-df3c-4cac-a649-ba6b6b22fcd4 deregistering service oj-gateway with instance: Instance{instanceId='null', ip='172.20.10.6', port=19090, weight=1.0, healthy=true, enabled=true, ephemeral=true, clusterName='DEFAULT', serviceName='null', metadata={}}
23:20:14.470 [SpringApplicationShutdownHook] INFO  c.a.c.n.r.NacosServiceRegistry - [deregister,115] - De-registration finished.
23:20:14.470 [SpringApplicationShutdownHook] INFO  c.a.n.client.naming - [shutdown,256] - com.alibaba.nacos.client.naming.cache.ServiceInfoHolder do shutdown begin
23:20:14.470 [SpringApplicationShutdownHook] INFO  c.a.n.client.naming - [shutdown,136] - com.alibaba.nacos.client.naming.backups.FailoverReactor do shutdown begin
23:20:14.471 [SpringApplicationShutdownHook] INFO  c.a.n.client.naming - [shutdown,138] - com.alibaba.nacos.client.naming.backups.FailoverReactor do shutdown stop
23:20:14.471 [SpringApplicationShutdownHook] INFO  c.a.n.client.naming - [shutdown,258] - com.alibaba.nacos.client.naming.cache.ServiceInfoHolder do shutdown stop
23:20:14.471 [SpringApplicationShutdownHook] INFO  c.a.n.client.naming - [shutdown,204] - com.alibaba.nacos.client.naming.remote.NamingClientProxyDelegate do shutdown begin
23:20:14.471 [SpringApplicationShutdownHook] INFO  c.a.n.client.naming - [shutdown,143] - com.alibaba.nacos.client.naming.core.ServiceInfoUpdateService do shutdown begin
23:20:14.471 [SpringApplicationShutdownHook] INFO  c.a.n.client.naming - [shutdown,145] - com.alibaba.nacos.client.naming.core.ServiceInfoUpdateService do shutdown stop
23:20:14.471 [SpringApplicationShutdownHook] INFO  c.a.n.client.naming - [shutdown,194] - com.alibaba.nacos.client.naming.core.ServerListManager do shutdown begin
23:20:14.471 [SpringApplicationShutdownHook] INFO  c.a.n.client.naming - [shutdown,199] - com.alibaba.nacos.client.naming.core.ServerListManager do shutdown stop
23:20:14.471 [SpringApplicationShutdownHook] INFO  c.a.n.client.naming - [shutdown,484] - com.alibaba.nacos.client.naming.remote.http.NamingHttpClientProxy do shutdown begin
23:20:14.471 [SpringApplicationShutdownHook] INFO  c.a.n.client.naming - [shutdown,486] - com.alibaba.nacos.client.naming.remote.http.NamingHttpClientProxy do shutdown stop
23:20:14.471 [SpringApplicationShutdownHook] INFO  c.a.n.c.r.client - [shutdown,429] - Shutdown rpc client, set status to shutdown
23:20:14.471 [SpringApplicationShutdownHook] INFO  c.a.n.c.r.client - [shutdown,431] - Shutdown client event executor java.util.concurrent.ScheduledThreadPoolExecutor@4fdfa290[Running, pool size = 2, active threads = 2, queued tasks = 0, completed tasks = 0]
23:20:14.471 [SpringApplicationShutdownHook] INFO  c.a.n.c.r.client - [closeConnection,584] - Close current connection 1777475822193_172.17.0.1_47648
23:20:14.474 [nacos-grpc-client-executor-localhost-50] INFO  c.a.n.c.r.c.g.GrpcClient - [printIfInfoEnabled,63] - [1777475822193_172.17.0.1_47648]Ignore complete event,isRunning:false,isAbandon=false
23:20:14.475 [SpringApplicationShutdownHook] INFO  c.a.n.c.r.c.g.GrpcClient - [shutdown,159] - Shutdown grpc executor java.util.concurrent.ThreadPoolExecutor@6ee20795[Running, pool size = 5, active threads = 0, queued tasks = 0, completed tasks = 51]
23:20:14.475 [SpringApplicationShutdownHook] INFO  c.a.n.client.naming - [shutdown,318] - Shutdown grpc redo service executor java.util.concurrent.ScheduledThreadPoolExecutor@12aa3e76[Running, pool size = 1, active threads = 0, queued tasks = 1, completed tasks = 63]
23:20:14.475 [SpringApplicationShutdownHook] INFO  c.a.n.c.a.r.i.CredentialWatcher - [stop,106] - [null] CredentialWatcher is stopped
23:20:14.476 [SpringApplicationShutdownHook] INFO  c.a.n.c.a.r.i.CredentialService - [free,100] - [null] CredentialService is freed
23:20:14.476 [SpringApplicationShutdownHook] INFO  c.a.n.client.naming - [shutdown,211] - com.alibaba.nacos.client.naming.remote.NamingClientProxyDelegate do shutdown stop
23:20:21.449 [background-preinit] INFO  o.h.v.i.util.Version - [<clinit>,21] - HV000001: Hibernate Validator 8.0.0.Final
23:20:21.663 [main] INFO  c.a.n.c.u.ParamUtil - [<clinit>,87] - [settings] [req-serv] nacos-server port:8848
23:20:21.663 [main] INFO  c.a.n.c.u.ParamUtil - [<clinit>,98] - [settings] [http-client] connect timeout:1000
23:20:21.664 [main] INFO  c.a.n.c.u.ParamUtil - [<clinit>,105] - PER_TASK_CONFIG_SIZE: 3000.0
23:20:21.685 [main] INFO  c.a.n.p.a.s.c.ClientAuthPluginManager - [init,56] - [ClientAuthPluginManager] Load ClientAuthService com.alibaba.nacos.client.auth.impl.NacosClientAuthServiceImpl success.
23:20:21.685 [main] INFO  c.a.n.p.a.s.c.ClientAuthPluginManager - [init,56] - [ClientAuthPluginManager] Load ClientAuthService com.alibaba.nacos.client.auth.ram.RamClientAuthServiceImpl success.
23:20:21.688 [main] INFO  c.a.n.c.a.r.i.CredentialWatcher - [loadCredential,165] - null No credential found
23:20:21.904 [main] INFO  c.a.n.c.c.i.LocalConfigInfoProcessor - [<clinit>,63] - LOCAL_SNAPSHOT_PATH:C:\Users\45\nacos\config
23:20:21.908 [main] INFO  c.a.n.c.r.client - [lambda$createClient$0,108] - [RpcClientFactory] create a new rpc client of 5ab5377e-682d-4223-b6e0-c63d0ea587f6_config-0
23:20:21.922 [main] INFO  c.a.n.c.r.client - [printIfInfoEnabled,63] - [5ab5377e-682d-4223-b6e0-c63d0ea587f6_config-0] Register server push request handler:com.alibaba.nacos.client.config.impl.ClientWorker$ConfigRpcTransportClient$$Lambda$574/0x0000027ec536b3e0
23:20:21.923 [main] INFO  c.a.n.c.r.client - [printIfInfoEnabled,63] - [5ab5377e-682d-4223-b6e0-c63d0ea587f6_config-0] Register server push request handler:com.alibaba.nacos.client.config.impl.ClientWorker$ConfigRpcTransportClient$$Lambda$575/0x0000027ec536b800
23:20:21.923 [main] INFO  c.a.n.c.r.client - [printIfInfoEnabled,63] - [5ab5377e-682d-4223-b6e0-c63d0ea587f6_config-0] Registry connection listener to current client:com.alibaba.nacos.client.config.impl.ClientWorker$ConfigRpcTransportClient$1
23:20:21.923 [main] INFO  c.a.n.c.r.client - [printIfInfoEnabled,63] - [5ab5377e-682d-4223-b6e0-c63d0ea587f6_config-0] RpcClient init, ServerListFactory = com.alibaba.nacos.client.config.impl.ClientWorker$ConfigRpcTransportClient$2
23:20:21.929 [main] INFO  c.a.n.c.r.client - [printIfInfoEnabled,63] - [5ab5377e-682d-4223-b6e0-c63d0ea587f6_config-0] Try to connect to server on start up, server: {serverIp = 'localhost', server main port = 8848}
23:20:21.959 [main] INFO  c.a.n.c.r.c.g.GrpcClient - [createNewManagedChannel,182] - grpc client connection server:localhost ip,serverPort:9848,grpcTslConfig:{"sslProvider":"OPENSSL","enableTls":false,"mutualAuthEnable":false,"trustAll":false}
23:20:22.651 [main] INFO  c.a.n.c.r.client - [printIfInfoEnabled,63] - [5ab5377e-682d-4223-b6e0-c63d0ea587f6_config-0] Success to connect to server [localhost:8848] on start up, connectionId = 1777476022487_172.17.0.1_35648
23:20:22.652 [com.alibaba.nacos.client.remote.worker] INFO  c.a.n.c.r.client - [printIfInfoEnabled,63] - [5ab5377e-682d-4223-b6e0-c63d0ea587f6_config-0] Notify connected event to listeners.
23:20:22.652 [main] INFO  c.a.n.c.r.client - [printIfInfoEnabled,63] - [5ab5377e-682d-4223-b6e0-c63d0ea587f6_config-0] Register server push request handler:com.alibaba.nacos.common.remote.client.RpcClient$ConnectResetRequestHandler
23:20:22.652 [com.alibaba.nacos.client.remote.worker] INFO  c.a.n.c.c.i.ClientWorker - [onConnected,639] - [5ab5377e-682d-4223-b6e0-c63d0ea587f6_config-0] Connected,notify listen context...
23:20:22.652 [main] INFO  c.a.n.c.r.client - [printIfInfoEnabled,63] - [5ab5377e-682d-4223-b6e0-c63d0ea587f6_config-0] Register server push request handler:com.alibaba.nacos.common.remote.client.RpcClient$$Lambda$595/0x0000027ec54f30c8
23:20:22.683 [main] INFO  c.a.n.c.c.i.Limiter - [<clinit>,62] - limitTime:5.0
23:20:22.716 [main] INFO  c.a.n.c.c.u.JvmUtil - [<clinit>,54] - isMultiInstance:false
23:20:22.721 [main] INFO  o.s.c.b.c.PropertySourceBootstrapConfiguration - [initialize,108] - Located property source: [BootstrapPropertySource {name='bootstrapProperties-oj-gateway-local.yaml,DEFAULT_GROUP'}, BootstrapPropertySource {name='bootstrapProperties-oj-gateway.yaml,DEFAULT_GROUP'}, BootstrapPropertySource {name='bootstrapProperties-oj-gateway,DEFAULT_GROUP'}]
23:20:22.725 [main] INFO  c.b.g.OjGatewayApplication - [logStartupProfileInfo,636] - The following 1 profile is active: "local"
23:20:23.039 [main] INFO  o.s.d.r.c.RepositoryConfigurationDelegate - [multipleStoresDetected,294] - Multiple Spring Data modules found, entering strict repository configuration mode
23:20:23.042 [main] INFO  o.s.d.r.c.RepositoryConfigurationDelegate - [registerRepositoriesIn,138] - Bootstrapping Spring Data Redis repositories in DEFAULT mode.
23:20:23.058 [main] INFO  o.s.d.r.c.RepositoryConfigurationDelegate - [registerRepositoriesIn,208] - Finished Spring Data repository scanning in 5 ms. Found 0 Redis repository interfaces.
23:20:23.160 [main] INFO  o.s.c.c.s.GenericScope - [setSerializationId,282] - BeanFactory id=a2242d8d-f5fd-3a65-be67-7fd022a476aa
23:20:23.191 [main] INFO  o.s.c.s.PostProcessorRegistrationDelegate$BeanPostProcessorChecker - [postProcessAfterInitialization,409] - Bean 'org.springframework.cloud.client.loadbalancer.reactive.LoadBalancerBeanPostProcessorAutoConfiguration' of type [org.springframework.cloud.client.loadbalancer.reactive.LoadBalancerBeanPostProcessorAutoConfiguration] is not eligible for getting processed by all BeanPostProcessors (for example: not eligible for auto-proxying)
23:20:23.191 [main] INFO  o.s.c.s.PostProcessorRegistrationDelegate$BeanPostProcessorChecker - [postProcessAfterInitialization,409] - Bean 'org.springframework.cloud.client.loadbalancer.reactive.LoadBalancerBeanPostProcessorAutoConfiguration$ReactorDeferringLoadBalancerFilterConfig' of type [org.springframework.cloud.client.loadbalancer.reactive.LoadBalancerBeanPostProcessorAutoConfiguration$ReactorDeferringLoadBalancerFilterConfig] is not eligible for getting processed by all BeanPostProcessors (for example: not eligible for auto-proxying)
23:20:23.192 [main] INFO  o.s.c.s.PostProcessorRegistrationDelegate$BeanPostProcessorChecker - [postProcessAfterInitialization,409] - Bean 'reactorDeferringLoadBalancerExchangeFilterFunction' of type [org.springframework.cloud.client.loadbalancer.reactive.DeferringLoadBalancerExchangeFilterFunction] is not eligible for getting processed by all BeanPostProcessors (for example: not eligible for auto-proxying)
23:20:24.143 [main] INFO  o.s.c.g.r.RouteDefinitionRouteLocator - [lambda$initFactories$1,88] - Loaded RoutePredicateFactory [After]
23:20:24.144 [main] INFO  o.s.c.g.r.RouteDefinitionRouteLocator - [lambda$initFactories$1,88] - Loaded RoutePredicateFactory [Before]
23:20:24.144 [main] INFO  o.s.c.g.r.RouteDefinitionRouteLocator - [lambda$initFactories$1,88] - Loaded RoutePredicateFactory [Between]
23:20:24.144 [main] INFO  o.s.c.g.r.RouteDefinitionRouteLocator - [lambda$initFactories$1,88] - Loaded RoutePredicateFactory [Cookie]
23:20:24.144 [main] INFO  o.s.c.g.r.RouteDefinitionRouteLocator - [lambda$initFactories$1,88] - Loaded RoutePredicateFactory [Header]
23:20:24.144 [main] INFO  o.s.c.g.r.RouteDefinitionRouteLocator - [lambda$initFactories$1,88] - Loaded RoutePredicateFactory [Host]
23:20:24.144 [main] INFO  o.s.c.g.r.RouteDefinitionRouteLocator - [lambda$initFactories$1,88] - Loaded RoutePredicateFactory [Method]
23:20:24.144 [main] INFO  o.s.c.g.r.RouteDefinitionRouteLocator - [lambda$initFactories$1,88] - Loaded RoutePredicateFactory [Path]
23:20:24.144 [main] INFO  o.s.c.g.r.RouteDefinitionRouteLocator - [lambda$initFactories$1,88] - Loaded RoutePredicateFactory [Query]
23:20:24.144 [main] INFO  o.s.c.g.r.RouteDefinitionRouteLocator - [lambda$initFactories$1,88] - Loaded RoutePredicateFactory [ReadBody]
23:20:24.144 [main] INFO  o.s.c.g.r.RouteDefinitionRouteLocator - [lambda$initFactories$1,88] - Loaded RoutePredicateFactory [RemoteAddr]
23:20:24.144 [main] INFO  o.s.c.g.r.RouteDefinitionRouteLocator - [lambda$initFactories$1,88] - Loaded RoutePredicateFactory [XForwardedRemoteAddr]
23:20:24.144 [main] INFO  o.s.c.g.r.RouteDefinitionRouteLocator - [lambda$initFactories$1,88] - Loaded RoutePredicateFactory [Weight]
23:20:24.144 [main] INFO  o.s.c.g.r.RouteDefinitionRouteLocator - [lambda$initFactories$1,88] - Loaded RoutePredicateFactory [CloudFoundryRouteService]
23:20:24.574 [main] INFO  o.s.b.w.e.n.NettyWebServer - [start,111] - Netty started on port 19090
23:20:24.845 [main] INFO  c.a.n.client.naming - [initNamespaceForNaming,62] - initializer namespace from ans.namespace attribute : null
23:20:24.846 [main] INFO  c.a.n.client.naming - [lambda$initNamespaceForNaming$0,66] - initializer namespace from ALIBABA_ALIWARE_NAMESPACE attribute :null
23:20:24.847 [main] INFO  c.a.n.client.naming - [lambda$initNamespaceForNaming$1,73] - initializer namespace from namespace attribute :null
23:20:24.853 [main] INFO  c.a.n.p.a.s.c.ClientAuthPluginManager - [init,56] - [ClientAuthPluginManager] Load ClientAuthService com.alibaba.nacos.client.auth.impl.NacosClientAuthServiceImpl success.
23:20:24.853 [main] INFO  c.a.n.p.a.s.c.ClientAuthPluginManager - [init,56] - [ClientAuthPluginManager] Load ClientAuthService com.alibaba.nacos.client.auth.ram.RamClientAuthServiceImpl success.
23:20:24.857 [main] INFO  c.a.n.c.r.client - [lambda$createClient$0,108] - [RpcClientFactory] create a new rpc client of 3e3ca4f8-a35e-451e-b03d-8d37ee4fa5c4
23:20:24.858 [main] INFO  c.a.n.c.r.client - [printIfInfoEnabled,63] - [3e3ca4f8-a35e-451e-b03d-8d37ee4fa5c4] RpcClient init, ServerListFactory = com.alibaba.nacos.client.naming.core.ServerListManager
23:20:24.858 [main] INFO  c.a.n.c.r.client - [printIfInfoEnabled,63] - [3e3ca4f8-a35e-451e-b03d-8d37ee4fa5c4] Registry connection listener to current client:com.alibaba.nacos.client.naming.remote.gprc.redo.NamingGrpcRedoService
23:20:24.859 [main] INFO  c.a.n.c.r.client - [printIfInfoEnabled,63] - [3e3ca4f8-a35e-451e-b03d-8d37ee4fa5c4] Register server push request handler:com.alibaba.nacos.client.naming.remote.gprc.NamingPushRequestHandler
23:20:24.859 [main] INFO  c.a.n.c.r.client - [printIfInfoEnabled,63] - [3e3ca4f8-a35e-451e-b03d-8d37ee4fa5c4] Try to connect to server on start up, server: {serverIp = 'localhost', server main port = 8848}
23:20:24.859 [main] INFO  c.a.n.c.r.c.g.GrpcClient - [createNewManagedChannel,182] - grpc client connection server:localhost ip,serverPort:9848,grpcTslConfig:{"sslProvider":"OPENSSL","enableTls":false,"mutualAuthEnable":false,"trustAll":false}
23:20:24.973 [main] INFO  c.a.n.c.r.client - [printIfInfoEnabled,63] - [3e3ca4f8-a35e-451e-b03d-8d37ee4fa5c4] Success to connect to server [localhost:8848] on start up, connectionId = 1777476024864_172.17.0.1_35656
23:20:24.973 [main] INFO  c.a.n.c.r.client - [printIfInfoEnabled,63] - [3e3ca4f8-a35e-451e-b03d-8d37ee4fa5c4] Register server push request handler:com.alibaba.nacos.common.remote.client.RpcClient$ConnectResetRequestHandler
23:20:24.973 [main] INFO  c.a.n.c.r.client - [printIfInfoEnabled,63] - [3e3ca4f8-a35e-451e-b03d-8d37ee4fa5c4] Register server push request handler:com.alibaba.nacos.common.remote.client.RpcClient$$Lambda$595/0x0000027ec54f30c8
23:20:24.973 [com.alibaba.nacos.client.remote.worker] INFO  c.a.n.c.r.client - [printIfInfoEnabled,63] - [3e3ca4f8-a35e-451e-b03d-8d37ee4fa5c4] Notify connected event to listeners.
23:20:24.974 [com.alibaba.nacos.client.remote.worker] INFO  c.a.n.client.naming - [onConnected,78] - Grpc connection connect
23:20:24.976 [main] INFO  c.a.n.client.naming - [registerService,121] - [REGISTER-SERVICE] 1b411097-df3c-4cac-a649-ba6b6b22fcd4 registering service oj-gateway with instance Instance{instanceId='null', ip='172.20.10.6', port=19090, weight=1.0, healthy=true, enabled=true, ephemeral=true, clusterName='DEFAULT', serviceName='null', metadata={IPv6=[2409:897a:3d80:97a3:543:892d:f811:3246], preserved.register.source=SPRING_CLOUD}}
23:20:24.987 [main] INFO  c.a.c.n.r.NacosServiceRegistry - [register,76] - nacos registry, DEFAULT_GROUP oj-gateway 172.20.10.6:19090 register finished
23:20:25.024 [main] INFO  c.b.g.OjGatewayApplication - [logStarted,57] - Started OjGatewayApplication in 4.061 seconds (process running for 4.794)
23:20:25.028 [main] INFO  c.a.n.c.c.i.CacheData - [<clinit>,67] - nacos.cache.data.init.snapshot = true 
23:20:25.029 [main] INFO  c.a.n.c.c.i.ClientWorker - [addCacheDataIfAbsent,380] - [fixed-1b411097-df3c-4cac-a649-ba6b6b22fcd4-localhost_8848] [subscribe] oj-gateway-local.yaml+DEFAULT_GROUP+1b411097-df3c-4cac-a649-ba6b6b22fcd4
23:20:25.034 [main] INFO  c.a.n.c.c.i.CacheData - [addListener,197] - [fixed-1b411097-df3c-4cac-a649-ba6b6b22fcd4-localhost_8848] [add-listener] ok, tenant=1b411097-df3c-4cac-a649-ba6b6b22fcd4, dataId=oj-gateway-local.yaml, group=DEFAULT_GROUP, cnt=1
23:20:25.034 [main] INFO  c.a.c.n.r.NacosContextRefresher - [registerNacosListener,129] - [Nacos Config] Listening config: dataId=oj-gateway-local.yaml, group=DEFAULT_GROUP
23:20:25.035 [main] INFO  c.a.n.c.c.i.ClientWorker - [addCacheDataIfAbsent,380] - [fixed-1b411097-df3c-4cac-a649-ba6b6b22fcd4-localhost_8848] [subscribe] oj-gateway+DEFAULT_GROUP+1b411097-df3c-4cac-a649-ba6b6b22fcd4
23:20:25.035 [main] INFO  c.a.n.c.c.i.CacheData - [addListener,197] - [fixed-1b411097-df3c-4cac-a649-ba6b6b22fcd4-localhost_8848] [add-listener] ok, tenant=1b411097-df3c-4cac-a649-ba6b6b22fcd4, dataId=oj-gateway, group=DEFAULT_GROUP, cnt=1
23:20:25.035 [main] INFO  c.a.c.n.r.NacosContextRefresher - [registerNacosListener,129] - [Nacos Config] Listening config: dataId=oj-gateway, group=DEFAULT_GROUP
23:20:25.035 [main] INFO  c.a.n.c.c.i.ClientWorker - [addCacheDataIfAbsent,380] - [fixed-1b411097-df3c-4cac-a649-ba6b6b22fcd4-localhost_8848] [subscribe] oj-gateway.yaml+DEFAULT_GROUP+1b411097-df3c-4cac-a649-ba6b6b22fcd4
23:20:25.035 [main] INFO  c.a.n.c.c.i.CacheData - [addListener,197] - [fixed-1b411097-df3c-4cac-a649-ba6b6b22fcd4-localhost_8848] [add-listener] ok, tenant=1b411097-df3c-4cac-a649-ba6b6b22fcd4, dataId=oj-gateway.yaml, group=DEFAULT_GROUP, cnt=1
23:20:25.035 [main] INFO  c.a.c.n.r.NacosContextRefresher - [registerNacosListener,129] - [Nacos Config] Listening config: dataId=oj-gateway.yaml, group=DEFAULT_GROUP
23:21:29.871 [boundedElastic-1] INFO  c.a.n.client.naming - [subscribe,167] - [SUBSCRIBE-SERVICE] service:oj-system, group:DEFAULT_GROUP, clusters: 
23:21:29.961 [boundedElastic-1] INFO  c.a.n.client.naming - [isChangedServiceInfo,184] - init new ips(1) service: DEFAULT_GROUP@@oj-system -> [{"ip":"172.20.10.6","port":9201,"weight":1.0,"healthy":true,"enabled":true,"ephemeral":true,"clusterName":"DEFAULT","serviceName":"DEFAULT_GROUP@@oj-system","metadata":{"preserved.register.source":"SPRING_CLOUD","IPv6":"[2409:897a:3d80:97a3:543:892d:f811:3246]"},"ipDeleteTimeout":30000,"instanceHeartBeatInterval":5000,"instanceHeartBeatTimeOut":15000}]
23:21:29.963 [boundedElastic-1] INFO  c.a.n.client.naming - [processServiceInfo,169] - current ips:(1) service: DEFAULT_GROUP@@oj-system -> [{"ip":"172.20.10.6","port":9201,"weight":1.0,"healthy":true,"enabled":true,"ephemeral":true,"clusterName":"DEFAULT","serviceName":"DEFAULT_GROUP@@oj-system","metadata":{"preserved.register.source":"SPRING_CLOUD","IPv6":"[2409:897a:3d80:97a3:543:892d:f811:3246]"},"ipDeleteTimeout":30000,"instanceHeartBeatInterval":5000,"instanceHeartBeatTimeOut":15000}]
23:21:30.478 [nacos-grpc-client-executor-localhost-20] INFO  c.a.n.c.r.client - [printIfInfoEnabled,63] - [3e3ca4f8-a35e-451e-b03d-8d37ee4fa5c4] Receive server push request, request = NotifySubscriberRequest, requestId = 21
23:21:30.479 [nacos-grpc-client-executor-localhost-20] INFO  c.a.n.c.r.client - [printIfInfoEnabled,63] - [3e3ca4f8-a35e-451e-b03d-8d37ee4fa5c4] Ack server push request, request = NotifySubscriberRequest, requestId = 21
23:25:13.439 [nacos-grpc-client-executor-localhost-66] INFO  c.a.n.c.r.client - [printIfInfoEnabled,63] - [3e3ca4f8-a35e-451e-b03d-8d37ee4fa5c4] Receive server push request, request = NotifySubscriberRequest, requestId = 22
23:25:13.439 [nacos-grpc-client-executor-localhost-66] INFO  c.a.n.client.naming - [isChangedServiceInfo,241] - removed ips(1) service: DEFAULT_GROUP@@oj-system -> [{"ip":"172.20.10.6","port":9201,"weight":1.0,"healthy":true,"enabled":true,"ephemeral":true,"clusterName":"DEFAULT","serviceName":"DEFAULT_GROUP@@oj-system","metadata":{"preserved.register.source":"SPRING_CLOUD","IPv6":"[2409:897a:3d80:97a3:543:892d:f811:3246]"},"ipDeleteTimeout":30000,"instanceHeartBeatInterval":5000,"instanceHeartBeatTimeOut":15000}]
23:25:13.440 [nacos-grpc-client-executor-localhost-66] INFO  c.a.n.client.naming - [processServiceInfo,169] - current ips:(0) service: DEFAULT_GROUP@@oj-system -> []
23:25:13.440 [nacos-grpc-client-executor-localhost-66] INFO  c.a.n.c.r.client - [printIfInfoEnabled,63] - [3e3ca4f8-a35e-451e-b03d-8d37ee4fa5c4] Ack server push request, request = NotifySubscriberRequest, requestId = 22
23:25:20.986 [nacos-grpc-client-executor-localhost-68] INFO  c.a.n.c.r.client - [printIfInfoEnabled,63] - [3e3ca4f8-a35e-451e-b03d-8d37ee4fa5c4] Receive server push request, request = NotifySubscriberRequest, requestId = 23
23:25:20.986 [nacos-grpc-client-executor-localhost-68] INFO  c.a.n.client.naming - [isChangedServiceInfo,235] - new ips(1) service: DEFAULT_GROUP@@oj-system -> [{"ip":"172.20.10.6","port":9201,"weight":1.0,"healthy":true,"enabled":true,"ephemeral":true,"clusterName":"DEFAULT","serviceName":"DEFAULT_GROUP@@oj-system","metadata":{"preserved.register.source":"SPRING_CLOUD","IPv6":"[2409:897a:3d80:97a3:543:892d:f811:3246]"},"ipDeleteTimeout":30000,"instanceHeartBeatInterval":5000,"instanceHeartBeatTimeOut":15000}]
23:25:20.986 [nacos-grpc-client-executor-localhost-68] INFO  c.a.n.client.naming - [processServiceInfo,169] - current ips:(1) service: DEFAULT_GROUP@@oj-system -> [{"ip":"172.20.10.6","port":9201,"weight":1.0,"healthy":true,"enabled":true,"ephemeral":true,"clusterName":"DEFAULT","serviceName":"DEFAULT_GROUP@@oj-system","metadata":{"preserved.register.source":"SPRING_CLOUD","IPv6":"[2409:897a:3d80:97a3:543:892d:f811:3246]"},"ipDeleteTimeout":30000,"instanceHeartBeatInterval":5000,"instanceHeartBeatTimeOut":15000}]
23:25:20.986 [nacos-grpc-client-executor-localhost-68] INFO  c.a.n.c.r.client - [printIfInfoEnabled,63] - [3e3ca4f8-a35e-451e-b03d-8d37ee4fa5c4] Ack server push request, request = NotifySubscriberRequest, requestId = 23
23:25:21.901 [SpringApplicationShutdownHook] INFO  c.a.c.n.r.NacosServiceRegistry - [deregister,95] - De-registering from Nacos Server now...
23:25:21.902 [SpringApplicationShutdownHook] INFO  c.a.n.client.naming - [deregisterService,217] - [DEREGISTER-SERVICE] 1b411097-df3c-4cac-a649-ba6b6b22fcd4 deregistering service oj-gateway with instance: Instance{instanceId='null', ip='172.20.10.6', port=19090, weight=1.0, healthy=true, enabled=true, ephemeral=true, clusterName='DEFAULT', serviceName='null', metadata={}}
23:25:21.926 [SpringApplicationShutdownHook] INFO  c.a.c.n.r.NacosServiceRegistry - [deregister,115] - De-registration finished.
23:25:21.926 [SpringApplicationShutdownHook] INFO  c.a.n.client.naming - [shutdown,256] - com.alibaba.nacos.client.naming.cache.ServiceInfoHolder do shutdown begin
23:25:21.926 [SpringApplicationShutdownHook] INFO  c.a.n.client.naming - [shutdown,136] - com.alibaba.nacos.client.naming.backups.FailoverReactor do shutdown begin
23:25:21.926 [SpringApplicationShutdownHook] INFO  c.a.n.client.naming - [shutdown,138] - com.alibaba.nacos.client.naming.backups.FailoverReactor do shutdown stop
23:25:21.926 [SpringApplicationShutdownHook] INFO  c.a.n.client.naming - [shutdown,258] - com.alibaba.nacos.client.naming.cache.ServiceInfoHolder do shutdown stop
23:25:21.926 [SpringApplicationShutdownHook] INFO  c.a.n.client.naming - [shutdown,204] - com.alibaba.nacos.client.naming.remote.NamingClientProxyDelegate do shutdown begin
23:25:21.927 [SpringApplicationShutdownHook] INFO  c.a.n.client.naming - [shutdown,143] - com.alibaba.nacos.client.naming.core.ServiceInfoUpdateService do shutdown begin
23:25:21.927 [SpringApplicationShutdownHook] INFO  c.a.n.client.naming - [shutdown,145] - com.alibaba.nacos.client.naming.core.ServiceInfoUpdateService do shutdown stop
23:25:21.927 [SpringApplicationShutdownHook] INFO  c.a.n.client.naming - [shutdown,194] - com.alibaba.nacos.client.naming.core.ServerListManager do shutdown begin
23:25:21.927 [SpringApplicationShutdownHook] INFO  c.a.n.client.naming - [shutdown,199] - com.alibaba.nacos.client.naming.core.ServerListManager do shutdown stop
23:25:21.927 [SpringApplicationShutdownHook] INFO  c.a.n.client.naming - [shutdown,484] - com.alibaba.nacos.client.naming.remote.http.NamingHttpClientProxy do shutdown begin
23:25:21.927 [SpringApplicationShutdownHook] INFO  c.a.n.client.naming - [shutdown,486] - com.alibaba.nacos.client.naming.remote.http.NamingHttpClientProxy do shutdown stop
23:25:21.927 [SpringApplicationShutdownHook] INFO  c.a.n.c.r.client - [shutdown,429] - Shutdown rpc client, set status to shutdown
23:25:21.927 [SpringApplicationShutdownHook] INFO  c.a.n.c.r.client - [shutdown,431] - Shutdown client event executor java.util.concurrent.ScheduledThreadPoolExecutor@49e73736[Running, pool size = 2, active threads = 2, queued tasks = 0, completed tasks = 0]
23:25:21.927 [SpringApplicationShutdownHook] INFO  c.a.n.c.r.client - [closeConnection,584] - Close current connection 1777476024864_172.17.0.1_35656
23:25:21.930 [SpringApplicationShutdownHook] INFO  c.a.n.c.r.c.g.GrpcClient - [shutdown,159] - Shutdown grpc executor java.util.concurrent.ThreadPoolExecutor@7d351462[Running, pool size = 4, active threads = 0, queued tasks = 0, completed tasks = 70]
23:25:21.930 [SpringApplicationShutdownHook] INFO  c.a.n.client.naming - [shutdown,318] - Shutdown grpc redo service executor java.util.concurrent.ScheduledThreadPoolExecutor@5daf048f[Running, pool size = 1, active threads = 0, queued tasks = 1, completed tasks = 98]
23:25:21.930 [SpringApplicationShutdownHook] INFO  c.a.n.c.a.r.i.CredentialWatcher - [stop,106] - [null] CredentialWatcher is stopped
23:25:21.930 [SpringApplicationShutdownHook] INFO  c.a.n.c.a.r.i.CredentialService - [free,100] - [null] CredentialService is freed
23:25:21.931 [SpringApplicationShutdownHook] INFO  c.a.n.client.naming - [shutdown,211] - com.alibaba.nacos.client.naming.remote.NamingClientProxyDelegate do shutdown stop
23:25:22.170 [com.alibaba.nacos.client.Worker] INFO  c.a.n.c.a.r.i.CredentialWatcher - [loadCredential,165] - null No credential found
23:25:26.532 [background-preinit] INFO  o.h.v.i.util.Version - [<clinit>,21] - HV000001: Hibernate Validator 8.0.0.Final
23:25:26.738 [main] INFO  c.a.n.c.u.ParamUtil - [<clinit>,87] - [settings] [req-serv] nacos-server port:8848
23:25:26.738 [main] INFO  c.a.n.c.u.ParamUtil - [<clinit>,98] - [settings] [http-client] connect timeout:1000
23:25:26.738 [main] INFO  c.a.n.c.u.ParamUtil - [<clinit>,105] - PER_TASK_CONFIG_SIZE: 3000.0
23:25:26.758 [main] INFO  c.a.n.p.a.s.c.ClientAuthPluginManager - [init,56] - [ClientAuthPluginManager] Load ClientAuthService com.alibaba.nacos.client.auth.impl.NacosClientAuthServiceImpl success.
23:25:26.759 [main] INFO  c.a.n.p.a.s.c.ClientAuthPluginManager - [init,56] - [ClientAuthPluginManager] Load ClientAuthService com.alibaba.nacos.client.auth.ram.RamClientAuthServiceImpl success.
23:25:26.761 [main] INFO  c.a.n.c.a.r.i.CredentialWatcher - [loadCredential,165] - null No credential found
23:25:26.971 [main] INFO  c.a.n.c.c.i.LocalConfigInfoProcessor - [<clinit>,63] - LOCAL_SNAPSHOT_PATH:C:\Users\45\nacos\config
23:25:26.974 [main] INFO  c.a.n.c.r.client - [lambda$createClient$0,108] - [RpcClientFactory] create a new rpc client of ebb7419d-45a3-405b-8c6b-ddfb3334c423_config-0
23:25:26.986 [main] INFO  c.a.n.c.r.client - [printIfInfoEnabled,63] - [ebb7419d-45a3-405b-8c6b-ddfb3334c423_config-0] Register server push request handler:com.alibaba.nacos.client.config.impl.ClientWorker$ConfigRpcTransportClient$$Lambda$574/0x000002325e36bb58
23:25:26.986 [main] INFO  c.a.n.c.r.client - [printIfInfoEnabled,63] - [ebb7419d-45a3-405b-8c6b-ddfb3334c423_config-0] Register server push request handler:com.alibaba.nacos.client.config.impl.ClientWorker$ConfigRpcTransportClient$$Lambda$575/0x000002325e36bf78
23:25:26.986 [main] INFO  c.a.n.c.r.client - [printIfInfoEnabled,63] - [ebb7419d-45a3-405b-8c6b-ddfb3334c423_config-0] Registry connection listener to current client:com.alibaba.nacos.client.config.impl.ClientWorker$ConfigRpcTransportClient$1
23:25:26.987 [main] INFO  c.a.n.c.r.client - [printIfInfoEnabled,63] - [ebb7419d-45a3-405b-8c6b-ddfb3334c423_config-0] RpcClient init, ServerListFactory = com.alibaba.nacos.client.config.impl.ClientWorker$ConfigRpcTransportClient$2
23:25:26.992 [main] INFO  c.a.n.c.r.client - [printIfInfoEnabled,63] - [ebb7419d-45a3-405b-8c6b-ddfb3334c423_config-0] Try to connect to server on start up, server: {serverIp = 'localhost', server main port = 8848}
23:25:27.022 [main] INFO  c.a.n.c.r.c.g.GrpcClient - [createNewManagedChannel,182] - grpc client connection server:localhost ip,serverPort:9848,grpcTslConfig:{"sslProvider":"OPENSSL","enableTls":false,"mutualAuthEnable":false,"trustAll":false}
23:25:27.719 [main] INFO  c.a.n.c.r.client - [printIfInfoEnabled,63] - [ebb7419d-45a3-405b-8c6b-ddfb3334c423_config-0] Success to connect to server [localhost:8848] on start up, connectionId = 1777476327539_172.17.0.1_44706
23:25:27.720 [com.alibaba.nacos.client.remote.worker] INFO  c.a.n.c.r.client - [printIfInfoEnabled,63] - [ebb7419d-45a3-405b-8c6b-ddfb3334c423_config-0] Notify connected event to listeners.
23:25:27.720 [com.alibaba.nacos.client.remote.worker] INFO  c.a.n.c.c.i.ClientWorker - [onConnected,639] - [ebb7419d-45a3-405b-8c6b-ddfb3334c423_config-0] Connected,notify listen context...
23:25:27.720 [main] INFO  c.a.n.c.r.client - [printIfInfoEnabled,63] - [ebb7419d-45a3-405b-8c6b-ddfb3334c423_config-0] Register server push request handler:com.alibaba.nacos.common.remote.client.RpcClient$ConnectResetRequestHandler
23:25:27.721 [main] INFO  c.a.n.c.r.client - [printIfInfoEnabled,63] - [ebb7419d-45a3-405b-8c6b-ddfb3334c423_config-0] Register server push request handler:com.alibaba.nacos.common.remote.client.RpcClient$$Lambda$595/0x000002325e4f30c8
23:25:27.743 [main] INFO  c.a.n.c.c.i.Limiter - [<clinit>,62] - limitTime:5.0
23:25:27.763 [main] INFO  c.a.n.c.c.u.JvmUtil - [<clinit>,54] - isMultiInstance:false
23:25:27.769 [main] INFO  o.s.c.b.c.PropertySourceBootstrapConfiguration - [initialize,108] - Located property source: [BootstrapPropertySource {name='bootstrapProperties-oj-gateway-local.yaml,DEFAULT_GROUP'}, BootstrapPropertySource {name='bootstrapProperties-oj-gateway.yaml,DEFAULT_GROUP'}, BootstrapPropertySource {name='bootstrapProperties-oj-gateway,DEFAULT_GROUP'}]
23:25:27.773 [main] INFO  c.b.g.OjGatewayApplication - [logStartupProfileInfo,636] - The following 1 profile is active: "local"
23:25:28.091 [main] INFO  o.s.d.r.c.RepositoryConfigurationDelegate - [multipleStoresDetected,294] - Multiple Spring Data modules found, entering strict repository configuration mode
23:25:28.094 [main] INFO  o.s.d.r.c.RepositoryConfigurationDelegate - [registerRepositoriesIn,138] - Bootstrapping Spring Data Redis repositories in DEFAULT mode.
23:25:28.108 [main] INFO  o.s.d.r.c.RepositoryConfigurationDelegate - [registerRepositoriesIn,208] - Finished Spring Data repository scanning in 5 ms. Found 0 Redis repository interfaces.
23:25:28.214 [main] INFO  o.s.c.c.s.GenericScope - [setSerializationId,282] - BeanFactory id=a2242d8d-f5fd-3a65-be67-7fd022a476aa
23:25:28.238 [main] INFO  o.s.c.s.PostProcessorRegistrationDelegate$BeanPostProcessorChecker - [postProcessAfterInitialization,409] - Bean 'org.springframework.cloud.client.loadbalancer.reactive.LoadBalancerBeanPostProcessorAutoConfiguration' of type [org.springframework.cloud.client.loadbalancer.reactive.LoadBalancerBeanPostProcessorAutoConfiguration] is not eligible for getting processed by all BeanPostProcessors (for example: not eligible for auto-proxying)
23:25:28.238 [main] INFO  o.s.c.s.PostProcessorRegistrationDelegate$BeanPostProcessorChecker - [postProcessAfterInitialization,409] - Bean 'org.springframework.cloud.client.loadbalancer.reactive.LoadBalancerBeanPostProcessorAutoConfiguration$ReactorDeferringLoadBalancerFilterConfig' of type [org.springframework.cloud.client.loadbalancer.reactive.LoadBalancerBeanPostProcessorAutoConfiguration$ReactorDeferringLoadBalancerFilterConfig] is not eligible for getting processed by all BeanPostProcessors (for example: not eligible for auto-proxying)
23:25:28.239 [main] INFO  o.s.c.s.PostProcessorRegistrationDelegate$BeanPostProcessorChecker - [postProcessAfterInitialization,409] - Bean 'reactorDeferringLoadBalancerExchangeFilterFunction' of type [org.springframework.cloud.client.loadbalancer.reactive.DeferringLoadBalancerExchangeFilterFunction] is not eligible for getting processed by all BeanPostProcessors (for example: not eligible for auto-proxying)
23:25:29.157 [main] INFO  o.s.c.g.r.RouteDefinitionRouteLocator - [lambda$initFactories$1,88] - Loaded RoutePredicateFactory [After]
23:25:29.157 [main] INFO  o.s.c.g.r.RouteDefinitionRouteLocator - [lambda$initFactories$1,88] - Loaded RoutePredicateFactory [Before]
23:25:29.157 [main] INFO  o.s.c.g.r.RouteDefinitionRouteLocator - [lambda$initFactories$1,88] - Loaded RoutePredicateFactory [Between]
23:25:29.157 [main] INFO  o.s.c.g.r.RouteDefinitionRouteLocator - [lambda$initFactories$1,88] - Loaded RoutePredicateFactory [Cookie]
23:25:29.157 [main] INFO  o.s.c.g.r.RouteDefinitionRouteLocator - [lambda$initFactories$1,88] - Loaded RoutePredicateFactory [Header]
23:25:29.157 [main] INFO  o.s.c.g.r.RouteDefinitionRouteLocator - [lambda$initFactories$1,88] - Loaded RoutePredicateFactory [Host]
23:25:29.158 [main] INFO  o.s.c.g.r.RouteDefinitionRouteLocator - [lambda$initFactories$1,88] - Loaded RoutePredicateFactory [Method]
23:25:29.158 [main] INFO  o.s.c.g.r.RouteDefinitionRouteLocator - [lambda$initFactories$1,88] - Loaded RoutePredicateFactory [Path]
23:25:29.158 [main] INFO  o.s.c.g.r.RouteDefinitionRouteLocator - [lambda$initFactories$1,88] - Loaded RoutePredicateFactory [Query]
23:25:29.158 [main] INFO  o.s.c.g.r.RouteDefinitionRouteLocator - [lambda$initFactories$1,88] - Loaded RoutePredicateFactory [ReadBody]
23:25:29.158 [main] INFO  o.s.c.g.r.RouteDefinitionRouteLocator - [lambda$initFactories$1,88] - Loaded RoutePredicateFactory [RemoteAddr]
23:25:29.158 [main] INFO  o.s.c.g.r.RouteDefinitionRouteLocator - [lambda$initFactories$1,88] - Loaded RoutePredicateFactory [XForwardedRemoteAddr]
23:25:29.158 [main] INFO  o.s.c.g.r.RouteDefinitionRouteLocator - [lambda$initFactories$1,88] - Loaded RoutePredicateFactory [Weight]
23:25:29.158 [main] INFO  o.s.c.g.r.RouteDefinitionRouteLocator - [lambda$initFactories$1,88] - Loaded RoutePredicateFactory [CloudFoundryRouteService]
23:25:29.587 [main] INFO  o.s.b.w.e.n.NettyWebServer - [start,111] - Netty started on port 19090
23:25:29.844 [main] INFO  c.a.n.client.naming - [initNamespaceForNaming,62] - initializer namespace from ans.namespace attribute : null
23:25:29.846 [main] INFO  c.a.n.client.naming - [lambda$initNamespaceForNaming$0,66] - initializer namespace from ALIBABA_ALIWARE_NAMESPACE attribute :null
23:25:29.847 [main] INFO  c.a.n.client.naming - [lambda$initNamespaceForNaming$1,73] - initializer namespace from namespace attribute :null
23:25:29.852 [main] INFO  c.a.n.p.a.s.c.ClientAuthPluginManager - [init,56] - [ClientAuthPluginManager] Load ClientAuthService com.alibaba.nacos.client.auth.impl.NacosClientAuthServiceImpl success.
23:25:29.853 [main] INFO  c.a.n.p.a.s.c.ClientAuthPluginManager - [init,56] - [ClientAuthPluginManager] Load ClientAuthService com.alibaba.nacos.client.auth.ram.RamClientAuthServiceImpl success.
23:25:29.856 [main] INFO  c.a.n.c.r.client - [lambda$createClient$0,108] - [RpcClientFactory] create a new rpc client of 456cc51f-400d-4c32-83a1-27af33aa4bf8
23:25:29.857 [main] INFO  c.a.n.c.r.client - [printIfInfoEnabled,63] - [456cc51f-400d-4c32-83a1-27af33aa4bf8] RpcClient init, ServerListFactory = com.alibaba.nacos.client.naming.core.ServerListManager
23:25:29.857 [main] INFO  c.a.n.c.r.client - [printIfInfoEnabled,63] - [456cc51f-400d-4c32-83a1-27af33aa4bf8] Registry connection listener to current client:com.alibaba.nacos.client.naming.remote.gprc.redo.NamingGrpcRedoService
23:25:29.857 [main] INFO  c.a.n.c.r.client - [printIfInfoEnabled,63] - [456cc51f-400d-4c32-83a1-27af33aa4bf8] Register server push request handler:com.alibaba.nacos.client.naming.remote.gprc.NamingPushRequestHandler
23:25:29.857 [main] INFO  c.a.n.c.r.client - [printIfInfoEnabled,63] - [456cc51f-400d-4c32-83a1-27af33aa4bf8] Try to connect to server on start up, server: {serverIp = 'localhost', server main port = 8848}
23:25:29.858 [main] INFO  c.a.n.c.r.c.g.GrpcClient - [createNewManagedChannel,182] - grpc client connection server:localhost ip,serverPort:9848,grpcTslConfig:{"sslProvider":"OPENSSL","enableTls":false,"mutualAuthEnable":false,"trustAll":false}
23:25:29.977 [main] INFO  c.a.n.c.r.client - [printIfInfoEnabled,63] - [456cc51f-400d-4c32-83a1-27af33aa4bf8] Success to connect to server [localhost:8848] on start up, connectionId = 1777476329862_172.17.0.1_55226
23:25:29.978 [com.alibaba.nacos.client.remote.worker] INFO  c.a.n.c.r.client - [printIfInfoEnabled,63] - [456cc51f-400d-4c32-83a1-27af33aa4bf8] Notify connected event to listeners.
23:25:29.978 [main] INFO  c.a.n.c.r.client - [printIfInfoEnabled,63] - [456cc51f-400d-4c32-83a1-27af33aa4bf8] Register server push request handler:com.alibaba.nacos.common.remote.client.RpcClient$ConnectResetRequestHandler
23:25:29.978 [com.alibaba.nacos.client.remote.worker] INFO  c.a.n.client.naming - [onConnected,78] - Grpc connection connect
23:25:29.978 [main] INFO  c.a.n.c.r.client - [printIfInfoEnabled,63] - [456cc51f-400d-4c32-83a1-27af33aa4bf8] Register server push request handler:com.alibaba.nacos.common.remote.client.RpcClient$$Lambda$595/0x000002325e4f30c8
23:25:29.979 [main] INFO  c.a.n.client.naming - [registerService,121] - [REGISTER-SERVICE] 1b411097-df3c-4cac-a649-ba6b6b22fcd4 registering service oj-gateway with instance Instance{instanceId='null', ip='172.20.10.6', port=19090, weight=1.0, healthy=true, enabled=true, ephemeral=true, clusterName='DEFAULT', serviceName='null', metadata={IPv6=[2409:897a:3d80:97a3:543:892d:f811:3246], preserved.register.source=SPRING_CLOUD}}
23:25:29.990 [main] INFO  c.a.c.n.r.NacosServiceRegistry - [register,76] - nacos registry, DEFAULT_GROUP oj-gateway 172.20.10.6:19090 register finished
23:25:30.026 [main] INFO  c.b.g.OjGatewayApplication - [logStarted,57] - Started OjGatewayApplication in 3.927 seconds (process running for 4.516)
23:25:30.030 [main] INFO  c.a.n.c.c.i.CacheData - [<clinit>,67] - nacos.cache.data.init.snapshot = true 
23:25:30.031 [main] INFO  c.a.n.c.c.i.ClientWorker - [addCacheDataIfAbsent,380] - [fixed-1b411097-df3c-4cac-a649-ba6b6b22fcd4-localhost_8848] [subscribe] oj-gateway-local.yaml+DEFAULT_GROUP+1b411097-df3c-4cac-a649-ba6b6b22fcd4
23:25:30.035 [main] INFO  c.a.n.c.c.i.CacheData - [addListener,197] - [fixed-1b411097-df3c-4cac-a649-ba6b6b22fcd4-localhost_8848] [add-listener] ok, tenant=1b411097-df3c-4cac-a649-ba6b6b22fcd4, dataId=oj-gateway-local.yaml, group=DEFAULT_GROUP, cnt=1
23:25:30.036 [main] INFO  c.a.c.n.r.NacosContextRefresher - [registerNacosListener,129] - [Nacos Config] Listening config: dataId=oj-gateway-local.yaml, group=DEFAULT_GROUP
23:25:30.036 [main] INFO  c.a.n.c.c.i.ClientWorker - [addCacheDataIfAbsent,380] - [fixed-1b411097-df3c-4cac-a649-ba6b6b22fcd4-localhost_8848] [subscribe] oj-gateway+DEFAULT_GROUP+1b411097-df3c-4cac-a649-ba6b6b22fcd4
23:25:30.036 [main] INFO  c.a.n.c.c.i.CacheData - [addListener,197] - [fixed-1b411097-df3c-4cac-a649-ba6b6b22fcd4-localhost_8848] [add-listener] ok, tenant=1b411097-df3c-4cac-a649-ba6b6b22fcd4, dataId=oj-gateway, group=DEFAULT_GROUP, cnt=1
23:25:30.036 [main] INFO  c.a.c.n.r.NacosContextRefresher - [registerNacosListener,129] - [Nacos Config] Listening config: dataId=oj-gateway, group=DEFAULT_GROUP
23:25:30.036 [main] INFO  c.a.n.c.c.i.ClientWorker - [addCacheDataIfAbsent,380] - [fixed-1b411097-df3c-4cac-a649-ba6b6b22fcd4-localhost_8848] [subscribe] oj-gateway.yaml+DEFAULT_GROUP+1b411097-df3c-4cac-a649-ba6b6b22fcd4
23:25:30.036 [main] INFO  c.a.n.c.c.i.CacheData - [addListener,197] - [fixed-1b411097-df3c-4cac-a649-ba6b6b22fcd4-localhost_8848] [add-listener] ok, tenant=1b411097-df3c-4cac-a649-ba6b6b22fcd4, dataId=oj-gateway.yaml, group=DEFAULT_GROUP, cnt=1
23:25:30.036 [main] INFO  c.a.c.n.r.NacosContextRefresher - [registerNacosListener,129] - [Nacos Config] Listening config: dataId=oj-gateway.yaml, group=DEFAULT_GROUP
23:25:34.719 [boundedElastic-1] INFO  c.a.n.client.naming - [subscribe,167] - [SUBSCRIBE-SERVICE] service:oj-system, group:DEFAULT_GROUP, clusters: 
23:25:34.732 [boundedElastic-1] INFO  c.a.n.client.naming - [isChangedServiceInfo,184] - init new ips(1) service: DEFAULT_GROUP@@oj-system -> [{"ip":"172.20.10.6","port":9201,"weight":1.0,"healthy":true,"enabled":true,"ephemeral":true,"clusterName":"DEFAULT","serviceName":"DEFAULT_GROUP@@oj-system","metadata":{"preserved.register.source":"SPRING_CLOUD","IPv6":"[2409:897a:3d80:97a3:543:892d:f811:3246]"},"ipDeleteTimeout":30000,"instanceHeartBeatInterval":5000,"instanceHeartBeatTimeOut":15000}]
23:25:34.734 [boundedElastic-1] INFO  c.a.n.client.naming - [processServiceInfo,169] - current ips:(1) service: DEFAULT_GROUP@@oj-system -> [{"ip":"172.20.10.6","port":9201,"weight":1.0,"healthy":true,"enabled":true,"ephemeral":true,"clusterName":"DEFAULT","serviceName":"DEFAULT_GROUP@@oj-system","metadata":{"preserved.register.source":"SPRING_CLOUD","IPv6":"[2409:897a:3d80:97a3:543:892d:f811:3246]"},"ipDeleteTimeout":30000,"instanceHeartBeatInterval":5000,"instanceHeartBeatTimeOut":15000}]
23:25:35.327 [nacos-grpc-client-executor-localhost-9] INFO  c.a.n.c.r.client - [printIfInfoEnabled,63] - [456cc51f-400d-4c32-83a1-27af33aa4bf8] Receive server push request, request = NotifySubscriberRequest, requestId = 24
23:25:35.328 [nacos-grpc-client-executor-localhost-9] INFO  c.a.n.c.r.client - [printIfInfoEnabled,63] - [456cc51f-400d-4c32-83a1-27af33aa4bf8] Ack server push request, request = NotifySubscriberRequest, requestId = 24
23:27:34.920 [nacos-grpc-client-executor-localhost-33] INFO  c.a.n.c.r.client - [printIfInfoEnabled,63] - [456cc51f-400d-4c32-83a1-27af33aa4bf8] Receive server push request, request = NotifySubscriberRequest, requestId = 25
23:27:34.920 [nacos-grpc-client-executor-localhost-33] INFO  c.a.n.client.naming - [isChangedServiceInfo,241] - removed ips(1) service: DEFAULT_GROUP@@oj-system -> [{"ip":"172.20.10.6","port":9201,"weight":1.0,"healthy":true,"enabled":true,"ephemeral":true,"clusterName":"DEFAULT","serviceName":"DEFAULT_GROUP@@oj-system","metadata":{"preserved.register.source":"SPRING_CLOUD","IPv6":"[2409:897a:3d80:97a3:543:892d:f811:3246]"},"ipDeleteTimeout":30000,"instanceHeartBeatInterval":5000,"instanceHeartBeatTimeOut":15000}]
23:27:34.921 [nacos-grpc-client-executor-localhost-33] INFO  c.a.n.client.naming - [processServiceInfo,169] - current ips:(0) service: DEFAULT_GROUP@@oj-system -> []
23:27:34.921 [nacos-grpc-client-executor-localhost-33] INFO  c.a.n.c.r.client - [printIfInfoEnabled,63] - [456cc51f-400d-4c32-83a1-27af33aa4bf8] Ack server push request, request = NotifySubscriberRequest, requestId = 25
23:27:39.613 [SpringApplicationShutdownHook] INFO  c.a.c.n.r.NacosServiceRegistry - [deregister,95] - De-registering from Nacos Server now...
23:27:39.614 [SpringApplicationShutdownHook] INFO  c.a.n.client.naming - [deregisterService,217] - [DEREGISTER-SERVICE] 1b411097-df3c-4cac-a649-ba6b6b22fcd4 deregistering service oj-gateway with instance: Instance{instanceId='null', ip='172.20.10.6', port=19090, weight=1.0, healthy=true, enabled=true, ephemeral=true, clusterName='DEFAULT', serviceName='null', metadata={}}
23:27:39.617 [SpringApplicationShutdownHook] INFO  c.a.c.n.r.NacosServiceRegistry - [deregister,115] - De-registration finished.
23:27:39.618 [SpringApplicationShutdownHook] INFO  c.a.n.client.naming - [shutdown,256] - com.alibaba.nacos.client.naming.cache.ServiceInfoHolder do shutdown begin
23:27:39.618 [SpringApplicationShutdownHook] INFO  c.a.n.client.naming - [shutdown,136] - com.alibaba.nacos.client.naming.backups.FailoverReactor do shutdown begin
23:27:39.618 [SpringApplicationShutdownHook] INFO  c.a.n.client.naming - [shutdown,138] - com.alibaba.nacos.client.naming.backups.FailoverReactor do shutdown stop
23:27:39.618 [SpringApplicationShutdownHook] INFO  c.a.n.client.naming - [shutdown,258] - com.alibaba.nacos.client.naming.cache.ServiceInfoHolder do shutdown stop
23:27:39.618 [SpringApplicationShutdownHook] INFO  c.a.n.client.naming - [shutdown,204] - com.alibaba.nacos.client.naming.remote.NamingClientProxyDelegate do shutdown begin
23:27:39.618 [SpringApplicationShutdownHook] INFO  c.a.n.client.naming - [shutdown,143] - com.alibaba.nacos.client.naming.core.ServiceInfoUpdateService do shutdown begin
23:27:39.618 [SpringApplicationShutdownHook] INFO  c.a.n.client.naming - [shutdown,145] - com.alibaba.nacos.client.naming.core.ServiceInfoUpdateService do shutdown stop
23:27:39.618 [SpringApplicationShutdownHook] INFO  c.a.n.client.naming - [shutdown,194] - com.alibaba.nacos.client.naming.core.ServerListManager do shutdown begin
23:27:39.618 [SpringApplicationShutdownHook] INFO  c.a.n.client.naming - [shutdown,199] - com.alibaba.nacos.client.naming.core.ServerListManager do shutdown stop
23:27:39.618 [SpringApplicationShutdownHook] INFO  c.a.n.client.naming - [shutdown,484] - com.alibaba.nacos.client.naming.remote.http.NamingHttpClientProxy do shutdown begin
23:27:39.619 [SpringApplicationShutdownHook] INFO  c.a.n.client.naming - [shutdown,486] - com.alibaba.nacos.client.naming.remote.http.NamingHttpClientProxy do shutdown stop
23:27:39.619 [SpringApplicationShutdownHook] INFO  c.a.n.c.r.client - [shutdown,429] - Shutdown rpc client, set status to shutdown
23:27:39.619 [SpringApplicationShutdownHook] INFO  c.a.n.c.r.client - [shutdown,431] - Shutdown client event executor java.util.concurrent.ScheduledThreadPoolExecutor@67432c55[Running, pool size = 2, active threads = 2, queued tasks = 0, completed tasks = 0]
23:27:39.619 [SpringApplicationShutdownHook] INFO  c.a.n.c.r.client - [closeConnection,584] - Close current connection 1777476329862_172.17.0.1_55226
23:27:39.620 [nacos-grpc-client-executor-localhost-35] INFO  c.a.n.c.r.c.g.GrpcClient - [printIfInfoEnabled,63] - [1777476329862_172.17.0.1_55226]Ignore complete event,isRunning:false,isAbandon=false
23:27:39.622 [SpringApplicationShutdownHook] INFO  c.a.n.c.r.c.g.GrpcClient - [shutdown,159] - Shutdown grpc executor java.util.concurrent.ThreadPoolExecutor@2c15783c[Running, pool size = 4, active threads = 0, queued tasks = 0, completed tasks = 36]
23:27:39.622 [SpringApplicationShutdownHook] INFO  c.a.n.client.naming - [shutdown,318] - Shutdown grpc redo service executor java.util.concurrent.ScheduledThreadPoolExecutor@45272a21[Running, pool size = 1, active threads = 0, queued tasks = 1, completed tasks = 43]
23:27:39.622 [SpringApplicationShutdownHook] INFO  c.a.n.c.a.r.i.CredentialWatcher - [stop,106] - [null] CredentialWatcher is stopped
23:27:39.622 [SpringApplicationShutdownHook] INFO  c.a.n.c.a.r.i.CredentialService - [free,100] - [null] CredentialService is freed
23:27:39.623 [SpringApplicationShutdownHook] INFO  c.a.n.client.naming - [shutdown,211] - com.alibaba.nacos.client.naming.remote.NamingClientProxyDelegate do shutdown stop
23:27:44.231 [background-preinit] INFO  o.h.v.i.util.Version - [<clinit>,21] - HV000001: Hibernate Validator 8.0.0.Final
23:27:44.434 [main] INFO  c.a.n.c.u.ParamUtil - [<clinit>,87] - [settings] [req-serv] nacos-server port:8848
23:27:44.435 [main] INFO  c.a.n.c.u.ParamUtil - [<clinit>,98] - [settings] [http-client] connect timeout:1000
23:27:44.435 [main] INFO  c.a.n.c.u.ParamUtil - [<clinit>,105] - PER_TASK_CONFIG_SIZE: 3000.0
23:27:44.454 [main] INFO  c.a.n.p.a.s.c.ClientAuthPluginManager - [init,56] - [ClientAuthPluginManager] Load ClientAuthService com.alibaba.nacos.client.auth.impl.NacosClientAuthServiceImpl success.
23:27:44.454 [main] INFO  c.a.n.p.a.s.c.ClientAuthPluginManager - [init,56] - [ClientAuthPluginManager] Load ClientAuthService com.alibaba.nacos.client.auth.ram.RamClientAuthServiceImpl success.
23:27:44.456 [main] INFO  c.a.n.c.a.r.i.CredentialWatcher - [loadCredential,165] - null No credential found
23:27:44.664 [main] INFO  c.a.n.c.c.i.LocalConfigInfoProcessor - [<clinit>,63] - LOCAL_SNAPSHOT_PATH:C:\Users\45\nacos\config
23:27:44.667 [main] INFO  c.a.n.c.r.client - [lambda$createClient$0,108] - [RpcClientFactory] create a new rpc client of 70337a44-dfda-4a7e-87cd-d1f4612b3e9a_config-0
23:27:44.682 [main] INFO  c.a.n.c.r.client - [printIfInfoEnabled,63] - [70337a44-dfda-4a7e-87cd-d1f4612b3e9a_config-0] Register server push request handler:com.alibaba.nacos.client.config.impl.ClientWorker$ConfigRpcTransportClient$$Lambda$574/0x000002033036c608
23:27:44.683 [main] INFO  c.a.n.c.r.client - [printIfInfoEnabled,63] - [70337a44-dfda-4a7e-87cd-d1f4612b3e9a_config-0] Register server push request handler:com.alibaba.nacos.client.config.impl.ClientWorker$ConfigRpcTransportClient$$Lambda$575/0x000002033036ca28
23:27:44.683 [main] INFO  c.a.n.c.r.client - [printIfInfoEnabled,63] - [70337a44-dfda-4a7e-87cd-d1f4612b3e9a_config-0] Registry connection listener to current client:com.alibaba.nacos.client.config.impl.ClientWorker$ConfigRpcTransportClient$1
23:27:44.684 [main] INFO  c.a.n.c.r.client - [printIfInfoEnabled,63] - [70337a44-dfda-4a7e-87cd-d1f4612b3e9a_config-0] RpcClient init, ServerListFactory = com.alibaba.nacos.client.config.impl.ClientWorker$ConfigRpcTransportClient$2
23:27:44.688 [main] INFO  c.a.n.c.r.client - [printIfInfoEnabled,63] - [70337a44-dfda-4a7e-87cd-d1f4612b3e9a_config-0] Try to connect to server on start up, server: {serverIp = 'localhost', server main port = 8848}
23:27:44.719 [main] INFO  c.a.n.c.r.c.g.GrpcClient - [createNewManagedChannel,182] - grpc client connection server:localhost ip,serverPort:9848,grpcTslConfig:{"sslProvider":"OPENSSL","enableTls":false,"mutualAuthEnable":false,"trustAll":false}
23:27:45.388 [main] INFO  c.a.n.c.r.client - [printIfInfoEnabled,63] - [70337a44-dfda-4a7e-87cd-d1f4612b3e9a_config-0] Success to connect to server [localhost:8848] on start up, connectionId = 1777476465219_172.17.0.1_39722
23:27:45.388 [com.alibaba.nacos.client.remote.worker] INFO  c.a.n.c.r.client - [printIfInfoEnabled,63] - [70337a44-dfda-4a7e-87cd-d1f4612b3e9a_config-0] Notify connected event to listeners.
23:27:45.388 [com.alibaba.nacos.client.remote.worker] INFO  c.a.n.c.c.i.ClientWorker - [onConnected,639] - [70337a44-dfda-4a7e-87cd-d1f4612b3e9a_config-0] Connected,notify listen context...
23:27:45.388 [main] INFO  c.a.n.c.r.client - [printIfInfoEnabled,63] - [70337a44-dfda-4a7e-87cd-d1f4612b3e9a_config-0] Register server push request handler:com.alibaba.nacos.common.remote.client.RpcClient$ConnectResetRequestHandler
23:27:45.390 [main] INFO  c.a.n.c.r.client - [printIfInfoEnabled,63] - [70337a44-dfda-4a7e-87cd-d1f4612b3e9a_config-0] Register server push request handler:com.alibaba.nacos.common.remote.client.RpcClient$$Lambda$595/0x00000203304f3a30
23:27:45.428 [main] INFO  c.a.n.c.c.i.Limiter - [<clinit>,62] - limitTime:5.0
23:27:45.519 [main] INFO  c.a.n.c.c.u.JvmUtil - [<clinit>,54] - isMultiInstance:false
23:27:45.525 [main] INFO  o.s.c.b.c.PropertySourceBootstrapConfiguration - [initialize,108] - Located property source: [BootstrapPropertySource {name='bootstrapProperties-oj-gateway-local.yaml,DEFAULT_GROUP'}, BootstrapPropertySource {name='bootstrapProperties-oj-gateway.yaml,DEFAULT_GROUP'}, BootstrapPropertySource {name='bootstrapProperties-oj-gateway,DEFAULT_GROUP'}]
23:27:45.531 [main] INFO  c.b.g.OjGatewayApplication - [logStartupProfileInfo,636] - The following 1 profile is active: "local"
23:27:45.875 [main] INFO  o.s.d.r.c.RepositoryConfigurationDelegate - [multipleStoresDetected,294] - Multiple Spring Data modules found, entering strict repository configuration mode
23:27:45.878 [main] INFO  o.s.d.r.c.RepositoryConfigurationDelegate - [registerRepositoriesIn,138] - Bootstrapping Spring Data Redis repositories in DEFAULT mode.
23:27:45.892 [main] INFO  o.s.d.r.c.RepositoryConfigurationDelegate - [registerRepositoriesIn,208] - Finished Spring Data repository scanning in 5 ms. Found 0 Redis repository interfaces.
23:27:45.995 [main] INFO  o.s.c.c.s.GenericScope - [setSerializationId,282] - BeanFactory id=a2242d8d-f5fd-3a65-be67-7fd022a476aa
23:27:46.027 [main] INFO  o.s.c.s.PostProcessorRegistrationDelegate$BeanPostProcessorChecker - [postProcessAfterInitialization,409] - Bean 'org.springframework.cloud.client.loadbalancer.reactive.LoadBalancerBeanPostProcessorAutoConfiguration' of type [org.springframework.cloud.client.loadbalancer.reactive.LoadBalancerBeanPostProcessorAutoConfiguration] is not eligible for getting processed by all BeanPostProcessors (for example: not eligible for auto-proxying)
23:27:46.027 [main] INFO  o.s.c.s.PostProcessorRegistrationDelegate$BeanPostProcessorChecker - [postProcessAfterInitialization,409] - Bean 'org.springframework.cloud.client.loadbalancer.reactive.LoadBalancerBeanPostProcessorAutoConfiguration$ReactorDeferringLoadBalancerFilterConfig' of type [org.springframework.cloud.client.loadbalancer.reactive.LoadBalancerBeanPostProcessorAutoConfiguration$ReactorDeferringLoadBalancerFilterConfig] is not eligible for getting processed by all BeanPostProcessors (for example: not eligible for auto-proxying)
23:27:46.028 [main] INFO  o.s.c.s.PostProcessorRegistrationDelegate$BeanPostProcessorChecker - [postProcessAfterInitialization,409] - Bean 'reactorDeferringLoadBalancerExchangeFilterFunction' of type [org.springframework.cloud.client.loadbalancer.reactive.DeferringLoadBalancerExchangeFilterFunction] is not eligible for getting processed by all BeanPostProcessors (for example: not eligible for auto-proxying)
23:27:47.002 [main] INFO  o.s.c.g.r.RouteDefinitionRouteLocator - [lambda$initFactories$1,88] - Loaded RoutePredicateFactory [After]
23:27:47.002 [main] INFO  o.s.c.g.r.RouteDefinitionRouteLocator - [lambda$initFactories$1,88] - Loaded RoutePredicateFactory [Before]
23:27:47.002 [main] INFO  o.s.c.g.r.RouteDefinitionRouteLocator - [lambda$initFactories$1,88] - Loaded RoutePredicateFactory [Between]
23:27:47.002 [main] INFO  o.s.c.g.r.RouteDefinitionRouteLocator - [lambda$initFactories$1,88] - Loaded RoutePredicateFactory [Cookie]
23:27:47.002 [main] INFO  o.s.c.g.r.RouteDefinitionRouteLocator - [lambda$initFactories$1,88] - Loaded RoutePredicateFactory [Header]
23:27:47.003 [main] INFO  o.s.c.g.r.RouteDefinitionRouteLocator - [lambda$initFactories$1,88] - Loaded RoutePredicateFactory [Host]
23:27:47.003 [main] INFO  o.s.c.g.r.RouteDefinitionRouteLocator - [lambda$initFactories$1,88] - Loaded RoutePredicateFactory [Method]
23:27:47.003 [main] INFO  o.s.c.g.r.RouteDefinitionRouteLocator - [lambda$initFactories$1,88] - Loaded RoutePredicateFactory [Path]
23:27:47.003 [main] INFO  o.s.c.g.r.RouteDefinitionRouteLocator - [lambda$initFactories$1,88] - Loaded RoutePredicateFactory [Query]
23:27:47.003 [main] INFO  o.s.c.g.r.RouteDefinitionRouteLocator - [lambda$initFactories$1,88] - Loaded RoutePredicateFactory [ReadBody]
23:27:47.003 [main] INFO  o.s.c.g.r.RouteDefinitionRouteLocator - [lambda$initFactories$1,88] - Loaded RoutePredicateFactory [RemoteAddr]
23:27:47.003 [main] INFO  o.s.c.g.r.RouteDefinitionRouteLocator - [lambda$initFactories$1,88] - Loaded RoutePredicateFactory [XForwardedRemoteAddr]
23:27:47.003 [main] INFO  o.s.c.g.r.RouteDefinitionRouteLocator - [lambda$initFactories$1,88] - Loaded RoutePredicateFactory [Weight]
23:27:47.003 [main] INFO  o.s.c.g.r.RouteDefinitionRouteLocator - [lambda$initFactories$1,88] - Loaded RoutePredicateFactory [CloudFoundryRouteService]
23:27:47.452 [main] INFO  o.s.b.w.e.n.NettyWebServer - [start,111] - Netty started on port 19090
23:27:47.737 [main] INFO  c.a.n.client.naming - [initNamespaceForNaming,62] - initializer namespace from ans.namespace attribute : null
23:27:47.738 [main] INFO  c.a.n.client.naming - [lambda$initNamespaceForNaming$0,66] - initializer namespace from ALIBABA_ALIWARE_NAMESPACE attribute :null
23:27:47.738 [main] INFO  c.a.n.client.naming - [lambda$initNamespaceForNaming$1,73] - initializer namespace from namespace attribute :null
23:27:47.745 [main] INFO  c.a.n.p.a.s.c.ClientAuthPluginManager - [init,56] - [ClientAuthPluginManager] Load ClientAuthService com.alibaba.nacos.client.auth.impl.NacosClientAuthServiceImpl success.
23:27:47.745 [main] INFO  c.a.n.p.a.s.c.ClientAuthPluginManager - [init,56] - [ClientAuthPluginManager] Load ClientAuthService com.alibaba.nacos.client.auth.ram.RamClientAuthServiceImpl success.
23:27:47.749 [main] INFO  c.a.n.c.r.client - [lambda$createClient$0,108] - [RpcClientFactory] create a new rpc client of 985e9258-ea69-4be6-9bd4-d89e1c2871f0
23:27:47.751 [main] INFO  c.a.n.c.r.client - [printIfInfoEnabled,63] - [985e9258-ea69-4be6-9bd4-d89e1c2871f0] RpcClient init, ServerListFactory = com.alibaba.nacos.client.naming.core.ServerListManager
23:27:47.751 [main] INFO  c.a.n.c.r.client - [printIfInfoEnabled,63] - [985e9258-ea69-4be6-9bd4-d89e1c2871f0] Registry connection listener to current client:com.alibaba.nacos.client.naming.remote.gprc.redo.NamingGrpcRedoService
23:27:47.752 [main] INFO  c.a.n.c.r.client - [printIfInfoEnabled,63] - [985e9258-ea69-4be6-9bd4-d89e1c2871f0] Register server push request handler:com.alibaba.nacos.client.naming.remote.gprc.NamingPushRequestHandler
23:27:47.752 [main] INFO  c.a.n.c.r.client - [printIfInfoEnabled,63] - [985e9258-ea69-4be6-9bd4-d89e1c2871f0] Try to connect to server on start up, server: {serverIp = 'localhost', server main port = 8848}
23:27:47.752 [main] INFO  c.a.n.c.r.c.g.GrpcClient - [createNewManagedChannel,182] - grpc client connection server:localhost ip,serverPort:9848,grpcTslConfig:{"sslProvider":"OPENSSL","enableTls":false,"mutualAuthEnable":false,"trustAll":false}
23:27:47.888 [main] INFO  c.a.n.c.r.client - [printIfInfoEnabled,63] - [985e9258-ea69-4be6-9bd4-d89e1c2871f0] Success to connect to server [localhost:8848] on start up, connectionId = 1777476467778_172.17.0.1_39734
23:27:47.889 [main] INFO  c.a.n.c.r.client - [printIfInfoEnabled,63] - [985e9258-ea69-4be6-9bd4-d89e1c2871f0] Register server push request handler:com.alibaba.nacos.common.remote.client.RpcClient$ConnectResetRequestHandler
23:27:47.889 [com.alibaba.nacos.client.remote.worker] INFO  c.a.n.c.r.client - [printIfInfoEnabled,63] - [985e9258-ea69-4be6-9bd4-d89e1c2871f0] Notify connected event to listeners.
23:27:47.890 [main] INFO  c.a.n.c.r.client - [printIfInfoEnabled,63] - [985e9258-ea69-4be6-9bd4-d89e1c2871f0] Register server push request handler:com.alibaba.nacos.common.remote.client.RpcClient$$Lambda$595/0x00000203304f3a30
23:27:47.890 [com.alibaba.nacos.client.remote.worker] INFO  c.a.n.client.naming - [onConnected,78] - Grpc connection connect
23:27:47.893 [main] INFO  c.a.n.client.naming - [registerService,121] - [REGISTER-SERVICE] 1b411097-df3c-4cac-a649-ba6b6b22fcd4 registering service oj-gateway with instance Instance{instanceId='null', ip='172.20.10.6', port=19090, weight=1.0, healthy=true, enabled=true, ephemeral=true, clusterName='DEFAULT', serviceName='null', metadata={IPv6=[2409:897a:3d80:97a3:543:892d:f811:3246], preserved.register.source=SPRING_CLOUD}}
23:27:47.905 [main] INFO  c.a.c.n.r.NacosServiceRegistry - [register,76] - nacos registry, DEFAULT_GROUP oj-gateway 172.20.10.6:19090 register finished
23:27:47.942 [main] INFO  c.b.g.OjGatewayApplication - [logStarted,57] - Started OjGatewayApplication in 4.117 seconds (process running for 4.729)
23:27:47.945 [main] INFO  c.a.n.c.c.i.CacheData - [<clinit>,67] - nacos.cache.data.init.snapshot = true 
23:27:47.946 [main] INFO  c.a.n.c.c.i.ClientWorker - [addCacheDataIfAbsent,380] - [fixed-1b411097-df3c-4cac-a649-ba6b6b22fcd4-localhost_8848] [subscribe] oj-gateway-local.yaml+DEFAULT_GROUP+1b411097-df3c-4cac-a649-ba6b6b22fcd4
23:27:47.952 [main] INFO  c.a.n.c.c.i.CacheData - [addListener,197] - [fixed-1b411097-df3c-4cac-a649-ba6b6b22fcd4-localhost_8848] [add-listener] ok, tenant=1b411097-df3c-4cac-a649-ba6b6b22fcd4, dataId=oj-gateway-local.yaml, group=DEFAULT_GROUP, cnt=1
23:27:47.952 [main] INFO  c.a.c.n.r.NacosContextRefresher - [registerNacosListener,129] - [Nacos Config] Listening config: dataId=oj-gateway-local.yaml, group=DEFAULT_GROUP
23:27:47.953 [main] INFO  c.a.n.c.c.i.ClientWorker - [addCacheDataIfAbsent,380] - [fixed-1b411097-df3c-4cac-a649-ba6b6b22fcd4-localhost_8848] [subscribe] oj-gateway+DEFAULT_GROUP+1b411097-df3c-4cac-a649-ba6b6b22fcd4
23:27:47.953 [main] INFO  c.a.n.c.c.i.CacheData - [addListener,197] - [fixed-1b411097-df3c-4cac-a649-ba6b6b22fcd4-localhost_8848] [add-listener] ok, tenant=1b411097-df3c-4cac-a649-ba6b6b22fcd4, dataId=oj-gateway, group=DEFAULT_GROUP, cnt=1
23:27:47.953 [main] INFO  c.a.c.n.r.NacosContextRefresher - [registerNacosListener,129] - [Nacos Config] Listening config: dataId=oj-gateway, group=DEFAULT_GROUP
23:27:47.953 [main] INFO  c.a.n.c.c.i.ClientWorker - [addCacheDataIfAbsent,380] - [fixed-1b411097-df3c-4cac-a649-ba6b6b22fcd4-localhost_8848] [subscribe] oj-gateway.yaml+DEFAULT_GROUP+1b411097-df3c-4cac-a649-ba6b6b22fcd4
23:27:47.954 [main] INFO  c.a.n.c.c.i.CacheData - [addListener,197] - [fixed-1b411097-df3c-4cac-a649-ba6b6b22fcd4-localhost_8848] [add-listener] ok, tenant=1b411097-df3c-4cac-a649-ba6b6b22fcd4, dataId=oj-gateway.yaml, group=DEFAULT_GROUP, cnt=1
23:27:47.954 [main] INFO  c.a.c.n.r.NacosContextRefresher - [registerNacosListener,129] - [Nacos Config] Listening config: dataId=oj-gateway.yaml, group=DEFAULT_GROUP
23:28:03.177 [boundedElastic-1] INFO  c.a.n.client.naming - [subscribe,167] - [SUBSCRIBE-SERVICE] service:oj-system, group:DEFAULT_GROUP, clusters: 
23:28:03.188 [boundedElastic-1] INFO  c.a.n.client.naming - [isChangedServiceInfo,184] - init new ips(1) service: DEFAULT_GROUP@@oj-system -> [{"ip":"172.20.10.6","port":9201,"weight":1.0,"healthy":true,"enabled":true,"ephemeral":true,"clusterName":"DEFAULT","serviceName":"DEFAULT_GROUP@@oj-system","metadata":{"preserved.register.source":"SPRING_CLOUD","IPv6":"[2409:897a:3d80:97a3:543:892d:f811:3246]"},"ipDeleteTimeout":30000,"instanceHeartBeatTimeOut":15000,"instanceHeartBeatInterval":5000}]
23:28:03.190 [boundedElastic-1] INFO  c.a.n.client.naming - [processServiceInfo,169] - current ips:(1) service: DEFAULT_GROUP@@oj-system -> [{"ip":"172.20.10.6","port":9201,"weight":1.0,"healthy":true,"enabled":true,"ephemeral":true,"clusterName":"DEFAULT","serviceName":"DEFAULT_GROUP@@oj-system","metadata":{"preserved.register.source":"SPRING_CLOUD","IPv6":"[2409:897a:3d80:97a3:543:892d:f811:3246]"},"ipDeleteTimeout":30000,"instanceHeartBeatTimeOut":15000,"instanceHeartBeatInterval":5000}]
23:28:03.711 [nacos-grpc-client-executor-localhost-11] INFO  c.a.n.c.r.client - [printIfInfoEnabled,63] - [985e9258-ea69-4be6-9bd4-d89e1c2871f0] Receive server push request, request = NotifySubscriberRequest, requestId = 26
23:28:03.711 [nacos-grpc-client-executor-localhost-11] INFO  c.a.n.c.r.client - [printIfInfoEnabled,63] - [985e9258-ea69-4be6-9bd4-d89e1c2871f0] Ack server push request, request = NotifySubscriberRequest, requestId = 26
23:29:28.267 [nacos-grpc-client-executor-localhost-30] INFO  c.a.n.c.r.client - [printIfInfoEnabled,63] - [985e9258-ea69-4be6-9bd4-d89e1c2871f0] Receive server push request, request = NotifySubscriberRequest, requestId = 27
23:29:28.268 [nacos-grpc-client-executor-localhost-30] INFO  c.a.n.client.naming - [isChangedServiceInfo,241] - removed ips(1) service: DEFAULT_GROUP@@oj-system -> [{"ip":"172.20.10.6","port":9201,"weight":1.0,"healthy":true,"enabled":true,"ephemeral":true,"clusterName":"DEFAULT","serviceName":"DEFAULT_GROUP@@oj-system","metadata":{"preserved.register.source":"SPRING_CLOUD","IPv6":"[2409:897a:3d80:97a3:543:892d:f811:3246]"},"ipDeleteTimeout":30000,"instanceHeartBeatTimeOut":15000,"instanceHeartBeatInterval":5000}]
23:29:28.268 [nacos-grpc-client-executor-localhost-30] INFO  c.a.n.client.naming - [processServiceInfo,169] - current ips:(0) service: DEFAULT_GROUP@@oj-system -> []
23:29:28.269 [nacos-grpc-client-executor-localhost-30] INFO  c.a.n.c.r.client - [printIfInfoEnabled,63] - [985e9258-ea69-4be6-9bd4-d89e1c2871f0] Ack server push request, request = NotifySubscriberRequest, requestId = 27
23:29:29.605 [SpringApplicationShutdownHook] INFO  c.a.c.n.r.NacosServiceRegistry - [deregister,95] - De-registering from Nacos Server now...
23:29:29.605 [SpringApplicationShutdownHook] INFO  c.a.n.client.naming - [deregisterService,217] - [DEREGISTER-SERVICE] 1b411097-df3c-4cac-a649-ba6b6b22fcd4 deregistering service oj-gateway with instance: Instance{instanceId='null', ip='172.20.10.6', port=19090, weight=1.0, healthy=true, enabled=true, ephemeral=true, clusterName='DEFAULT', serviceName='null', metadata={}}
23:29:29.609 [SpringApplicationShutdownHook] INFO  c.a.c.n.r.NacosServiceRegistry - [deregister,115] - De-registration finished.
23:29:29.609 [SpringApplicationShutdownHook] INFO  c.a.n.client.naming - [shutdown,256] - com.alibaba.nacos.client.naming.cache.ServiceInfoHolder do shutdown begin
23:29:29.610 [SpringApplicationShutdownHook] INFO  c.a.n.client.naming - [shutdown,136] - com.alibaba.nacos.client.naming.backups.FailoverReactor do shutdown begin
23:29:29.610 [SpringApplicationShutdownHook] INFO  c.a.n.client.naming - [shutdown,138] - com.alibaba.nacos.client.naming.backups.FailoverReactor do shutdown stop
23:29:29.610 [SpringApplicationShutdownHook] INFO  c.a.n.client.naming - [shutdown,258] - com.alibaba.nacos.client.naming.cache.ServiceInfoHolder do shutdown stop
23:29:29.610 [SpringApplicationShutdownHook] INFO  c.a.n.client.naming - [shutdown,204] - com.alibaba.nacos.client.naming.remote.NamingClientProxyDelegate do shutdown begin
23:29:29.610 [SpringApplicationShutdownHook] INFO  c.a.n.client.naming - [shutdown,143] - com.alibaba.nacos.client.naming.core.ServiceInfoUpdateService do shutdown begin
23:29:29.610 [SpringApplicationShutdownHook] INFO  c.a.n.client.naming - [shutdown,145] - com.alibaba.nacos.client.naming.core.ServiceInfoUpdateService do shutdown stop
23:29:29.611 [SpringApplicationShutdownHook] INFO  c.a.n.client.naming - [shutdown,194] - com.alibaba.nacos.client.naming.core.ServerListManager do shutdown begin
23:29:29.611 [SpringApplicationShutdownHook] INFO  c.a.n.client.naming - [shutdown,199] - com.alibaba.nacos.client.naming.core.ServerListManager do shutdown stop
23:29:29.611 [SpringApplicationShutdownHook] INFO  c.a.n.client.naming - [shutdown,484] - com.alibaba.nacos.client.naming.remote.http.NamingHttpClientProxy do shutdown begin
23:29:29.611 [SpringApplicationShutdownHook] INFO  c.a.n.client.naming - [shutdown,486] - com.alibaba.nacos.client.naming.remote.http.NamingHttpClientProxy do shutdown stop
23:29:29.611 [SpringApplicationShutdownHook] INFO  c.a.n.c.r.client - [shutdown,429] - Shutdown rpc client, set status to shutdown
23:29:29.611 [SpringApplicationShutdownHook] INFO  c.a.n.c.r.client - [shutdown,431] - Shutdown client event executor java.util.concurrent.ScheduledThreadPoolExecutor@66fe84bc[Running, pool size = 2, active threads = 2, queued tasks = 0, completed tasks = 0]
23:29:29.611 [SpringApplicationShutdownHook] INFO  c.a.n.c.r.client - [closeConnection,584] - Close current connection 1777476467778_172.17.0.1_39734
23:29:29.613 [nacos-grpc-client-executor-localhost-32] INFO  c.a.n.c.r.c.g.GrpcClient - [printIfInfoEnabled,63] - [1777476467778_172.17.0.1_39734]Ignore complete event,isRunning:false,isAbandon=false
23:29:29.614 [SpringApplicationShutdownHook] INFO  c.a.n.c.r.c.g.GrpcClient - [shutdown,159] - Shutdown grpc executor java.util.concurrent.ThreadPoolExecutor@38d480a0[Running, pool size = 5, active threads = 0, queued tasks = 0, completed tasks = 33]
23:29:29.614 [SpringApplicationShutdownHook] INFO  c.a.n.client.naming - [shutdown,318] - Shutdown grpc redo service executor java.util.concurrent.ScheduledThreadPoolExecutor@13d759d3[Running, pool size = 1, active threads = 0, queued tasks = 1, completed tasks = 33]
23:29:29.615 [SpringApplicationShutdownHook] INFO  c.a.n.c.a.r.i.CredentialWatcher - [stop,106] - [null] CredentialWatcher is stopped
23:29:29.615 [SpringApplicationShutdownHook] INFO  c.a.n.c.a.r.i.CredentialService - [free,100] - [null] CredentialService is freed
23:29:29.615 [SpringApplicationShutdownHook] INFO  c.a.n.client.naming - [shutdown,211] - com.alibaba.nacos.client.naming.remote.NamingClientProxyDelegate do shutdown stop
23:29:29.629 [com.alibaba.nacos.client.Worker] INFO  c.a.n.c.a.r.i.CredentialWatcher - [loadCredential,165] - null No credential found
22:32:56.111 [background-preinit] INFO  o.h.v.i.util.Version - [<clinit>,21] - HV000001: Hibernate Validator 8.0.0.Final
22:32:56.341 [main] INFO  c.a.n.c.u.ParamUtil - [<clinit>,87] - [settings] [req-serv] nacos-server port:8848
22:32:56.342 [main] INFO  c.a.n.c.u.ParamUtil - [<clinit>,98] - [settings] [http-client] connect timeout:1000
22:32:56.342 [main] INFO  c.a.n.c.u.ParamUtil - [<clinit>,105] - PER_TASK_CONFIG_SIZE: 3000.0
22:32:56.362 [main] INFO  c.a.n.p.a.s.c.ClientAuthPluginManager - [init,56] - [ClientAuthPluginManager] Load ClientAuthService com.alibaba.nacos.client.auth.impl.NacosClientAuthServiceImpl success.
22:32:56.362 [main] INFO  c.a.n.p.a.s.c.ClientAuthPluginManager - [init,56] - [ClientAuthPluginManager] Load ClientAuthService com.alibaba.nacos.client.auth.ram.RamClientAuthServiceImpl success.
22:32:56.364 [main] INFO  c.a.n.c.a.r.i.CredentialWatcher - [loadCredential,165] - null No credential found
22:32:56.633 [main] INFO  c.a.n.c.c.i.LocalConfigInfoProcessor - [<clinit>,63] - LOCAL_SNAPSHOT_PATH:C:\Users\45\nacos\config
22:32:56.636 [main] INFO  c.a.n.c.r.client - [lambda$createClient$0,108] - [RpcClientFactory] create a new rpc client of d8ca8999-31d6-41a1-8d73-819a4a34c6ba_config-0
22:32:56.648 [main] INFO  c.a.n.c.r.client - [printIfInfoEnabled,63] - [d8ca8999-31d6-41a1-8d73-819a4a34c6ba_config-0] Register server push request handler:com.alibaba.nacos.client.config.impl.ClientWorker$ConfigRpcTransportClient$$Lambda$574/0x000001803b36cfb8
22:32:56.648 [main] INFO  c.a.n.c.r.client - [printIfInfoEnabled,63] - [d8ca8999-31d6-41a1-8d73-819a4a34c6ba_config-0] Register server push request handler:com.alibaba.nacos.client.config.impl.ClientWorker$ConfigRpcTransportClient$$Lambda$575/0x000001803b36d3d8
22:32:56.648 [main] INFO  c.a.n.c.r.client - [printIfInfoEnabled,63] - [d8ca8999-31d6-41a1-8d73-819a4a34c6ba_config-0] Registry connection listener to current client:com.alibaba.nacos.client.config.impl.ClientWorker$ConfigRpcTransportClient$1
22:32:56.649 [main] INFO  c.a.n.c.r.client - [printIfInfoEnabled,63] - [d8ca8999-31d6-41a1-8d73-819a4a34c6ba_config-0] RpcClient init, ServerListFactory = com.alibaba.nacos.client.config.impl.ClientWorker$ConfigRpcTransportClient$2
22:32:56.660 [main] INFO  c.a.n.c.r.client - [printIfInfoEnabled,63] - [d8ca8999-31d6-41a1-8d73-819a4a34c6ba_config-0] Try to connect to server on start up, server: {serverIp = 'localhost', server main port = 8848}
22:32:56.686 [main] INFO  c.a.n.c.r.c.g.GrpcClient - [createNewManagedChannel,182] - grpc client connection server:localhost ip,serverPort:9848,grpcTslConfig:{"sslProvider":"OPENSSL","enableTls":false,"mutualAuthEnable":false,"trustAll":false}
22:32:57.393 [main] INFO  c.a.n.c.r.client - [printIfInfoEnabled,63] - [d8ca8999-31d6-41a1-8d73-819a4a34c6ba_config-0] Success to connect to server [localhost:8848] on start up, connectionId = 1777645977218_172.17.0.1_42152
22:32:57.394 [com.alibaba.nacos.client.remote.worker] INFO  c.a.n.c.r.client - [printIfInfoEnabled,63] - [d8ca8999-31d6-41a1-8d73-819a4a34c6ba_config-0] Notify connected event to listeners.
22:32:57.394 [main] INFO  c.a.n.c.r.client - [printIfInfoEnabled,63] - [d8ca8999-31d6-41a1-8d73-819a4a34c6ba_config-0] Register server push request handler:com.alibaba.nacos.common.remote.client.RpcClient$ConnectResetRequestHandler
22:32:57.394 [com.alibaba.nacos.client.remote.worker] INFO  c.a.n.c.c.i.ClientWorker - [onConnected,639] - [d8ca8999-31d6-41a1-8d73-819a4a34c6ba_config-0] Connected,notify listen context...
22:32:57.395 [main] INFO  c.a.n.c.r.client - [printIfInfoEnabled,63] - [d8ca8999-31d6-41a1-8d73-819a4a34c6ba_config-0] Register server push request handler:com.alibaba.nacos.common.remote.client.RpcClient$$Lambda$595/0x000001803b4f3c38
22:32:57.434 [main] INFO  c.a.n.c.c.i.Limiter - [<clinit>,62] - limitTime:5.0
22:32:57.465 [main] INFO  c.a.n.c.c.u.JvmUtil - [<clinit>,54] - isMultiInstance:false
22:32:57.471 [main] INFO  o.s.c.b.c.PropertySourceBootstrapConfiguration - [initialize,108] - Located property source: [BootstrapPropertySource {name='bootstrapProperties-oj-gateway-local.yaml,DEFAULT_GROUP'}, BootstrapPropertySource {name='bootstrapProperties-oj-gateway.yaml,DEFAULT_GROUP'}, BootstrapPropertySource {name='bootstrapProperties-oj-gateway,DEFAULT_GROUP'}]
22:32:57.475 [main] INFO  c.b.g.OjGatewayApplication - [logStartupProfileInfo,636] - The following 1 profile is active: "local"
22:32:57.891 [main] INFO  o.s.d.r.c.RepositoryConfigurationDelegate - [multipleStoresDetected,294] - Multiple Spring Data modules found, entering strict repository configuration mode
22:32:57.893 [main] INFO  o.s.d.r.c.RepositoryConfigurationDelegate - [registerRepositoriesIn,138] - Bootstrapping Spring Data Redis repositories in DEFAULT mode.
22:32:57.906 [main] INFO  o.s.d.r.c.RepositoryConfigurationDelegate - [registerRepositoriesIn,208] - Finished Spring Data repository scanning in 4 ms. Found 0 Redis repository interfaces.
22:32:58.039 [main] INFO  o.s.c.c.s.GenericScope - [setSerializationId,282] - BeanFactory id=9c68c92e-c3cd-39ae-97e4-fe197ae0db23
22:32:58.157 [main] INFO  o.s.c.s.PostProcessorRegistrationDelegate$BeanPostProcessorChecker - [postProcessAfterInitialization,409] - Bean 'org.springframework.cloud.client.loadbalancer.reactive.LoadBalancerBeanPostProcessorAutoConfiguration' of type [org.springframework.cloud.client.loadbalancer.reactive.LoadBalancerBeanPostProcessorAutoConfiguration] is not eligible for getting processed by all BeanPostProcessors (for example: not eligible for auto-proxying)
22:32:58.158 [main] INFO  o.s.c.s.PostProcessorRegistrationDelegate$BeanPostProcessorChecker - [postProcessAfterInitialization,409] - Bean 'org.springframework.cloud.client.loadbalancer.reactive.LoadBalancerBeanPostProcessorAutoConfiguration$ReactorDeferringLoadBalancerFilterConfig' of type [org.springframework.cloud.client.loadbalancer.reactive.LoadBalancerBeanPostProcessorAutoConfiguration$ReactorDeferringLoadBalancerFilterConfig] is not eligible for getting processed by all BeanPostProcessors (for example: not eligible for auto-proxying)
22:32:58.159 [main] INFO  o.s.c.s.PostProcessorRegistrationDelegate$BeanPostProcessorChecker - [postProcessAfterInitialization,409] - Bean 'reactorDeferringLoadBalancerExchangeFilterFunction' of type [org.springframework.cloud.client.loadbalancer.reactive.DeferringLoadBalancerExchangeFilterFunction] is not eligible for getting processed by all BeanPostProcessors (for example: not eligible for auto-proxying)
22:32:59.268 [main] INFO  o.s.c.g.r.RouteDefinitionRouteLocator - [lambda$initFactories$1,88] - Loaded RoutePredicateFactory [After]
22:32:59.268 [main] INFO  o.s.c.g.r.RouteDefinitionRouteLocator - [lambda$initFactories$1,88] - Loaded RoutePredicateFactory [Before]
22:32:59.268 [main] INFO  o.s.c.g.r.RouteDefinitionRouteLocator - [lambda$initFactories$1,88] - Loaded RoutePredicateFactory [Between]
22:32:59.268 [main] INFO  o.s.c.g.r.RouteDefinitionRouteLocator - [lambda$initFactories$1,88] - Loaded RoutePredicateFactory [Cookie]
22:32:59.268 [main] INFO  o.s.c.g.r.RouteDefinitionRouteLocator - [lambda$initFactories$1,88] - Loaded RoutePredicateFactory [Header]
22:32:59.268 [main] INFO  o.s.c.g.r.RouteDefinitionRouteLocator - [lambda$initFactories$1,88] - Loaded RoutePredicateFactory [Host]
22:32:59.268 [main] INFO  o.s.c.g.r.RouteDefinitionRouteLocator - [lambda$initFactories$1,88] - Loaded RoutePredicateFactory [Method]
22:32:59.268 [main] INFO  o.s.c.g.r.RouteDefinitionRouteLocator - [lambda$initFactories$1,88] - Loaded RoutePredicateFactory [Path]
22:32:59.268 [main] INFO  o.s.c.g.r.RouteDefinitionRouteLocator - [lambda$initFactories$1,88] - Loaded RoutePredicateFactory [Query]
22:32:59.268 [main] INFO  o.s.c.g.r.RouteDefinitionRouteLocator - [lambda$initFactories$1,88] - Loaded RoutePredicateFactory [ReadBody]
22:32:59.268 [main] INFO  o.s.c.g.r.RouteDefinitionRouteLocator - [lambda$initFactories$1,88] - Loaded RoutePredicateFactory [RemoteAddr]
22:32:59.269 [main] INFO  o.s.c.g.r.RouteDefinitionRouteLocator - [lambda$initFactories$1,88] - Loaded RoutePredicateFactory [XForwardedRemoteAddr]
22:32:59.269 [main] INFO  o.s.c.g.r.RouteDefinitionRouteLocator - [lambda$initFactories$1,88] - Loaded RoutePredicateFactory [Weight]
22:32:59.269 [main] INFO  o.s.c.g.r.RouteDefinitionRouteLocator - [lambda$initFactories$1,88] - Loaded RoutePredicateFactory [CloudFoundryRouteService]
22:32:59.560 [main] INFO  o.s.b.a.l.ConditionEvaluationReportLogger - [logMessage,82] - 

Error starting ApplicationContext. To display the condition evaluation report re-run your application with 'debug' enabled.
22:34:45.584 [background-preinit] INFO  o.h.v.i.util.Version - [<clinit>,21] - HV000001: Hibernate Validator 8.0.0.Final
22:34:45.807 [main] INFO  c.a.n.c.u.ParamUtil - [<clinit>,87] - [settings] [req-serv] nacos-server port:8848
22:34:45.808 [main] INFO  c.a.n.c.u.ParamUtil - [<clinit>,98] - [settings] [http-client] connect timeout:1000
22:34:45.808 [main] INFO  c.a.n.c.u.ParamUtil - [<clinit>,105] - PER_TASK_CONFIG_SIZE: 3000.0
22:34:45.829 [main] INFO  c.a.n.p.a.s.c.ClientAuthPluginManager - [init,56] - [ClientAuthPluginManager] Load ClientAuthService com.alibaba.nacos.client.auth.impl.NacosClientAuthServiceImpl success.
22:34:45.829 [main] INFO  c.a.n.p.a.s.c.ClientAuthPluginManager - [init,56] - [ClientAuthPluginManager] Load ClientAuthService com.alibaba.nacos.client.auth.ram.RamClientAuthServiceImpl success.
22:34:45.831 [main] INFO  c.a.n.c.a.r.i.CredentialWatcher - [loadCredential,165] - null No credential found
22:34:46.053 [main] INFO  c.a.n.c.c.i.LocalConfigInfoProcessor - [<clinit>,63] - LOCAL_SNAPSHOT_PATH:C:\Users\45\nacos\config
22:34:46.056 [main] INFO  c.a.n.c.r.client - [lambda$createClient$0,108] - [RpcClientFactory] create a new rpc client of 64bd2069-a62a-4d0b-9ea6-72d5b4208753_config-0
22:34:46.071 [main] INFO  c.a.n.c.r.client - [printIfInfoEnabled,63] - [64bd2069-a62a-4d0b-9ea6-72d5b4208753_config-0] Register server push request handler:com.alibaba.nacos.client.config.impl.ClientWorker$ConfigRpcTransportClient$$Lambda$574/0x000002ba4b36c068
22:34:46.072 [main] INFO  c.a.n.c.r.client - [printIfInfoEnabled,63] - [64bd2069-a62a-4d0b-9ea6-72d5b4208753_config-0] Register server push request handler:com.alibaba.nacos.client.config.impl.ClientWorker$ConfigRpcTransportClient$$Lambda$575/0x000002ba4b36c488
22:34:46.072 [main] INFO  c.a.n.c.r.client - [printIfInfoEnabled,63] - [64bd2069-a62a-4d0b-9ea6-72d5b4208753_config-0] Registry connection listener to current client:com.alibaba.nacos.client.config.impl.ClientWorker$ConfigRpcTransportClient$1
22:34:46.072 [main] INFO  c.a.n.c.r.client - [printIfInfoEnabled,63] - [64bd2069-a62a-4d0b-9ea6-72d5b4208753_config-0] RpcClient init, ServerListFactory = com.alibaba.nacos.client.config.impl.ClientWorker$ConfigRpcTransportClient$2
22:34:46.083 [main] INFO  c.a.n.c.r.client - [printIfInfoEnabled,63] - [64bd2069-a62a-4d0b-9ea6-72d5b4208753_config-0] Try to connect to server on start up, server: {serverIp = 'localhost', server main port = 8848}
22:34:46.111 [main] INFO  c.a.n.c.r.c.g.GrpcClient - [createNewManagedChannel,182] - grpc client connection server:localhost ip,serverPort:9848,grpcTslConfig:{"sslProvider":"OPENSSL","enableTls":false,"mutualAuthEnable":false,"trustAll":false}
22:34:46.850 [main] INFO  c.a.n.c.r.client - [printIfInfoEnabled,63] - [64bd2069-a62a-4d0b-9ea6-72d5b4208753_config-0] Success to connect to server [localhost:8848] on start up, connectionId = 1777646086675_172.17.0.1_59646
22:34:46.851 [com.alibaba.nacos.client.remote.worker] INFO  c.a.n.c.r.client - [printIfInfoEnabled,63] - [64bd2069-a62a-4d0b-9ea6-72d5b4208753_config-0] Notify connected event to listeners.
22:34:46.852 [main] INFO  c.a.n.c.r.client - [printIfInfoEnabled,63] - [64bd2069-a62a-4d0b-9ea6-72d5b4208753_config-0] Register server push request handler:com.alibaba.nacos.common.remote.client.RpcClient$ConnectResetRequestHandler
22:34:46.852 [com.alibaba.nacos.client.remote.worker] INFO  c.a.n.c.c.i.ClientWorker - [onConnected,639] - [64bd2069-a62a-4d0b-9ea6-72d5b4208753_config-0] Connected,notify listen context...
22:34:46.852 [main] INFO  c.a.n.c.r.client - [printIfInfoEnabled,63] - [64bd2069-a62a-4d0b-9ea6-72d5b4208753_config-0] Register server push request handler:com.alibaba.nacos.common.remote.client.RpcClient$$Lambda$595/0x000002ba4b4f3780
22:34:46.885 [main] INFO  c.a.n.c.c.i.Limiter - [<clinit>,62] - limitTime:5.0
22:34:46.914 [main] INFO  c.a.n.c.c.u.JvmUtil - [<clinit>,54] - isMultiInstance:false
22:34:46.921 [main] INFO  o.s.c.b.c.PropertySourceBootstrapConfiguration - [initialize,108] - Located property source: [BootstrapPropertySource {name='bootstrapProperties-oj-gateway-local.yaml,DEFAULT_GROUP'}, BootstrapPropertySource {name='bootstrapProperties-oj-gateway.yaml,DEFAULT_GROUP'}, BootstrapPropertySource {name='bootstrapProperties-oj-gateway,DEFAULT_GROUP'}]
22:34:46.925 [main] INFO  c.b.g.OjGatewayApplication - [logStartupProfileInfo,636] - The following 1 profile is active: "local"
22:34:47.306 [main] INFO  o.s.d.r.c.RepositoryConfigurationDelegate - [multipleStoresDetected,294] - Multiple Spring Data modules found, entering strict repository configuration mode
22:34:47.308 [main] INFO  o.s.d.r.c.RepositoryConfigurationDelegate - [registerRepositoriesIn,138] - Bootstrapping Spring Data Redis repositories in DEFAULT mode.
22:34:47.323 [main] INFO  o.s.d.r.c.RepositoryConfigurationDelegate - [registerRepositoriesIn,208] - Finished Spring Data repository scanning in 4 ms. Found 0 Redis repository interfaces.
22:34:47.454 [main] INFO  o.s.c.c.s.GenericScope - [setSerializationId,282] - BeanFactory id=9c68c92e-c3cd-39ae-97e4-fe197ae0db23
22:34:47.548 [main] INFO  o.s.c.s.PostProcessorRegistrationDelegate$BeanPostProcessorChecker - [postProcessAfterInitialization,409] - Bean 'org.springframework.cloud.client.loadbalancer.reactive.LoadBalancerBeanPostProcessorAutoConfiguration' of type [org.springframework.cloud.client.loadbalancer.reactive.LoadBalancerBeanPostProcessorAutoConfiguration] is not eligible for getting processed by all BeanPostProcessors (for example: not eligible for auto-proxying)
22:34:47.549 [main] INFO  o.s.c.s.PostProcessorRegistrationDelegate$BeanPostProcessorChecker - [postProcessAfterInitialization,409] - Bean 'org.springframework.cloud.client.loadbalancer.reactive.LoadBalancerBeanPostProcessorAutoConfiguration$ReactorDeferringLoadBalancerFilterConfig' of type [org.springframework.cloud.client.loadbalancer.reactive.LoadBalancerBeanPostProcessorAutoConfiguration$ReactorDeferringLoadBalancerFilterConfig] is not eligible for getting processed by all BeanPostProcessors (for example: not eligible for auto-proxying)
22:34:47.551 [main] INFO  o.s.c.s.PostProcessorRegistrationDelegate$BeanPostProcessorChecker - [postProcessAfterInitialization,409] - Bean 'reactorDeferringLoadBalancerExchangeFilterFunction' of type [org.springframework.cloud.client.loadbalancer.reactive.DeferringLoadBalancerExchangeFilterFunction] is not eligible for getting processed by all BeanPostProcessors (for example: not eligible for auto-proxying)
22:34:48.462 [main] INFO  o.s.c.g.r.RouteDefinitionRouteLocator - [lambda$initFactories$1,88] - Loaded RoutePredicateFactory [After]
22:34:48.463 [main] INFO  o.s.c.g.r.RouteDefinitionRouteLocator - [lambda$initFactories$1,88] - Loaded RoutePredicateFactory [Before]
22:34:48.463 [main] INFO  o.s.c.g.r.RouteDefinitionRouteLocator - [lambda$initFactories$1,88] - Loaded RoutePredicateFactory [Between]
22:34:48.463 [main] INFO  o.s.c.g.r.RouteDefinitionRouteLocator - [lambda$initFactories$1,88] - Loaded RoutePredicateFactory [Cookie]
22:34:48.463 [main] INFO  o.s.c.g.r.RouteDefinitionRouteLocator - [lambda$initFactories$1,88] - Loaded RoutePredicateFactory [Header]
22:34:48.463 [main] INFO  o.s.c.g.r.RouteDefinitionRouteLocator - [lambda$initFactories$1,88] - Loaded RoutePredicateFactory [Host]
22:34:48.463 [main] INFO  o.s.c.g.r.RouteDefinitionRouteLocator - [lambda$initFactories$1,88] - Loaded RoutePredicateFactory [Method]
22:34:48.463 [main] INFO  o.s.c.g.r.RouteDefinitionRouteLocator - [lambda$initFactories$1,88] - Loaded RoutePredicateFactory [Path]
22:34:48.463 [main] INFO  o.s.c.g.r.RouteDefinitionRouteLocator - [lambda$initFactories$1,88] - Loaded RoutePredicateFactory [Query]
22:34:48.463 [main] INFO  o.s.c.g.r.RouteDefinitionRouteLocator - [lambda$initFactories$1,88] - Loaded RoutePredicateFactory [ReadBody]
22:34:48.463 [main] INFO  o.s.c.g.r.RouteDefinitionRouteLocator - [lambda$initFactories$1,88] - Loaded RoutePredicateFactory [RemoteAddr]
22:34:48.463 [main] INFO  o.s.c.g.r.RouteDefinitionRouteLocator - [lambda$initFactories$1,88] - Loaded RoutePredicateFactory [XForwardedRemoteAddr]
22:34:48.464 [main] INFO  o.s.c.g.r.RouteDefinitionRouteLocator - [lambda$initFactories$1,88] - Loaded RoutePredicateFactory [Weight]
22:34:48.464 [main] INFO  o.s.c.g.r.RouteDefinitionRouteLocator - [lambda$initFactories$1,88] - Loaded RoutePredicateFactory [CloudFoundryRouteService]
22:34:48.728 [main] INFO  o.s.b.a.l.ConditionEvaluationReportLogger - [logMessage,82] - 

Error starting ApplicationContext. To display the condition evaluation report re-run your application with 'debug' enabled.
22:35:57.683 [background-preinit] INFO  o.h.v.i.util.Version - [<clinit>,21] - HV000001: Hibernate Validator 8.0.0.Final
22:35:57.899 [main] INFO  c.a.n.c.u.ParamUtil - [<clinit>,87] - [settings] [req-serv] nacos-server port:8848
22:35:57.899 [main] INFO  c.a.n.c.u.ParamUtil - [<clinit>,98] - [settings] [http-client] connect timeout:1000
22:35:57.900 [main] INFO  c.a.n.c.u.ParamUtil - [<clinit>,105] - PER_TASK_CONFIG_SIZE: 3000.0
22:35:57.921 [main] INFO  c.a.n.p.a.s.c.ClientAuthPluginManager - [init,56] - [ClientAuthPluginManager] Load ClientAuthService com.alibaba.nacos.client.auth.impl.NacosClientAuthServiceImpl success.
22:35:57.921 [main] INFO  c.a.n.p.a.s.c.ClientAuthPluginManager - [init,56] - [ClientAuthPluginManager] Load ClientAuthService com.alibaba.nacos.client.auth.ram.RamClientAuthServiceImpl success.
22:35:57.923 [main] INFO  c.a.n.c.a.r.i.CredentialWatcher - [loadCredential,165] - null No credential found
22:35:58.143 [main] INFO  c.a.n.c.c.i.LocalConfigInfoProcessor - [<clinit>,63] - LOCAL_SNAPSHOT_PATH:C:\Users\45\nacos\config
22:35:58.146 [main] INFO  c.a.n.c.r.client - [lambda$createClient$0,108] - [RpcClientFactory] create a new rpc client of 0137d72d-567a-48ec-ba15-4b68f3b88d61_config-0
22:35:58.157 [main] INFO  c.a.n.c.r.client - [printIfInfoEnabled,63] - [0137d72d-567a-48ec-ba15-4b68f3b88d61_config-0] Register server push request handler:com.alibaba.nacos.client.config.impl.ClientWorker$ConfigRpcTransportClient$$Lambda$574/0x0000029d5736be10
22:35:58.158 [main] INFO  c.a.n.c.r.client - [printIfInfoEnabled,63] - [0137d72d-567a-48ec-ba15-4b68f3b88d61_config-0] Register server push request handler:com.alibaba.nacos.client.config.impl.ClientWorker$ConfigRpcTransportClient$$Lambda$575/0x0000029d5736c230
22:35:58.158 [main] INFO  c.a.n.c.r.client - [printIfInfoEnabled,63] - [0137d72d-567a-48ec-ba15-4b68f3b88d61_config-0] Registry connection listener to current client:com.alibaba.nacos.client.config.impl.ClientWorker$ConfigRpcTransportClient$1
22:35:58.159 [main] INFO  c.a.n.c.r.client - [printIfInfoEnabled,63] - [0137d72d-567a-48ec-ba15-4b68f3b88d61_config-0] RpcClient init, ServerListFactory = com.alibaba.nacos.client.config.impl.ClientWorker$ConfigRpcTransportClient$2
22:35:58.165 [main] INFO  c.a.n.c.r.client - [printIfInfoEnabled,63] - [0137d72d-567a-48ec-ba15-4b68f3b88d61_config-0] Try to connect to server on start up, server: {serverIp = 'localhost', server main port = 8848}
22:35:58.188 [main] INFO  c.a.n.c.r.c.g.GrpcClient - [createNewManagedChannel,182] - grpc client connection server:localhost ip,serverPort:9848,grpcTslConfig:{"sslProvider":"OPENSSL","enableTls":false,"mutualAuthEnable":false,"trustAll":false}
22:35:58.905 [main] INFO  c.a.n.c.r.client - [printIfInfoEnabled,63] - [0137d72d-567a-48ec-ba15-4b68f3b88d61_config-0] Success to connect to server [localhost:8848] on start up, connectionId = 1777646158722_172.17.0.1_53184
22:35:58.906 [com.alibaba.nacos.client.remote.worker] INFO  c.a.n.c.r.client - [printIfInfoEnabled,63] - [0137d72d-567a-48ec-ba15-4b68f3b88d61_config-0] Notify connected event to listeners.
22:35:58.906 [com.alibaba.nacos.client.remote.worker] INFO  c.a.n.c.c.i.ClientWorker - [onConnected,639] - [0137d72d-567a-48ec-ba15-4b68f3b88d61_config-0] Connected,notify listen context...
22:35:58.906 [main] INFO  c.a.n.c.r.client - [printIfInfoEnabled,63] - [0137d72d-567a-48ec-ba15-4b68f3b88d61_config-0] Register server push request handler:com.alibaba.nacos.common.remote.client.RpcClient$ConnectResetRequestHandler
22:35:58.907 [main] INFO  c.a.n.c.r.client - [printIfInfoEnabled,63] - [0137d72d-567a-48ec-ba15-4b68f3b88d61_config-0] Register server push request handler:com.alibaba.nacos.common.remote.client.RpcClient$$Lambda$595/0x0000029d574f3578
22:35:58.932 [main] INFO  c.a.n.c.c.i.Limiter - [<clinit>,62] - limitTime:5.0
22:35:58.960 [main] INFO  c.a.n.c.c.u.JvmUtil - [<clinit>,54] - isMultiInstance:false
22:35:58.966 [main] INFO  o.s.c.b.c.PropertySourceBootstrapConfiguration - [initialize,108] - Located property source: [BootstrapPropertySource {name='bootstrapProperties-oj-gateway-local.yaml,DEFAULT_GROUP'}, BootstrapPropertySource {name='bootstrapProperties-oj-gateway.yaml,DEFAULT_GROUP'}, BootstrapPropertySource {name='bootstrapProperties-oj-gateway,DEFAULT_GROUP'}]
22:35:58.970 [main] INFO  c.b.g.OjGatewayApplication - [logStartupProfileInfo,636] - The following 1 profile is active: "local"
22:35:59.315 [main] INFO  o.s.d.r.c.RepositoryConfigurationDelegate - [multipleStoresDetected,294] - Multiple Spring Data modules found, entering strict repository configuration mode
22:35:59.317 [main] INFO  o.s.d.r.c.RepositoryConfigurationDelegate - [registerRepositoriesIn,138] - Bootstrapping Spring Data Redis repositories in DEFAULT mode.
22:35:59.334 [main] INFO  o.s.d.r.c.RepositoryConfigurationDelegate - [registerRepositoriesIn,208] - Finished Spring Data repository scanning in 5 ms. Found 0 Redis repository interfaces.
22:35:59.451 [main] INFO  o.s.c.c.s.GenericScope - [setSerializationId,282] - BeanFactory id=30e7f020-ab66-3c24-93d3-50353be91f22
22:35:59.476 [main] INFO  o.s.c.s.PostProcessorRegistrationDelegate$BeanPostProcessorChecker - [postProcessAfterInitialization,409] - Bean 'org.springframework.cloud.client.loadbalancer.reactive.LoadBalancerBeanPostProcessorAutoConfiguration' of type [org.springframework.cloud.client.loadbalancer.reactive.LoadBalancerBeanPostProcessorAutoConfiguration] is not eligible for getting processed by all BeanPostProcessors (for example: not eligible for auto-proxying)
22:35:59.477 [main] INFO  o.s.c.s.PostProcessorRegistrationDelegate$BeanPostProcessorChecker - [postProcessAfterInitialization,409] - Bean 'org.springframework.cloud.client.loadbalancer.reactive.LoadBalancerBeanPostProcessorAutoConfiguration$ReactorDeferringLoadBalancerFilterConfig' of type [org.springframework.cloud.client.loadbalancer.reactive.LoadBalancerBeanPostProcessorAutoConfiguration$ReactorDeferringLoadBalancerFilterConfig] is not eligible for getting processed by all BeanPostProcessors (for example: not eligible for auto-proxying)
22:35:59.477 [main] INFO  o.s.c.s.PostProcessorRegistrationDelegate$BeanPostProcessorChecker - [postProcessAfterInitialization,409] - Bean 'reactorDeferringLoadBalancerExchangeFilterFunction' of type [org.springframework.cloud.client.loadbalancer.reactive.DeferringLoadBalancerExchangeFilterFunction] is not eligible for getting processed by all BeanPostProcessors (for example: not eligible for auto-proxying)
22:36:00.441 [main] INFO  o.s.c.g.r.RouteDefinitionRouteLocator - [lambda$initFactories$1,88] - Loaded RoutePredicateFactory [After]
22:36:00.442 [main] INFO  o.s.c.g.r.RouteDefinitionRouteLocator - [lambda$initFactories$1,88] - Loaded RoutePredicateFactory [Before]
22:36:00.442 [main] INFO  o.s.c.g.r.RouteDefinitionRouteLocator - [lambda$initFactories$1,88] - Loaded RoutePredicateFactory [Between]
22:36:00.442 [main] INFO  o.s.c.g.r.RouteDefinitionRouteLocator - [lambda$initFactories$1,88] - Loaded RoutePredicateFactory [Cookie]
22:36:00.442 [main] INFO  o.s.c.g.r.RouteDefinitionRouteLocator - [lambda$initFactories$1,88] - Loaded RoutePredicateFactory [Header]
22:36:00.442 [main] INFO  o.s.c.g.r.RouteDefinitionRouteLocator - [lambda$initFactories$1,88] - Loaded RoutePredicateFactory [Host]
22:36:00.442 [main] INFO  o.s.c.g.r.RouteDefinitionRouteLocator - [lambda$initFactories$1,88] - Loaded RoutePredicateFactory [Method]
22:36:00.442 [main] INFO  o.s.c.g.r.RouteDefinitionRouteLocator - [lambda$initFactories$1,88] - Loaded RoutePredicateFactory [Path]
22:36:00.442 [main] INFO  o.s.c.g.r.RouteDefinitionRouteLocator - [lambda$initFactories$1,88] - Loaded RoutePredicateFactory [Query]
22:36:00.442 [main] INFO  o.s.c.g.r.RouteDefinitionRouteLocator - [lambda$initFactories$1,88] - Loaded RoutePredicateFactory [ReadBody]
22:36:00.442 [main] INFO  o.s.c.g.r.RouteDefinitionRouteLocator - [lambda$initFactories$1,88] - Loaded RoutePredicateFactory [RemoteAddr]
22:36:00.442 [main] INFO  o.s.c.g.r.RouteDefinitionRouteLocator - [lambda$initFactories$1,88] - Loaded RoutePredicateFactory [XForwardedRemoteAddr]
22:36:00.443 [main] INFO  o.s.c.g.r.RouteDefinitionRouteLocator - [lambda$initFactories$1,88] - Loaded RoutePredicateFactory [Weight]
22:36:00.443 [main] INFO  o.s.c.g.r.RouteDefinitionRouteLocator - [lambda$initFactories$1,88] - Loaded RoutePredicateFactory [CloudFoundryRouteService]
22:36:00.889 [main] INFO  o.s.b.w.e.n.NettyWebServer - [start,111] - Netty started on port 19090
22:36:01.153 [main] INFO  c.a.n.client.naming - [initNamespaceForNaming,62] - initializer namespace from ans.namespace attribute : null
22:36:01.153 [main] INFO  c.a.n.client.naming - [lambda$initNamespaceForNaming$0,66] - initializer namespace from ALIBABA_ALIWARE_NAMESPACE attribute :null
22:36:01.153 [main] INFO  c.a.n.client.naming - [lambda$initNamespaceForNaming$1,73] - initializer namespace from namespace attribute :null
22:36:01.159 [main] INFO  c.a.n.p.a.s.c.ClientAuthPluginManager - [init,56] - [ClientAuthPluginManager] Load ClientAuthService com.alibaba.nacos.client.auth.impl.NacosClientAuthServiceImpl success.
22:36:01.159 [main] INFO  c.a.n.p.a.s.c.ClientAuthPluginManager - [init,56] - [ClientAuthPluginManager] Load ClientAuthService com.alibaba.nacos.client.auth.ram.RamClientAuthServiceImpl success.
22:36:01.163 [main] INFO  c.a.n.c.r.client - [lambda$createClient$0,108] - [RpcClientFactory] create a new rpc client of 8677a674-1e1a-42db-8c76-f45d8cf6c9a6
22:36:01.164 [main] INFO  c.a.n.c.r.client - [printIfInfoEnabled,63] - [8677a674-1e1a-42db-8c76-f45d8cf6c9a6] RpcClient init, ServerListFactory = com.alibaba.nacos.client.naming.core.ServerListManager
22:36:01.165 [main] INFO  c.a.n.c.r.client - [printIfInfoEnabled,63] - [8677a674-1e1a-42db-8c76-f45d8cf6c9a6] Registry connection listener to current client:com.alibaba.nacos.client.naming.remote.gprc.redo.NamingGrpcRedoService
22:36:01.165 [main] INFO  c.a.n.c.r.client - [printIfInfoEnabled,63] - [8677a674-1e1a-42db-8c76-f45d8cf6c9a6] Register server push request handler:com.alibaba.nacos.client.naming.remote.gprc.NamingPushRequestHandler
22:36:01.165 [main] INFO  c.a.n.c.r.client - [printIfInfoEnabled,63] - [8677a674-1e1a-42db-8c76-f45d8cf6c9a6] Try to connect to server on start up, server: {serverIp = 'localhost', server main port = 8848}
22:36:01.166 [main] INFO  c.a.n.c.r.c.g.GrpcClient - [createNewManagedChannel,182] - grpc client connection server:localhost ip,serverPort:9848,grpcTslConfig:{"sslProvider":"OPENSSL","enableTls":false,"mutualAuthEnable":false,"trustAll":false}
22:36:01.286 [main] INFO  c.a.n.c.r.client - [printIfInfoEnabled,63] - [8677a674-1e1a-42db-8c76-f45d8cf6c9a6] Success to connect to server [localhost:8848] on start up, connectionId = 1777646161170_172.17.0.1_53190
22:36:01.287 [main] INFO  c.a.n.c.r.client - [printIfInfoEnabled,63] - [8677a674-1e1a-42db-8c76-f45d8cf6c9a6] Register server push request handler:com.alibaba.nacos.common.remote.client.RpcClient$ConnectResetRequestHandler
22:36:01.287 [com.alibaba.nacos.client.remote.worker] INFO  c.a.n.c.r.client - [printIfInfoEnabled,63] - [8677a674-1e1a-42db-8c76-f45d8cf6c9a6] Notify connected event to listeners.
22:36:01.289 [com.alibaba.nacos.client.remote.worker] INFO  c.a.n.client.naming - [onConnected,78] - Grpc connection connect
22:36:01.288 [main] INFO  c.a.n.c.r.client - [printIfInfoEnabled,63] - [8677a674-1e1a-42db-8c76-f45d8cf6c9a6] Register server push request handler:com.alibaba.nacos.common.remote.client.RpcClient$$Lambda$595/0x0000029d574f3578
22:36:01.293 [main] INFO  c.a.n.client.naming - [registerService,121] - [REGISTER-SERVICE] 1b411097-df3c-4cac-a649-ba6b6b22fcd4 registering service oj-gateway with instance Instance{instanceId='null', ip='172.20.10.6', port=19090, weight=1.0, healthy=true, enabled=true, ephemeral=true, clusterName='DEFAULT', serviceName='null', metadata={IPv6=[2409:897a:3cd8:7c70:d2b9:c75e:f142:6eb6], preserved.register.source=SPRING_CLOUD}}
22:36:01.306 [main] INFO  c.a.c.n.r.NacosServiceRegistry - [register,76] - nacos registry, DEFAULT_GROUP oj-gateway 172.20.10.6:19090 register finished
22:36:01.348 [main] INFO  c.b.g.OjGatewayApplication - [logStarted,57] - Started OjGatewayApplication in 4.083 seconds (process running for 4.687)
22:36:01.351 [main] INFO  c.a.n.c.c.i.CacheData - [<clinit>,67] - nacos.cache.data.init.snapshot = true 
22:36:01.352 [main] INFO  c.a.n.c.c.i.ClientWorker - [addCacheDataIfAbsent,380] - [fixed-1b411097-df3c-4cac-a649-ba6b6b22fcd4-localhost_8848] [subscribe] oj-gateway-local.yaml+DEFAULT_GROUP+1b411097-df3c-4cac-a649-ba6b6b22fcd4
22:36:01.358 [main] INFO  c.a.n.c.c.i.CacheData - [addListener,197] - [fixed-1b411097-df3c-4cac-a649-ba6b6b22fcd4-localhost_8848] [add-listener] ok, tenant=1b411097-df3c-4cac-a649-ba6b6b22fcd4, dataId=oj-gateway-local.yaml, group=DEFAULT_GROUP, cnt=1
22:36:01.358 [main] INFO  c.a.c.n.r.NacosContextRefresher - [registerNacosListener,129] - [Nacos Config] Listening config: dataId=oj-gateway-local.yaml, group=DEFAULT_GROUP
22:36:01.358 [main] INFO  c.a.n.c.c.i.ClientWorker - [addCacheDataIfAbsent,380] - [fixed-1b411097-df3c-4cac-a649-ba6b6b22fcd4-localhost_8848] [subscribe] oj-gateway+DEFAULT_GROUP+1b411097-df3c-4cac-a649-ba6b6b22fcd4
22:36:01.358 [main] INFO  c.a.n.c.c.i.CacheData - [addListener,197] - [fixed-1b411097-df3c-4cac-a649-ba6b6b22fcd4-localhost_8848] [add-listener] ok, tenant=1b411097-df3c-4cac-a649-ba6b6b22fcd4, dataId=oj-gateway, group=DEFAULT_GROUP, cnt=1
22:36:01.358 [main] INFO  c.a.c.n.r.NacosContextRefresher - [registerNacosListener,129] - [Nacos Config] Listening config: dataId=oj-gateway, group=DEFAULT_GROUP
22:36:01.359 [main] INFO  c.a.n.c.c.i.ClientWorker - [addCacheDataIfAbsent,380] - [fixed-1b411097-df3c-4cac-a649-ba6b6b22fcd4-localhost_8848] [subscribe] oj-gateway.yaml+DEFAULT_GROUP+1b411097-df3c-4cac-a649-ba6b6b22fcd4
22:36:01.359 [main] INFO  c.a.n.c.c.i.CacheData - [addListener,197] - [fixed-1b411097-df3c-4cac-a649-ba6b6b22fcd4-localhost_8848] [add-listener] ok, tenant=1b411097-df3c-4cac-a649-ba6b6b22fcd4, dataId=oj-gateway.yaml, group=DEFAULT_GROUP, cnt=1
22:36:01.359 [main] INFO  c.a.c.n.r.NacosContextRefresher - [registerNacosListener,129] - [Nacos Config] Listening config: dataId=oj-gateway.yaml, group=DEFAULT_GROUP
22:43:09.511 [boundedElastic-1] INFO  c.a.n.client.naming - [subscribe,167] - [SUBSCRIBE-SERVICE] service:oj-system, group:DEFAULT_GROUP, clusters: 
22:43:09.531 [boundedElastic-1] INFO  c.a.n.client.naming - [isChangedServiceInfo,184] - init new ips(1) service: DEFAULT_GROUP@@oj-system -> [{"ip":"172.20.10.6","port":9201,"weight":1.0,"healthy":true,"enabled":true,"ephemeral":true,"clusterName":"DEFAULT","serviceName":"DEFAULT_GROUP@@oj-system","metadata":{"preserved.register.source":"SPRING_CLOUD","IPv6":"[2409:897a:3cd8:7c70:d2b9:c75e:f142:6eb6]"},"instanceHeartBeatTimeOut":15000,"instanceHeartBeatInterval":5000,"ipDeleteTimeout":30000}]
22:43:09.533 [boundedElastic-1] INFO  c.a.n.client.naming - [processServiceInfo,169] - current ips:(1) service: DEFAULT_GROUP@@oj-system -> [{"ip":"172.20.10.6","port":9201,"weight":1.0,"healthy":true,"enabled":true,"ephemeral":true,"clusterName":"DEFAULT","serviceName":"DEFAULT_GROUP@@oj-system","metadata":{"preserved.register.source":"SPRING_CLOUD","IPv6":"[2409:897a:3cd8:7c70:d2b9:c75e:f142:6eb6]"},"instanceHeartBeatTimeOut":15000,"instanceHeartBeatInterval":5000,"ipDeleteTimeout":30000}]
22:43:10.137 [nacos-grpc-client-executor-localhost-98] INFO  c.a.n.c.r.client - [printIfInfoEnabled,63] - [8677a674-1e1a-42db-8c76-f45d8cf6c9a6] Receive server push request, request = NotifySubscriberRequest, requestId = 1
22:43:10.137 [nacos-grpc-client-executor-localhost-98] INFO  c.a.n.c.r.client - [printIfInfoEnabled,63] - [8677a674-1e1a-42db-8c76-f45d8cf6c9a6] Ack server push request, request = NotifySubscriberRequest, requestId = 1
22:45:01.370 [nacos-grpc-client-executor-localhost-120] INFO  c.a.n.c.r.client - [printIfInfoEnabled,63] - [8677a674-1e1a-42db-8c76-f45d8cf6c9a6] Receive server push request, request = NotifySubscriberRequest, requestId = 2
22:45:01.372 [nacos-grpc-client-executor-localhost-120] INFO  c.a.n.client.naming - [isChangedServiceInfo,241] - removed ips(1) service: DEFAULT_GROUP@@oj-system -> [{"ip":"172.20.10.6","port":9201,"weight":1.0,"healthy":true,"enabled":true,"ephemeral":true,"clusterName":"DEFAULT","serviceName":"DEFAULT_GROUP@@oj-system","metadata":{"preserved.register.source":"SPRING_CLOUD","IPv6":"[2409:897a:3cd8:7c70:d2b9:c75e:f142:6eb6]"},"instanceHeartBeatTimeOut":15000,"instanceHeartBeatInterval":5000,"ipDeleteTimeout":30000}]
22:45:01.372 [nacos-grpc-client-executor-localhost-120] INFO  c.a.n.client.naming - [processServiceInfo,169] - current ips:(0) service: DEFAULT_GROUP@@oj-system -> []
22:45:01.373 [nacos-grpc-client-executor-localhost-120] INFO  c.a.n.c.r.client - [printIfInfoEnabled,63] - [8677a674-1e1a-42db-8c76-f45d8cf6c9a6] Ack server push request, request = NotifySubscriberRequest, requestId = 2
22:45:07.728 [nacos-grpc-client-executor-localhost-121] INFO  c.a.n.c.r.client - [printIfInfoEnabled,63] - [8677a674-1e1a-42db-8c76-f45d8cf6c9a6] Receive server push request, request = NotifySubscriberRequest, requestId = 3
22:45:07.737 [nacos-grpc-client-executor-localhost-121] INFO  c.a.n.client.naming - [isChangedServiceInfo,235] - new ips(1) service: DEFAULT_GROUP@@oj-system -> [{"ip":"172.20.10.6","port":9201,"weight":1.0,"healthy":true,"enabled":true,"ephemeral":true,"clusterName":"DEFAULT","serviceName":"DEFAULT_GROUP@@oj-system","metadata":{"preserved.register.source":"SPRING_CLOUD","IPv6":"[2409:897a:3cd8:7c70:d2b9:c75e:f142:6eb6]"},"instanceHeartBeatTimeOut":15000,"instanceHeartBeatInterval":5000,"ipDeleteTimeout":30000}]
22:45:07.737 [nacos-grpc-client-executor-localhost-121] INFO  c.a.n.client.naming - [processServiceInfo,169] - current ips:(1) service: DEFAULT_GROUP@@oj-system -> [{"ip":"172.20.10.6","port":9201,"weight":1.0,"healthy":true,"enabled":true,"ephemeral":true,"clusterName":"DEFAULT","serviceName":"DEFAULT_GROUP@@oj-system","metadata":{"preserved.register.source":"SPRING_CLOUD","IPv6":"[2409:897a:3cd8:7c70:d2b9:c75e:f142:6eb6]"},"instanceHeartBeatTimeOut":15000,"instanceHeartBeatInterval":5000,"ipDeleteTimeout":30000}]
22:45:07.738 [nacos-grpc-client-executor-localhost-121] INFO  c.a.n.c.r.client - [printIfInfoEnabled,63] - [8677a674-1e1a-42db-8c76-f45d8cf6c9a6] Ack server push request, request = NotifySubscriberRequest, requestId = 3
22:49:30.819 [nacos-grpc-client-executor-localhost-174] INFO  c.a.n.c.r.client - [printIfInfoEnabled,63] - [8677a674-1e1a-42db-8c76-f45d8cf6c9a6] Receive server push request, request = NotifySubscriberRequest, requestId = 4
22:49:30.820 [nacos-grpc-client-executor-localhost-174] INFO  c.a.n.client.naming - [isChangedServiceInfo,241] - removed ips(1) service: DEFAULT_GROUP@@oj-system -> [{"ip":"172.20.10.6","port":9201,"weight":1.0,"healthy":true,"enabled":true,"ephemeral":true,"clusterName":"DEFAULT","serviceName":"DEFAULT_GROUP@@oj-system","metadata":{"preserved.register.source":"SPRING_CLOUD","IPv6":"[2409:897a:3cd8:7c70:d2b9:c75e:f142:6eb6]"},"instanceHeartBeatTimeOut":15000,"instanceHeartBeatInterval":5000,"ipDeleteTimeout":30000}]
22:49:30.820 [nacos-grpc-client-executor-localhost-174] INFO  c.a.n.client.naming - [processServiceInfo,169] - current ips:(0) service: DEFAULT_GROUP@@oj-system -> []
22:49:30.821 [nacos-grpc-client-executor-localhost-174] INFO  c.a.n.c.r.client - [printIfInfoEnabled,63] - [8677a674-1e1a-42db-8c76-f45d8cf6c9a6] Ack server push request, request = NotifySubscriberRequest, requestId = 4
22:49:38.639 [nacos-grpc-client-executor-localhost-176] INFO  c.a.n.c.r.client - [printIfInfoEnabled,63] - [8677a674-1e1a-42db-8c76-f45d8cf6c9a6] Receive server push request, request = NotifySubscriberRequest, requestId = 5
22:49:38.639 [nacos-grpc-client-executor-localhost-176] INFO  c.a.n.client.naming - [isChangedServiceInfo,235] - new ips(1) service: DEFAULT_GROUP@@oj-system -> [{"ip":"172.20.10.6","port":9201,"weight":1.0,"healthy":true,"enabled":true,"ephemeral":true,"clusterName":"DEFAULT","serviceName":"DEFAULT_GROUP@@oj-system","metadata":{"preserved.register.source":"SPRING_CLOUD","IPv6":"[2409:897a:3cd8:7c70:d2b9:c75e:f142:6eb6]"},"instanceHeartBeatTimeOut":15000,"instanceHeartBeatInterval":5000,"ipDeleteTimeout":30000}]
22:49:38.640 [nacos-grpc-client-executor-localhost-176] INFO  c.a.n.client.naming - [processServiceInfo,169] - current ips:(1) service: DEFAULT_GROUP@@oj-system -> [{"ip":"172.20.10.6","port":9201,"weight":1.0,"healthy":true,"enabled":true,"ephemeral":true,"clusterName":"DEFAULT","serviceName":"DEFAULT_GROUP@@oj-system","metadata":{"preserved.register.source":"SPRING_CLOUD","IPv6":"[2409:897a:3cd8:7c70:d2b9:c75e:f142:6eb6]"},"instanceHeartBeatTimeOut":15000,"instanceHeartBeatInterval":5000,"ipDeleteTimeout":30000}]
22:49:38.640 [nacos-grpc-client-executor-localhost-176] INFO  c.a.n.c.r.client - [printIfInfoEnabled,63] - [8677a674-1e1a-42db-8c76-f45d8cf6c9a6] Ack server push request, request = NotifySubscriberRequest, requestId = 5
22:52:02.306 [nacos-grpc-client-executor-localhost-205] INFO  c.a.n.c.r.client - [printIfInfoEnabled,63] - [8677a674-1e1a-42db-8c76-f45d8cf6c9a6] Receive server push request, request = NotifySubscriberRequest, requestId = 6
22:52:02.307 [nacos-grpc-client-executor-localhost-205] INFO  c.a.n.client.naming - [isChangedServiceInfo,241] - removed ips(1) service: DEFAULT_GROUP@@oj-system -> [{"ip":"172.20.10.6","port":9201,"weight":1.0,"healthy":true,"enabled":true,"ephemeral":true,"clusterName":"DEFAULT","serviceName":"DEFAULT_GROUP@@oj-system","metadata":{"preserved.register.source":"SPRING_CLOUD","IPv6":"[2409:897a:3cd8:7c70:d2b9:c75e:f142:6eb6]"},"instanceHeartBeatTimeOut":15000,"instanceHeartBeatInterval":5000,"ipDeleteTimeout":30000}]
22:52:02.307 [nacos-grpc-client-executor-localhost-205] INFO  c.a.n.client.naming - [processServiceInfo,169] - current ips:(0) service: DEFAULT_GROUP@@oj-system -> []
22:52:02.309 [nacos-grpc-client-executor-localhost-205] INFO  c.a.n.c.r.client - [printIfInfoEnabled,63] - [8677a674-1e1a-42db-8c76-f45d8cf6c9a6] Ack server push request, request = NotifySubscriberRequest, requestId = 6
22:52:12.417 [nacos-grpc-client-executor-localhost-207] INFO  c.a.n.c.r.client - [printIfInfoEnabled,63] - [8677a674-1e1a-42db-8c76-f45d8cf6c9a6] Receive server push request, request = NotifySubscriberRequest, requestId = 7
22:52:12.418 [nacos-grpc-client-executor-localhost-207] INFO  c.a.n.client.naming - [isChangedServiceInfo,235] - new ips(1) service: DEFAULT_GROUP@@oj-system -> [{"ip":"172.20.10.6","port":9201,"weight":1.0,"healthy":true,"enabled":true,"ephemeral":true,"clusterName":"DEFAULT","serviceName":"DEFAULT_GROUP@@oj-system","metadata":{"preserved.register.source":"SPRING_CLOUD","IPv6":"[2409:897a:3cd8:7c70:d2b9:c75e:f142:6eb6]"},"instanceHeartBeatTimeOut":15000,"instanceHeartBeatInterval":5000,"ipDeleteTimeout":30000}]
22:52:12.420 [nacos-grpc-client-executor-localhost-207] INFO  c.a.n.client.naming - [processServiceInfo,169] - current ips:(1) service: DEFAULT_GROUP@@oj-system -> [{"ip":"172.20.10.6","port":9201,"weight":1.0,"healthy":true,"enabled":true,"ephemeral":true,"clusterName":"DEFAULT","serviceName":"DEFAULT_GROUP@@oj-system","metadata":{"preserved.register.source":"SPRING_CLOUD","IPv6":"[2409:897a:3cd8:7c70:d2b9:c75e:f142:6eb6]"},"instanceHeartBeatTimeOut":15000,"instanceHeartBeatInterval":5000,"ipDeleteTimeout":30000}]
22:52:12.422 [nacos-grpc-client-executor-localhost-207] INFO  c.a.n.c.r.client - [printIfInfoEnabled,63] - [8677a674-1e1a-42db-8c76-f45d8cf6c9a6] Ack server push request, request = NotifySubscriberRequest, requestId = 7
17:22:01.457 [nacos-grpc-client-executor-localhost-5717] INFO  c.a.n.c.r.client - [printIfInfoEnabled,63] - [8677a674-1e1a-42db-8c76-f45d8cf6c9a6] Receive server push request, request = NotifySubscriberRequest, requestId = 8
17:22:01.477 [nacos-grpc-client-executor-localhost-5717] INFO  c.a.n.client.naming - [isChangedServiceInfo,241] - removed ips(1) service: DEFAULT_GROUP@@oj-system -> [{"ip":"172.20.10.6","port":9201,"weight":1.0,"healthy":true,"enabled":true,"ephemeral":true,"clusterName":"DEFAULT","serviceName":"DEFAULT_GROUP@@oj-system","metadata":{"preserved.register.source":"SPRING_CLOUD","IPv6":"[2409:897a:3cd8:7c70:d2b9:c75e:f142:6eb6]"},"instanceHeartBeatTimeOut":15000,"instanceHeartBeatInterval":5000,"ipDeleteTimeout":30000}]
17:22:01.477 [nacos-grpc-client-executor-localhost-5717] INFO  c.a.n.client.naming - [processServiceInfo,169] - current ips:(0) service: DEFAULT_GROUP@@oj-system -> []
17:22:01.479 [nacos-grpc-client-executor-localhost-5717] INFO  c.a.n.c.r.client - [printIfInfoEnabled,63] - [8677a674-1e1a-42db-8c76-f45d8cf6c9a6] Ack server push request, request = NotifySubscriberRequest, requestId = 8
17:22:10.833 [nacos-grpc-client-executor-localhost-5719] INFO  c.a.n.c.r.client - [printIfInfoEnabled,63] - [8677a674-1e1a-42db-8c76-f45d8cf6c9a6] Receive server push request, request = NotifySubscriberRequest, requestId = 9
17:22:10.833 [nacos-grpc-client-executor-localhost-5719] INFO  c.a.n.client.naming - [isChangedServiceInfo,235] - new ips(1) service: DEFAULT_GROUP@@oj-system -> [{"ip":"172.20.10.6","port":9201,"weight":1.0,"healthy":true,"enabled":true,"ephemeral":true,"clusterName":"DEFAULT","serviceName":"DEFAULT_GROUP@@oj-system","metadata":{"preserved.register.source":"SPRING_CLOUD","IPv6":"[2409:897a:3d70:458f:4c5f:854a:1e61:1f44]"},"instanceHeartBeatTimeOut":15000,"instanceHeartBeatInterval":5000,"ipDeleteTimeout":30000}]
17:22:10.833 [nacos-grpc-client-executor-localhost-5719] INFO  c.a.n.client.naming - [processServiceInfo,169] - current ips:(1) service: DEFAULT_GROUP@@oj-system -> [{"ip":"172.20.10.6","port":9201,"weight":1.0,"healthy":true,"enabled":true,"ephemeral":true,"clusterName":"DEFAULT","serviceName":"DEFAULT_GROUP@@oj-system","metadata":{"preserved.register.source":"SPRING_CLOUD","IPv6":"[2409:897a:3d70:458f:4c5f:854a:1e61:1f44]"},"instanceHeartBeatTimeOut":15000,"instanceHeartBeatInterval":5000,"ipDeleteTimeout":30000}]
17:22:10.833 [nacos-grpc-client-executor-localhost-5719] INFO  c.a.n.c.r.client - [printIfInfoEnabled,63] - [8677a674-1e1a-42db-8c76-f45d8cf6c9a6] Ack server push request, request = NotifySubscriberRequest, requestId = 9
17:22:16.896 [nacos-grpc-client-executor-localhost-5720] INFO  c.a.n.c.r.client - [printIfInfoEnabled,63] - [8677a674-1e1a-42db-8c76-f45d8cf6c9a6] Receive server push request, request = NotifySubscriberRequest, requestId = 10
17:22:16.897 [nacos-grpc-client-executor-localhost-5720] INFO  c.a.n.client.naming - [isChangedServiceInfo,241] - removed ips(1) service: DEFAULT_GROUP@@oj-system -> [{"ip":"172.20.10.6","port":9201,"weight":1.0,"healthy":true,"enabled":true,"ephemeral":true,"clusterName":"DEFAULT","serviceName":"DEFAULT_GROUP@@oj-system","metadata":{"preserved.register.source":"SPRING_CLOUD","IPv6":"[2409:897a:3d70:458f:4c5f:854a:1e61:1f44]"},"instanceHeartBeatTimeOut":15000,"instanceHeartBeatInterval":5000,"ipDeleteTimeout":30000}]
17:22:16.897 [nacos-grpc-client-executor-localhost-5720] INFO  c.a.n.client.naming - [processServiceInfo,169] - current ips:(0) service: DEFAULT_GROUP@@oj-system -> []
17:22:16.898 [nacos-grpc-client-executor-localhost-5720] INFO  c.a.n.c.r.client - [printIfInfoEnabled,63] - [8677a674-1e1a-42db-8c76-f45d8cf6c9a6] Ack server push request, request = NotifySubscriberRequest, requestId = 10
17:22:23.497 [nacos-grpc-client-executor-localhost-5721] INFO  c.a.n.c.r.client - [printIfInfoEnabled,63] - [8677a674-1e1a-42db-8c76-f45d8cf6c9a6] Receive server push request, request = NotifySubscriberRequest, requestId = 11
17:22:23.498 [nacos-grpc-client-executor-localhost-5721] INFO  c.a.n.client.naming - [isChangedServiceInfo,235] - new ips(1) service: DEFAULT_GROUP@@oj-system -> [{"ip":"172.20.10.6","port":9201,"weight":1.0,"healthy":true,"enabled":true,"ephemeral":true,"clusterName":"DEFAULT","serviceName":"DEFAULT_GROUP@@oj-system","metadata":{"preserved.register.source":"SPRING_CLOUD","IPv6":"[2409:897a:3d70:458f:4c5f:854a:1e61:1f44]"},"instanceHeartBeatTimeOut":15000,"instanceHeartBeatInterval":5000,"ipDeleteTimeout":30000}]
17:22:23.499 [nacos-grpc-client-executor-localhost-5721] INFO  c.a.n.client.naming - [processServiceInfo,169] - current ips:(1) service: DEFAULT_GROUP@@oj-system -> [{"ip":"172.20.10.6","port":9201,"weight":1.0,"healthy":true,"enabled":true,"ephemeral":true,"clusterName":"DEFAULT","serviceName":"DEFAULT_GROUP@@oj-system","metadata":{"preserved.register.source":"SPRING_CLOUD","IPv6":"[2409:897a:3d70:458f:4c5f:854a:1e61:1f44]"},"instanceHeartBeatTimeOut":15000,"instanceHeartBeatInterval":5000,"ipDeleteTimeout":30000}]
17:22:23.499 [nacos-grpc-client-executor-localhost-5721] INFO  c.a.n.c.r.client - [printIfInfoEnabled,63] - [8677a674-1e1a-42db-8c76-f45d8cf6c9a6] Ack server push request, request = NotifySubscriberRequest, requestId = 11
17:24:27.881 [nacos-grpc-client-executor-localhost-5744] INFO  c.a.n.c.r.client - [printIfInfoEnabled,63] - [8677a674-1e1a-42db-8c76-f45d8cf6c9a6] Receive server push request, request = NotifySubscriberRequest, requestId = 12
17:24:27.881 [nacos-grpc-client-executor-localhost-5744] INFO  c.a.n.client.naming - [isChangedServiceInfo,241] - removed ips(1) service: DEFAULT_GROUP@@oj-system -> [{"ip":"172.20.10.6","port":9201,"weight":1.0,"healthy":true,"enabled":true,"ephemeral":true,"clusterName":"DEFAULT","serviceName":"DEFAULT_GROUP@@oj-system","metadata":{"preserved.register.source":"SPRING_CLOUD","IPv6":"[2409:897a:3d70:458f:4c5f:854a:1e61:1f44]"},"instanceHeartBeatTimeOut":15000,"instanceHeartBeatInterval":5000,"ipDeleteTimeout":30000}]
17:24:27.881 [nacos-grpc-client-executor-localhost-5744] INFO  c.a.n.client.naming - [processServiceInfo,169] - current ips:(0) service: DEFAULT_GROUP@@oj-system -> []
17:24:27.882 [nacos-grpc-client-executor-localhost-5744] INFO  c.a.n.c.r.client - [printIfInfoEnabled,63] - [8677a674-1e1a-42db-8c76-f45d8cf6c9a6] Ack server push request, request = NotifySubscriberRequest, requestId = 12
17:24:36.524 [nacos-grpc-client-executor-localhost-5745] INFO  c.a.n.c.r.client - [printIfInfoEnabled,63] - [8677a674-1e1a-42db-8c76-f45d8cf6c9a6] Receive server push request, request = NotifySubscriberRequest, requestId = 13
17:24:36.525 [nacos-grpc-client-executor-localhost-5745] INFO  c.a.n.client.naming - [isChangedServiceInfo,235] - new ips(1) service: DEFAULT_GROUP@@oj-system -> [{"ip":"172.20.10.6","port":9201,"weight":1.0,"healthy":true,"enabled":true,"ephemeral":true,"clusterName":"DEFAULT","serviceName":"DEFAULT_GROUP@@oj-system","metadata":{"preserved.register.source":"SPRING_CLOUD","IPv6":"[2409:897a:3d70:458f:4c5f:854a:1e61:1f44]"},"instanceHeartBeatTimeOut":15000,"instanceHeartBeatInterval":5000,"ipDeleteTimeout":30000}]
17:24:36.525 [nacos-grpc-client-executor-localhost-5745] INFO  c.a.n.client.naming - [processServiceInfo,169] - current ips:(1) service: DEFAULT_GROUP@@oj-system -> [{"ip":"172.20.10.6","port":9201,"weight":1.0,"healthy":true,"enabled":true,"ephemeral":true,"clusterName":"DEFAULT","serviceName":"DEFAULT_GROUP@@oj-system","metadata":{"preserved.register.source":"SPRING_CLOUD","IPv6":"[2409:897a:3d70:458f:4c5f:854a:1e61:1f44]"},"instanceHeartBeatTimeOut":15000,"instanceHeartBeatInterval":5000,"ipDeleteTimeout":30000}]
17:24:36.526 [nacos-grpc-client-executor-localhost-5745] INFO  c.a.n.c.r.client - [printIfInfoEnabled,63] - [8677a674-1e1a-42db-8c76-f45d8cf6c9a6] Ack server push request, request = NotifySubscriberRequest, requestId = 13
17:27:27.083 [nacos-grpc-client-executor-localhost-5780] INFO  c.a.n.c.r.client - [printIfInfoEnabled,63] - [8677a674-1e1a-42db-8c76-f45d8cf6c9a6] Receive server push request, request = NotifySubscriberRequest, requestId = 14
17:27:27.083 [nacos-grpc-client-executor-localhost-5780] INFO  c.a.n.client.naming - [isChangedServiceInfo,241] - removed ips(1) service: DEFAULT_GROUP@@oj-system -> [{"ip":"172.20.10.6","port":9201,"weight":1.0,"healthy":true,"enabled":true,"ephemeral":true,"clusterName":"DEFAULT","serviceName":"DEFAULT_GROUP@@oj-system","metadata":{"preserved.register.source":"SPRING_CLOUD","IPv6":"[2409:897a:3d70:458f:4c5f:854a:1e61:1f44]"},"instanceHeartBeatTimeOut":15000,"instanceHeartBeatInterval":5000,"ipDeleteTimeout":30000}]
17:27:27.083 [nacos-grpc-client-executor-localhost-5780] INFO  c.a.n.client.naming - [processServiceInfo,169] - current ips:(0) service: DEFAULT_GROUP@@oj-system -> []
17:27:27.084 [nacos-grpc-client-executor-localhost-5780] INFO  c.a.n.c.r.client - [printIfInfoEnabled,63] - [8677a674-1e1a-42db-8c76-f45d8cf6c9a6] Ack server push request, request = NotifySubscriberRequest, requestId = 14
17:27:35.459 [nacos-grpc-client-executor-localhost-5781] INFO  c.a.n.c.r.client - [printIfInfoEnabled,63] - [8677a674-1e1a-42db-8c76-f45d8cf6c9a6] Receive server push request, request = NotifySubscriberRequest, requestId = 15
17:27:35.460 [nacos-grpc-client-executor-localhost-5781] INFO  c.a.n.client.naming - [isChangedServiceInfo,235] - new ips(1) service: DEFAULT_GROUP@@oj-system -> [{"ip":"172.20.10.6","port":9201,"weight":1.0,"healthy":true,"enabled":true,"ephemeral":true,"clusterName":"DEFAULT","serviceName":"DEFAULT_GROUP@@oj-system","metadata":{"preserved.register.source":"SPRING_CLOUD","IPv6":"[2409:897a:3d70:458f:4c5f:854a:1e61:1f44]"},"instanceHeartBeatTimeOut":15000,"instanceHeartBeatInterval":5000,"ipDeleteTimeout":30000}]
17:27:35.462 [nacos-grpc-client-executor-localhost-5781] INFO  c.a.n.client.naming - [processServiceInfo,169] - current ips:(1) service: DEFAULT_GROUP@@oj-system -> [{"ip":"172.20.10.6","port":9201,"weight":1.0,"healthy":true,"enabled":true,"ephemeral":true,"clusterName":"DEFAULT","serviceName":"DEFAULT_GROUP@@oj-system","metadata":{"preserved.register.source":"SPRING_CLOUD","IPv6":"[2409:897a:3d70:458f:4c5f:854a:1e61:1f44]"},"instanceHeartBeatTimeOut":15000,"instanceHeartBeatInterval":5000,"ipDeleteTimeout":30000}]
17:27:35.462 [nacos-grpc-client-executor-localhost-5781] INFO  c.a.n.c.r.client - [printIfInfoEnabled,63] - [8677a674-1e1a-42db-8c76-f45d8cf6c9a6] Ack server push request, request = NotifySubscriberRequest, requestId = 15
17:28:24.441 [nacos-grpc-client-executor-localhost-5791] INFO  c.a.n.c.r.client - [printIfInfoEnabled,63] - [8677a674-1e1a-42db-8c76-f45d8cf6c9a6] Receive server push request, request = NotifySubscriberRequest, requestId = 16
17:28:24.442 [nacos-grpc-client-executor-localhost-5791] INFO  c.a.n.client.naming - [isChangedServiceInfo,241] - removed ips(1) service: DEFAULT_GROUP@@oj-system -> [{"ip":"172.20.10.6","port":9201,"weight":1.0,"healthy":true,"enabled":true,"ephemeral":true,"clusterName":"DEFAULT","serviceName":"DEFAULT_GROUP@@oj-system","metadata":{"preserved.register.source":"SPRING_CLOUD","IPv6":"[2409:897a:3d70:458f:4c5f:854a:1e61:1f44]"},"instanceHeartBeatTimeOut":15000,"instanceHeartBeatInterval":5000,"ipDeleteTimeout":30000}]
17:28:24.442 [nacos-grpc-client-executor-localhost-5791] INFO  c.a.n.client.naming - [processServiceInfo,169] - current ips:(0) service: DEFAULT_GROUP@@oj-system -> []
17:28:24.443 [nacos-grpc-client-executor-localhost-5791] INFO  c.a.n.c.r.client - [printIfInfoEnabled,63] - [8677a674-1e1a-42db-8c76-f45d8cf6c9a6] Ack server push request, request = NotifySubscriberRequest, requestId = 16
17:28:32.099 [nacos-grpc-client-executor-localhost-5792] INFO  c.a.n.c.r.client - [printIfInfoEnabled,63] - [8677a674-1e1a-42db-8c76-f45d8cf6c9a6] Receive server push request, request = NotifySubscriberRequest, requestId = 17
17:28:32.100 [nacos-grpc-client-executor-localhost-5792] INFO  c.a.n.client.naming - [isChangedServiceInfo,235] - new ips(1) service: DEFAULT_GROUP@@oj-system -> [{"ip":"172.20.10.6","port":9201,"weight":1.0,"healthy":true,"enabled":true,"ephemeral":true,"clusterName":"DEFAULT","serviceName":"DEFAULT_GROUP@@oj-system","metadata":{"preserved.register.source":"SPRING_CLOUD","IPv6":"[2409:897a:3d70:458f:4c5f:854a:1e61:1f44]"},"instanceHeartBeatTimeOut":15000,"instanceHeartBeatInterval":5000,"ipDeleteTimeout":30000}]
17:28:32.100 [nacos-grpc-client-executor-localhost-5792] INFO  c.a.n.client.naming - [processServiceInfo,169] - current ips:(1) service: DEFAULT_GROUP@@oj-system -> [{"ip":"172.20.10.6","port":9201,"weight":1.0,"healthy":true,"enabled":true,"ephemeral":true,"clusterName":"DEFAULT","serviceName":"DEFAULT_GROUP@@oj-system","metadata":{"preserved.register.source":"SPRING_CLOUD","IPv6":"[2409:897a:3d70:458f:4c5f:854a:1e61:1f44]"},"instanceHeartBeatTimeOut":15000,"instanceHeartBeatInterval":5000,"ipDeleteTimeout":30000}]
17:28:32.101 [nacos-grpc-client-executor-localhost-5792] INFO  c.a.n.c.r.client - [printIfInfoEnabled,63] - [8677a674-1e1a-42db-8c76-f45d8cf6c9a6] Ack server push request, request = NotifySubscriberRequest, requestId = 17
17:30:25.147 [nacos-grpc-client-executor-localhost-5815] INFO  c.a.n.c.r.client - [printIfInfoEnabled,63] - [8677a674-1e1a-42db-8c76-f45d8cf6c9a6] Receive server push request, request = NotifySubscriberRequest, requestId = 18
17:30:25.148 [nacos-grpc-client-executor-localhost-5815] INFO  c.a.n.client.naming - [isChangedServiceInfo,241] - removed ips(1) service: DEFAULT_GROUP@@oj-system -> [{"ip":"172.20.10.6","port":9201,"weight":1.0,"healthy":true,"enabled":true,"ephemeral":true,"clusterName":"DEFAULT","serviceName":"DEFAULT_GROUP@@oj-system","metadata":{"preserved.register.source":"SPRING_CLOUD","IPv6":"[2409:897a:3d70:458f:4c5f:854a:1e61:1f44]"},"instanceHeartBeatTimeOut":15000,"instanceHeartBeatInterval":5000,"ipDeleteTimeout":30000}]
17:30:25.148 [nacos-grpc-client-executor-localhost-5815] INFO  c.a.n.client.naming - [processServiceInfo,169] - current ips:(0) service: DEFAULT_GROUP@@oj-system -> []
17:30:25.149 [nacos-grpc-client-executor-localhost-5815] INFO  c.a.n.c.r.client - [printIfInfoEnabled,63] - [8677a674-1e1a-42db-8c76-f45d8cf6c9a6] Ack server push request, request = NotifySubscriberRequest, requestId = 18
17:30:32.750 [nacos-grpc-client-executor-localhost-5816] INFO  c.a.n.c.r.client - [printIfInfoEnabled,63] - [8677a674-1e1a-42db-8c76-f45d8cf6c9a6] Receive server push request, request = NotifySubscriberRequest, requestId = 19
17:30:32.750 [nacos-grpc-client-executor-localhost-5816] INFO  c.a.n.client.naming - [isChangedServiceInfo,235] - new ips(1) service: DEFAULT_GROUP@@oj-system -> [{"ip":"172.20.10.6","port":9201,"weight":1.0,"healthy":true,"enabled":true,"ephemeral":true,"clusterName":"DEFAULT","serviceName":"DEFAULT_GROUP@@oj-system","metadata":{"preserved.register.source":"SPRING_CLOUD","IPv6":"[2409:897a:3d70:458f:4c5f:854a:1e61:1f44]"},"instanceHeartBeatTimeOut":15000,"instanceHeartBeatInterval":5000,"ipDeleteTimeout":30000}]
17:30:32.751 [nacos-grpc-client-executor-localhost-5816] INFO  c.a.n.client.naming - [processServiceInfo,169] - current ips:(1) service: DEFAULT_GROUP@@oj-system -> [{"ip":"172.20.10.6","port":9201,"weight":1.0,"healthy":true,"enabled":true,"ephemeral":true,"clusterName":"DEFAULT","serviceName":"DEFAULT_GROUP@@oj-system","metadata":{"preserved.register.source":"SPRING_CLOUD","IPv6":"[2409:897a:3d70:458f:4c5f:854a:1e61:1f44]"},"instanceHeartBeatTimeOut":15000,"instanceHeartBeatInterval":5000,"ipDeleteTimeout":30000}]
17:30:32.751 [nacos-grpc-client-executor-localhost-5816] INFO  c.a.n.c.r.client - [printIfInfoEnabled,63] - [8677a674-1e1a-42db-8c76-f45d8cf6c9a6] Ack server push request, request = NotifySubscriberRequest, requestId = 19
17:38:45.981 [nacos-grpc-client-executor-localhost-5915] INFO  c.a.n.c.r.client - [printIfInfoEnabled,63] - [8677a674-1e1a-42db-8c76-f45d8cf6c9a6] Receive server push request, request = NotifySubscriberRequest, requestId = 20
17:38:45.982 [nacos-grpc-client-executor-localhost-5915] INFO  c.a.n.client.naming - [isChangedServiceInfo,241] - removed ips(1) service: DEFAULT_GROUP@@oj-system -> [{"ip":"172.20.10.6","port":9201,"weight":1.0,"healthy":true,"enabled":true,"ephemeral":true,"clusterName":"DEFAULT","serviceName":"DEFAULT_GROUP@@oj-system","metadata":{"preserved.register.source":"SPRING_CLOUD","IPv6":"[2409:897a:3d70:458f:4c5f:854a:1e61:1f44]"},"instanceHeartBeatTimeOut":15000,"instanceHeartBeatInterval":5000,"ipDeleteTimeout":30000}]
17:38:45.982 [nacos-grpc-client-executor-localhost-5915] INFO  c.a.n.client.naming - [processServiceInfo,169] - current ips:(0) service: DEFAULT_GROUP@@oj-system -> []
17:38:45.983 [nacos-grpc-client-executor-localhost-5915] INFO  c.a.n.c.r.client - [printIfInfoEnabled,63] - [8677a674-1e1a-42db-8c76-f45d8cf6c9a6] Ack server push request, request = NotifySubscriberRequest, requestId = 20
17:38:54.093 [nacos-grpc-client-executor-localhost-5916] INFO  c.a.n.c.r.client - [printIfInfoEnabled,63] - [8677a674-1e1a-42db-8c76-f45d8cf6c9a6] Receive server push request, request = NotifySubscriberRequest, requestId = 21
17:38:54.093 [nacos-grpc-client-executor-localhost-5916] INFO  c.a.n.client.naming - [isChangedServiceInfo,235] - new ips(1) service: DEFAULT_GROUP@@oj-system -> [{"ip":"172.20.10.6","port":9201,"weight":1.0,"healthy":true,"enabled":true,"ephemeral":true,"clusterName":"DEFAULT","serviceName":"DEFAULT_GROUP@@oj-system","metadata":{"preserved.register.source":"SPRING_CLOUD","IPv6":"[2409:897a:3d70:458f:4c5f:854a:1e61:1f44]"},"instanceHeartBeatTimeOut":15000,"instanceHeartBeatInterval":5000,"ipDeleteTimeout":30000}]
17:38:54.094 [nacos-grpc-client-executor-localhost-5916] INFO  c.a.n.client.naming - [processServiceInfo,169] - current ips:(1) service: DEFAULT_GROUP@@oj-system -> [{"ip":"172.20.10.6","port":9201,"weight":1.0,"healthy":true,"enabled":true,"ephemeral":true,"clusterName":"DEFAULT","serviceName":"DEFAULT_GROUP@@oj-system","metadata":{"preserved.register.source":"SPRING_CLOUD","IPv6":"[2409:897a:3d70:458f:4c5f:854a:1e61:1f44]"},"instanceHeartBeatTimeOut":15000,"instanceHeartBeatInterval":5000,"ipDeleteTimeout":30000}]
17:38:54.094 [nacos-grpc-client-executor-localhost-5916] INFO  c.a.n.c.r.client - [printIfInfoEnabled,63] - [8677a674-1e1a-42db-8c76-f45d8cf6c9a6] Ack server push request, request = NotifySubscriberRequest, requestId = 21
17:40:29.871 [nacos-grpc-client-executor-localhost-5935] INFO  c.a.n.c.r.client - [printIfInfoEnabled,63] - [8677a674-1e1a-42db-8c76-f45d8cf6c9a6] Receive server push request, request = NotifySubscriberRequest, requestId = 22
17:40:29.871 [nacos-grpc-client-executor-localhost-5935] INFO  c.a.n.client.naming - [isChangedServiceInfo,241] - removed ips(1) service: DEFAULT_GROUP@@oj-system -> [{"ip":"172.20.10.6","port":9201,"weight":1.0,"healthy":true,"enabled":true,"ephemeral":true,"clusterName":"DEFAULT","serviceName":"DEFAULT_GROUP@@oj-system","metadata":{"preserved.register.source":"SPRING_CLOUD","IPv6":"[2409:897a:3d70:458f:4c5f:854a:1e61:1f44]"},"instanceHeartBeatTimeOut":15000,"instanceHeartBeatInterval":5000,"ipDeleteTimeout":30000}]
17:40:29.871 [nacos-grpc-client-executor-localhost-5935] INFO  c.a.n.client.naming - [processServiceInfo,169] - current ips:(0) service: DEFAULT_GROUP@@oj-system -> []
17:40:29.873 [nacos-grpc-client-executor-localhost-5935] INFO  c.a.n.c.r.client - [printIfInfoEnabled,63] - [8677a674-1e1a-42db-8c76-f45d8cf6c9a6] Ack server push request, request = NotifySubscriberRequest, requestId = 22
17:40:38.398 [nacos-grpc-client-executor-localhost-5937] INFO  c.a.n.c.r.client - [printIfInfoEnabled,63] - [8677a674-1e1a-42db-8c76-f45d8cf6c9a6] Receive server push request, request = NotifySubscriberRequest, requestId = 23
17:40:38.398 [nacos-grpc-client-executor-localhost-5937] INFO  c.a.n.client.naming - [isChangedServiceInfo,235] - new ips(1) service: DEFAULT_GROUP@@oj-system -> [{"ip":"172.20.10.6","port":9201,"weight":1.0,"healthy":true,"enabled":true,"ephemeral":true,"clusterName":"DEFAULT","serviceName":"DEFAULT_GROUP@@oj-system","metadata":{"preserved.register.source":"SPRING_CLOUD","IPv6":"[2409:897a:3d70:458f:4c5f:854a:1e61:1f44]"},"instanceHeartBeatTimeOut":15000,"instanceHeartBeatInterval":5000,"ipDeleteTimeout":30000}]
17:40:38.398 [nacos-grpc-client-executor-localhost-5937] INFO  c.a.n.client.naming - [processServiceInfo,169] - current ips:(1) service: DEFAULT_GROUP@@oj-system -> [{"ip":"172.20.10.6","port":9201,"weight":1.0,"healthy":true,"enabled":true,"ephemeral":true,"clusterName":"DEFAULT","serviceName":"DEFAULT_GROUP@@oj-system","metadata":{"preserved.register.source":"SPRING_CLOUD","IPv6":"[2409:897a:3d70:458f:4c5f:854a:1e61:1f44]"},"instanceHeartBeatTimeOut":15000,"instanceHeartBeatInterval":5000,"ipDeleteTimeout":30000}]
17:40:38.399 [nacos-grpc-client-executor-localhost-5937] INFO  c.a.n.c.r.client - [printIfInfoEnabled,63] - [8677a674-1e1a-42db-8c76-f45d8cf6c9a6] Ack server push request, request = NotifySubscriberRequest, requestId = 23
18:05:32.531 [nacos-grpc-client-executor-localhost-6235] INFO  c.a.n.c.r.client - [printIfInfoEnabled,63] - [8677a674-1e1a-42db-8c76-f45d8cf6c9a6] Receive server push request, request = NotifySubscriberRequest, requestId = 24
18:05:32.532 [nacos-grpc-client-executor-localhost-6235] INFO  c.a.n.client.naming - [isChangedServiceInfo,241] - removed ips(1) service: DEFAULT_GROUP@@oj-system -> [{"ip":"172.20.10.6","port":9201,"weight":1.0,"healthy":true,"enabled":true,"ephemeral":true,"clusterName":"DEFAULT","serviceName":"DEFAULT_GROUP@@oj-system","metadata":{"preserved.register.source":"SPRING_CLOUD","IPv6":"[2409:897a:3d70:458f:4c5f:854a:1e61:1f44]"},"instanceHeartBeatTimeOut":15000,"instanceHeartBeatInterval":5000,"ipDeleteTimeout":30000}]
18:05:32.532 [nacos-grpc-client-executor-localhost-6235] INFO  c.a.n.client.naming - [processServiceInfo,169] - current ips:(0) service: DEFAULT_GROUP@@oj-system -> []
18:05:32.533 [nacos-grpc-client-executor-localhost-6235] INFO  c.a.n.c.r.client - [printIfInfoEnabled,63] - [8677a674-1e1a-42db-8c76-f45d8cf6c9a6] Ack server push request, request = NotifySubscriberRequest, requestId = 24
18:05:37.129 [SpringApplicationShutdownHook] INFO  c.a.c.n.r.NacosServiceRegistry - [deregister,95] - De-registering from Nacos Server now...
18:05:37.130 [SpringApplicationShutdownHook] INFO  c.a.n.client.naming - [deregisterService,217] - [DEREGISTER-SERVICE] 1b411097-df3c-4cac-a649-ba6b6b22fcd4 deregistering service oj-gateway with instance: Instance{instanceId='null', ip='172.20.10.6', port=19090, weight=1.0, healthy=true, enabled=true, ephemeral=true, clusterName='DEFAULT', serviceName='null', metadata={}}
18:05:37.133 [SpringApplicationShutdownHook] INFO  c.a.c.n.r.NacosServiceRegistry - [deregister,115] - De-registration finished.
18:05:37.134 [SpringApplicationShutdownHook] INFO  c.a.n.client.naming - [shutdown,256] - com.alibaba.nacos.client.naming.cache.ServiceInfoHolder do shutdown begin
18:05:37.134 [SpringApplicationShutdownHook] INFO  c.a.n.client.naming - [shutdown,136] - com.alibaba.nacos.client.naming.backups.FailoverReactor do shutdown begin
18:05:37.134 [SpringApplicationShutdownHook] INFO  c.a.n.client.naming - [shutdown,138] - com.alibaba.nacos.client.naming.backups.FailoverReactor do shutdown stop
18:05:37.134 [SpringApplicationShutdownHook] INFO  c.a.n.client.naming - [shutdown,258] - com.alibaba.nacos.client.naming.cache.ServiceInfoHolder do shutdown stop
18:05:37.134 [SpringApplicationShutdownHook] INFO  c.a.n.client.naming - [shutdown,204] - com.alibaba.nacos.client.naming.remote.NamingClientProxyDelegate do shutdown begin
18:05:37.134 [SpringApplicationShutdownHook] INFO  c.a.n.client.naming - [shutdown,143] - com.alibaba.nacos.client.naming.core.ServiceInfoUpdateService do shutdown begin
18:05:37.135 [SpringApplicationShutdownHook] INFO  c.a.n.client.naming - [shutdown,145] - com.alibaba.nacos.client.naming.core.ServiceInfoUpdateService do shutdown stop
18:05:37.135 [SpringApplicationShutdownHook] INFO  c.a.n.client.naming - [shutdown,194] - com.alibaba.nacos.client.naming.core.ServerListManager do shutdown begin
18:05:37.135 [SpringApplicationShutdownHook] INFO  c.a.n.client.naming - [shutdown,199] - com.alibaba.nacos.client.naming.core.ServerListManager do shutdown stop
18:05:37.135 [SpringApplicationShutdownHook] INFO  c.a.n.client.naming - [shutdown,484] - com.alibaba.nacos.client.naming.remote.http.NamingHttpClientProxy do shutdown begin
18:05:37.135 [SpringApplicationShutdownHook] INFO  c.a.n.client.naming - [shutdown,486] - com.alibaba.nacos.client.naming.remote.http.NamingHttpClientProxy do shutdown stop
18:05:37.135 [SpringApplicationShutdownHook] INFO  c.a.n.c.r.client - [shutdown,429] - Shutdown rpc client, set status to shutdown
18:05:37.136 [SpringApplicationShutdownHook] INFO  c.a.n.c.r.client - [shutdown,431] - Shutdown client event executor java.util.concurrent.ScheduledThreadPoolExecutor@15180533[Running, pool size = 2, active threads = 2, queued tasks = 0, completed tasks = 0]
18:05:37.136 [SpringApplicationShutdownHook] INFO  c.a.n.c.r.client - [closeConnection,584] - Close current connection 1777646161170_172.17.0.1_53190
18:05:37.137 [nacos-grpc-client-executor-localhost-6237] INFO  c.a.n.c.r.c.g.GrpcClient - [printIfInfoEnabled,63] - [1777646161170_172.17.0.1_53190]Ignore complete event,isRunning:false,isAbandon=false
18:05:37.140 [SpringApplicationShutdownHook] INFO  c.a.n.c.r.c.g.GrpcClient - [shutdown,159] - Shutdown grpc executor java.util.concurrent.ThreadPoolExecutor@105b42ba[Running, pool size = 4, active threads = 0, queued tasks = 0, completed tasks = 6238]
18:05:37.140 [SpringApplicationShutdownHook] INFO  c.a.n.client.naming - [shutdown,318] - Shutdown grpc redo service executor java.util.concurrent.ScheduledThreadPoolExecutor@16b6f839[Running, pool size = 1, active threads = 0, queued tasks = 1, completed tasks = 10342]
18:05:37.141 [SpringApplicationShutdownHook] INFO  c.a.n.c.a.r.i.CredentialWatcher - [stop,106] - [null] CredentialWatcher is stopped
18:05:37.141 [SpringApplicationShutdownHook] INFO  c.a.n.c.a.r.i.CredentialService - [free,100] - [null] CredentialService is freed
18:05:37.142 [SpringApplicationShutdownHook] INFO  c.a.n.client.naming - [shutdown,211] - com.alibaba.nacos.client.naming.remote.NamingClientProxyDelegate do shutdown stop
18:05:37.457 [com.alibaba.nacos.client.Worker] INFO  c.a.n.c.a.r.i.CredentialWatcher - [loadCredential,165] - null No credential found
18:28:44.052 [background-preinit] INFO  o.h.v.i.util.Version - [<clinit>,21] - HV000001: Hibernate Validator 8.0.0.Final
18:28:44.270 [main] INFO  c.a.n.c.u.ParamUtil - [<clinit>,87] - [settings] [req-serv] nacos-server port:8848
18:28:44.270 [main] INFO  c.a.n.c.u.ParamUtil - [<clinit>,98] - [settings] [http-client] connect timeout:1000
18:28:44.271 [main] INFO  c.a.n.c.u.ParamUtil - [<clinit>,105] - PER_TASK_CONFIG_SIZE: 3000.0
18:28:44.287 [main] INFO  c.a.n.p.a.s.c.ClientAuthPluginManager - [init,56] - [ClientAuthPluginManager] Load ClientAuthService com.alibaba.nacos.client.auth.impl.NacosClientAuthServiceImpl success.
18:28:44.288 [main] INFO  c.a.n.p.a.s.c.ClientAuthPluginManager - [init,56] - [ClientAuthPluginManager] Load ClientAuthService com.alibaba.nacos.client.auth.ram.RamClientAuthServiceImpl success.
18:28:44.289 [main] INFO  c.a.n.c.a.r.i.CredentialWatcher - [loadCredential,165] - null No credential found
18:28:44.493 [main] INFO  c.a.n.c.c.i.LocalConfigInfoProcessor - [<clinit>,63] - LOCAL_SNAPSHOT_PATH:C:\Users\45\nacos\config
18:28:44.496 [main] INFO  c.a.n.c.r.client - [lambda$createClient$0,108] - [RpcClientFactory] create a new rpc client of 899b01d9-72ef-4cf2-bbf0-33b92100e832_config-0
18:28:44.505 [main] INFO  c.a.n.c.r.client - [printIfInfoEnabled,63] - [899b01d9-72ef-4cf2-bbf0-33b92100e832_config-0] Register server push request handler:com.alibaba.nacos.client.config.impl.ClientWorker$ConfigRpcTransportClient$$Lambda$574/0x000002cc4336be10
18:28:44.506 [main] INFO  c.a.n.c.r.client - [printIfInfoEnabled,63] - [899b01d9-72ef-4cf2-bbf0-33b92100e832_config-0] Register server push request handler:com.alibaba.nacos.client.config.impl.ClientWorker$ConfigRpcTransportClient$$Lambda$575/0x000002cc4336c230
18:28:44.506 [main] INFO  c.a.n.c.r.client - [printIfInfoEnabled,63] - [899b01d9-72ef-4cf2-bbf0-33b92100e832_config-0] Registry connection listener to current client:com.alibaba.nacos.client.config.impl.ClientWorker$ConfigRpcTransportClient$1
18:28:44.506 [main] INFO  c.a.n.c.r.client - [printIfInfoEnabled,63] - [899b01d9-72ef-4cf2-bbf0-33b92100e832_config-0] RpcClient init, ServerListFactory = com.alibaba.nacos.client.config.impl.ClientWorker$ConfigRpcTransportClient$2
18:28:44.511 [main] INFO  c.a.n.c.r.client - [printIfInfoEnabled,63] - [899b01d9-72ef-4cf2-bbf0-33b92100e832_config-0] Try to connect to server on start up, server: {serverIp = 'localhost', server main port = 8848}
18:28:44.531 [main] INFO  c.a.n.c.r.c.g.GrpcClient - [createNewManagedChannel,182] - grpc client connection server:localhost ip,serverPort:9848,grpcTslConfig:{"sslProvider":"OPENSSL","enableTls":false,"mutualAuthEnable":false,"trustAll":false}
18:28:45.196 [main] INFO  c.a.n.c.r.client - [printIfInfoEnabled,63] - [899b01d9-72ef-4cf2-bbf0-33b92100e832_config-0] Success to connect to server [localhost:8848] on start up, connectionId = 1777717725032_172.17.0.1_47630
18:28:45.199 [com.alibaba.nacos.client.remote.worker] INFO  c.a.n.c.r.client - [printIfInfoEnabled,63] - [899b01d9-72ef-4cf2-bbf0-33b92100e832_config-0] Notify connected event to listeners.
18:28:45.200 [main] INFO  c.a.n.c.r.client - [printIfInfoEnabled,63] - [899b01d9-72ef-4cf2-bbf0-33b92100e832_config-0] Register server push request handler:com.alibaba.nacos.common.remote.client.RpcClient$ConnectResetRequestHandler
18:28:45.200 [com.alibaba.nacos.client.remote.worker] INFO  c.a.n.c.c.i.ClientWorker - [onConnected,639] - [899b01d9-72ef-4cf2-bbf0-33b92100e832_config-0] Connected,notify listen context...
18:28:45.202 [main] INFO  c.a.n.c.r.client - [printIfInfoEnabled,63] - [899b01d9-72ef-4cf2-bbf0-33b92100e832_config-0] Register server push request handler:com.alibaba.nacos.common.remote.client.RpcClient$$Lambda$595/0x000002cc434d3578
18:28:45.223 [main] INFO  c.a.n.c.c.i.Limiter - [<clinit>,62] - limitTime:5.0
18:28:45.263 [main] INFO  c.a.n.c.c.u.JvmUtil - [<clinit>,54] - isMultiInstance:false
18:28:45.269 [main] INFO  o.s.c.b.c.PropertySourceBootstrapConfiguration - [initialize,108] - Located property source: [BootstrapPropertySource {name='bootstrapProperties-oj-gateway-local.yaml,DEFAULT_GROUP'}, BootstrapPropertySource {name='bootstrapProperties-oj-gateway.yaml,DEFAULT_GROUP'}, BootstrapPropertySource {name='bootstrapProperties-oj-gateway,DEFAULT_GROUP'}]
18:28:45.273 [main] INFO  c.b.g.OjGatewayApplication - [logStartupProfileInfo,636] - The following 1 profile is active: "local"
18:28:45.600 [main] INFO  o.s.d.r.c.RepositoryConfigurationDelegate - [multipleStoresDetected,294] - Multiple Spring Data modules found, entering strict repository configuration mode
18:28:45.602 [main] INFO  o.s.d.r.c.RepositoryConfigurationDelegate - [registerRepositoriesIn,138] - Bootstrapping Spring Data Redis repositories in DEFAULT mode.
18:28:45.616 [main] INFO  o.s.d.r.c.RepositoryConfigurationDelegate - [registerRepositoriesIn,208] - Finished Spring Data repository scanning in 5 ms. Found 0 Redis repository interfaces.
18:28:45.711 [main] INFO  o.s.c.c.s.GenericScope - [setSerializationId,282] - BeanFactory id=30e7f020-ab66-3c24-93d3-50353be91f22
18:28:45.733 [main] INFO  o.s.c.s.PostProcessorRegistrationDelegate$BeanPostProcessorChecker - [postProcessAfterInitialization,409] - Bean 'org.springframework.cloud.client.loadbalancer.reactive.LoadBalancerBeanPostProcessorAutoConfiguration' of type [org.springframework.cloud.client.loadbalancer.reactive.LoadBalancerBeanPostProcessorAutoConfiguration] is not eligible for getting processed by all BeanPostProcessors (for example: not eligible for auto-proxying)
18:28:45.734 [main] INFO  o.s.c.s.PostProcessorRegistrationDelegate$BeanPostProcessorChecker - [postProcessAfterInitialization,409] - Bean 'org.springframework.cloud.client.loadbalancer.reactive.LoadBalancerBeanPostProcessorAutoConfiguration$ReactorDeferringLoadBalancerFilterConfig' of type [org.springframework.cloud.client.loadbalancer.reactive.LoadBalancerBeanPostProcessorAutoConfiguration$ReactorDeferringLoadBalancerFilterConfig] is not eligible for getting processed by all BeanPostProcessors (for example: not eligible for auto-proxying)
18:28:45.735 [main] INFO  o.s.c.s.PostProcessorRegistrationDelegate$BeanPostProcessorChecker - [postProcessAfterInitialization,409] - Bean 'reactorDeferringLoadBalancerExchangeFilterFunction' of type [org.springframework.cloud.client.loadbalancer.reactive.DeferringLoadBalancerExchangeFilterFunction] is not eligible for getting processed by all BeanPostProcessors (for example: not eligible for auto-proxying)
18:28:46.657 [main] INFO  o.s.c.g.r.RouteDefinitionRouteLocator - [lambda$initFactories$1,88] - Loaded RoutePredicateFactory [After]
18:28:46.657 [main] INFO  o.s.c.g.r.RouteDefinitionRouteLocator - [lambda$initFactories$1,88] - Loaded RoutePredicateFactory [Before]
18:28:46.657 [main] INFO  o.s.c.g.r.RouteDefinitionRouteLocator - [lambda$initFactories$1,88] - Loaded RoutePredicateFactory [Between]
18:28:46.657 [main] INFO  o.s.c.g.r.RouteDefinitionRouteLocator - [lambda$initFactories$1,88] - Loaded RoutePredicateFactory [Cookie]
18:28:46.657 [main] INFO  o.s.c.g.r.RouteDefinitionRouteLocator - [lambda$initFactories$1,88] - Loaded RoutePredicateFactory [Header]
18:28:46.657 [main] INFO  o.s.c.g.r.RouteDefinitionRouteLocator - [lambda$initFactories$1,88] - Loaded RoutePredicateFactory [Host]
18:28:46.657 [main] INFO  o.s.c.g.r.RouteDefinitionRouteLocator - [lambda$initFactories$1,88] - Loaded RoutePredicateFactory [Method]
18:28:46.657 [main] INFO  o.s.c.g.r.RouteDefinitionRouteLocator - [lambda$initFactories$1,88] - Loaded RoutePredicateFactory [Path]
18:28:46.657 [main] INFO  o.s.c.g.r.RouteDefinitionRouteLocator - [lambda$initFactories$1,88] - Loaded RoutePredicateFactory [Query]
18:28:46.657 [main] INFO  o.s.c.g.r.RouteDefinitionRouteLocator - [lambda$initFactories$1,88] - Loaded RoutePredicateFactory [ReadBody]
18:28:46.657 [main] INFO  o.s.c.g.r.RouteDefinitionRouteLocator - [lambda$initFactories$1,88] - Loaded RoutePredicateFactory [RemoteAddr]
18:28:46.657 [main] INFO  o.s.c.g.r.RouteDefinitionRouteLocator - [lambda$initFactories$1,88] - Loaded RoutePredicateFactory [XForwardedRemoteAddr]
18:28:46.657 [main] INFO  o.s.c.g.r.RouteDefinitionRouteLocator - [lambda$initFactories$1,88] - Loaded RoutePredicateFactory [Weight]
18:28:46.658 [main] INFO  o.s.c.g.r.RouteDefinitionRouteLocator - [lambda$initFactories$1,88] - Loaded RoutePredicateFactory [CloudFoundryRouteService]
18:28:47.092 [main] INFO  o.s.b.w.e.n.NettyWebServer - [start,111] - Netty started on port 19090
18:28:47.360 [main] INFO  c.a.n.client.naming - [initNamespaceForNaming,62] - initializer namespace from ans.namespace attribute : null
18:28:47.361 [main] INFO  c.a.n.client.naming - [lambda$initNamespaceForNaming$0,66] - initializer namespace from ALIBABA_ALIWARE_NAMESPACE attribute :null
18:28:47.361 [main] INFO  c.a.n.client.naming - [lambda$initNamespaceForNaming$1,73] - initializer namespace from namespace attribute :null
18:28:47.366 [main] INFO  c.a.n.p.a.s.c.ClientAuthPluginManager - [init,56] - [ClientAuthPluginManager] Load ClientAuthService com.alibaba.nacos.client.auth.impl.NacosClientAuthServiceImpl success.
18:28:47.366 [main] INFO  c.a.n.p.a.s.c.ClientAuthPluginManager - [init,56] - [ClientAuthPluginManager] Load ClientAuthService com.alibaba.nacos.client.auth.ram.RamClientAuthServiceImpl success.
18:28:47.370 [main] INFO  c.a.n.c.r.client - [lambda$createClient$0,108] - [RpcClientFactory] create a new rpc client of 4a51fe8d-521f-41bf-8467-9ad6f19e0c6b
18:28:47.371 [main] INFO  c.a.n.c.r.client - [printIfInfoEnabled,63] - [4a51fe8d-521f-41bf-8467-9ad6f19e0c6b] RpcClient init, ServerListFactory = com.alibaba.nacos.client.naming.core.ServerListManager
18:28:47.371 [main] INFO  c.a.n.c.r.client - [printIfInfoEnabled,63] - [4a51fe8d-521f-41bf-8467-9ad6f19e0c6b] Registry connection listener to current client:com.alibaba.nacos.client.naming.remote.gprc.redo.NamingGrpcRedoService
18:28:47.372 [main] INFO  c.a.n.c.r.client - [printIfInfoEnabled,63] - [4a51fe8d-521f-41bf-8467-9ad6f19e0c6b] Register server push request handler:com.alibaba.nacos.client.naming.remote.gprc.NamingPushRequestHandler
18:28:47.372 [main] INFO  c.a.n.c.r.client - [printIfInfoEnabled,63] - [4a51fe8d-521f-41bf-8467-9ad6f19e0c6b] Try to connect to server on start up, server: {serverIp = 'localhost', server main port = 8848}
18:28:47.372 [main] INFO  c.a.n.c.r.c.g.GrpcClient - [createNewManagedChannel,182] - grpc client connection server:localhost ip,serverPort:9848,grpcTslConfig:{"sslProvider":"OPENSSL","enableTls":false,"mutualAuthEnable":false,"trustAll":false}
18:28:47.487 [main] INFO  c.a.n.c.r.client - [printIfInfoEnabled,63] - [4a51fe8d-521f-41bf-8467-9ad6f19e0c6b] Success to connect to server [localhost:8848] on start up, connectionId = 1777717727377_172.17.0.1_47646
18:28:47.488 [com.alibaba.nacos.client.remote.worker] INFO  c.a.n.c.r.client - [printIfInfoEnabled,63] - [4a51fe8d-521f-41bf-8467-9ad6f19e0c6b] Notify connected event to listeners.
18:28:47.488 [main] INFO  c.a.n.c.r.client - [printIfInfoEnabled,63] - [4a51fe8d-521f-41bf-8467-9ad6f19e0c6b] Register server push request handler:com.alibaba.nacos.common.remote.client.RpcClient$ConnectResetRequestHandler
18:28:47.489 [com.alibaba.nacos.client.remote.worker] INFO  c.a.n.client.naming - [onConnected,78] - Grpc connection connect
18:28:47.489 [main] INFO  c.a.n.c.r.client - [printIfInfoEnabled,63] - [4a51fe8d-521f-41bf-8467-9ad6f19e0c6b] Register server push request handler:com.alibaba.nacos.common.remote.client.RpcClient$$Lambda$595/0x000002cc434d3578
18:28:47.491 [main] INFO  c.a.n.client.naming - [registerService,121] - [REGISTER-SERVICE] 1b411097-df3c-4cac-a649-ba6b6b22fcd4 registering service oj-gateway with instance Instance{instanceId='null', ip='172.20.10.6', port=19090, weight=1.0, healthy=true, enabled=true, ephemeral=true, clusterName='DEFAULT', serviceName='null', metadata={IPv6=[2409:897a:3ce8:2cf1:e022:e9ef:48b7:f704], preserved.register.source=SPRING_CLOUD}}
18:28:47.501 [main] INFO  c.a.c.n.r.NacosServiceRegistry - [register,76] - nacos registry, DEFAULT_GROUP oj-gateway 172.20.10.6:19090 register finished
18:28:47.537 [main] INFO  c.b.g.OjGatewayApplication - [logStarted,57] - Started OjGatewayApplication in 3.929 seconds (process running for 4.458)
18:28:47.540 [main] INFO  c.a.n.c.c.i.CacheData - [<clinit>,67] - nacos.cache.data.init.snapshot = true 
18:28:47.541 [main] INFO  c.a.n.c.c.i.ClientWorker - [addCacheDataIfAbsent,380] - [fixed-1b411097-df3c-4cac-a649-ba6b6b22fcd4-localhost_8848] [subscribe] oj-gateway-local.yaml+DEFAULT_GROUP+1b411097-df3c-4cac-a649-ba6b6b22fcd4
18:28:47.545 [main] INFO  c.a.n.c.c.i.CacheData - [addListener,197] - [fixed-1b411097-df3c-4cac-a649-ba6b6b22fcd4-localhost_8848] [add-listener] ok, tenant=1b411097-df3c-4cac-a649-ba6b6b22fcd4, dataId=oj-gateway-local.yaml, group=DEFAULT_GROUP, cnt=1
18:28:47.545 [main] INFO  c.a.c.n.r.NacosContextRefresher - [registerNacosListener,129] - [Nacos Config] Listening config: dataId=oj-gateway-local.yaml, group=DEFAULT_GROUP
18:28:47.545 [main] INFO  c.a.n.c.c.i.ClientWorker - [addCacheDataIfAbsent,380] - [fixed-1b411097-df3c-4cac-a649-ba6b6b22fcd4-localhost_8848] [subscribe] oj-gateway+DEFAULT_GROUP+1b411097-df3c-4cac-a649-ba6b6b22fcd4
18:28:47.545 [main] INFO  c.a.n.c.c.i.CacheData - [addListener,197] - [fixed-1b411097-df3c-4cac-a649-ba6b6b22fcd4-localhost_8848] [add-listener] ok, tenant=1b411097-df3c-4cac-a649-ba6b6b22fcd4, dataId=oj-gateway, group=DEFAULT_GROUP, cnt=1
18:28:47.545 [main] INFO  c.a.c.n.r.NacosContextRefresher - [registerNacosListener,129] - [Nacos Config] Listening config: dataId=oj-gateway, group=DEFAULT_GROUP
18:28:47.546 [main] INFO  c.a.n.c.c.i.ClientWorker - [addCacheDataIfAbsent,380] - [fixed-1b411097-df3c-4cac-a649-ba6b6b22fcd4-localhost_8848] [subscribe] oj-gateway.yaml+DEFAULT_GROUP+1b411097-df3c-4cac-a649-ba6b6b22fcd4
18:28:47.546 [main] INFO  c.a.n.c.c.i.CacheData - [addListener,197] - [fixed-1b411097-df3c-4cac-a649-ba6b6b22fcd4-localhost_8848] [add-listener] ok, tenant=1b411097-df3c-4cac-a649-ba6b6b22fcd4, dataId=oj-gateway.yaml, group=DEFAULT_GROUP, cnt=1
18:28:47.546 [main] INFO  c.a.c.n.r.NacosContextRefresher - [registerNacosListener,129] - [Nacos Config] Listening config: dataId=oj-gateway.yaml, group=DEFAULT_GROUP
18:32:48.699 [boundedElastic-1] INFO  c.a.n.client.naming - [subscribe,167] - [SUBSCRIBE-SERVICE] service:oj-system, group:DEFAULT_GROUP, clusters: 
18:32:48.708 [boundedElastic-1] INFO  c.a.n.client.naming - [isChangedServiceInfo,184] - init new ips(1) service: DEFAULT_GROUP@@oj-system -> [{"ip":"172.20.10.6","port":9201,"weight":1.0,"healthy":true,"enabled":true,"ephemeral":true,"clusterName":"DEFAULT","serviceName":"DEFAULT_GROUP@@oj-system","metadata":{"preserved.register.source":"SPRING_CLOUD","IPv6":"[2409:897a:3ce8:2cf1:e022:e9ef:48b7:f704]"},"instanceHeartBeatInterval":5000,"instanceHeartBeatTimeOut":15000,"ipDeleteTimeout":30000}]
18:32:48.709 [boundedElastic-1] INFO  c.a.n.client.naming - [processServiceInfo,169] - current ips:(1) service: DEFAULT_GROUP@@oj-system -> [{"ip":"172.20.10.6","port":9201,"weight":1.0,"healthy":true,"enabled":true,"ephemeral":true,"clusterName":"DEFAULT","serviceName":"DEFAULT_GROUP@@oj-system","metadata":{"preserved.register.source":"SPRING_CLOUD","IPv6":"[2409:897a:3ce8:2cf1:e022:e9ef:48b7:f704]"},"instanceHeartBeatInterval":5000,"instanceHeartBeatTimeOut":15000,"ipDeleteTimeout":30000}]
18:32:49.254 [nacos-grpc-client-executor-localhost-58] INFO  c.a.n.c.r.client - [printIfInfoEnabled,63] - [4a51fe8d-521f-41bf-8467-9ad6f19e0c6b] Receive server push request, request = NotifySubscriberRequest, requestId = 25
18:32:49.254 [nacos-grpc-client-executor-localhost-58] INFO  c.a.n.c.r.client - [printIfInfoEnabled,63] - [4a51fe8d-521f-41bf-8467-9ad6f19e0c6b] Ack server push request, request = NotifySubscriberRequest, requestId = 25
18:36:32.548 [nacos-grpc-client-executor-localhost-114] INFO  c.a.n.c.r.client - [printIfInfoEnabled,63] - [899b01d9-72ef-4cf2-bbf0-33b92100e832_config-0] Receive server push request, request = ConfigChangeNotifyRequest, requestId = 26
18:36:32.548 [nacos-grpc-client-executor-localhost-114] INFO  c.a.n.c.c.i.ClientWorker - [lambda$initRpcClientHandler$0,606] - [899b01d9-72ef-4cf2-bbf0-33b92100e832_config-0] [server-push] config changed. dataId=oj-gateway-local.yaml, group=DEFAULT_GROUP,tenant=1b411097-df3c-4cac-a649-ba6b6b22fcd4
18:36:32.548 [nacos-grpc-client-executor-localhost-114] INFO  c.a.n.c.r.client - [printIfInfoEnabled,63] - [899b01d9-72ef-4cf2-bbf0-33b92100e832_config-0] Ack server push request, request = ConfigChangeNotifyRequest, requestId = 26
18:36:32.561 [com.alibaba.nacos.client.Worker] INFO  c.a.n.c.c.i.ClientWorker - [refreshContentAndCheck,449] - [fixed-1b411097-df3c-4cac-a649-ba6b6b22fcd4-localhost_8848] [data-received] dataId=oj-gateway-local.yaml, group=DEFAULT_GROUP, tenant=1b411097-df3c-4cac-a649-ba6b6b22fcd4, md5=52863c120742554fbeff9080ee0daf28, content=server:
  port: 19090
spring:
  data:
    redis:
      host: localhost
      password: 123456
  clou..., type=yaml
18:36:32.562 [com.alibaba.nacos.client.Worker] INFO  c.a.n.c.c.i.CacheData - [safeNotifyListener,383] - [fixed-1b411097-df3c-4cac-a649-ba6b6b22fcd4-localhost_8848] [notify-listener] time cost=0ms in ClientWorker, dataId=oj-gateway-local.yaml, group=DEFAULT_GROUP, md5=52863c120742554fbeff9080ee0daf28, listener=com.alibaba.cloud.nacos.refresh.NacosContextRefresher$1@507bf519 
18:36:32.563 [nacos.client.cachedata.internal.notifier] INFO  c.a.n.c.c.i.CacheData - [lambda$safeNotifyListener$1,319] - [fixed-1b411097-df3c-4cac-a649-ba6b6b22fcd4-localhost_8848] [notify-context] dataId=oj-gateway-local.yaml, group=DEFAULT_GROUP, md5=52863c120742554fbeff9080ee0daf28
18:36:32.851 [nacos.client.cachedata.internal.notifier] INFO  o.s.c.b.c.PropertySourceBootstrapConfiguration - [initialize,108] - Located property source: [BootstrapPropertySource {name='bootstrapProperties-oj-gateway-local.yaml,DEFAULT_GROUP'}, BootstrapPropertySource {name='bootstrapProperties-oj-gateway.yaml,DEFAULT_GROUP'}, BootstrapPropertySource {name='bootstrapProperties-oj-gateway,DEFAULT_GROUP'}]
18:36:32.854 [nacos.client.cachedata.internal.notifier] INFO  o.s.b.SpringApplication - [logStartupProfileInfo,636] - The following 1 profile is active: "local"
18:36:32.857 [nacos.client.cachedata.internal.notifier] INFO  o.s.b.SpringApplication - [logStarted,57] - Started application in 0.29 seconds (process running for 469.777)
18:36:32.906 [nacos.client.cachedata.internal.notifier] INFO  o.s.c.e.e.RefreshEventListener - [handle,73] - Refresh keys changed: [security.ignore.whites[1], security.ignore.whites[0]]
18:36:32.906 [nacos.client.cachedata.internal.notifier] INFO  c.a.n.c.c.i.CacheData - [lambda$safeNotifyListener$1,345] - [fixed-1b411097-df3c-4cac-a649-ba6b6b22fcd4-localhost_8848] [notify-ok] dataId=oj-gateway-local.yaml, group=DEFAULT_GROUP, md5=52863c120742554fbeff9080ee0daf28, listener=com.alibaba.cloud.nacos.refresh.NacosContextRefresher$1@507bf519 ,cost=343 millis.
18:38:35.849 [nacos-grpc-client-executor-localhost-128] INFO  c.a.n.c.r.client - [printIfInfoEnabled,63] - [4a51fe8d-521f-41bf-8467-9ad6f19e0c6b] Receive server push request, request = NotifySubscriberRequest, requestId = 27
18:38:35.851 [nacos-grpc-client-executor-localhost-128] INFO  c.a.n.client.naming - [isChangedServiceInfo,241] - removed ips(1) service: DEFAULT_GROUP@@oj-system -> [{"ip":"172.20.10.6","port":9201,"weight":1.0,"healthy":true,"enabled":true,"ephemeral":true,"clusterName":"DEFAULT","serviceName":"DEFAULT_GROUP@@oj-system","metadata":{"preserved.register.source":"SPRING_CLOUD","IPv6":"[2409:897a:3ce8:2cf1:e022:e9ef:48b7:f704]"},"instanceHeartBeatInterval":5000,"instanceHeartBeatTimeOut":15000,"ipDeleteTimeout":30000}]
18:38:35.851 [nacos-grpc-client-executor-localhost-128] INFO  c.a.n.client.naming - [processServiceInfo,169] - current ips:(0) service: DEFAULT_GROUP@@oj-system -> []
18:38:35.852 [nacos-grpc-client-executor-localhost-128] INFO  c.a.n.c.r.client - [printIfInfoEnabled,63] - [4a51fe8d-521f-41bf-8467-9ad6f19e0c6b] Ack server push request, request = NotifySubscriberRequest, requestId = 27
18:38:44.163 [nacos-grpc-client-executor-localhost-129] INFO  c.a.n.c.r.client - [printIfInfoEnabled,63] - [4a51fe8d-521f-41bf-8467-9ad6f19e0c6b] Receive server push request, request = NotifySubscriberRequest, requestId = 28
18:38:44.163 [nacos-grpc-client-executor-localhost-129] INFO  c.a.n.client.naming - [isChangedServiceInfo,235] - new ips(1) service: DEFAULT_GROUP@@oj-system -> [{"ip":"172.20.10.6","port":9201,"weight":1.0,"healthy":true,"enabled":true,"ephemeral":true,"clusterName":"DEFAULT","serviceName":"DEFAULT_GROUP@@oj-system","metadata":{"preserved.register.source":"SPRING_CLOUD","IPv6":"[2409:897a:3ce8:2cf1:e022:e9ef:48b7:f704]"},"instanceHeartBeatInterval":5000,"instanceHeartBeatTimeOut":15000,"ipDeleteTimeout":30000}]
18:38:44.164 [nacos-grpc-client-executor-localhost-129] INFO  c.a.n.client.naming - [processServiceInfo,169] - current ips:(1) service: DEFAULT_GROUP@@oj-system -> [{"ip":"172.20.10.6","port":9201,"weight":1.0,"healthy":true,"enabled":true,"ephemeral":true,"clusterName":"DEFAULT","serviceName":"DEFAULT_GROUP@@oj-system","metadata":{"preserved.register.source":"SPRING_CLOUD","IPv6":"[2409:897a:3ce8:2cf1:e022:e9ef:48b7:f704]"},"instanceHeartBeatInterval":5000,"instanceHeartBeatTimeOut":15000,"ipDeleteTimeout":30000}]
18:38:44.174 [nacos-grpc-client-executor-localhost-129] INFO  c.a.n.c.r.client - [printIfInfoEnabled,63] - [4a51fe8d-521f-41bf-8467-9ad6f19e0c6b] Ack server push request, request = NotifySubscriberRequest, requestId = 28
18:38:48.836 [nacos-grpc-client-executor-localhost-131] INFO  c.a.n.c.r.client - [printIfInfoEnabled,63] - [4a51fe8d-521f-41bf-8467-9ad6f19e0c6b] Receive server push request, request = NotifySubscriberRequest, requestId = 29
18:38:48.836 [nacos-grpc-client-executor-localhost-131] INFO  c.a.n.client.naming - [isChangedServiceInfo,241] - removed ips(1) service: DEFAULT_GROUP@@oj-system -> [{"ip":"172.20.10.6","port":9201,"weight":1.0,"healthy":true,"enabled":true,"ephemeral":true,"clusterName":"DEFAULT","serviceName":"DEFAULT_GROUP@@oj-system","metadata":{"preserved.register.source":"SPRING_CLOUD","IPv6":"[2409:897a:3ce8:2cf1:e022:e9ef:48b7:f704]"},"instanceHeartBeatInterval":5000,"instanceHeartBeatTimeOut":15000,"ipDeleteTimeout":30000}]
18:38:48.836 [nacos-grpc-client-executor-localhost-131] INFO  c.a.n.client.naming - [processServiceInfo,169] - current ips:(0) service: DEFAULT_GROUP@@oj-system -> []
18:38:48.837 [nacos-grpc-client-executor-localhost-131] INFO  c.a.n.c.r.client - [printIfInfoEnabled,63] - [4a51fe8d-521f-41bf-8467-9ad6f19e0c6b] Ack server push request, request = NotifySubscriberRequest, requestId = 29
18:38:54.955 [nacos-grpc-client-executor-localhost-133] INFO  c.a.n.c.r.client - [printIfInfoEnabled,63] - [4a51fe8d-521f-41bf-8467-9ad6f19e0c6b] Receive server push request, request = NotifySubscriberRequest, requestId = 30
18:38:54.955 [nacos-grpc-client-executor-localhost-133] INFO  c.a.n.client.naming - [isChangedServiceInfo,235] - new ips(1) service: DEFAULT_GROUP@@oj-system -> [{"ip":"172.20.10.6","port":9201,"weight":1.0,"healthy":true,"enabled":true,"ephemeral":true,"clusterName":"DEFAULT","serviceName":"DEFAULT_GROUP@@oj-system","metadata":{"preserved.register.source":"SPRING_CLOUD","IPv6":"[2409:897a:3ce8:2cf1:e022:e9ef:48b7:f704]"},"instanceHeartBeatInterval":5000,"instanceHeartBeatTimeOut":15000,"ipDeleteTimeout":30000}]
18:38:54.955 [nacos-grpc-client-executor-localhost-133] INFO  c.a.n.client.naming - [processServiceInfo,169] - current ips:(1) service: DEFAULT_GROUP@@oj-system -> [{"ip":"172.20.10.6","port":9201,"weight":1.0,"healthy":true,"enabled":true,"ephemeral":true,"clusterName":"DEFAULT","serviceName":"DEFAULT_GROUP@@oj-system","metadata":{"preserved.register.source":"SPRING_CLOUD","IPv6":"[2409:897a:3ce8:2cf1:e022:e9ef:48b7:f704]"},"instanceHeartBeatInterval":5000,"instanceHeartBeatTimeOut":15000,"ipDeleteTimeout":30000}]
18:38:54.956 [nacos-grpc-client-executor-localhost-133] INFO  c.a.n.c.r.client - [printIfInfoEnabled,63] - [4a51fe8d-521f-41bf-8467-9ad6f19e0c6b] Ack server push request, request = NotifySubscriberRequest, requestId = 30
18:50:19.831 [nacos-grpc-client-executor-localhost-269] INFO  c.a.n.c.r.client - [printIfInfoEnabled,63] - [4a51fe8d-521f-41bf-8467-9ad6f19e0c6b] Receive server push request, request = NotifySubscriberRequest, requestId = 31
18:50:19.831 [nacos-grpc-client-executor-localhost-269] INFO  c.a.n.client.naming - [isChangedServiceInfo,241] - removed ips(1) service: DEFAULT_GROUP@@oj-system -> [{"ip":"172.20.10.6","port":9201,"weight":1.0,"healthy":true,"enabled":true,"ephemeral":true,"clusterName":"DEFAULT","serviceName":"DEFAULT_GROUP@@oj-system","metadata":{"preserved.register.source":"SPRING_CLOUD","IPv6":"[2409:897a:3ce8:2cf1:e022:e9ef:48b7:f704]"},"instanceHeartBeatInterval":5000,"instanceHeartBeatTimeOut":15000,"ipDeleteTimeout":30000}]
18:50:19.831 [nacos-grpc-client-executor-localhost-269] INFO  c.a.n.client.naming - [processServiceInfo,169] - current ips:(0) service: DEFAULT_GROUP@@oj-system -> []
18:50:19.832 [nacos-grpc-client-executor-localhost-269] INFO  c.a.n.c.r.client - [printIfInfoEnabled,63] - [4a51fe8d-521f-41bf-8467-9ad6f19e0c6b] Ack server push request, request = NotifySubscriberRequest, requestId = 31
18:50:27.774 [nacos-grpc-client-executor-localhost-271] INFO  c.a.n.c.r.client - [printIfInfoEnabled,63] - [4a51fe8d-521f-41bf-8467-9ad6f19e0c6b] Receive server push request, request = NotifySubscriberRequest, requestId = 32
18:50:27.775 [nacos-grpc-client-executor-localhost-271] INFO  c.a.n.client.naming - [isChangedServiceInfo,235] - new ips(1) service: DEFAULT_GROUP@@oj-system -> [{"ip":"172.20.10.6","port":9201,"weight":1.0,"healthy":true,"enabled":true,"ephemeral":true,"clusterName":"DEFAULT","serviceName":"DEFAULT_GROUP@@oj-system","metadata":{"preserved.register.source":"SPRING_CLOUD","IPv6":"[2409:897a:3ce8:2cf1:e022:e9ef:48b7:f704]"},"instanceHeartBeatInterval":5000,"instanceHeartBeatTimeOut":15000,"ipDeleteTimeout":30000}]
18:50:27.777 [nacos-grpc-client-executor-localhost-271] INFO  c.a.n.client.naming - [processServiceInfo,169] - current ips:(1) service: DEFAULT_GROUP@@oj-system -> [{"ip":"172.20.10.6","port":9201,"weight":1.0,"healthy":true,"enabled":true,"ephemeral":true,"clusterName":"DEFAULT","serviceName":"DEFAULT_GROUP@@oj-system","metadata":{"preserved.register.source":"SPRING_CLOUD","IPv6":"[2409:897a:3ce8:2cf1:e022:e9ef:48b7:f704]"},"instanceHeartBeatInterval":5000,"instanceHeartBeatTimeOut":15000,"ipDeleteTimeout":30000}]
18:50:27.777 [nacos-grpc-client-executor-localhost-271] INFO  c.a.n.c.r.client - [printIfInfoEnabled,63] - [4a51fe8d-521f-41bf-8467-9ad6f19e0c6b] Ack server push request, request = NotifySubscriberRequest, requestId = 32
18:52:51.059 [nacos-grpc-client-executor-localhost-299] INFO  c.a.n.c.r.client - [printIfInfoEnabled,63] - [4a51fe8d-521f-41bf-8467-9ad6f19e0c6b] Receive server push request, request = NotifySubscriberRequest, requestId = 33
18:52:51.059 [nacos-grpc-client-executor-localhost-299] INFO  c.a.n.client.naming - [isChangedServiceInfo,241] - removed ips(1) service: DEFAULT_GROUP@@oj-system -> [{"ip":"172.20.10.6","port":9201,"weight":1.0,"healthy":true,"enabled":true,"ephemeral":true,"clusterName":"DEFAULT","serviceName":"DEFAULT_GROUP@@oj-system","metadata":{"preserved.register.source":"SPRING_CLOUD","IPv6":"[2409:897a:3ce8:2cf1:e022:e9ef:48b7:f704]"},"instanceHeartBeatInterval":5000,"instanceHeartBeatTimeOut":15000,"ipDeleteTimeout":30000}]
18:52:51.060 [nacos-grpc-client-executor-localhost-299] INFO  c.a.n.client.naming - [processServiceInfo,169] - current ips:(0) service: DEFAULT_GROUP@@oj-system -> []
18:52:51.060 [nacos-grpc-client-executor-localhost-299] INFO  c.a.n.c.r.client - [printIfInfoEnabled,63] - [4a51fe8d-521f-41bf-8467-9ad6f19e0c6b] Ack server push request, request = NotifySubscriberRequest, requestId = 33
18:52:59.035 [nacos-grpc-client-executor-localhost-301] INFO  c.a.n.c.r.client - [printIfInfoEnabled,63] - [4a51fe8d-521f-41bf-8467-9ad6f19e0c6b] Receive server push request, request = NotifySubscriberRequest, requestId = 34
18:52:59.036 [nacos-grpc-client-executor-localhost-301] INFO  c.a.n.client.naming - [isChangedServiceInfo,235] - new ips(1) service: DEFAULT_GROUP@@oj-system -> [{"ip":"172.20.10.6","port":9201,"weight":1.0,"healthy":true,"enabled":true,"ephemeral":true,"clusterName":"DEFAULT","serviceName":"DEFAULT_GROUP@@oj-system","metadata":{"preserved.register.source":"SPRING_CLOUD","IPv6":"[2409:897a:3ce8:2cf1:e022:e9ef:48b7:f704]"},"instanceHeartBeatInterval":5000,"instanceHeartBeatTimeOut":15000,"ipDeleteTimeout":30000}]
18:52:59.036 [nacos-grpc-client-executor-localhost-301] INFO  c.a.n.client.naming - [processServiceInfo,169] - current ips:(1) service: DEFAULT_GROUP@@oj-system -> [{"ip":"172.20.10.6","port":9201,"weight":1.0,"healthy":true,"enabled":true,"ephemeral":true,"clusterName":"DEFAULT","serviceName":"DEFAULT_GROUP@@oj-system","metadata":{"preserved.register.source":"SPRING_CLOUD","IPv6":"[2409:897a:3ce8:2cf1:e022:e9ef:48b7:f704]"},"instanceHeartBeatInterval":5000,"instanceHeartBeatTimeOut":15000,"ipDeleteTimeout":30000}]
18:52:59.037 [nacos-grpc-client-executor-localhost-301] INFO  c.a.n.c.r.client - [printIfInfoEnabled,63] - [4a51fe8d-521f-41bf-8467-9ad6f19e0c6b] Ack server push request, request = NotifySubscriberRequest, requestId = 34
19:13:17.700 [nacos-grpc-client-executor-localhost-544] INFO  c.a.n.c.r.client - [printIfInfoEnabled,63] - [4a51fe8d-521f-41bf-8467-9ad6f19e0c6b] Receive server push request, request = NotifySubscriberRequest, requestId = 35
19:13:17.700 [nacos-grpc-client-executor-localhost-544] INFO  c.a.n.client.naming - [isChangedServiceInfo,241] - removed ips(1) service: DEFAULT_GROUP@@oj-system -> [{"ip":"172.20.10.6","port":9201,"weight":1.0,"healthy":true,"enabled":true,"ephemeral":true,"clusterName":"DEFAULT","serviceName":"DEFAULT_GROUP@@oj-system","metadata":{"preserved.register.source":"SPRING_CLOUD","IPv6":"[2409:897a:3ce8:2cf1:e022:e9ef:48b7:f704]"},"instanceHeartBeatInterval":5000,"instanceHeartBeatTimeOut":15000,"ipDeleteTimeout":30000}]
19:13:17.701 [nacos-grpc-client-executor-localhost-544] INFO  c.a.n.client.naming - [processServiceInfo,169] - current ips:(0) service: DEFAULT_GROUP@@oj-system -> []
19:13:17.701 [nacos-grpc-client-executor-localhost-544] INFO  c.a.n.c.r.client - [printIfInfoEnabled,63] - [4a51fe8d-521f-41bf-8467-9ad6f19e0c6b] Ack server push request, request = NotifySubscriberRequest, requestId = 35
19:13:18.501 [SpringApplicationShutdownHook] INFO  c.a.c.n.r.NacosServiceRegistry - [deregister,95] - De-registering from Nacos Server now...
19:13:18.501 [SpringApplicationShutdownHook] INFO  c.a.n.client.naming - [deregisterService,217] - [DEREGISTER-SERVICE] 1b411097-df3c-4cac-a649-ba6b6b22fcd4 deregistering service oj-gateway with instance: Instance{instanceId='null', ip='172.20.10.6', port=19090, weight=1.0, healthy=true, enabled=true, ephemeral=true, clusterName='DEFAULT', serviceName='null', metadata={}}
19:13:18.506 [SpringApplicationShutdownHook] INFO  c.a.c.n.r.NacosServiceRegistry - [deregister,115] - De-registration finished.
19:13:18.506 [SpringApplicationShutdownHook] INFO  c.a.n.client.naming - [shutdown,256] - com.alibaba.nacos.client.naming.cache.ServiceInfoHolder do shutdown begin
19:13:18.506 [SpringApplicationShutdownHook] INFO  c.a.n.client.naming - [shutdown,136] - com.alibaba.nacos.client.naming.backups.FailoverReactor do shutdown begin
19:13:18.507 [SpringApplicationShutdownHook] INFO  c.a.n.client.naming - [shutdown,138] - com.alibaba.nacos.client.naming.backups.FailoverReactor do shutdown stop
19:13:18.507 [SpringApplicationShutdownHook] INFO  c.a.n.client.naming - [shutdown,258] - com.alibaba.nacos.client.naming.cache.ServiceInfoHolder do shutdown stop
19:13:18.507 [SpringApplicationShutdownHook] INFO  c.a.n.client.naming - [shutdown,204] - com.alibaba.nacos.client.naming.remote.NamingClientProxyDelegate do shutdown begin
19:13:18.507 [SpringApplicationShutdownHook] INFO  c.a.n.client.naming - [shutdown,143] - com.alibaba.nacos.client.naming.core.ServiceInfoUpdateService do shutdown begin
19:13:18.507 [SpringApplicationShutdownHook] INFO  c.a.n.client.naming - [shutdown,145] - com.alibaba.nacos.client.naming.core.ServiceInfoUpdateService do shutdown stop
19:13:18.507 [SpringApplicationShutdownHook] INFO  c.a.n.client.naming - [shutdown,194] - com.alibaba.nacos.client.naming.core.ServerListManager do shutdown begin
19:13:18.507 [SpringApplicationShutdownHook] INFO  c.a.n.client.naming - [shutdown,199] - com.alibaba.nacos.client.naming.core.ServerListManager do shutdown stop
19:13:18.507 [SpringApplicationShutdownHook] INFO  c.a.n.client.naming - [shutdown,484] - com.alibaba.nacos.client.naming.remote.http.NamingHttpClientProxy do shutdown begin
19:13:18.507 [SpringApplicationShutdownHook] INFO  c.a.n.client.naming - [shutdown,486] - com.alibaba.nacos.client.naming.remote.http.NamingHttpClientProxy do shutdown stop
19:13:18.507 [SpringApplicationShutdownHook] INFO  c.a.n.c.r.client - [shutdown,429] - Shutdown rpc client, set status to shutdown
19:13:18.507 [SpringApplicationShutdownHook] INFO  c.a.n.c.r.client - [shutdown,431] - Shutdown client event executor java.util.concurrent.ScheduledThreadPoolExecutor@4f691605[Running, pool size = 2, active threads = 2, queued tasks = 0, completed tasks = 0]
19:13:18.507 [SpringApplicationShutdownHook] INFO  c.a.n.c.r.client - [closeConnection,584] - Close current connection 1777717727377_172.17.0.1_47646
19:13:18.509 [nacos-grpc-client-executor-localhost-546] INFO  c.a.n.c.r.c.g.GrpcClient - [printIfInfoEnabled,63] - [1777717727377_172.17.0.1_47646]Ignore complete event,isRunning:false,isAbandon=false
19:13:18.510 [SpringApplicationShutdownHook] INFO  c.a.n.c.r.c.g.GrpcClient - [shutdown,159] - Shutdown grpc executor java.util.concurrent.ThreadPoolExecutor@723b0cfb[Running, pool size = 5, active threads = 0, queued tasks = 0, completed tasks = 547]
19:13:18.510 [SpringApplicationShutdownHook] INFO  c.a.n.client.naming - [shutdown,318] - Shutdown grpc redo service executor java.util.concurrent.ScheduledThreadPoolExecutor@3002b95b[Running, pool size = 1, active threads = 0, queued tasks = 1, completed tasks = 889]
19:13:18.511 [SpringApplicationShutdownHook] INFO  c.a.n.c.a.r.i.CredentialWatcher - [stop,106] - [null] CredentialWatcher is stopped
19:13:18.511 [SpringApplicationShutdownHook] INFO  c.a.n.c.a.r.i.CredentialService - [free,100] - [null] CredentialService is freed
19:13:18.512 [SpringApplicationShutdownHook] INFO  c.a.n.client.naming - [shutdown,211] - com.alibaba.nacos.client.naming.remote.NamingClientProxyDelegate do shutdown stop
