14:46:22.243 [main] INFO  c.a.n.c.u.ParamUtil - [<clinit>,87] - [settings] [req-serv] nacos-server port:8848
14:46:22.243 [main] INFO  c.a.n.c.u.ParamUtil - [<clinit>,98] - [settings] [http-client] connect timeout:1000
14:46:22.244 [main] INFO  c.a.n.c.u.ParamUtil - [<clinit>,105] - PER_TASK_CONFIG_SIZE: 3000.0
14:46:22.265 [main] INFO  c.a.n.p.a.s.c.ClientAuthPluginManager - [init,56] - [ClientAuthPluginManager] Load ClientAuthService com.alibaba.nacos.client.auth.impl.NacosClientAuthServiceImpl success.
14:46:22.266 [main] INFO  c.a.n.p.a.s.c.ClientAuthPluginManager - [init,56] - [ClientAuthPluginManager] Load ClientAuthService com.alibaba.nacos.client.auth.ram.RamClientAuthServiceImpl success.
14:46:22.268 [main] INFO  c.a.n.c.a.r.i.CredentialWatcher - [loadCredential,165] - null No credential found
14:46:22.443 [main] INFO  c.a.n.c.c.i.LocalConfigInfoProcessor - [<clinit>,63] - LOCAL_SNAPSHOT_PATH:C:\Users\45\nacos\config
14:46:22.451 [main] INFO  c.a.n.c.r.client - [lambda$createClient$0,108] - [RpcClientFactory] create a new rpc client of 940e9844-a4c0-4f11-aeaa-fc51098d5d07_config-0
14:46:22.471 [main] INFO  c.a.n.c.r.client - [printIfInfoEnabled,63] - [940e9844-a4c0-4f11-aeaa-fc51098d5d07_config-0] Register server push request handler:com.alibaba.nacos.client.config.impl.ClientWorker$ConfigRpcTransportClient$$Lambda$564/0x00000210ba30cfb8
14:46:22.471 [main] INFO  c.a.n.c.r.client - [printIfInfoEnabled,63] - [940e9844-a4c0-4f11-aeaa-fc51098d5d07_config-0] Register server push request handler:com.alibaba.nacos.client.config.impl.ClientWorker$ConfigRpcTransportClient$$Lambda$565/0x00000210ba30d3d8
14:46:22.471 [main] INFO  c.a.n.c.r.client - [printIfInfoEnabled,63] - [940e9844-a4c0-4f11-aeaa-fc51098d5d07_config-0] Registry connection listener to current client:com.alibaba.nacos.client.config.impl.ClientWorker$ConfigRpcTransportClient$1
14:46:22.472 [main] INFO  c.a.n.c.r.client - [printIfInfoEnabled,63] - [940e9844-a4c0-4f11-aeaa-fc51098d5d07_config-0] RpcClient init, ServerListFactory = com.alibaba.nacos.client.config.impl.ClientWorker$ConfigRpcTransportClient$2
14:46:22.479 [main] INFO  c.a.n.c.r.client - [printIfInfoEnabled,63] - [940e9844-a4c0-4f11-aeaa-fc51098d5d07_config-0] Try to connect to server on start up, server: {serverIp = 'localhost', server main port = 8848}
14:46:22.509 [main] INFO  c.a.n.c.r.c.g.GrpcClient - [createNewManagedChannel,182] - grpc client connection server:localhost ip,serverPort:9848,grpcTslConfig:{"sslProvider":"OPENSSL","enableTls":false,"mutualAuthEnable":false,"trustAll":false}
14:46:23.337 [main] INFO  c.a.n.c.r.client - [printIfInfoEnabled,63] - [940e9844-a4c0-4f11-aeaa-fc51098d5d07_config-0] Try to connect to server on start up, server: {serverIp = 'localhost', server main port = 8848}
14:46:23.337 [main] INFO  c.a.n.c.r.c.g.GrpcClient - [createNewManagedChannel,182] - grpc client connection server:localhost ip,serverPort:9848,grpcTslConfig:{"sslProvider":"OPENSSL","enableTls":false,"mutualAuthEnable":false,"trustAll":false}
14:46:23.351 [main] INFO  c.a.n.c.r.client - [printIfInfoEnabled,63] - [940e9844-a4c0-4f11-aeaa-fc51098d5d07_config-0] Try to connect to server on start up, server: {serverIp = 'localhost', server main port = 8848}
14:46:23.351 [main] INFO  c.a.n.c.r.c.g.GrpcClient - [createNewManagedChannel,182] - grpc client connection server:localhost ip,serverPort:9848,grpcTslConfig:{"sslProvider":"OPENSSL","enableTls":false,"mutualAuthEnable":false,"trustAll":false}
14:46:23.356 [com.alibaba.nacos.client.remote.worker] INFO  c.a.n.c.r.client - [printIfInfoEnabled,63] - [940e9844-a4c0-4f11-aeaa-fc51098d5d07_config-0] Try to reconnect to a new server, server is  not appointed, will choose a random server.
14:46:23.357 [com.alibaba.nacos.client.remote.worker] INFO  c.a.n.c.r.c.g.GrpcClient - [createNewManagedChannel,182] - grpc client connection server:localhost ip,serverPort:9848,grpcTslConfig:{"sslProvider":"OPENSSL","enableTls":false,"mutualAuthEnable":false,"trustAll":false}
14:46:23.357 [main] INFO  c.a.n.c.r.client - [printIfInfoEnabled,63] - [940e9844-a4c0-4f11-aeaa-fc51098d5d07_config-0] Register server push request handler:com.alibaba.nacos.common.remote.client.RpcClient$ConnectResetRequestHandler
14:46:23.357 [main] INFO  c.a.n.c.r.client - [printIfInfoEnabled,63] - [940e9844-a4c0-4f11-aeaa-fc51098d5d07_config-0] Register server push request handler:com.alibaba.nacos.common.remote.client.RpcClient$$Lambda$596/0x00000210ba46dbf0
14:46:23.391 [main] INFO  c.a.n.c.c.i.Limiter - [<clinit>,62] - limitTime:5.0
14:46:23.485 [com.alibaba.nacos.client.remote.worker] INFO  c.a.n.c.r.c.g.GrpcClient - [createNewManagedChannel,182] - grpc client connection server:localhost ip,serverPort:9848,grpcTslConfig:{"sslProvider":"OPENSSL","enableTls":false,"mutualAuthEnable":false,"trustAll":false}
14:46:23.492 [com.alibaba.nacos.client.remote.worker] INFO  c.a.n.c.r.client - [printIfInfoEnabled,63] - [940e9844-a4c0-4f11-aeaa-fc51098d5d07_config-0] Fail to connect server, after trying 1 times, last try server is {serverIp = 'localhost', server main port = 8848}, error = unknown
14:46:23.704 [com.alibaba.nacos.client.remote.worker] INFO  c.a.n.c.r.c.g.GrpcClient - [createNewManagedChannel,182] - grpc client connection server:localhost ip,serverPort:9848,grpcTslConfig:{"sslProvider":"OPENSSL","enableTls":false,"mutualAuthEnable":false,"trustAll":false}
14:46:23.709 [com.alibaba.nacos.client.remote.worker] INFO  c.a.n.c.r.client - [printIfInfoEnabled,63] - [940e9844-a4c0-4f11-aeaa-fc51098d5d07_config-0] Fail to connect server, after trying 2 times, last try server is {serverIp = 'localhost', server main port = 8848}, error = unknown
14:46:24.014 [com.alibaba.nacos.client.remote.worker] INFO  c.a.n.c.r.c.g.GrpcClient - [createNewManagedChannel,182] - grpc client connection server:localhost ip,serverPort:9848,grpcTslConfig:{"sslProvider":"OPENSSL","enableTls":false,"mutualAuthEnable":false,"trustAll":false}
14:46:24.033 [com.alibaba.nacos.client.remote.worker] INFO  c.a.n.c.r.client - [printIfInfoEnabled,63] - [940e9844-a4c0-4f11-aeaa-fc51098d5d07_config-0] Fail to connect server, after trying 3 times, last try server is {serverIp = 'localhost', server main port = 8848}, error = unknown
14:46:24.385 [main] INFO  c.a.n.c.c.u.JvmUtil - [<clinit>,54] - isMultiInstance:false
14:46:24.390 [main] INFO  o.s.c.b.c.PropertySourceBootstrapConfiguration - [initialize,108] - Located property source: [BootstrapPropertySource {name='bootstrapProperties-oj-system-local.yaml,DEFAULT_GROUP'}, BootstrapPropertySource {name='bootstrapProperties-oj-system.yaml,DEFAULT_GROUP'}, BootstrapPropertySource {name='bootstrapProperties-oj-system,DEFAULT_GROUP'}]
14:46:24.398 [main] INFO  c.b.s.OjSystemApplication - [logStartupProfileInfo,636] - The following 1 profile is active: "local"
14:46:24.437 [com.alibaba.nacos.client.remote.worker] INFO  c.a.n.c.r.c.g.GrpcClient - [createNewManagedChannel,182] - grpc client connection server:localhost ip,serverPort:9848,grpcTslConfig:{"sslProvider":"OPENSSL","enableTls":false,"mutualAuthEnable":false,"trustAll":false}
14:46:24.442 [com.alibaba.nacos.client.remote.worker] INFO  c.a.n.c.r.client - [printIfInfoEnabled,63] - [940e9844-a4c0-4f11-aeaa-fc51098d5d07_config-0] Fail to connect server, after trying 4 times, last try server is {serverIp = 'localhost', server main port = 8848}, error = unknown
14:46:24.868 [main] INFO  o.s.c.c.s.GenericScope - [setSerializationId,282] - BeanFactory id=9149879e-e084-3f9f-bffb-81b0a9915377
14:46:24.950 [com.alibaba.nacos.client.remote.worker] INFO  c.a.n.c.r.c.g.GrpcClient - [createNewManagedChannel,182] - grpc client connection server:localhost ip,serverPort:9848,grpcTslConfig:{"sslProvider":"OPENSSL","enableTls":false,"mutualAuthEnable":false,"trustAll":false}
14:46:24.967 [com.alibaba.nacos.client.remote.worker] INFO  c.a.n.c.r.client - [printIfInfoEnabled,63] - [940e9844-a4c0-4f11-aeaa-fc51098d5d07_config-0] Fail to connect server, after trying 5 times, last try server is {serverIp = 'localhost', server main port = 8848}, error = unknown
14:46:25.065 [main] INFO  o.s.b.w.e.t.TomcatWebServer - [initialize,108] - Tomcat initialized with port(s): 9201 (http)
14:46:25.072 [main] INFO  o.a.c.h.Http11NioProtocol - [log,173] - Initializing ProtocolHandler ["http-nio-9201"]
14:46:25.073 [main] INFO  o.a.c.c.StandardService - [log,173] - Starting service [Tomcat]
14:46:25.073 [main] INFO  o.a.c.c.StandardEngine - [log,173] - Starting Servlet engine: [Apache Tomcat/10.1.4]
14:46:25.141 [main] INFO  o.a.c.c.C.[.[.[/] - [log,173] - Initializing Spring embedded WebApplicationContext
14:46:25.141 [main] INFO  o.s.b.w.s.c.ServletWebServerApplicationContext - [prepareWebApplicationContext,291] - Root WebApplicationContext: initialization completed in 732 ms
14:46:25.577 [com.alibaba.nacos.client.remote.worker] INFO  c.a.n.c.r.c.g.GrpcClient - [createNewManagedChannel,182] - grpc client connection server:localhost ip,serverPort:9848,grpcTslConfig:{"sslProvider":"OPENSSL","enableTls":false,"mutualAuthEnable":false,"trustAll":false}
14:46:25.582 [com.alibaba.nacos.client.remote.worker] INFO  c.a.n.c.r.client - [printIfInfoEnabled,63] - [940e9844-a4c0-4f11-aeaa-fc51098d5d07_config-0] Fail to connect server, after trying 6 times, last try server is {serverIp = 'localhost', server main port = 8848}, error = unknown
14:46:26.024 [main] INFO  o.a.c.h.Http11NioProtocol - [log,173] - Starting ProtocolHandler ["http-nio-9201"]
14:46:26.034 [main] INFO  o.s.b.w.e.t.TomcatWebServer - [start,220] - Tomcat started on port(s): 9201 (http) with context path ''
14:46:26.037 [main] INFO  c.a.n.client.naming - [initNamespaceForNaming,62] - initializer namespace from ans.namespace attribute : null
14:46:26.038 [main] INFO  c.a.n.client.naming - [lambda$initNamespaceForNaming$0,66] - initializer namespace from ALIBABA_ALIWARE_NAMESPACE attribute :null
14:46:26.038 [main] INFO  c.a.n.client.naming - [lambda$initNamespaceForNaming$1,73] - initializer namespace from namespace attribute :null
14:46:26.046 [main] INFO  c.a.n.p.a.s.c.ClientAuthPluginManager - [init,56] - [ClientAuthPluginManager] Load ClientAuthService com.alibaba.nacos.client.auth.impl.NacosClientAuthServiceImpl success.
14:46:26.046 [main] INFO  c.a.n.p.a.s.c.ClientAuthPluginManager - [init,56] - [ClientAuthPluginManager] Load ClientAuthService com.alibaba.nacos.client.auth.ram.RamClientAuthServiceImpl success.
14:46:26.049 [main] INFO  c.a.n.c.r.client - [lambda$createClient$0,108] - [RpcClientFactory] create a new rpc client of 66bf4c56-ea3b-44ca-b19d-ef8e65f30283
14:46:26.051 [main] INFO  c.a.n.c.r.client - [printIfInfoEnabled,63] - [66bf4c56-ea3b-44ca-b19d-ef8e65f30283] RpcClient init, ServerListFactory = com.alibaba.nacos.client.naming.core.ServerListManager
14:46:26.051 [main] INFO  c.a.n.c.r.client - [printIfInfoEnabled,63] - [66bf4c56-ea3b-44ca-b19d-ef8e65f30283] Registry connection listener to current client:com.alibaba.nacos.client.naming.remote.gprc.redo.NamingGrpcRedoService
14:46:26.051 [main] INFO  c.a.n.c.r.client - [printIfInfoEnabled,63] - [66bf4c56-ea3b-44ca-b19d-ef8e65f30283] Register server push request handler:com.alibaba.nacos.client.naming.remote.gprc.NamingPushRequestHandler
14:46:26.052 [main] INFO  c.a.n.c.r.client - [printIfInfoEnabled,63] - [66bf4c56-ea3b-44ca-b19d-ef8e65f30283] Try to connect to server on start up, server: {serverIp = 'localhost', server main port = 8848}
14:46:26.052 [main] INFO  c.a.n.c.r.c.g.GrpcClient - [createNewManagedChannel,182] - grpc client connection server:localhost ip,serverPort:9848,grpcTslConfig:{"sslProvider":"OPENSSL","enableTls":false,"mutualAuthEnable":false,"trustAll":false}
14:46:26.055 [main] INFO  c.a.n.c.r.client - [printIfInfoEnabled,63] - [66bf4c56-ea3b-44ca-b19d-ef8e65f30283] Try to connect to server on start up, server: {serverIp = 'localhost', server main port = 8848}
14:46:26.056 [main] INFO  c.a.n.c.r.c.g.GrpcClient - [createNewManagedChannel,182] - grpc client connection server:localhost ip,serverPort:9848,grpcTslConfig:{"sslProvider":"OPENSSL","enableTls":false,"mutualAuthEnable":false,"trustAll":false}
14:46:26.058 [main] INFO  c.a.n.c.r.client - [printIfInfoEnabled,63] - [66bf4c56-ea3b-44ca-b19d-ef8e65f30283] Try to connect to server on start up, server: {serverIp = 'localhost', server main port = 8848}
14:46:26.058 [main] INFO  c.a.n.c.r.c.g.GrpcClient - [createNewManagedChannel,182] - grpc client connection server:localhost ip,serverPort:9848,grpcTslConfig:{"sslProvider":"OPENSSL","enableTls":false,"mutualAuthEnable":false,"trustAll":false}
14:46:26.061 [main] INFO  c.a.n.c.r.client - [printIfInfoEnabled,63] - [66bf4c56-ea3b-44ca-b19d-ef8e65f30283] Register server push request handler:com.alibaba.nacos.common.remote.client.RpcClient$ConnectResetRequestHandler
14:46:26.061 [com.alibaba.nacos.client.remote.worker] INFO  c.a.n.c.r.client - [printIfInfoEnabled,63] - [66bf4c56-ea3b-44ca-b19d-ef8e65f30283] Try to reconnect to a new server, server is  not appointed, will choose a random server.
14:46:26.061 [main] INFO  c.a.n.c.r.client - [printIfInfoEnabled,63] - [66bf4c56-ea3b-44ca-b19d-ef8e65f30283] Register server push request handler:com.alibaba.nacos.common.remote.client.RpcClient$$Lambda$596/0x00000210ba46dbf0
14:46:26.061 [com.alibaba.nacos.client.remote.worker] INFO  c.a.n.c.r.c.g.GrpcClient - [createNewManagedChannel,182] - grpc client connection server:localhost ip,serverPort:9848,grpcTslConfig:{"sslProvider":"OPENSSL","enableTls":false,"mutualAuthEnable":false,"trustAll":false}
14:46:26.062 [main] INFO  c.a.n.client.naming - [registerService,121] - [REGISTER-SERVICE] 1b411097-df3c-4cac-a649-ba6b6b22fcd4 registering service oj-system with instance Instance{instanceId='null', ip='172.20.10.6', port=9201, weight=1.0, healthy=true, enabled=true, ephemeral=true, clusterName='DEFAULT', serviceName='null', metadata={IPv6=[2409:897a:3d80:97a3:543:892d:f811:3246], preserved.register.source=SPRING_CLOUD}}
14:46:26.169 [com.alibaba.nacos.client.remote.worker] INFO  c.a.n.c.r.c.g.GrpcClient - [createNewManagedChannel,182] - grpc client connection server:localhost ip,serverPort:9848,grpcTslConfig:{"sslProvider":"OPENSSL","enableTls":false,"mutualAuthEnable":false,"trustAll":false}
14:46:26.202 [com.alibaba.nacos.client.remote.worker] INFO  c.a.n.c.r.client - [printIfInfoEnabled,63] - [66bf4c56-ea3b-44ca-b19d-ef8e65f30283] Fail to connect server, after trying 1 times, last try server is {serverIp = 'localhost', server main port = 8848}, error = unknown
14:46:26.295 [com.alibaba.nacos.client.remote.worker] INFO  c.a.n.c.r.c.g.GrpcClient - [createNewManagedChannel,182] - grpc client connection server:localhost ip,serverPort:9848,grpcTslConfig:{"sslProvider":"OPENSSL","enableTls":false,"mutualAuthEnable":false,"trustAll":false}
14:46:26.301 [com.alibaba.nacos.client.remote.worker] INFO  c.a.n.c.r.client - [printIfInfoEnabled,63] - [940e9844-a4c0-4f11-aeaa-fc51098d5d07_config-0] Fail to connect server, after trying 7 times, last try server is {serverIp = 'localhost', server main port = 8848}, error = unknown
14:46:26.398 [main] INFO  c.a.n.client.naming - [shutdown,256] - com.alibaba.nacos.client.naming.cache.ServiceInfoHolder do shutdown begin
14:46:26.398 [main] INFO  c.a.n.client.naming - [shutdown,136] - com.alibaba.nacos.client.naming.backups.FailoverReactor do shutdown begin
14:46:26.403 [com.alibaba.nacos.client.remote.worker] INFO  c.a.n.c.r.c.g.GrpcClient - [createNewManagedChannel,182] - grpc client connection server:localhost ip,serverPort:9848,grpcTslConfig:{"sslProvider":"OPENSSL","enableTls":false,"mutualAuthEnable":false,"trustAll":false}
14:46:26.407 [com.alibaba.nacos.client.remote.worker] INFO  c.a.n.c.r.client - [printIfInfoEnabled,63] - [66bf4c56-ea3b-44ca-b19d-ef8e65f30283] Fail to connect server, after trying 2 times, last try server is {serverIp = 'localhost', server main port = 8848}, error = unknown
14:46:26.717 [com.alibaba.nacos.client.remote.worker] INFO  c.a.n.c.r.c.g.GrpcClient - [createNewManagedChannel,182] - grpc client connection server:localhost ip,serverPort:9848,grpcTslConfig:{"sslProvider":"OPENSSL","enableTls":false,"mutualAuthEnable":false,"trustAll":false}
14:46:26.722 [com.alibaba.nacos.client.remote.worker] INFO  c.a.n.c.r.client - [printIfInfoEnabled,63] - [66bf4c56-ea3b-44ca-b19d-ef8e65f30283] Fail to connect server, after trying 3 times, last try server is {serverIp = 'localhost', server main port = 8848}, error = unknown
14:46:26.733 [main] INFO  c.a.n.client.naming - [shutdown,138] - com.alibaba.nacos.client.naming.backups.FailoverReactor do shutdown stop
14:46:26.733 [main] INFO  c.a.n.client.naming - [shutdown,258] - com.alibaba.nacos.client.naming.cache.ServiceInfoHolder do shutdown stop
14:46:26.733 [main] INFO  c.a.n.client.naming - [shutdown,204] - com.alibaba.nacos.client.naming.remote.NamingClientProxyDelegate do shutdown begin
14:46:26.733 [main] INFO  c.a.n.client.naming - [shutdown,143] - com.alibaba.nacos.client.naming.core.ServiceInfoUpdateService do shutdown begin
14:46:26.734 [main] INFO  c.a.n.client.naming - [shutdown,145] - com.alibaba.nacos.client.naming.core.ServiceInfoUpdateService do shutdown stop
14:46:26.734 [main] INFO  c.a.n.client.naming - [shutdown,194] - com.alibaba.nacos.client.naming.core.ServerListManager do shutdown begin
14:46:26.734 [main] INFO  c.a.n.client.naming - [shutdown,199] - com.alibaba.nacos.client.naming.core.ServerListManager do shutdown stop
14:46:26.735 [main] INFO  c.a.n.client.naming - [shutdown,484] - com.alibaba.nacos.client.naming.remote.http.NamingHttpClientProxy do shutdown begin
14:46:26.735 [main] INFO  c.a.n.client.naming - [shutdown,486] - com.alibaba.nacos.client.naming.remote.http.NamingHttpClientProxy do shutdown stop
14:46:26.735 [main] INFO  c.a.n.c.r.client - [shutdown,429] - Shutdown rpc client, set status to shutdown
14:46:26.735 [main] INFO  c.a.n.c.r.client - [shutdown,431] - Shutdown client event executor java.util.concurrent.ScheduledThreadPoolExecutor@5100c143[Running, pool size = 2, active threads = 2, queued tasks = 0, completed tasks = 0]
14:46:26.735 [main] INFO  c.a.n.c.r.c.g.GrpcClient - [shutdown,159] - Shutdown grpc executor java.util.concurrent.ThreadPoolExecutor@12404f9d[Running, pool size = 28, active threads = 0, queued tasks = 0, completed tasks = 28]
14:46:26.735 [com.alibaba.nacos.client.remote.worker] INFO  c.a.n.c.r.client - [printIfInfoEnabled,63] - [66bf4c56-ea3b-44ca-b19d-ef8e65f30283] Client is shutdown, stop reconnect to server
14:46:26.735 [main] INFO  c.a.n.client.naming - [shutdown,318] - Shutdown grpc redo service executor java.util.concurrent.ScheduledThreadPoolExecutor@3b42b729[Running, pool size = 1, active threads = 0, queued tasks = 1, completed tasks = 0]
14:46:26.736 [main] INFO  c.a.n.c.a.r.i.CredentialWatcher - [stop,106] - [null] CredentialWatcher is stopped
14:46:26.737 [main] INFO  c.a.n.c.a.r.i.CredentialService - [free,100] - [null] CredentialService is freed
14:46:26.738 [main] INFO  c.a.n.client.naming - [shutdown,211] - com.alibaba.nacos.client.naming.remote.NamingClientProxyDelegate do shutdown stop
14:46:26.752 [main] INFO  o.a.c.h.Http11NioProtocol - [log,173] - Pausing ProtocolHandler ["http-nio-9201"]
14:46:26.752 [main] INFO  o.a.c.c.StandardService - [log,173] - Stopping service [Tomcat]
14:46:26.760 [main] INFO  o.a.c.h.Http11NioProtocol - [log,173] - Stopping ProtocolHandler ["http-nio-9201"]
14:46:26.761 [main] INFO  o.a.c.h.Http11NioProtocol - [log,173] - Destroying ProtocolHandler ["http-nio-9201"]
14:46:26.767 [main] INFO  o.s.b.a.l.ConditionEvaluationReportLogger - [logMessage,82] - 

Error starting ApplicationContext. To display the condition evaluation report re-run your application with 'debug' enabled.
14:46:57.593 [main] INFO  c.a.n.c.u.ParamUtil - [<clinit>,87] - [settings] [req-serv] nacos-server port:8848
14:46:57.594 [main] INFO  c.a.n.c.u.ParamUtil - [<clinit>,98] - [settings] [http-client] connect timeout:1000
14:46:57.596 [main] INFO  c.a.n.c.u.ParamUtil - [<clinit>,105] - PER_TASK_CONFIG_SIZE: 3000.0
14:46:57.624 [main] INFO  c.a.n.p.a.s.c.ClientAuthPluginManager - [init,56] - [ClientAuthPluginManager] Load ClientAuthService com.alibaba.nacos.client.auth.impl.NacosClientAuthServiceImpl success.
14:46:57.624 [main] INFO  c.a.n.p.a.s.c.ClientAuthPluginManager - [init,56] - [ClientAuthPluginManager] Load ClientAuthService com.alibaba.nacos.client.auth.ram.RamClientAuthServiceImpl success.
14:46:57.626 [main] INFO  c.a.n.c.a.r.i.CredentialWatcher - [loadCredential,165] - null No credential found
14:46:57.864 [main] INFO  c.a.n.c.c.i.LocalConfigInfoProcessor - [<clinit>,63] - LOCAL_SNAPSHOT_PATH:C:\Users\45\nacos\config
14:46:57.867 [main] INFO  c.a.n.c.r.client - [lambda$createClient$0,108] - [RpcClientFactory] create a new rpc client of 738c5981-634e-434e-9ace-9ed411657870_config-0
14:46:57.880 [main] INFO  c.a.n.c.r.client - [printIfInfoEnabled,63] - [738c5981-634e-434e-9ace-9ed411657870_config-0] Register server push request handler:com.alibaba.nacos.client.config.impl.ClientWorker$ConfigRpcTransportClient$$Lambda$576/0x0000018b09315928
14:46:57.880 [main] INFO  c.a.n.c.r.client - [printIfInfoEnabled,63] - [738c5981-634e-434e-9ace-9ed411657870_config-0] Register server push request handler:com.alibaba.nacos.client.config.impl.ClientWorker$ConfigRpcTransportClient$$Lambda$577/0x0000018b09315d48
14:46:57.881 [main] INFO  c.a.n.c.r.client - [printIfInfoEnabled,63] - [738c5981-634e-434e-9ace-9ed411657870_config-0] Registry connection listener to current client:com.alibaba.nacos.client.config.impl.ClientWorker$ConfigRpcTransportClient$1
14:46:57.881 [main] INFO  c.a.n.c.r.client - [printIfInfoEnabled,63] - [738c5981-634e-434e-9ace-9ed411657870_config-0] RpcClient init, ServerListFactory = com.alibaba.nacos.client.config.impl.ClientWorker$ConfigRpcTransportClient$2
14:46:57.887 [main] INFO  c.a.n.c.r.client - [printIfInfoEnabled,63] - [738c5981-634e-434e-9ace-9ed411657870_config-0] Try to connect to server on start up, server: {serverIp = 'localhost', server main port = 8848}
14:46:57.911 [main] INFO  c.a.n.c.r.c.g.GrpcClient - [createNewManagedChannel,182] - grpc client connection server:localhost ip,serverPort:9848,grpcTslConfig:{"sslProvider":"OPENSSL","enableTls":false,"mutualAuthEnable":false,"trustAll":false}
14:46:58.751 [main] INFO  c.a.n.c.r.client - [printIfInfoEnabled,63] - [738c5981-634e-434e-9ace-9ed411657870_config-0] Try to connect to server on start up, server: {serverIp = 'localhost', server main port = 8848}
14:46:58.751 [main] INFO  c.a.n.c.r.c.g.GrpcClient - [createNewManagedChannel,182] - grpc client connection server:localhost ip,serverPort:9848,grpcTslConfig:{"sslProvider":"OPENSSL","enableTls":false,"mutualAuthEnable":false,"trustAll":false}
14:46:58.765 [main] INFO  c.a.n.c.r.client - [printIfInfoEnabled,63] - [738c5981-634e-434e-9ace-9ed411657870_config-0] Try to connect to server on start up, server: {serverIp = 'localhost', server main port = 8848}
14:46:58.765 [main] INFO  c.a.n.c.r.c.g.GrpcClient - [createNewManagedChannel,182] - grpc client connection server:localhost ip,serverPort:9848,grpcTslConfig:{"sslProvider":"OPENSSL","enableTls":false,"mutualAuthEnable":false,"trustAll":false}
14:46:58.780 [com.alibaba.nacos.client.remote.worker] INFO  c.a.n.c.r.client - [printIfInfoEnabled,63] - [738c5981-634e-434e-9ace-9ed411657870_config-0] Try to reconnect to a new server, server is  not appointed, will choose a random server.
14:46:58.780 [main] INFO  c.a.n.c.r.client - [printIfInfoEnabled,63] - [738c5981-634e-434e-9ace-9ed411657870_config-0] Register server push request handler:com.alibaba.nacos.common.remote.client.RpcClient$ConnectResetRequestHandler
14:46:58.781 [com.alibaba.nacos.client.remote.worker] INFO  c.a.n.c.r.c.g.GrpcClient - [createNewManagedChannel,182] - grpc client connection server:localhost ip,serverPort:9848,grpcTslConfig:{"sslProvider":"OPENSSL","enableTls":false,"mutualAuthEnable":false,"trustAll":false}
14:46:58.781 [main] INFO  c.a.n.c.r.client - [printIfInfoEnabled,63] - [738c5981-634e-434e-9ace-9ed411657870_config-0] Register server push request handler:com.alibaba.nacos.common.remote.client.RpcClient$$Lambda$597/0x0000018b094a1350
14:46:58.815 [main] INFO  c.a.n.c.c.i.Limiter - [<clinit>,62] - limitTime:5.0
14:46:58.907 [com.alibaba.nacos.client.remote.worker] INFO  c.a.n.c.r.c.g.GrpcClient - [createNewManagedChannel,182] - grpc client connection server:localhost ip,serverPort:9848,grpcTslConfig:{"sslProvider":"OPENSSL","enableTls":false,"mutualAuthEnable":false,"trustAll":false}
14:46:59.050 [com.alibaba.nacos.client.remote.worker] INFO  c.a.n.c.r.client - [printIfInfoEnabled,63] - [738c5981-634e-434e-9ace-9ed411657870_config-0] Fail to connect server, after trying 1 times, last try server is {serverIp = 'localhost', server main port = 8848}, error = unknown
14:46:59.252 [com.alibaba.nacos.client.remote.worker] INFO  c.a.n.c.r.c.g.GrpcClient - [createNewManagedChannel,182] - grpc client connection server:localhost ip,serverPort:9848,grpcTslConfig:{"sslProvider":"OPENSSL","enableTls":false,"mutualAuthEnable":false,"trustAll":false}
14:46:59.271 [com.alibaba.nacos.client.remote.worker] INFO  c.a.n.c.r.client - [printIfInfoEnabled,63] - [738c5981-634e-434e-9ace-9ed411657870_config-0] Fail to connect server, after trying 2 times, last try server is {serverIp = 'localhost', server main port = 8848}, error = unknown
14:46:59.577 [com.alibaba.nacos.client.remote.worker] INFO  c.a.n.c.r.c.g.GrpcClient - [createNewManagedChannel,182] - grpc client connection server:localhost ip,serverPort:9848,grpcTslConfig:{"sslProvider":"OPENSSL","enableTls":false,"mutualAuthEnable":false,"trustAll":false}
14:46:59.601 [com.alibaba.nacos.client.remote.worker] INFO  c.a.n.c.r.client - [printIfInfoEnabled,63] - [738c5981-634e-434e-9ace-9ed411657870_config-0] Fail to connect server, after trying 3 times, last try server is {serverIp = 'localhost', server main port = 8848}, error = unknown
14:46:59.780 [main] INFO  c.a.n.c.c.u.JvmUtil - [<clinit>,54] - isMultiInstance:false
14:46:59.785 [main] INFO  o.s.c.b.c.PropertySourceBootstrapConfiguration - [initialize,108] - Located property source: [BootstrapPropertySource {name='bootstrapProperties-oj-system-local.yaml,DEFAULT_GROUP'}, BootstrapPropertySource {name='bootstrapProperties-oj-system.yaml,DEFAULT_GROUP'}, BootstrapPropertySource {name='bootstrapProperties-oj-system,DEFAULT_GROUP'}]
14:46:59.792 [main] INFO  c.b.s.OjSystemApplication - [logStartupProfileInfo,636] - The following 1 profile is active: "local"
14:47:00.014 [com.alibaba.nacos.client.remote.worker] INFO  c.a.n.c.r.c.g.GrpcClient - [createNewManagedChannel,182] - grpc client connection server:localhost ip,serverPort:9848,grpcTslConfig:{"sslProvider":"OPENSSL","enableTls":false,"mutualAuthEnable":false,"trustAll":false}
14:47:00.030 [com.alibaba.nacos.client.remote.worker] INFO  c.a.n.c.r.client - [printIfInfoEnabled,63] - [738c5981-634e-434e-9ace-9ed411657870_config-0] Fail to connect server, after trying 4 times, last try server is {serverIp = 'localhost', server main port = 8848}, error = unknown
14:47:00.376 [main] INFO  o.s.c.c.s.GenericScope - [setSerializationId,282] - BeanFactory id=9149879e-e084-3f9f-bffb-81b0a9915377
14:47:00.544 [com.alibaba.nacos.client.remote.worker] INFO  c.a.n.c.r.c.g.GrpcClient - [createNewManagedChannel,182] - grpc client connection server:localhost ip,serverPort:9848,grpcTslConfig:{"sslProvider":"OPENSSL","enableTls":false,"mutualAuthEnable":false,"trustAll":false}
14:47:00.566 [main] INFO  o.s.b.w.e.t.TomcatWebServer - [initialize,108] - Tomcat initialized with port(s): 9201 (http)
14:47:00.572 [main] INFO  o.a.c.h.Http11NioProtocol - [log,173] - Initializing ProtocolHandler ["http-nio-9201"]
14:47:00.575 [main] INFO  o.a.c.c.StandardService - [log,173] - Starting service [Tomcat]
14:47:00.575 [main] INFO  o.a.c.c.StandardEngine - [log,173] - Starting Servlet engine: [Apache Tomcat/10.1.4]
14:47:00.635 [main] INFO  o.a.c.c.C.[.[.[/] - [log,173] - Initializing Spring embedded WebApplicationContext
14:47:00.635 [main] INFO  o.s.b.w.s.c.ServletWebServerApplicationContext - [prepareWebApplicationContext,291] - Root WebApplicationContext: initialization completed in 828 ms
14:47:00.744 [com.alibaba.nacos.client.remote.worker] INFO  c.a.n.c.r.client - [printIfInfoEnabled,63] - [738c5981-634e-434e-9ace-9ed411657870_config-0] Fail to connect server, after trying 5 times, last try server is {serverIp = 'localhost', server main port = 8848}, error = unknown
14:47:01.353 [com.alibaba.nacos.client.remote.worker] INFO  c.a.n.c.r.c.g.GrpcClient - [createNewManagedChannel,182] - grpc client connection server:localhost ip,serverPort:9848,grpcTslConfig:{"sslProvider":"OPENSSL","enableTls":false,"mutualAuthEnable":false,"trustAll":false}
14:47:01.509 [com.alibaba.nacos.client.remote.worker] INFO  c.a.n.c.r.client - [printIfInfoEnabled,63] - [738c5981-634e-434e-9ace-9ed411657870_config-0] Success to connect a server [localhost:8848], connectionId = 1777358821375_172.17.0.1_59742
14:47:01.509 [com.alibaba.nacos.client.remote.worker] INFO  c.a.n.c.r.client - [printIfInfoEnabled,63] - [738c5981-634e-434e-9ace-9ed411657870_config-0] Notify connected event to listeners.
14:47:01.510 [com.alibaba.nacos.client.remote.worker] INFO  c.a.n.c.c.i.ClientWorker - [onConnected,639] - [738c5981-634e-434e-9ace-9ed411657870_config-0] Connected,notify listen context...
14:47:01.525 [main] INFO  o.a.c.h.Http11NioProtocol - [log,173] - Starting ProtocolHandler ["http-nio-9201"]
14:47:01.533 [main] INFO  o.s.b.w.e.t.TomcatWebServer - [start,220] - Tomcat started on port(s): 9201 (http) with context path ''
14:47:01.536 [main] INFO  c.a.n.client.naming - [initNamespaceForNaming,62] - initializer namespace from ans.namespace attribute : null
14:47:01.537 [main] INFO  c.a.n.client.naming - [lambda$initNamespaceForNaming$0,66] - initializer namespace from ALIBABA_ALIWARE_NAMESPACE attribute :null
14:47:01.537 [main] INFO  c.a.n.client.naming - [lambda$initNamespaceForNaming$1,73] - initializer namespace from namespace attribute :null
14:47:01.543 [main] INFO  c.a.n.p.a.s.c.ClientAuthPluginManager - [init,56] - [ClientAuthPluginManager] Load ClientAuthService com.alibaba.nacos.client.auth.impl.NacosClientAuthServiceImpl success.
14:47:01.544 [main] INFO  c.a.n.p.a.s.c.ClientAuthPluginManager - [init,56] - [ClientAuthPluginManager] Load ClientAuthService com.alibaba.nacos.client.auth.ram.RamClientAuthServiceImpl success.
14:47:01.547 [main] INFO  c.a.n.c.r.client - [lambda$createClient$0,108] - [RpcClientFactory] create a new rpc client of c5c06682-a6e9-4595-832e-1c21ef511b99
14:47:01.548 [main] INFO  c.a.n.c.r.client - [printIfInfoEnabled,63] - [c5c06682-a6e9-4595-832e-1c21ef511b99] RpcClient init, ServerListFactory = com.alibaba.nacos.client.naming.core.ServerListManager
14:47:01.548 [main] INFO  c.a.n.c.r.client - [printIfInfoEnabled,63] - [c5c06682-a6e9-4595-832e-1c21ef511b99] Registry connection listener to current client:com.alibaba.nacos.client.naming.remote.gprc.redo.NamingGrpcRedoService
14:47:01.549 [main] INFO  c.a.n.c.r.client - [printIfInfoEnabled,63] - [c5c06682-a6e9-4595-832e-1c21ef511b99] Register server push request handler:com.alibaba.nacos.client.naming.remote.gprc.NamingPushRequestHandler
14:47:01.549 [main] INFO  c.a.n.c.r.client - [printIfInfoEnabled,63] - [c5c06682-a6e9-4595-832e-1c21ef511b99] Try to connect to server on start up, server: {serverIp = 'localhost', server main port = 8848}
14:47:01.549 [main] INFO  c.a.n.c.r.c.g.GrpcClient - [createNewManagedChannel,182] - grpc client connection server:localhost ip,serverPort:9848,grpcTslConfig:{"sslProvider":"OPENSSL","enableTls":false,"mutualAuthEnable":false,"trustAll":false}
14:47:01.665 [main] INFO  c.a.n.c.r.client - [printIfInfoEnabled,63] - [c5c06682-a6e9-4595-832e-1c21ef511b99] Success to connect to server [localhost:8848] on start up, connectionId = 1777358821553_172.17.0.1_59752
14:47:01.665 [main] INFO  c.a.n.c.r.client - [printIfInfoEnabled,63] - [c5c06682-a6e9-4595-832e-1c21ef511b99] Register server push request handler:com.alibaba.nacos.common.remote.client.RpcClient$ConnectResetRequestHandler
14:47:01.665 [com.alibaba.nacos.client.remote.worker] INFO  c.a.n.c.r.client - [printIfInfoEnabled,63] - [c5c06682-a6e9-4595-832e-1c21ef511b99] Notify connected event to listeners.
14:47:01.665 [com.alibaba.nacos.client.remote.worker] INFO  c.a.n.client.naming - [onConnected,78] - Grpc connection connect
14:47:01.665 [main] INFO  c.a.n.c.r.client - [printIfInfoEnabled,63] - [c5c06682-a6e9-4595-832e-1c21ef511b99] Register server push request handler:com.alibaba.nacos.common.remote.client.RpcClient$$Lambda$597/0x0000018b094a1350
14:47:01.666 [main] INFO  c.a.n.client.naming - [registerService,121] - [REGISTER-SERVICE] 1b411097-df3c-4cac-a649-ba6b6b22fcd4 registering service oj-system with instance Instance{instanceId='null', ip='172.20.10.6', port=9201, weight=1.0, healthy=true, enabled=true, ephemeral=true, clusterName='DEFAULT', serviceName='null', metadata={IPv6=[2409:897a:3d80:97a3:543:892d:f811:3246], preserved.register.source=SPRING_CLOUD}}
14:47:01.688 [main] INFO  c.a.c.n.r.NacosServiceRegistry - [register,76] - nacos registry, DEFAULT_GROUP oj-system 172.20.10.6:9201 register finished
14:47:01.846 [main] INFO  c.b.s.OjSystemApplication - [logStarted,57] - Started OjSystemApplication in 5.123 seconds (process running for 5.76)
14:47:01.848 [main] INFO  c.a.n.c.c.i.CacheData - [<clinit>,67] - nacos.cache.data.init.snapshot = true 
14:47:01.850 [main] INFO  c.a.n.c.c.i.ClientWorker - [addCacheDataIfAbsent,380] - [fixed-1b411097-df3c-4cac-a649-ba6b6b22fcd4-localhost_8848] [subscribe] oj-system-local.yaml+DEFAULT_GROUP+1b411097-df3c-4cac-a649-ba6b6b22fcd4
14:47:01.855 [main] INFO  c.a.n.c.c.i.CacheData - [addListener,197] - [fixed-1b411097-df3c-4cac-a649-ba6b6b22fcd4-localhost_8848] [add-listener] ok, tenant=1b411097-df3c-4cac-a649-ba6b6b22fcd4, dataId=oj-system-local.yaml, group=DEFAULT_GROUP, cnt=1
14:47:01.856 [main] INFO  c.a.c.n.r.NacosContextRefresher - [registerNacosListener,129] - [Nacos Config] Listening config: dataId=oj-system-local.yaml, group=DEFAULT_GROUP
14:47:01.856 [main] INFO  c.a.n.c.c.i.ClientWorker - [addCacheDataIfAbsent,380] - [fixed-1b411097-df3c-4cac-a649-ba6b6b22fcd4-localhost_8848] [subscribe] oj-system+DEFAULT_GROUP+1b411097-df3c-4cac-a649-ba6b6b22fcd4
14:47:01.856 [main] INFO  c.a.n.c.c.i.CacheData - [addListener,197] - [fixed-1b411097-df3c-4cac-a649-ba6b6b22fcd4-localhost_8848] [add-listener] ok, tenant=1b411097-df3c-4cac-a649-ba6b6b22fcd4, dataId=oj-system, group=DEFAULT_GROUP, cnt=1
14:47:01.856 [main] INFO  c.a.c.n.r.NacosContextRefresher - [registerNacosListener,129] - [Nacos Config] Listening config: dataId=oj-system, group=DEFAULT_GROUP
14:47:01.856 [main] INFO  c.a.n.c.c.i.ClientWorker - [addCacheDataIfAbsent,380] - [fixed-1b411097-df3c-4cac-a649-ba6b6b22fcd4-localhost_8848] [subscribe] oj-system.yaml+DEFAULT_GROUP+1b411097-df3c-4cac-a649-ba6b6b22fcd4
14:47:01.856 [main] INFO  c.a.n.c.c.i.CacheData - [addListener,197] - [fixed-1b411097-df3c-4cac-a649-ba6b6b22fcd4-localhost_8848] [add-listener] ok, tenant=1b411097-df3c-4cac-a649-ba6b6b22fcd4, dataId=oj-system.yaml, group=DEFAULT_GROUP, cnt=1
14:47:01.856 [main] INFO  c.a.c.n.r.NacosContextRefresher - [registerNacosListener,129] - [Nacos Config] Listening config: dataId=oj-system.yaml, group=DEFAULT_GROUP
14:48:44.847 [SpringApplicationShutdownHook] INFO  c.a.c.n.r.NacosServiceRegistry - [deregister,95] - De-registering from Nacos Server now...
14:48:44.847 [SpringApplicationShutdownHook] INFO  c.a.n.client.naming - [deregisterService,217] - [DEREGISTER-SERVICE] 1b411097-df3c-4cac-a649-ba6b6b22fcd4 deregistering service oj-system with instance: Instance{instanceId='null', ip='172.20.10.6', port=9201, weight=1.0, healthy=true, enabled=true, ephemeral=true, clusterName='DEFAULT', serviceName='null', metadata={}}
14:48:44.852 [SpringApplicationShutdownHook] INFO  c.a.c.n.r.NacosServiceRegistry - [deregister,115] - De-registration finished.
14:48:44.852 [SpringApplicationShutdownHook] INFO  c.a.n.client.naming - [shutdown,256] - com.alibaba.nacos.client.naming.cache.ServiceInfoHolder do shutdown begin
14:48:44.852 [SpringApplicationShutdownHook] INFO  c.a.n.client.naming - [shutdown,136] - com.alibaba.nacos.client.naming.backups.FailoverReactor do shutdown begin
14:48:44.852 [SpringApplicationShutdownHook] INFO  c.a.n.client.naming - [shutdown,138] - com.alibaba.nacos.client.naming.backups.FailoverReactor do shutdown stop
14:48:44.852 [SpringApplicationShutdownHook] INFO  c.a.n.client.naming - [shutdown,258] - com.alibaba.nacos.client.naming.cache.ServiceInfoHolder do shutdown stop
14:48:44.853 [SpringApplicationShutdownHook] INFO  c.a.n.client.naming - [shutdown,204] - com.alibaba.nacos.client.naming.remote.NamingClientProxyDelegate do shutdown begin
14:48:44.853 [SpringApplicationShutdownHook] INFO  c.a.n.client.naming - [shutdown,143] - com.alibaba.nacos.client.naming.core.ServiceInfoUpdateService do shutdown begin
14:48:44.853 [SpringApplicationShutdownHook] INFO  c.a.n.client.naming - [shutdown,145] - com.alibaba.nacos.client.naming.core.ServiceInfoUpdateService do shutdown stop
14:48:44.853 [SpringApplicationShutdownHook] INFO  c.a.n.client.naming - [shutdown,194] - com.alibaba.nacos.client.naming.core.ServerListManager do shutdown begin
14:48:44.853 [SpringApplicationShutdownHook] INFO  c.a.n.client.naming - [shutdown,199] - com.alibaba.nacos.client.naming.core.ServerListManager do shutdown stop
14:48:44.853 [SpringApplicationShutdownHook] INFO  c.a.n.client.naming - [shutdown,484] - com.alibaba.nacos.client.naming.remote.http.NamingHttpClientProxy do shutdown begin
14:48:44.853 [SpringApplicationShutdownHook] INFO  c.a.n.client.naming - [shutdown,486] - com.alibaba.nacos.client.naming.remote.http.NamingHttpClientProxy do shutdown stop
14:48:44.853 [SpringApplicationShutdownHook] INFO  c.a.n.c.r.client - [shutdown,429] - Shutdown rpc client, set status to shutdown
14:48:44.853 [SpringApplicationShutdownHook] INFO  c.a.n.c.r.client - [shutdown,431] - Shutdown client event executor java.util.concurrent.ScheduledThreadPoolExecutor@5afbd247[Running, pool size = 2, active threads = 2, queued tasks = 0, completed tasks = 0]
14:48:44.853 [SpringApplicationShutdownHook] INFO  c.a.n.c.r.client - [closeConnection,584] - Close current connection 1777358821553_172.17.0.1_59752
14:48:44.855 [SpringApplicationShutdownHook] INFO  c.a.n.c.r.c.g.GrpcClient - [shutdown,159] - Shutdown grpc executor java.util.concurrent.ThreadPoolExecutor@73eeb436[Running, pool size = 4, active threads = 1, queued tasks = 0, completed tasks = 34]
14:48:44.855 [SpringApplicationShutdownHook] INFO  c.a.n.client.naming - [shutdown,318] - Shutdown grpc redo service executor java.util.concurrent.ScheduledThreadPoolExecutor@51c810fc[Running, pool size = 1, active threads = 0, queued tasks = 1, completed tasks = 34]
14:48:44.855 [SpringApplicationShutdownHook] INFO  c.a.n.c.a.r.i.CredentialWatcher - [stop,106] - [null] CredentialWatcher is stopped
14:48:44.855 [SpringApplicationShutdownHook] INFO  c.a.n.c.a.r.i.CredentialService - [free,100] - [null] CredentialService is freed
14:48:44.856 [SpringApplicationShutdownHook] INFO  c.a.n.client.naming - [shutdown,211] - com.alibaba.nacos.client.naming.remote.NamingClientProxyDelegate do shutdown stop
14:49:36.049 [main] INFO  c.a.n.c.u.ParamUtil - [<clinit>,87] - [settings] [req-serv] nacos-server port:8848
14:49:36.049 [main] INFO  c.a.n.c.u.ParamUtil - [<clinit>,98] - [settings] [http-client] connect timeout:1000
14:49:36.050 [main] INFO  c.a.n.c.u.ParamUtil - [<clinit>,105] - PER_TASK_CONFIG_SIZE: 3000.0
14:49:36.066 [main] INFO  c.a.n.p.a.s.c.ClientAuthPluginManager - [init,56] - [ClientAuthPluginManager] Load ClientAuthService com.alibaba.nacos.client.auth.impl.NacosClientAuthServiceImpl success.
14:49:36.067 [main] INFO  c.a.n.p.a.s.c.ClientAuthPluginManager - [init,56] - [ClientAuthPluginManager] Load ClientAuthService com.alibaba.nacos.client.auth.ram.RamClientAuthServiceImpl success.
14:49:36.069 [main] INFO  c.a.n.c.a.r.i.CredentialWatcher - [loadCredential,165] - null No credential found
14:49:36.266 [main] INFO  c.a.n.c.c.i.LocalConfigInfoProcessor - [<clinit>,63] - LOCAL_SNAPSHOT_PATH:C:\Users\45\nacos\config
14:49:36.272 [main] INFO  c.a.n.c.r.client - [lambda$createClient$0,108] - [RpcClientFactory] create a new rpc client of a4fd1659-9e36-4db1-9597-e992f5ffc88c_config-0
14:49:36.286 [main] INFO  c.a.n.c.r.client - [printIfInfoEnabled,63] - [a4fd1659-9e36-4db1-9597-e992f5ffc88c_config-0] Register server push request handler:com.alibaba.nacos.client.config.impl.ClientWorker$ConfigRpcTransportClient$$Lambda$568/0x000002623930e8a0
14:49:36.287 [main] INFO  c.a.n.c.r.client - [printIfInfoEnabled,63] - [a4fd1659-9e36-4db1-9597-e992f5ffc88c_config-0] Register server push request handler:com.alibaba.nacos.client.config.impl.ClientWorker$ConfigRpcTransportClient$$Lambda$572/0x000002623930ecc0
14:49:36.287 [main] INFO  c.a.n.c.r.client - [printIfInfoEnabled,63] - [a4fd1659-9e36-4db1-9597-e992f5ffc88c_config-0] Registry connection listener to current client:com.alibaba.nacos.client.config.impl.ClientWorker$ConfigRpcTransportClient$1
14:49:36.287 [main] INFO  c.a.n.c.r.client - [printIfInfoEnabled,63] - [a4fd1659-9e36-4db1-9597-e992f5ffc88c_config-0] RpcClient init, ServerListFactory = com.alibaba.nacos.client.config.impl.ClientWorker$ConfigRpcTransportClient$2
14:49:36.293 [main] INFO  c.a.n.c.r.client - [printIfInfoEnabled,63] - [a4fd1659-9e36-4db1-9597-e992f5ffc88c_config-0] Try to connect to server on start up, server: {serverIp = 'localhost', server main port = 8848}
14:49:36.319 [main] INFO  c.a.n.c.r.c.g.GrpcClient - [createNewManagedChannel,182] - grpc client connection server:localhost ip,serverPort:9848,grpcTslConfig:{"sslProvider":"OPENSSL","enableTls":false,"mutualAuthEnable":false,"trustAll":false}
14:49:37.013 [main] INFO  c.a.n.c.r.client - [printIfInfoEnabled,63] - [a4fd1659-9e36-4db1-9597-e992f5ffc88c_config-0] Success to connect to server [localhost:8848] on start up, connectionId = 1777358976847_172.17.0.1_38190
14:49:37.014 [com.alibaba.nacos.client.remote.worker] INFO  c.a.n.c.r.client - [printIfInfoEnabled,63] - [a4fd1659-9e36-4db1-9597-e992f5ffc88c_config-0] Notify connected event to listeners.
14:49:37.014 [main] INFO  c.a.n.c.r.client - [printIfInfoEnabled,63] - [a4fd1659-9e36-4db1-9597-e992f5ffc88c_config-0] Register server push request handler:com.alibaba.nacos.common.remote.client.RpcClient$ConnectResetRequestHandler
14:49:37.014 [com.alibaba.nacos.client.remote.worker] INFO  c.a.n.c.c.i.ClientWorker - [onConnected,639] - [a4fd1659-9e36-4db1-9597-e992f5ffc88c_config-0] Connected,notify listen context...
14:49:37.014 [main] INFO  c.a.n.c.r.client - [printIfInfoEnabled,63] - [a4fd1659-9e36-4db1-9597-e992f5ffc88c_config-0] Register server push request handler:com.alibaba.nacos.common.remote.client.RpcClient$$Lambda$597/0x000002623949f438
14:49:37.039 [main] INFO  c.a.n.c.c.i.Limiter - [<clinit>,62] - limitTime:5.0
14:49:37.070 [main] INFO  c.a.n.c.c.u.JvmUtil - [<clinit>,54] - isMultiInstance:false
14:49:37.076 [main] INFO  o.s.c.b.c.PropertySourceBootstrapConfiguration - [initialize,108] - Located property source: [BootstrapPropertySource {name='bootstrapProperties-oj-system-local.yaml,DEFAULT_GROUP'}, BootstrapPropertySource {name='bootstrapProperties-oj-system.yaml,DEFAULT_GROUP'}, BootstrapPropertySource {name='bootstrapProperties-oj-system,DEFAULT_GROUP'}]
14:49:37.080 [main] INFO  c.b.s.OjSystemApplication - [logStartupProfileInfo,636] - The following 1 profile is active: "local"
14:49:37.536 [main] INFO  o.s.c.c.s.GenericScope - [setSerializationId,282] - BeanFactory id=9149879e-e084-3f9f-bffb-81b0a9915377
14:49:37.752 [main] INFO  o.s.b.w.e.t.TomcatWebServer - [initialize,108] - Tomcat initialized with port(s): 9201 (http)
14:49:37.763 [main] INFO  o.a.c.h.Http11NioProtocol - [log,173] - Initializing ProtocolHandler ["http-nio-9201"]
14:49:37.763 [main] INFO  o.a.c.c.StandardService - [log,173] - Starting service [Tomcat]
14:49:37.764 [main] INFO  o.a.c.c.StandardEngine - [log,173] - Starting Servlet engine: [Apache Tomcat/10.1.4]
14:49:37.836 [main] INFO  o.a.c.c.C.[.[.[/] - [log,173] - Initializing Spring embedded WebApplicationContext
14:49:37.837 [main] INFO  o.s.b.w.s.c.ServletWebServerApplicationContext - [prepareWebApplicationContext,291] - Root WebApplicationContext: initialization completed in 745 ms
14:49:38.867 [main] INFO  o.a.c.h.Http11NioProtocol - [log,173] - Starting ProtocolHandler ["http-nio-9201"]
14:49:38.877 [main] INFO  o.s.b.w.e.t.TomcatWebServer - [start,220] - Tomcat started on port(s): 9201 (http) with context path ''
14:49:38.881 [main] INFO  c.a.n.client.naming - [initNamespaceForNaming,62] - initializer namespace from ans.namespace attribute : null
14:49:38.882 [main] INFO  c.a.n.client.naming - [lambda$initNamespaceForNaming$0,66] - initializer namespace from ALIBABA_ALIWARE_NAMESPACE attribute :null
14:49:38.882 [main] INFO  c.a.n.client.naming - [lambda$initNamespaceForNaming$1,73] - initializer namespace from namespace attribute :null
14:49:38.888 [main] INFO  c.a.n.p.a.s.c.ClientAuthPluginManager - [init,56] - [ClientAuthPluginManager] Load ClientAuthService com.alibaba.nacos.client.auth.impl.NacosClientAuthServiceImpl success.
14:49:38.889 [main] INFO  c.a.n.p.a.s.c.ClientAuthPluginManager - [init,56] - [ClientAuthPluginManager] Load ClientAuthService com.alibaba.nacos.client.auth.ram.RamClientAuthServiceImpl success.
14:49:38.893 [main] INFO  c.a.n.c.r.client - [lambda$createClient$0,108] - [RpcClientFactory] create a new rpc client of e637ed6c-8299-405c-b3ab-a09765868090
14:49:38.894 [main] INFO  c.a.n.c.r.client - [printIfInfoEnabled,63] - [e637ed6c-8299-405c-b3ab-a09765868090] RpcClient init, ServerListFactory = com.alibaba.nacos.client.naming.core.ServerListManager
14:49:38.894 [main] INFO  c.a.n.c.r.client - [printIfInfoEnabled,63] - [e637ed6c-8299-405c-b3ab-a09765868090] Registry connection listener to current client:com.alibaba.nacos.client.naming.remote.gprc.redo.NamingGrpcRedoService
14:49:38.894 [main] INFO  c.a.n.c.r.client - [printIfInfoEnabled,63] - [e637ed6c-8299-405c-b3ab-a09765868090] Register server push request handler:com.alibaba.nacos.client.naming.remote.gprc.NamingPushRequestHandler
14:49:38.895 [main] INFO  c.a.n.c.r.client - [printIfInfoEnabled,63] - [e637ed6c-8299-405c-b3ab-a09765868090] Try to connect to server on start up, server: {serverIp = 'localhost', server main port = 8848}
14:49:38.895 [main] INFO  c.a.n.c.r.c.g.GrpcClient - [createNewManagedChannel,182] - grpc client connection server:localhost ip,serverPort:9848,grpcTslConfig:{"sslProvider":"OPENSSL","enableTls":false,"mutualAuthEnable":false,"trustAll":false}
14:49:39.018 [main] INFO  c.a.n.c.r.client - [printIfInfoEnabled,63] - [e637ed6c-8299-405c-b3ab-a09765868090] Success to connect to server [localhost:8848] on start up, connectionId = 1777358978901_172.17.0.1_38194
14:49:39.018 [main] INFO  c.a.n.c.r.client - [printIfInfoEnabled,63] - [e637ed6c-8299-405c-b3ab-a09765868090] Register server push request handler:com.alibaba.nacos.common.remote.client.RpcClient$ConnectResetRequestHandler
14:49:39.018 [main] INFO  c.a.n.c.r.client - [printIfInfoEnabled,63] - [e637ed6c-8299-405c-b3ab-a09765868090] Register server push request handler:com.alibaba.nacos.common.remote.client.RpcClient$$Lambda$597/0x000002623949f438
14:49:39.018 [com.alibaba.nacos.client.remote.worker] INFO  c.a.n.c.r.client - [printIfInfoEnabled,63] - [e637ed6c-8299-405c-b3ab-a09765868090] Notify connected event to listeners.
14:49:39.018 [com.alibaba.nacos.client.remote.worker] INFO  c.a.n.client.naming - [onConnected,78] - Grpc connection connect
14:49:39.019 [main] INFO  c.a.n.client.naming - [registerService,121] - [REGISTER-SERVICE] 1b411097-df3c-4cac-a649-ba6b6b22fcd4 registering service oj-system with instance Instance{instanceId='null', ip='172.20.10.6', port=9201, weight=1.0, healthy=true, enabled=true, ephemeral=true, clusterName='DEFAULT', serviceName='null', metadata={IPv6=[2409:897a:3d80:97a3:543:892d:f811:3246], preserved.register.source=SPRING_CLOUD}}
14:49:39.030 [main] INFO  c.a.c.n.r.NacosServiceRegistry - [register,76] - nacos registry, DEFAULT_GROUP oj-system 172.20.10.6:9201 register finished
14:49:39.176 [main] INFO  c.b.s.OjSystemApplication - [logStarted,57] - Started OjSystemApplication in 3.72 seconds (process running for 4.232)
14:49:39.179 [main] INFO  c.a.n.c.c.i.CacheData - [<clinit>,67] - nacos.cache.data.init.snapshot = true 
14:49:39.180 [main] INFO  c.a.n.c.c.i.ClientWorker - [addCacheDataIfAbsent,380] - [fixed-1b411097-df3c-4cac-a649-ba6b6b22fcd4-localhost_8848] [subscribe] oj-system-local.yaml+DEFAULT_GROUP+1b411097-df3c-4cac-a649-ba6b6b22fcd4
14:49:39.185 [main] INFO  c.a.n.c.c.i.CacheData - [addListener,197] - [fixed-1b411097-df3c-4cac-a649-ba6b6b22fcd4-localhost_8848] [add-listener] ok, tenant=1b411097-df3c-4cac-a649-ba6b6b22fcd4, dataId=oj-system-local.yaml, group=DEFAULT_GROUP, cnt=1
14:49:39.186 [main] INFO  c.a.c.n.r.NacosContextRefresher - [registerNacosListener,129] - [Nacos Config] Listening config: dataId=oj-system-local.yaml, group=DEFAULT_GROUP
14:49:39.187 [main] INFO  c.a.n.c.c.i.ClientWorker - [addCacheDataIfAbsent,380] - [fixed-1b411097-df3c-4cac-a649-ba6b6b22fcd4-localhost_8848] [subscribe] oj-system+DEFAULT_GROUP+1b411097-df3c-4cac-a649-ba6b6b22fcd4
14:49:39.187 [main] INFO  c.a.n.c.c.i.CacheData - [addListener,197] - [fixed-1b411097-df3c-4cac-a649-ba6b6b22fcd4-localhost_8848] [add-listener] ok, tenant=1b411097-df3c-4cac-a649-ba6b6b22fcd4, dataId=oj-system, group=DEFAULT_GROUP, cnt=1
14:49:39.187 [main] INFO  c.a.c.n.r.NacosContextRefresher - [registerNacosListener,129] - [Nacos Config] Listening config: dataId=oj-system, group=DEFAULT_GROUP
14:49:39.188 [main] INFO  c.a.n.c.c.i.ClientWorker - [addCacheDataIfAbsent,380] - [fixed-1b411097-df3c-4cac-a649-ba6b6b22fcd4-localhost_8848] [subscribe] oj-system.yaml+DEFAULT_GROUP+1b411097-df3c-4cac-a649-ba6b6b22fcd4
14:49:39.188 [main] INFO  c.a.n.c.c.i.CacheData - [addListener,197] - [fixed-1b411097-df3c-4cac-a649-ba6b6b22fcd4-localhost_8848] [add-listener] ok, tenant=1b411097-df3c-4cac-a649-ba6b6b22fcd4, dataId=oj-system.yaml, group=DEFAULT_GROUP, cnt=1
14:49:39.188 [main] INFO  c.a.c.n.r.NacosContextRefresher - [registerNacosListener,129] - [Nacos Config] Listening config: dataId=oj-system.yaml, group=DEFAULT_GROUP
14:58:20.122 [SpringApplicationShutdownHook] INFO  c.a.c.n.r.NacosServiceRegistry - [deregister,95] - De-registering from Nacos Server now...
14:58:20.122 [SpringApplicationShutdownHook] INFO  c.a.n.client.naming - [deregisterService,217] - [DEREGISTER-SERVICE] 1b411097-df3c-4cac-a649-ba6b6b22fcd4 deregistering service oj-system with instance: Instance{instanceId='null', ip='172.20.10.6', port=9201, weight=1.0, healthy=true, enabled=true, ephemeral=true, clusterName='DEFAULT', serviceName='null', metadata={}}
14:58:20.126 [SpringApplicationShutdownHook] INFO  c.a.c.n.r.NacosServiceRegistry - [deregister,115] - De-registration finished.
14:58:20.127 [SpringApplicationShutdownHook] INFO  c.a.n.client.naming - [shutdown,256] - com.alibaba.nacos.client.naming.cache.ServiceInfoHolder do shutdown begin
14:58:20.127 [SpringApplicationShutdownHook] INFO  c.a.n.client.naming - [shutdown,136] - com.alibaba.nacos.client.naming.backups.FailoverReactor do shutdown begin
14:58:20.127 [SpringApplicationShutdownHook] INFO  c.a.n.client.naming - [shutdown,138] - com.alibaba.nacos.client.naming.backups.FailoverReactor do shutdown stop
14:58:20.127 [SpringApplicationShutdownHook] INFO  c.a.n.client.naming - [shutdown,258] - com.alibaba.nacos.client.naming.cache.ServiceInfoHolder do shutdown stop
14:58:20.127 [SpringApplicationShutdownHook] INFO  c.a.n.client.naming - [shutdown,204] - com.alibaba.nacos.client.naming.remote.NamingClientProxyDelegate do shutdown begin
14:58:20.128 [SpringApplicationShutdownHook] INFO  c.a.n.client.naming - [shutdown,143] - com.alibaba.nacos.client.naming.core.ServiceInfoUpdateService do shutdown begin
14:58:20.128 [SpringApplicationShutdownHook] INFO  c.a.n.client.naming - [shutdown,145] - com.alibaba.nacos.client.naming.core.ServiceInfoUpdateService do shutdown stop
14:58:20.128 [SpringApplicationShutdownHook] INFO  c.a.n.client.naming - [shutdown,194] - com.alibaba.nacos.client.naming.core.ServerListManager do shutdown begin
14:58:20.128 [SpringApplicationShutdownHook] INFO  c.a.n.client.naming - [shutdown,199] - com.alibaba.nacos.client.naming.core.ServerListManager do shutdown stop
14:58:20.128 [SpringApplicationShutdownHook] INFO  c.a.n.client.naming - [shutdown,484] - com.alibaba.nacos.client.naming.remote.http.NamingHttpClientProxy do shutdown begin
14:58:20.128 [SpringApplicationShutdownHook] INFO  c.a.n.client.naming - [shutdown,486] - com.alibaba.nacos.client.naming.remote.http.NamingHttpClientProxy do shutdown stop
14:58:20.128 [SpringApplicationShutdownHook] INFO  c.a.n.c.r.client - [shutdown,429] - Shutdown rpc client, set status to shutdown
14:58:20.128 [SpringApplicationShutdownHook] INFO  c.a.n.c.r.client - [shutdown,431] - Shutdown client event executor java.util.concurrent.ScheduledThreadPoolExecutor@7cbec200[Running, pool size = 2, active threads = 2, queued tasks = 0, completed tasks = 0]
14:58:20.128 [SpringApplicationShutdownHook] INFO  c.a.n.c.r.client - [closeConnection,584] - Close current connection 1777358978901_172.17.0.1_38194
14:58:20.130 [nacos-grpc-client-executor-localhost-120] INFO  c.a.n.c.r.c.g.GrpcClient - [printIfInfoEnabled,63] - [1777358978901_172.17.0.1_38194]Ignore complete event,isRunning:false,isAbandon=false
14:58:20.131 [SpringApplicationShutdownHook] INFO  c.a.n.c.r.c.g.GrpcClient - [shutdown,159] - Shutdown grpc executor java.util.concurrent.ThreadPoolExecutor@28f24c77[Running, pool size = 4, active threads = 0, queued tasks = 0, completed tasks = 121]
14:58:20.131 [SpringApplicationShutdownHook] INFO  c.a.n.client.naming - [shutdown,318] - Shutdown grpc redo service executor java.util.concurrent.ScheduledThreadPoolExecutor@51bbc5ba[Running, pool size = 1, active threads = 0, queued tasks = 1, completed tasks = 173]
14:58:20.131 [SpringApplicationShutdownHook] INFO  c.a.n.c.a.r.i.CredentialWatcher - [stop,106] - [null] CredentialWatcher is stopped
14:58:20.131 [SpringApplicationShutdownHook] INFO  c.a.n.c.a.r.i.CredentialService - [free,100] - [null] CredentialService is freed
14:58:20.131 [SpringApplicationShutdownHook] INFO  c.a.n.client.naming - [shutdown,211] - com.alibaba.nacos.client.naming.remote.NamingClientProxyDelegate do shutdown stop
14:58:24.151 [main] INFO  c.a.n.c.u.ParamUtil - [<clinit>,87] - [settings] [req-serv] nacos-server port:8848
14:58:24.152 [main] INFO  c.a.n.c.u.ParamUtil - [<clinit>,98] - [settings] [http-client] connect timeout:1000
14:58:24.153 [main] INFO  c.a.n.c.u.ParamUtil - [<clinit>,105] - PER_TASK_CONFIG_SIZE: 3000.0
14:58:24.174 [main] INFO  c.a.n.p.a.s.c.ClientAuthPluginManager - [init,56] - [ClientAuthPluginManager] Load ClientAuthService com.alibaba.nacos.client.auth.impl.NacosClientAuthServiceImpl success.
14:58:24.174 [main] INFO  c.a.n.p.a.s.c.ClientAuthPluginManager - [init,56] - [ClientAuthPluginManager] Load ClientAuthService com.alibaba.nacos.client.auth.ram.RamClientAuthServiceImpl success.
14:58:24.177 [main] INFO  c.a.n.c.a.r.i.CredentialWatcher - [loadCredential,165] - null No credential found
14:58:24.403 [main] INFO  c.a.n.c.c.i.LocalConfigInfoProcessor - [<clinit>,63] - LOCAL_SNAPSHOT_PATH:C:\Users\45\nacos\config
14:58:24.406 [main] INFO  c.a.n.c.r.client - [lambda$createClient$0,108] - [RpcClientFactory] create a new rpc client of 68c95c70-7c1a-45dc-9a63-160945117847_config-0
14:58:24.417 [main] INFO  c.a.n.c.r.client - [printIfInfoEnabled,63] - [68c95c70-7c1a-45dc-9a63-160945117847_config-0] Register server push request handler:com.alibaba.nacos.client.config.impl.ClientWorker$ConfigRpcTransportClient$$Lambda$576/0x00000159d0314068
14:58:24.417 [main] INFO  c.a.n.c.r.client - [printIfInfoEnabled,63] - [68c95c70-7c1a-45dc-9a63-160945117847_config-0] Register server push request handler:com.alibaba.nacos.client.config.impl.ClientWorker$ConfigRpcTransportClient$$Lambda$577/0x00000159d0314488
14:58:24.418 [main] INFO  c.a.n.c.r.client - [printIfInfoEnabled,63] - [68c95c70-7c1a-45dc-9a63-160945117847_config-0] Registry connection listener to current client:com.alibaba.nacos.client.config.impl.ClientWorker$ConfigRpcTransportClient$1
14:58:24.418 [main] INFO  c.a.n.c.r.client - [printIfInfoEnabled,63] - [68c95c70-7c1a-45dc-9a63-160945117847_config-0] RpcClient init, ServerListFactory = com.alibaba.nacos.client.config.impl.ClientWorker$ConfigRpcTransportClient$2
14:58:24.423 [main] INFO  c.a.n.c.r.client - [printIfInfoEnabled,63] - [68c95c70-7c1a-45dc-9a63-160945117847_config-0] Try to connect to server on start up, server: {serverIp = 'localhost', server main port = 8848}
14:58:24.449 [main] INFO  c.a.n.c.r.c.g.GrpcClient - [createNewManagedChannel,182] - grpc client connection server:localhost ip,serverPort:9848,grpcTslConfig:{"sslProvider":"OPENSSL","enableTls":false,"mutualAuthEnable":false,"trustAll":false}
14:58:25.141 [main] INFO  c.a.n.c.r.client - [printIfInfoEnabled,63] - [68c95c70-7c1a-45dc-9a63-160945117847_config-0] Success to connect to server [localhost:8848] on start up, connectionId = 1777359504974_172.17.0.1_33694
14:58:25.145 [com.alibaba.nacos.client.remote.worker] INFO  c.a.n.c.r.client - [printIfInfoEnabled,63] - [68c95c70-7c1a-45dc-9a63-160945117847_config-0] Notify connected event to listeners.
14:58:25.145 [com.alibaba.nacos.client.remote.worker] INFO  c.a.n.c.c.i.ClientWorker - [onConnected,639] - [68c95c70-7c1a-45dc-9a63-160945117847_config-0] Connected,notify listen context...
14:58:25.145 [main] INFO  c.a.n.c.r.client - [printIfInfoEnabled,63] - [68c95c70-7c1a-45dc-9a63-160945117847_config-0] Register server push request handler:com.alibaba.nacos.common.remote.client.RpcClient$ConnectResetRequestHandler
14:58:25.147 [main] INFO  c.a.n.c.r.client - [printIfInfoEnabled,63] - [68c95c70-7c1a-45dc-9a63-160945117847_config-0] Register server push request handler:com.alibaba.nacos.common.remote.client.RpcClient$$Lambda$597/0x00000159d049f438
14:58:25.169 [main] INFO  c.a.n.c.c.i.Limiter - [<clinit>,62] - limitTime:5.0
14:58:25.194 [main] INFO  c.a.n.c.c.u.JvmUtil - [<clinit>,54] - isMultiInstance:false
14:58:25.197 [main] INFO  o.s.c.b.c.PropertySourceBootstrapConfiguration - [initialize,108] - Located property source: [BootstrapPropertySource {name='bootstrapProperties-oj-system-local.yaml,DEFAULT_GROUP'}, BootstrapPropertySource {name='bootstrapProperties-oj-system.yaml,DEFAULT_GROUP'}, BootstrapPropertySource {name='bootstrapProperties-oj-system,DEFAULT_GROUP'}]
14:58:25.200 [main] INFO  c.b.s.OjSystemApplication - [logStartupProfileInfo,636] - The following 1 profile is active: "local"
14:58:25.626 [main] INFO  o.s.c.c.s.GenericScope - [setSerializationId,282] - BeanFactory id=9149879e-e084-3f9f-bffb-81b0a9915377
14:58:25.794 [main] INFO  o.s.b.w.e.t.TomcatWebServer - [initialize,108] - Tomcat initialized with port(s): 9201 (http)
14:58:25.800 [main] INFO  o.a.c.h.Http11NioProtocol - [log,173] - Initializing ProtocolHandler ["http-nio-9201"]
14:58:25.801 [main] INFO  o.a.c.c.StandardService - [log,173] - Starting service [Tomcat]
14:58:25.801 [main] INFO  o.a.c.c.StandardEngine - [log,173] - Starting Servlet engine: [Apache Tomcat/10.1.4]
14:58:25.872 [main] INFO  o.a.c.c.C.[.[.[/] - [log,173] - Initializing Spring embedded WebApplicationContext
14:58:25.872 [main] INFO  o.s.b.w.s.c.ServletWebServerApplicationContext - [prepareWebApplicationContext,291] - Root WebApplicationContext: initialization completed in 661 ms
14:58:26.684 [main] INFO  o.a.c.h.Http11NioProtocol - [log,173] - Starting ProtocolHandler ["http-nio-9201"]
14:58:26.693 [main] INFO  o.s.b.w.e.t.TomcatWebServer - [start,220] - Tomcat started on port(s): 9201 (http) with context path ''
14:58:26.696 [main] INFO  c.a.n.client.naming - [initNamespaceForNaming,62] - initializer namespace from ans.namespace attribute : null
14:58:26.696 [main] INFO  c.a.n.client.naming - [lambda$initNamespaceForNaming$0,66] - initializer namespace from ALIBABA_ALIWARE_NAMESPACE attribute :null
14:58:26.697 [main] INFO  c.a.n.client.naming - [lambda$initNamespaceForNaming$1,73] - initializer namespace from namespace attribute :null
14:58:26.702 [main] INFO  c.a.n.p.a.s.c.ClientAuthPluginManager - [init,56] - [ClientAuthPluginManager] Load ClientAuthService com.alibaba.nacos.client.auth.impl.NacosClientAuthServiceImpl success.
14:58:26.702 [main] INFO  c.a.n.p.a.s.c.ClientAuthPluginManager - [init,56] - [ClientAuthPluginManager] Load ClientAuthService com.alibaba.nacos.client.auth.ram.RamClientAuthServiceImpl success.
14:58:26.706 [main] INFO  c.a.n.c.r.client - [lambda$createClient$0,108] - [RpcClientFactory] create a new rpc client of 887b1852-540e-42a4-b453-d5975536401f
14:58:26.707 [main] INFO  c.a.n.c.r.client - [printIfInfoEnabled,63] - [887b1852-540e-42a4-b453-d5975536401f] RpcClient init, ServerListFactory = com.alibaba.nacos.client.naming.core.ServerListManager
14:58:26.707 [main] INFO  c.a.n.c.r.client - [printIfInfoEnabled,63] - [887b1852-540e-42a4-b453-d5975536401f] Registry connection listener to current client:com.alibaba.nacos.client.naming.remote.gprc.redo.NamingGrpcRedoService
14:58:26.708 [main] INFO  c.a.n.c.r.client - [printIfInfoEnabled,63] - [887b1852-540e-42a4-b453-d5975536401f] Register server push request handler:com.alibaba.nacos.client.naming.remote.gprc.NamingPushRequestHandler
14:58:26.708 [main] INFO  c.a.n.c.r.client - [printIfInfoEnabled,63] - [887b1852-540e-42a4-b453-d5975536401f] Try to connect to server on start up, server: {serverIp = 'localhost', server main port = 8848}
14:58:26.708 [main] INFO  c.a.n.c.r.c.g.GrpcClient - [createNewManagedChannel,182] - grpc client connection server:localhost ip,serverPort:9848,grpcTslConfig:{"sslProvider":"OPENSSL","enableTls":false,"mutualAuthEnable":false,"trustAll":false}
14:58:26.820 [main] INFO  c.a.n.c.r.client - [printIfInfoEnabled,63] - [887b1852-540e-42a4-b453-d5975536401f] Success to connect to server [localhost:8848] on start up, connectionId = 1777359506714_172.17.0.1_33696
14:58:26.820 [main] INFO  c.a.n.c.r.client - [printIfInfoEnabled,63] - [887b1852-540e-42a4-b453-d5975536401f] Register server push request handler:com.alibaba.nacos.common.remote.client.RpcClient$ConnectResetRequestHandler
14:58:26.821 [main] INFO  c.a.n.c.r.client - [printIfInfoEnabled,63] - [887b1852-540e-42a4-b453-d5975536401f] Register server push request handler:com.alibaba.nacos.common.remote.client.RpcClient$$Lambda$597/0x00000159d049f438
14:58:26.821 [com.alibaba.nacos.client.remote.worker] INFO  c.a.n.c.r.client - [printIfInfoEnabled,63] - [887b1852-540e-42a4-b453-d5975536401f] Notify connected event to listeners.
14:58:26.821 [com.alibaba.nacos.client.remote.worker] INFO  c.a.n.client.naming - [onConnected,78] - Grpc connection connect
14:58:26.823 [main] INFO  c.a.n.client.naming - [registerService,121] - [REGISTER-SERVICE] 1b411097-df3c-4cac-a649-ba6b6b22fcd4 registering service oj-system with instance Instance{instanceId='null', ip='172.20.10.6', port=9201, weight=1.0, healthy=true, enabled=true, ephemeral=true, clusterName='DEFAULT', serviceName='null', metadata={IPv6=[2409:897a:3d80:97a3:543:892d:f811:3246], preserved.register.source=SPRING_CLOUD}}
14:58:26.834 [main] INFO  c.a.c.n.r.NacosServiceRegistry - [register,76] - nacos registry, DEFAULT_GROUP oj-system 172.20.10.6:9201 register finished
14:58:26.978 [main] INFO  c.b.s.OjSystemApplication - [logStarted,57] - Started OjSystemApplication in 3.487 seconds (process running for 4.089)
14:58:26.981 [main] INFO  c.a.n.c.c.i.CacheData - [<clinit>,67] - nacos.cache.data.init.snapshot = true 
14:58:26.982 [main] INFO  c.a.n.c.c.i.ClientWorker - [addCacheDataIfAbsent,380] - [fixed-1b411097-df3c-4cac-a649-ba6b6b22fcd4-localhost_8848] [subscribe] oj-system-local.yaml+DEFAULT_GROUP+1b411097-df3c-4cac-a649-ba6b6b22fcd4
14:58:26.987 [main] INFO  c.a.n.c.c.i.CacheData - [addListener,197] - [fixed-1b411097-df3c-4cac-a649-ba6b6b22fcd4-localhost_8848] [add-listener] ok, tenant=1b411097-df3c-4cac-a649-ba6b6b22fcd4, dataId=oj-system-local.yaml, group=DEFAULT_GROUP, cnt=1
14:58:26.987 [main] INFO  c.a.c.n.r.NacosContextRefresher - [registerNacosListener,129] - [Nacos Config] Listening config: dataId=oj-system-local.yaml, group=DEFAULT_GROUP
14:58:26.988 [main] INFO  c.a.n.c.c.i.ClientWorker - [addCacheDataIfAbsent,380] - [fixed-1b411097-df3c-4cac-a649-ba6b6b22fcd4-localhost_8848] [subscribe] oj-system+DEFAULT_GROUP+1b411097-df3c-4cac-a649-ba6b6b22fcd4
14:58:26.989 [main] INFO  c.a.n.c.c.i.CacheData - [addListener,197] - [fixed-1b411097-df3c-4cac-a649-ba6b6b22fcd4-localhost_8848] [add-listener] ok, tenant=1b411097-df3c-4cac-a649-ba6b6b22fcd4, dataId=oj-system, group=DEFAULT_GROUP, cnt=1
14:58:26.989 [main] INFO  c.a.c.n.r.NacosContextRefresher - [registerNacosListener,129] - [Nacos Config] Listening config: dataId=oj-system, group=DEFAULT_GROUP
14:58:26.990 [main] INFO  c.a.n.c.c.i.ClientWorker - [addCacheDataIfAbsent,380] - [fixed-1b411097-df3c-4cac-a649-ba6b6b22fcd4-localhost_8848] [subscribe] oj-system.yaml+DEFAULT_GROUP+1b411097-df3c-4cac-a649-ba6b6b22fcd4
14:58:26.990 [main] INFO  c.a.n.c.c.i.CacheData - [addListener,197] - [fixed-1b411097-df3c-4cac-a649-ba6b6b22fcd4-localhost_8848] [add-listener] ok, tenant=1b411097-df3c-4cac-a649-ba6b6b22fcd4, dataId=oj-system.yaml, group=DEFAULT_GROUP, cnt=1
14:58:26.990 [main] INFO  c.a.c.n.r.NacosContextRefresher - [registerNacosListener,129] - [Nacos Config] Listening config: dataId=oj-system.yaml, group=DEFAULT_GROUP
14:59:10.988 [SpringApplicationShutdownHook] INFO  c.a.c.n.r.NacosServiceRegistry - [deregister,95] - De-registering from Nacos Server now...
14:59:10.988 [SpringApplicationShutdownHook] INFO  c.a.n.client.naming - [deregisterService,217] - [DEREGISTER-SERVICE] 1b411097-df3c-4cac-a649-ba6b6b22fcd4 deregistering service oj-system with instance: Instance{instanceId='null', ip='172.20.10.6', port=9201, weight=1.0, healthy=true, enabled=true, ephemeral=true, clusterName='DEFAULT', serviceName='null', metadata={}}
14:59:10.992 [SpringApplicationShutdownHook] INFO  c.a.c.n.r.NacosServiceRegistry - [deregister,115] - De-registration finished.
14:59:10.992 [SpringApplicationShutdownHook] INFO  c.a.n.client.naming - [shutdown,256] - com.alibaba.nacos.client.naming.cache.ServiceInfoHolder do shutdown begin
14:59:10.992 [SpringApplicationShutdownHook] INFO  c.a.n.client.naming - [shutdown,136] - com.alibaba.nacos.client.naming.backups.FailoverReactor do shutdown begin
14:59:10.993 [SpringApplicationShutdownHook] INFO  c.a.n.client.naming - [shutdown,138] - com.alibaba.nacos.client.naming.backups.FailoverReactor do shutdown stop
14:59:10.993 [SpringApplicationShutdownHook] INFO  c.a.n.client.naming - [shutdown,258] - com.alibaba.nacos.client.naming.cache.ServiceInfoHolder do shutdown stop
14:59:10.993 [SpringApplicationShutdownHook] INFO  c.a.n.client.naming - [shutdown,204] - com.alibaba.nacos.client.naming.remote.NamingClientProxyDelegate do shutdown begin
14:59:10.993 [SpringApplicationShutdownHook] INFO  c.a.n.client.naming - [shutdown,143] - com.alibaba.nacos.client.naming.core.ServiceInfoUpdateService do shutdown begin
14:59:10.993 [SpringApplicationShutdownHook] INFO  c.a.n.client.naming - [shutdown,145] - com.alibaba.nacos.client.naming.core.ServiceInfoUpdateService do shutdown stop
14:59:10.993 [SpringApplicationShutdownHook] INFO  c.a.n.client.naming - [shutdown,194] - com.alibaba.nacos.client.naming.core.ServerListManager do shutdown begin
14:59:10.993 [SpringApplicationShutdownHook] INFO  c.a.n.client.naming - [shutdown,199] - com.alibaba.nacos.client.naming.core.ServerListManager do shutdown stop
14:59:10.993 [SpringApplicationShutdownHook] INFO  c.a.n.client.naming - [shutdown,484] - com.alibaba.nacos.client.naming.remote.http.NamingHttpClientProxy do shutdown begin
14:59:10.993 [SpringApplicationShutdownHook] INFO  c.a.n.client.naming - [shutdown,486] - com.alibaba.nacos.client.naming.remote.http.NamingHttpClientProxy do shutdown stop
14:59:10.994 [SpringApplicationShutdownHook] INFO  c.a.n.c.r.client - [shutdown,429] - Shutdown rpc client, set status to shutdown
14:59:10.994 [SpringApplicationShutdownHook] INFO  c.a.n.c.r.client - [shutdown,431] - Shutdown client event executor java.util.concurrent.ScheduledThreadPoolExecutor@2aebdf5e[Running, pool size = 2, active threads = 2, queued tasks = 0, completed tasks = 0]
14:59:10.994 [SpringApplicationShutdownHook] INFO  c.a.n.c.r.client - [closeConnection,584] - Close current connection 1777359506714_172.17.0.1_33696
14:59:10.997 [SpringApplicationShutdownHook] INFO  c.a.n.c.r.c.g.GrpcClient - [shutdown,159] - Shutdown grpc executor java.util.concurrent.ThreadPoolExecutor@1ceba787[Running, pool size = 4, active threads = 0, queued tasks = 0, completed tasks = 17]
14:59:10.997 [SpringApplicationShutdownHook] INFO  c.a.n.client.naming - [shutdown,318] - Shutdown grpc redo service executor java.util.concurrent.ScheduledThreadPoolExecutor@105b6d6d[Running, pool size = 1, active threads = 0, queued tasks = 1, completed tasks = 14]
14:59:10.997 [SpringApplicationShutdownHook] INFO  c.a.n.c.a.r.i.CredentialWatcher - [stop,106] - [null] CredentialWatcher is stopped
14:59:10.997 [SpringApplicationShutdownHook] INFO  c.a.n.c.a.r.i.CredentialService - [free,100] - [null] CredentialService is freed
14:59:10.997 [SpringApplicationShutdownHook] INFO  c.a.n.client.naming - [shutdown,211] - com.alibaba.nacos.client.naming.remote.NamingClientProxyDelegate do shutdown stop
14:59:14.195 [main] INFO  c.a.n.c.u.ParamUtil - [<clinit>,87] - [settings] [req-serv] nacos-server port:8848
14:59:14.196 [main] INFO  c.a.n.c.u.ParamUtil - [<clinit>,98] - [settings] [http-client] connect timeout:1000
14:59:14.196 [main] INFO  c.a.n.c.u.ParamUtil - [<clinit>,105] - PER_TASK_CONFIG_SIZE: 3000.0
14:59:14.216 [main] INFO  c.a.n.p.a.s.c.ClientAuthPluginManager - [init,56] - [ClientAuthPluginManager] Load ClientAuthService com.alibaba.nacos.client.auth.impl.NacosClientAuthServiceImpl success.
14:59:14.216 [main] INFO  c.a.n.p.a.s.c.ClientAuthPluginManager - [init,56] - [ClientAuthPluginManager] Load ClientAuthService com.alibaba.nacos.client.auth.ram.RamClientAuthServiceImpl success.
14:59:14.219 [main] INFO  c.a.n.c.a.r.i.CredentialWatcher - [loadCredential,165] - null No credential found
14:59:14.440 [main] INFO  c.a.n.c.c.i.LocalConfigInfoProcessor - [<clinit>,63] - LOCAL_SNAPSHOT_PATH:C:\Users\45\nacos\config
14:59:14.443 [main] INFO  c.a.n.c.r.client - [lambda$createClient$0,108] - [RpcClientFactory] create a new rpc client of 00f9b994-e368-45b8-bbf2-3efa1058f152_config-0
14:59:14.455 [main] INFO  c.a.n.c.r.client - [printIfInfoEnabled,63] - [00f9b994-e368-45b8-bbf2-3efa1058f152_config-0] Register server push request handler:com.alibaba.nacos.client.config.impl.ClientWorker$ConfigRpcTransportClient$$Lambda$576/0x000001f160314fb8
14:59:14.456 [main] INFO  c.a.n.c.r.client - [printIfInfoEnabled,63] - [00f9b994-e368-45b8-bbf2-3efa1058f152_config-0] Register server push request handler:com.alibaba.nacos.client.config.impl.ClientWorker$ConfigRpcTransportClient$$Lambda$577/0x000001f1603153d8
14:59:14.456 [main] INFO  c.a.n.c.r.client - [printIfInfoEnabled,63] - [00f9b994-e368-45b8-bbf2-3efa1058f152_config-0] Registry connection listener to current client:com.alibaba.nacos.client.config.impl.ClientWorker$ConfigRpcTransportClient$1
14:59:14.456 [main] INFO  c.a.n.c.r.client - [printIfInfoEnabled,63] - [00f9b994-e368-45b8-bbf2-3efa1058f152_config-0] RpcClient init, ServerListFactory = com.alibaba.nacos.client.config.impl.ClientWorker$ConfigRpcTransportClient$2
14:59:14.463 [main] INFO  c.a.n.c.r.client - [printIfInfoEnabled,63] - [00f9b994-e368-45b8-bbf2-3efa1058f152_config-0] Try to connect to server on start up, server: {serverIp = 'localhost', server main port = 8848}
14:59:14.489 [main] INFO  c.a.n.c.r.c.g.GrpcClient - [createNewManagedChannel,182] - grpc client connection server:localhost ip,serverPort:9848,grpcTslConfig:{"sslProvider":"OPENSSL","enableTls":false,"mutualAuthEnable":false,"trustAll":false}
14:59:15.243 [main] INFO  c.a.n.c.r.client - [printIfInfoEnabled,63] - [00f9b994-e368-45b8-bbf2-3efa1058f152_config-0] Success to connect to server [localhost:8848] on start up, connectionId = 1777359555063_172.17.0.1_43284
14:59:15.243 [com.alibaba.nacos.client.remote.worker] INFO  c.a.n.c.r.client - [printIfInfoEnabled,63] - [00f9b994-e368-45b8-bbf2-3efa1058f152_config-0] Notify connected event to listeners.
14:59:15.244 [com.alibaba.nacos.client.remote.worker] INFO  c.a.n.c.c.i.ClientWorker - [onConnected,639] - [00f9b994-e368-45b8-bbf2-3efa1058f152_config-0] Connected,notify listen context...
14:59:15.244 [main] INFO  c.a.n.c.r.client - [printIfInfoEnabled,63] - [00f9b994-e368-45b8-bbf2-3efa1058f152_config-0] Register server push request handler:com.alibaba.nacos.common.remote.client.RpcClient$ConnectResetRequestHandler
14:59:15.244 [main] INFO  c.a.n.c.r.client - [printIfInfoEnabled,63] - [00f9b994-e368-45b8-bbf2-3efa1058f152_config-0] Register server push request handler:com.alibaba.nacos.common.remote.client.RpcClient$$Lambda$597/0x000001f16047bc38
14:59:15.272 [main] INFO  c.a.n.c.c.i.Limiter - [<clinit>,62] - limitTime:5.0
14:59:15.297 [main] INFO  c.a.n.c.c.u.JvmUtil - [<clinit>,54] - isMultiInstance:false
14:59:15.302 [main] INFO  o.s.c.b.c.PropertySourceBootstrapConfiguration - [initialize,108] - Located property source: [BootstrapPropertySource {name='bootstrapProperties-oj-system-local.yaml,DEFAULT_GROUP'}, BootstrapPropertySource {name='bootstrapProperties-oj-system.yaml,DEFAULT_GROUP'}, BootstrapPropertySource {name='bootstrapProperties-oj-system,DEFAULT_GROUP'}]
14:59:15.306 [main] INFO  c.b.s.OjSystemApplication - [logStartupProfileInfo,636] - The following 1 profile is active: "local"
14:59:15.776 [main] INFO  o.s.c.c.s.GenericScope - [setSerializationId,282] - BeanFactory id=9149879e-e084-3f9f-bffb-81b0a9915377
14:59:15.952 [main] INFO  o.s.b.w.e.t.TomcatWebServer - [initialize,108] - Tomcat initialized with port(s): 9201 (http)
14:59:15.959 [main] INFO  o.a.c.h.Http11NioProtocol - [log,173] - Initializing ProtocolHandler ["http-nio-9201"]
14:59:15.959 [main] INFO  o.a.c.c.StandardService - [log,173] - Starting service [Tomcat]
14:59:15.960 [main] INFO  o.a.c.c.StandardEngine - [log,173] - Starting Servlet engine: [Apache Tomcat/10.1.4]
14:59:16.029 [main] INFO  o.a.c.c.C.[.[.[/] - [log,173] - Initializing Spring embedded WebApplicationContext
14:59:16.030 [main] INFO  o.s.b.w.s.c.ServletWebServerApplicationContext - [prepareWebApplicationContext,291] - Root WebApplicationContext: initialization completed in 713 ms
14:59:16.991 [main] INFO  o.a.c.h.Http11NioProtocol - [log,173] - Starting ProtocolHandler ["http-nio-9201"]
14:59:17.000 [main] INFO  o.s.b.w.e.t.TomcatWebServer - [start,220] - Tomcat started on port(s): 9201 (http) with context path ''
14:59:17.004 [main] INFO  c.a.n.client.naming - [initNamespaceForNaming,62] - initializer namespace from ans.namespace attribute : null
14:59:17.005 [main] INFO  c.a.n.client.naming - [lambda$initNamespaceForNaming$0,66] - initializer namespace from ALIBABA_ALIWARE_NAMESPACE attribute :null
14:59:17.005 [main] INFO  c.a.n.client.naming - [lambda$initNamespaceForNaming$1,73] - initializer namespace from namespace attribute :null
14:59:17.012 [main] INFO  c.a.n.p.a.s.c.ClientAuthPluginManager - [init,56] - [ClientAuthPluginManager] Load ClientAuthService com.alibaba.nacos.client.auth.impl.NacosClientAuthServiceImpl success.
14:59:17.012 [main] INFO  c.a.n.p.a.s.c.ClientAuthPluginManager - [init,56] - [ClientAuthPluginManager] Load ClientAuthService com.alibaba.nacos.client.auth.ram.RamClientAuthServiceImpl success.
14:59:17.016 [main] INFO  c.a.n.c.r.client - [lambda$createClient$0,108] - [RpcClientFactory] create a new rpc client of 5b891571-d4b9-4471-9460-64013cf5d2e6
14:59:17.018 [main] INFO  c.a.n.c.r.client - [printIfInfoEnabled,63] - [5b891571-d4b9-4471-9460-64013cf5d2e6] RpcClient init, ServerListFactory = com.alibaba.nacos.client.naming.core.ServerListManager
14:59:17.018 [main] INFO  c.a.n.c.r.client - [printIfInfoEnabled,63] - [5b891571-d4b9-4471-9460-64013cf5d2e6] Registry connection listener to current client:com.alibaba.nacos.client.naming.remote.gprc.redo.NamingGrpcRedoService
14:59:17.018 [main] INFO  c.a.n.c.r.client - [printIfInfoEnabled,63] - [5b891571-d4b9-4471-9460-64013cf5d2e6] Register server push request handler:com.alibaba.nacos.client.naming.remote.gprc.NamingPushRequestHandler
14:59:17.019 [main] INFO  c.a.n.c.r.client - [printIfInfoEnabled,63] - [5b891571-d4b9-4471-9460-64013cf5d2e6] Try to connect to server on start up, server: {serverIp = 'localhost', server main port = 8848}
14:59:17.019 [main] INFO  c.a.n.c.r.c.g.GrpcClient - [createNewManagedChannel,182] - grpc client connection server:localhost ip,serverPort:9848,grpcTslConfig:{"sslProvider":"OPENSSL","enableTls":false,"mutualAuthEnable":false,"trustAll":false}
14:59:17.142 [main] INFO  c.a.n.c.r.client - [printIfInfoEnabled,63] - [5b891571-d4b9-4471-9460-64013cf5d2e6] Success to connect to server [localhost:8848] on start up, connectionId = 1777359557024_172.17.0.1_43290
14:59:17.142 [main] INFO  c.a.n.c.r.client - [printIfInfoEnabled,63] - [5b891571-d4b9-4471-9460-64013cf5d2e6] Register server push request handler:com.alibaba.nacos.common.remote.client.RpcClient$ConnectResetRequestHandler
14:59:17.142 [com.alibaba.nacos.client.remote.worker] INFO  c.a.n.c.r.client - [printIfInfoEnabled,63] - [5b891571-d4b9-4471-9460-64013cf5d2e6] Notify connected event to listeners.
14:59:17.142 [main] INFO  c.a.n.c.r.client - [printIfInfoEnabled,63] - [5b891571-d4b9-4471-9460-64013cf5d2e6] Register server push request handler:com.alibaba.nacos.common.remote.client.RpcClient$$Lambda$597/0x000001f16047bc38
14:59:17.142 [com.alibaba.nacos.client.remote.worker] INFO  c.a.n.client.naming - [onConnected,78] - Grpc connection connect
14:59:17.143 [main] INFO  c.a.n.client.naming - [registerService,121] - [REGISTER-SERVICE] 1b411097-df3c-4cac-a649-ba6b6b22fcd4 registering service oj-system with instance Instance{instanceId='null', ip='172.20.10.6', port=9201, weight=1.0, healthy=true, enabled=true, ephemeral=true, clusterName='DEFAULT', serviceName='null', metadata={IPv6=[2409:897a:3d80:97a3:543:892d:f811:3246], preserved.register.source=SPRING_CLOUD}}
14:59:17.156 [main] INFO  c.a.c.n.r.NacosServiceRegistry - [register,76] - nacos registry, DEFAULT_GROUP oj-system 172.20.10.6:9201 register finished
14:59:17.314 [main] INFO  c.b.s.OjSystemApplication - [logStarted,57] - Started OjSystemApplication in 3.831 seconds (process running for 4.94)
14:59:17.316 [main] INFO  c.a.n.c.c.i.CacheData - [<clinit>,67] - nacos.cache.data.init.snapshot = true 
14:59:17.317 [main] INFO  c.a.n.c.c.i.ClientWorker - [addCacheDataIfAbsent,380] - [fixed-1b411097-df3c-4cac-a649-ba6b6b22fcd4-localhost_8848] [subscribe] oj-system-local.yaml+DEFAULT_GROUP+1b411097-df3c-4cac-a649-ba6b6b22fcd4
14:59:17.322 [main] INFO  c.a.n.c.c.i.CacheData - [addListener,197] - [fixed-1b411097-df3c-4cac-a649-ba6b6b22fcd4-localhost_8848] [add-listener] ok, tenant=1b411097-df3c-4cac-a649-ba6b6b22fcd4, dataId=oj-system-local.yaml, group=DEFAULT_GROUP, cnt=1
14:59:17.323 [main] INFO  c.a.c.n.r.NacosContextRefresher - [registerNacosListener,129] - [Nacos Config] Listening config: dataId=oj-system-local.yaml, group=DEFAULT_GROUP
14:59:17.324 [main] INFO  c.a.n.c.c.i.ClientWorker - [addCacheDataIfAbsent,380] - [fixed-1b411097-df3c-4cac-a649-ba6b6b22fcd4-localhost_8848] [subscribe] oj-system+DEFAULT_GROUP+1b411097-df3c-4cac-a649-ba6b6b22fcd4
14:59:17.325 [main] INFO  c.a.n.c.c.i.CacheData - [addListener,197] - [fixed-1b411097-df3c-4cac-a649-ba6b6b22fcd4-localhost_8848] [add-listener] ok, tenant=1b411097-df3c-4cac-a649-ba6b6b22fcd4, dataId=oj-system, group=DEFAULT_GROUP, cnt=1
14:59:17.325 [main] INFO  c.a.c.n.r.NacosContextRefresher - [registerNacosListener,129] - [Nacos Config] Listening config: dataId=oj-system, group=DEFAULT_GROUP
14:59:17.326 [main] INFO  c.a.n.c.c.i.ClientWorker - [addCacheDataIfAbsent,380] - [fixed-1b411097-df3c-4cac-a649-ba6b6b22fcd4-localhost_8848] [subscribe] oj-system.yaml+DEFAULT_GROUP+1b411097-df3c-4cac-a649-ba6b6b22fcd4
14:59:17.326 [main] INFO  c.a.n.c.c.i.CacheData - [addListener,197] - [fixed-1b411097-df3c-4cac-a649-ba6b6b22fcd4-localhost_8848] [add-listener] ok, tenant=1b411097-df3c-4cac-a649-ba6b6b22fcd4, dataId=oj-system.yaml, group=DEFAULT_GROUP, cnt=1
14:59:17.327 [main] INFO  c.a.c.n.r.NacosContextRefresher - [registerNacosListener,129] - [Nacos Config] Listening config: dataId=oj-system.yaml, group=DEFAULT_GROUP
15:02:03.756 [http-nio-9201-exec-2] INFO  o.a.c.c.C.[.[.[/] - [log,173] - Initializing Spring DispatcherServlet 'dispatcherServlet'
15:02:03.756 [http-nio-9201-exec-2] INFO  o.s.w.s.DispatcherServlet - [initServletBean,532] - Initializing Servlet 'dispatcherServlet'
15:02:03.757 [http-nio-9201-exec-2] INFO  o.s.w.s.DispatcherServlet - [initServletBean,554] - Completed initialization in 1 ms
15:02:10.464 [http-nio-9201-exec-2] INFO  c.z.h.HikariDataSource - [getConnection,110] - HikariPool-1 - Starting...
15:02:10.750 [http-nio-9201-exec-2] INFO  c.z.h.p.HikariPool - [checkFailFast,565] - HikariPool-1 - Added connection com.mysql.cj.jdbc.ConnectionImpl@1eef9d08
15:02:10.753 [http-nio-9201-exec-2] INFO  c.z.h.HikariDataSource - [getConnection,123] - HikariPool-1 - Start completed.
15:02:10.891 [SpringApplicationShutdownHook] INFO  c.a.c.n.r.NacosServiceRegistry - [deregister,95] - De-registering from Nacos Server now...
15:02:10.891 [SpringApplicationShutdownHook] INFO  c.a.n.client.naming - [deregisterService,217] - [DEREGISTER-SERVICE] 1b411097-df3c-4cac-a649-ba6b6b22fcd4 deregistering service oj-system with instance: Instance{instanceId='null', ip='172.20.10.6', port=9201, weight=1.0, healthy=true, enabled=true, ephemeral=true, clusterName='DEFAULT', serviceName='null', metadata={}}
15:02:10.896 [SpringApplicationShutdownHook] INFO  c.a.c.n.r.NacosServiceRegistry - [deregister,115] - De-registration finished.
15:02:10.896 [SpringApplicationShutdownHook] INFO  c.a.n.client.naming - [shutdown,256] - com.alibaba.nacos.client.naming.cache.ServiceInfoHolder do shutdown begin
15:02:10.897 [SpringApplicationShutdownHook] INFO  c.a.n.client.naming - [shutdown,136] - com.alibaba.nacos.client.naming.backups.FailoverReactor do shutdown begin
15:02:10.897 [SpringApplicationShutdownHook] INFO  c.a.n.client.naming - [shutdown,138] - com.alibaba.nacos.client.naming.backups.FailoverReactor do shutdown stop
15:02:10.897 [SpringApplicationShutdownHook] INFO  c.a.n.client.naming - [shutdown,258] - com.alibaba.nacos.client.naming.cache.ServiceInfoHolder do shutdown stop
15:02:10.897 [SpringApplicationShutdownHook] INFO  c.a.n.client.naming - [shutdown,204] - com.alibaba.nacos.client.naming.remote.NamingClientProxyDelegate do shutdown begin
15:02:10.897 [SpringApplicationShutdownHook] INFO  c.a.n.client.naming - [shutdown,143] - com.alibaba.nacos.client.naming.core.ServiceInfoUpdateService do shutdown begin
15:02:10.897 [SpringApplicationShutdownHook] INFO  c.a.n.client.naming - [shutdown,145] - com.alibaba.nacos.client.naming.core.ServiceInfoUpdateService do shutdown stop
15:02:10.897 [SpringApplicationShutdownHook] INFO  c.a.n.client.naming - [shutdown,194] - com.alibaba.nacos.client.naming.core.ServerListManager do shutdown begin
15:02:10.898 [SpringApplicationShutdownHook] INFO  c.a.n.client.naming - [shutdown,199] - com.alibaba.nacos.client.naming.core.ServerListManager do shutdown stop
15:02:10.898 [SpringApplicationShutdownHook] INFO  c.a.n.client.naming - [shutdown,484] - com.alibaba.nacos.client.naming.remote.http.NamingHttpClientProxy do shutdown begin
15:02:10.898 [SpringApplicationShutdownHook] INFO  c.a.n.client.naming - [shutdown,486] - com.alibaba.nacos.client.naming.remote.http.NamingHttpClientProxy do shutdown stop
15:02:10.898 [SpringApplicationShutdownHook] INFO  c.a.n.c.r.client - [shutdown,429] - Shutdown rpc client, set status to shutdown
15:02:10.898 [SpringApplicationShutdownHook] INFO  c.a.n.c.r.client - [shutdown,431] - Shutdown client event executor java.util.concurrent.ScheduledThreadPoolExecutor@696b9846[Running, pool size = 2, active threads = 2, queued tasks = 0, completed tasks = 0]
15:02:10.898 [SpringApplicationShutdownHook] INFO  c.a.n.c.r.client - [closeConnection,584] - Close current connection 1777359557024_172.17.0.1_43290
15:02:10.901 [nacos-grpc-client-executor-localhost-42] INFO  c.a.n.c.r.c.g.GrpcClient - [printIfInfoEnabled,63] - [1777359557024_172.17.0.1_43290]Ignore complete event,isRunning:false,isAbandon=false
15:02:10.902 [SpringApplicationShutdownHook] INFO  c.a.n.c.r.c.g.GrpcClient - [shutdown,159] - Shutdown grpc executor java.util.concurrent.ThreadPoolExecutor@1ee40f71[Running, pool size = 4, active threads = 0, queued tasks = 0, completed tasks = 43]
15:02:10.902 [SpringApplicationShutdownHook] INFO  c.a.n.client.naming - [shutdown,318] - Shutdown grpc redo service executor java.util.concurrent.ScheduledThreadPoolExecutor@95e2111[Running, pool size = 1, active threads = 0, queued tasks = 1, completed tasks = 56]
15:02:10.902 [SpringApplicationShutdownHook] INFO  c.a.n.c.a.r.i.CredentialWatcher - [stop,106] - [null] CredentialWatcher is stopped
15:02:10.903 [SpringApplicationShutdownHook] INFO  c.a.n.c.a.r.i.CredentialService - [free,100] - [null] CredentialService is freed
15:02:10.903 [SpringApplicationShutdownHook] INFO  c.a.n.client.naming - [shutdown,211] - com.alibaba.nacos.client.naming.remote.NamingClientProxyDelegate do shutdown stop
15:02:10.904 [SpringApplicationShutdownHook] INFO  c.z.h.HikariDataSource - [close,350] - HikariPool-1 - Shutdown initiated...
15:02:10.919 [SpringApplicationShutdownHook] INFO  c.z.h.HikariDataSource - [close,352] - HikariPool-1 - Shutdown completed.
15:06:02.273 [main] INFO  c.a.n.c.u.ParamUtil - [<clinit>,87] - [settings] [req-serv] nacos-server port:8848
15:06:02.273 [main] INFO  c.a.n.c.u.ParamUtil - [<clinit>,98] - [settings] [http-client] connect timeout:1000
15:06:02.274 [main] INFO  c.a.n.c.u.ParamUtil - [<clinit>,105] - PER_TASK_CONFIG_SIZE: 3000.0
15:06:02.292 [main] INFO  c.a.n.p.a.s.c.ClientAuthPluginManager - [init,56] - [ClientAuthPluginManager] Load ClientAuthService com.alibaba.nacos.client.auth.impl.NacosClientAuthServiceImpl success.
15:06:02.292 [main] INFO  c.a.n.p.a.s.c.ClientAuthPluginManager - [init,56] - [ClientAuthPluginManager] Load ClientAuthService com.alibaba.nacos.client.auth.ram.RamClientAuthServiceImpl success.
15:06:02.294 [main] INFO  c.a.n.c.a.r.i.CredentialWatcher - [loadCredential,165] - null No credential found
15:06:02.498 [main] INFO  c.a.n.c.c.i.LocalConfigInfoProcessor - [<clinit>,63] - LOCAL_SNAPSHOT_PATH:C:\Users\45\nacos\config
15:06:02.501 [main] INFO  c.a.n.c.r.client - [lambda$createClient$0,108] - [RpcClientFactory] create a new rpc client of d3ca2a32-024d-466f-8287-908637cab8a7_config-0
15:06:02.514 [main] INFO  c.a.n.c.r.client - [printIfInfoEnabled,63] - [d3ca2a32-024d-466f-8287-908637cab8a7_config-0] Register server push request handler:com.alibaba.nacos.client.config.impl.ClientWorker$ConfigRpcTransportClient$$Lambda$576/0x000002479a31a3b8
15:06:02.515 [main] INFO  c.a.n.c.r.client - [printIfInfoEnabled,63] - [d3ca2a32-024d-466f-8287-908637cab8a7_config-0] Register server push request handler:com.alibaba.nacos.client.config.impl.ClientWorker$ConfigRpcTransportClient$$Lambda$577/0x000002479a31a7d8
15:06:02.515 [main] INFO  c.a.n.c.r.client - [printIfInfoEnabled,63] - [d3ca2a32-024d-466f-8287-908637cab8a7_config-0] Registry connection listener to current client:com.alibaba.nacos.client.config.impl.ClientWorker$ConfigRpcTransportClient$1
15:06:02.515 [main] INFO  c.a.n.c.r.client - [printIfInfoEnabled,63] - [d3ca2a32-024d-466f-8287-908637cab8a7_config-0] RpcClient init, ServerListFactory = com.alibaba.nacos.client.config.impl.ClientWorker$ConfigRpcTransportClient$2
15:06:02.521 [main] INFO  c.a.n.c.r.client - [printIfInfoEnabled,63] - [d3ca2a32-024d-466f-8287-908637cab8a7_config-0] Try to connect to server on start up, server: {serverIp = 'localhost', server main port = 8848}
15:06:02.545 [main] INFO  c.a.n.c.r.c.g.GrpcClient - [createNewManagedChannel,182] - grpc client connection server:localhost ip,serverPort:9848,grpcTslConfig:{"sslProvider":"OPENSSL","enableTls":false,"mutualAuthEnable":false,"trustAll":false}
15:06:03.326 [main] INFO  c.a.n.c.r.client - [printIfInfoEnabled,63] - [d3ca2a32-024d-466f-8287-908637cab8a7_config-0] Success to connect to server [localhost:8848] on start up, connectionId = 1777359963155_172.17.0.1_36232
15:06:03.327 [com.alibaba.nacos.client.remote.worker] INFO  c.a.n.c.r.client - [printIfInfoEnabled,63] - [d3ca2a32-024d-466f-8287-908637cab8a7_config-0] Notify connected event to listeners.
15:06:03.327 [com.alibaba.nacos.client.remote.worker] INFO  c.a.n.c.c.i.ClientWorker - [onConnected,639] - [d3ca2a32-024d-466f-8287-908637cab8a7_config-0] Connected,notify listen context...
15:06:03.327 [main] INFO  c.a.n.c.r.client - [printIfInfoEnabled,63] - [d3ca2a32-024d-466f-8287-908637cab8a7_config-0] Register server push request handler:com.alibaba.nacos.common.remote.client.RpcClient$ConnectResetRequestHandler
15:06:03.327 [main] INFO  c.a.n.c.r.client - [printIfInfoEnabled,63] - [d3ca2a32-024d-466f-8287-908637cab8a7_config-0] Register server push request handler:com.alibaba.nacos.common.remote.client.RpcClient$$Lambda$597/0x000002479a4a18d8
15:06:03.353 [main] INFO  c.a.n.c.c.i.Limiter - [<clinit>,62] - limitTime:5.0
15:06:03.376 [main] INFO  c.a.n.c.c.u.JvmUtil - [<clinit>,54] - isMultiInstance:false
15:06:03.380 [main] INFO  o.s.c.b.c.PropertySourceBootstrapConfiguration - [initialize,108] - Located property source: [BootstrapPropertySource {name='bootstrapProperties-oj-system-local.yaml,DEFAULT_GROUP'}, BootstrapPropertySource {name='bootstrapProperties-oj-system.yaml,DEFAULT_GROUP'}, BootstrapPropertySource {name='bootstrapProperties-oj-system,DEFAULT_GROUP'}]
15:06:03.384 [main] INFO  c.b.s.OjSystemApplication - [logStartupProfileInfo,636] - The following 1 profile is active: "local"
15:06:03.825 [main] INFO  o.s.c.c.s.GenericScope - [setSerializationId,282] - BeanFactory id=9149879e-e084-3f9f-bffb-81b0a9915377
15:06:04.014 [main] INFO  o.s.b.w.e.t.TomcatWebServer - [initialize,108] - Tomcat initialized with port(s): 9201 (http)
15:06:04.020 [main] INFO  o.a.c.h.Http11NioProtocol - [log,173] - Initializing ProtocolHandler ["http-nio-9201"]
15:06:04.021 [main] INFO  o.a.c.c.StandardService - [log,173] - Starting service [Tomcat]
15:06:04.021 [main] INFO  o.a.c.c.StandardEngine - [log,173] - Starting Servlet engine: [Apache Tomcat/10.1.4]
15:06:04.081 [main] INFO  o.a.c.c.C.[.[.[/] - [log,173] - Initializing Spring embedded WebApplicationContext
15:06:04.081 [main] INFO  o.s.b.w.s.c.ServletWebServerApplicationContext - [prepareWebApplicationContext,291] - Root WebApplicationContext: initialization completed in 686 ms
15:06:05.071 [main] INFO  o.a.c.h.Http11NioProtocol - [log,173] - Starting ProtocolHandler ["http-nio-9201"]
15:06:05.079 [main] INFO  o.s.b.w.e.t.TomcatWebServer - [start,220] - Tomcat started on port(s): 9201 (http) with context path ''
15:06:05.083 [main] INFO  c.a.n.client.naming - [initNamespaceForNaming,62] - initializer namespace from ans.namespace attribute : null
15:06:05.083 [main] INFO  c.a.n.client.naming - [lambda$initNamespaceForNaming$0,66] - initializer namespace from ALIBABA_ALIWARE_NAMESPACE attribute :null
15:06:05.084 [main] INFO  c.a.n.client.naming - [lambda$initNamespaceForNaming$1,73] - initializer namespace from namespace attribute :null
15:06:05.089 [main] INFO  c.a.n.p.a.s.c.ClientAuthPluginManager - [init,56] - [ClientAuthPluginManager] Load ClientAuthService com.alibaba.nacos.client.auth.impl.NacosClientAuthServiceImpl success.
15:06:05.090 [main] INFO  c.a.n.p.a.s.c.ClientAuthPluginManager - [init,56] - [ClientAuthPluginManager] Load ClientAuthService com.alibaba.nacos.client.auth.ram.RamClientAuthServiceImpl success.
15:06:05.093 [main] INFO  c.a.n.c.r.client - [lambda$createClient$0,108] - [RpcClientFactory] create a new rpc client of 2c5bce40-983c-4853-acda-159232e981d3
15:06:05.095 [main] INFO  c.a.n.c.r.client - [printIfInfoEnabled,63] - [2c5bce40-983c-4853-acda-159232e981d3] RpcClient init, ServerListFactory = com.alibaba.nacos.client.naming.core.ServerListManager
15:06:05.095 [main] INFO  c.a.n.c.r.client - [printIfInfoEnabled,63] - [2c5bce40-983c-4853-acda-159232e981d3] Registry connection listener to current client:com.alibaba.nacos.client.naming.remote.gprc.redo.NamingGrpcRedoService
15:06:05.096 [main] INFO  c.a.n.c.r.client - [printIfInfoEnabled,63] - [2c5bce40-983c-4853-acda-159232e981d3] Register server push request handler:com.alibaba.nacos.client.naming.remote.gprc.NamingPushRequestHandler
15:06:05.096 [main] INFO  c.a.n.c.r.client - [printIfInfoEnabled,63] - [2c5bce40-983c-4853-acda-159232e981d3] Try to connect to server on start up, server: {serverIp = 'localhost', server main port = 8848}
15:06:05.096 [main] INFO  c.a.n.c.r.c.g.GrpcClient - [createNewManagedChannel,182] - grpc client connection server:localhost ip,serverPort:9848,grpcTslConfig:{"sslProvider":"OPENSSL","enableTls":false,"mutualAuthEnable":false,"trustAll":false}
15:06:05.208 [main] INFO  c.a.n.c.r.client - [printIfInfoEnabled,63] - [2c5bce40-983c-4853-acda-159232e981d3] Success to connect to server [localhost:8848] on start up, connectionId = 1777359965102_172.17.0.1_36236
15:06:05.208 [main] INFO  c.a.n.c.r.client - [printIfInfoEnabled,63] - [2c5bce40-983c-4853-acda-159232e981d3] Register server push request handler:com.alibaba.nacos.common.remote.client.RpcClient$ConnectResetRequestHandler
15:06:05.208 [main] INFO  c.a.n.c.r.client - [printIfInfoEnabled,63] - [2c5bce40-983c-4853-acda-159232e981d3] Register server push request handler:com.alibaba.nacos.common.remote.client.RpcClient$$Lambda$597/0x000002479a4a18d8
15:06:05.208 [com.alibaba.nacos.client.remote.worker] INFO  c.a.n.c.r.client - [printIfInfoEnabled,63] - [2c5bce40-983c-4853-acda-159232e981d3] Notify connected event to listeners.
15:06:05.208 [com.alibaba.nacos.client.remote.worker] INFO  c.a.n.client.naming - [onConnected,78] - Grpc connection connect
15:06:05.209 [main] INFO  c.a.n.client.naming - [registerService,121] - [REGISTER-SERVICE] 1b411097-df3c-4cac-a649-ba6b6b22fcd4 registering service oj-system with instance Instance{instanceId='null', ip='172.20.10.6', port=9201, weight=1.0, healthy=true, enabled=true, ephemeral=true, clusterName='DEFAULT', serviceName='null', metadata={IPv6=[2409:897a:3d80:97a3:543:892d:f811:3246], preserved.register.source=SPRING_CLOUD}}
15:06:05.220 [main] INFO  c.a.c.n.r.NacosServiceRegistry - [register,76] - nacos registry, DEFAULT_GROUP oj-system 172.20.10.6:9201 register finished
15:06:05.370 [main] INFO  c.b.s.OjSystemApplication - [logStarted,57] - Started OjSystemApplication in 3.72 seconds (process running for 4.221)
15:06:05.373 [main] INFO  c.a.n.c.c.i.CacheData - [<clinit>,67] - nacos.cache.data.init.snapshot = true 
15:06:05.374 [main] INFO  c.a.n.c.c.i.ClientWorker - [addCacheDataIfAbsent,380] - [fixed-1b411097-df3c-4cac-a649-ba6b6b22fcd4-localhost_8848] [subscribe] oj-system-local.yaml+DEFAULT_GROUP+1b411097-df3c-4cac-a649-ba6b6b22fcd4
15:06:05.379 [main] INFO  c.a.n.c.c.i.CacheData - [addListener,197] - [fixed-1b411097-df3c-4cac-a649-ba6b6b22fcd4-localhost_8848] [add-listener] ok, tenant=1b411097-df3c-4cac-a649-ba6b6b22fcd4, dataId=oj-system-local.yaml, group=DEFAULT_GROUP, cnt=1
15:06:05.380 [main] INFO  c.a.c.n.r.NacosContextRefresher - [registerNacosListener,129] - [Nacos Config] Listening config: dataId=oj-system-local.yaml, group=DEFAULT_GROUP
15:06:05.380 [main] INFO  c.a.n.c.c.i.ClientWorker - [addCacheDataIfAbsent,380] - [fixed-1b411097-df3c-4cac-a649-ba6b6b22fcd4-localhost_8848] [subscribe] oj-system+DEFAULT_GROUP+1b411097-df3c-4cac-a649-ba6b6b22fcd4
15:06:05.380 [main] INFO  c.a.n.c.c.i.CacheData - [addListener,197] - [fixed-1b411097-df3c-4cac-a649-ba6b6b22fcd4-localhost_8848] [add-listener] ok, tenant=1b411097-df3c-4cac-a649-ba6b6b22fcd4, dataId=oj-system, group=DEFAULT_GROUP, cnt=1
15:06:05.380 [main] INFO  c.a.c.n.r.NacosContextRefresher - [registerNacosListener,129] - [Nacos Config] Listening config: dataId=oj-system, group=DEFAULT_GROUP
15:06:05.381 [main] INFO  c.a.n.c.c.i.ClientWorker - [addCacheDataIfAbsent,380] - [fixed-1b411097-df3c-4cac-a649-ba6b6b22fcd4-localhost_8848] [subscribe] oj-system.yaml+DEFAULT_GROUP+1b411097-df3c-4cac-a649-ba6b6b22fcd4
15:06:05.382 [main] INFO  c.a.n.c.c.i.CacheData - [addListener,197] - [fixed-1b411097-df3c-4cac-a649-ba6b6b22fcd4-localhost_8848] [add-listener] ok, tenant=1b411097-df3c-4cac-a649-ba6b6b22fcd4, dataId=oj-system.yaml, group=DEFAULT_GROUP, cnt=1
15:06:05.383 [main] INFO  c.a.c.n.r.NacosContextRefresher - [registerNacosListener,129] - [Nacos Config] Listening config: dataId=oj-system.yaml, group=DEFAULT_GROUP
15:06:20.903 [http-nio-9201-exec-1] INFO  o.a.c.c.C.[.[.[/] - [log,173] - Initializing Spring DispatcherServlet 'dispatcherServlet'
15:06:20.903 [http-nio-9201-exec-1] INFO  o.s.w.s.DispatcherServlet - [initServletBean,532] - Initializing Servlet 'dispatcherServlet'
15:06:20.904 [http-nio-9201-exec-1] INFO  o.s.w.s.DispatcherServlet - [initServletBean,554] - Completed initialization in 1 ms
15:06:21.002 [http-nio-9201-exec-1] INFO  c.z.h.HikariDataSource - [getConnection,110] - HikariPool-1 - Starting...
15:06:21.245 [http-nio-9201-exec-1] INFO  c.z.h.p.HikariPool - [checkFailFast,565] - HikariPool-1 - Added connection com.mysql.cj.jdbc.ConnectionImpl@3bacd841
15:06:21.246 [http-nio-9201-exec-1] INFO  c.z.h.HikariDataSource - [getConnection,123] - HikariPool-1 - Start completed.
15:08:36.247 [SpringApplicationShutdownHook] INFO  c.a.c.n.r.NacosServiceRegistry - [deregister,95] - De-registering from Nacos Server now...
15:08:36.247 [SpringApplicationShutdownHook] INFO  c.a.n.client.naming - [deregisterService,217] - [DEREGISTER-SERVICE] 1b411097-df3c-4cac-a649-ba6b6b22fcd4 deregistering service oj-system with instance: Instance{instanceId='null', ip='172.20.10.6', port=9201, weight=1.0, healthy=true, enabled=true, ephemeral=true, clusterName='DEFAULT', serviceName='null', metadata={}}
15:08:36.251 [SpringApplicationShutdownHook] INFO  c.a.c.n.r.NacosServiceRegistry - [deregister,115] - De-registration finished.
15:08:36.251 [SpringApplicationShutdownHook] INFO  c.a.n.client.naming - [shutdown,256] - com.alibaba.nacos.client.naming.cache.ServiceInfoHolder do shutdown begin
15:08:36.252 [SpringApplicationShutdownHook] INFO  c.a.n.client.naming - [shutdown,136] - com.alibaba.nacos.client.naming.backups.FailoverReactor do shutdown begin
15:08:36.252 [SpringApplicationShutdownHook] INFO  c.a.n.client.naming - [shutdown,138] - com.alibaba.nacos.client.naming.backups.FailoverReactor do shutdown stop
15:08:36.252 [SpringApplicationShutdownHook] INFO  c.a.n.client.naming - [shutdown,258] - com.alibaba.nacos.client.naming.cache.ServiceInfoHolder do shutdown stop
15:08:36.252 [SpringApplicationShutdownHook] INFO  c.a.n.client.naming - [shutdown,204] - com.alibaba.nacos.client.naming.remote.NamingClientProxyDelegate do shutdown begin
15:08:36.252 [SpringApplicationShutdownHook] INFO  c.a.n.client.naming - [shutdown,143] - com.alibaba.nacos.client.naming.core.ServiceInfoUpdateService do shutdown begin
15:08:36.252 [SpringApplicationShutdownHook] INFO  c.a.n.client.naming - [shutdown,145] - com.alibaba.nacos.client.naming.core.ServiceInfoUpdateService do shutdown stop
15:08:36.252 [SpringApplicationShutdownHook] INFO  c.a.n.client.naming - [shutdown,194] - com.alibaba.nacos.client.naming.core.ServerListManager do shutdown begin
15:08:36.252 [SpringApplicationShutdownHook] INFO  c.a.n.client.naming - [shutdown,199] - com.alibaba.nacos.client.naming.core.ServerListManager do shutdown stop
15:08:36.252 [SpringApplicationShutdownHook] INFO  c.a.n.client.naming - [shutdown,484] - com.alibaba.nacos.client.naming.remote.http.NamingHttpClientProxy do shutdown begin
15:08:36.253 [SpringApplicationShutdownHook] INFO  c.a.n.client.naming - [shutdown,486] - com.alibaba.nacos.client.naming.remote.http.NamingHttpClientProxy do shutdown stop
15:08:36.253 [SpringApplicationShutdownHook] INFO  c.a.n.c.r.client - [shutdown,429] - Shutdown rpc client, set status to shutdown
15:08:36.253 [SpringApplicationShutdownHook] INFO  c.a.n.c.r.client - [shutdown,431] - Shutdown client event executor java.util.concurrent.ScheduledThreadPoolExecutor@68a9d275[Running, pool size = 2, active threads = 2, queued tasks = 0, completed tasks = 0]
15:08:36.253 [SpringApplicationShutdownHook] INFO  c.a.n.c.r.client - [closeConnection,584] - Close current connection 1777359965102_172.17.0.1_36236
15:08:36.256 [SpringApplicationShutdownHook] INFO  c.a.n.c.r.c.g.GrpcClient - [shutdown,159] - Shutdown grpc executor java.util.concurrent.ThreadPoolExecutor@66d1b5b0[Running, pool size = 4, active threads = 0, queued tasks = 0, completed tasks = 40]
15:08:36.256 [SpringApplicationShutdownHook] INFO  c.a.n.client.naming - [shutdown,318] - Shutdown grpc redo service executor java.util.concurrent.ScheduledThreadPoolExecutor@2d4f410d[Running, pool size = 1, active threads = 0, queued tasks = 1, completed tasks = 50]
15:08:36.257 [SpringApplicationShutdownHook] INFO  c.a.n.c.a.r.i.CredentialWatcher - [stop,106] - [null] CredentialWatcher is stopped
15:08:36.257 [SpringApplicationShutdownHook] INFO  c.a.n.c.a.r.i.CredentialService - [free,100] - [null] CredentialService is freed
15:08:36.257 [SpringApplicationShutdownHook] INFO  c.a.n.client.naming - [shutdown,211] - com.alibaba.nacos.client.naming.remote.NamingClientProxyDelegate do shutdown stop
15:08:36.277 [SpringApplicationShutdownHook] INFO  c.z.h.HikariDataSource - [close,350] - HikariPool-1 - Shutdown initiated...
15:08:36.287 [SpringApplicationShutdownHook] INFO  c.z.h.HikariDataSource - [close,352] - HikariPool-1 - Shutdown completed.
22:11:29.448 [main] INFO  c.a.n.c.u.ParamUtil - [<clinit>,87] - [settings] [req-serv] nacos-server port:8848
22:11:29.457 [main] INFO  c.a.n.c.u.ParamUtil - [<clinit>,98] - [settings] [http-client] connect timeout:1000
22:11:29.458 [main] INFO  c.a.n.c.u.ParamUtil - [<clinit>,105] - PER_TASK_CONFIG_SIZE: 3000.0
22:11:29.481 [main] INFO  c.a.n.p.a.s.c.ClientAuthPluginManager - [init,56] - [ClientAuthPluginManager] Load ClientAuthService com.alibaba.nacos.client.auth.impl.NacosClientAuthServiceImpl success.
22:11:29.482 [main] INFO  c.a.n.p.a.s.c.ClientAuthPluginManager - [init,56] - [ClientAuthPluginManager] Load ClientAuthService com.alibaba.nacos.client.auth.ram.RamClientAuthServiceImpl success.
22:11:29.486 [main] INFO  c.a.n.c.a.r.i.CredentialWatcher - [loadCredential,165] - null No credential found
22:11:29.682 [main] INFO  c.a.n.c.c.i.LocalConfigInfoProcessor - [<clinit>,63] - LOCAL_SNAPSHOT_PATH:C:\Users\45\nacos\config
22:11:29.685 [main] INFO  c.a.n.c.r.client - [lambda$createClient$0,108] - [RpcClientFactory] create a new rpc client of 0d934401-6f3c-485e-8e02-ca340db2668d_config-0
22:11:29.699 [main] INFO  c.a.n.c.r.client - [printIfInfoEnabled,63] - [0d934401-6f3c-485e-8e02-ca340db2668d_config-0] Register server push request handler:com.alibaba.nacos.client.config.impl.ClientWorker$ConfigRpcTransportClient$$Lambda$576/0x0000025fe3314fb8
22:11:29.699 [main] INFO  c.a.n.c.r.client - [printIfInfoEnabled,63] - [0d934401-6f3c-485e-8e02-ca340db2668d_config-0] Register server push request handler:com.alibaba.nacos.client.config.impl.ClientWorker$ConfigRpcTransportClient$$Lambda$577/0x0000025fe33153d8
22:11:29.699 [main] INFO  c.a.n.c.r.client - [printIfInfoEnabled,63] - [0d934401-6f3c-485e-8e02-ca340db2668d_config-0] Registry connection listener to current client:com.alibaba.nacos.client.config.impl.ClientWorker$ConfigRpcTransportClient$1
22:11:29.699 [main] INFO  c.a.n.c.r.client - [printIfInfoEnabled,63] - [0d934401-6f3c-485e-8e02-ca340db2668d_config-0] RpcClient init, ServerListFactory = com.alibaba.nacos.client.config.impl.ClientWorker$ConfigRpcTransportClient$2
22:11:29.704 [main] INFO  c.a.n.c.r.client - [printIfInfoEnabled,63] - [0d934401-6f3c-485e-8e02-ca340db2668d_config-0] Try to connect to server on start up, server: {serverIp = 'localhost', server main port = 8848}
22:11:29.725 [main] INFO  c.a.n.c.r.c.g.GrpcClient - [createNewManagedChannel,182] - grpc client connection server:localhost ip,serverPort:9848,grpcTslConfig:{"sslProvider":"OPENSSL","enableTls":false,"mutualAuthEnable":false,"trustAll":false}
22:11:30.541 [main] INFO  c.a.n.c.r.client - [printIfInfoEnabled,63] - [0d934401-6f3c-485e-8e02-ca340db2668d_config-0] Success to connect to server [localhost:8848] on start up, connectionId = 1777385490363_172.17.0.1_36120
22:11:30.542 [com.alibaba.nacos.client.remote.worker] INFO  c.a.n.c.r.client - [printIfInfoEnabled,63] - [0d934401-6f3c-485e-8e02-ca340db2668d_config-0] Notify connected event to listeners.
22:11:30.542 [com.alibaba.nacos.client.remote.worker] INFO  c.a.n.c.c.i.ClientWorker - [onConnected,639] - [0d934401-6f3c-485e-8e02-ca340db2668d_config-0] Connected,notify listen context...
22:11:30.542 [main] INFO  c.a.n.c.r.client - [printIfInfoEnabled,63] - [0d934401-6f3c-485e-8e02-ca340db2668d_config-0] Register server push request handler:com.alibaba.nacos.common.remote.client.RpcClient$ConnectResetRequestHandler
22:11:30.543 [main] INFO  c.a.n.c.r.client - [printIfInfoEnabled,63] - [0d934401-6f3c-485e-8e02-ca340db2668d_config-0] Register server push request handler:com.alibaba.nacos.common.remote.client.RpcClient$$Lambda$597/0x0000025fe34a0228
22:11:30.573 [main] INFO  c.a.n.c.c.i.Limiter - [<clinit>,62] - limitTime:5.0
22:11:30.676 [main] INFO  c.a.n.c.c.u.JvmUtil - [<clinit>,54] - isMultiInstance:false
22:11:30.681 [main] INFO  o.s.c.b.c.PropertySourceBootstrapConfiguration - [initialize,108] - Located property source: [BootstrapPropertySource {name='bootstrapProperties-oj-system-local.yaml,DEFAULT_GROUP'}, BootstrapPropertySource {name='bootstrapProperties-oj-system.yaml,DEFAULT_GROUP'}, BootstrapPropertySource {name='bootstrapProperties-oj-system,DEFAULT_GROUP'}]
22:11:30.684 [main] INFO  c.b.s.OjSystemApplication - [logStartupProfileInfo,636] - The following 1 profile is active: "local"
22:11:31.151 [main] INFO  o.s.d.r.c.RepositoryConfigurationDelegate - [multipleStoresDetected,294] - Multiple Spring Data modules found, entering strict repository configuration mode
22:11:31.155 [main] INFO  o.s.d.r.c.RepositoryConfigurationDelegate - [registerRepositoriesIn,138] - Bootstrapping Spring Data Redis repositories in DEFAULT mode.
22:11:31.173 [main] INFO  o.s.d.r.c.RepositoryConfigurationDelegate - [registerRepositoriesIn,208] - Finished Spring Data repository scanning in 5 ms. Found 0 Redis repository interfaces.
22:11:31.309 [main] INFO  o.s.c.c.s.GenericScope - [setSerializationId,282] - BeanFactory id=4ac4c652-b20a-3a25-8274-c13cbe331ce2
22:11:31.614 [main] INFO  o.s.b.w.e.t.TomcatWebServer - [initialize,108] - Tomcat initialized with port(s): 9201 (http)
22:11:31.621 [main] INFO  o.a.c.h.Http11NioProtocol - [log,173] - Initializing ProtocolHandler ["http-nio-9201"]
22:11:31.622 [main] INFO  o.a.c.c.StandardService - [log,173] - Starting service [Tomcat]
22:11:31.622 [main] INFO  o.a.c.c.StandardEngine - [log,173] - Starting Servlet engine: [Apache Tomcat/10.1.4]
22:11:31.687 [main] INFO  o.a.c.c.C.[.[.[/] - [log,173] - Initializing Spring embedded WebApplicationContext
22:11:31.687 [main] INFO  o.s.b.w.s.c.ServletWebServerApplicationContext - [prepareWebApplicationContext,291] - Root WebApplicationContext: initialization completed in 991 ms
22:11:32.809 [main] INFO  o.a.c.h.Http11NioProtocol - [log,173] - Starting ProtocolHandler ["http-nio-9201"]
22:11:32.820 [main] INFO  o.s.b.w.e.t.TomcatWebServer - [start,220] - Tomcat started on port(s): 9201 (http) with context path ''
22:11:32.823 [main] INFO  c.a.n.client.naming - [initNamespaceForNaming,62] - initializer namespace from ans.namespace attribute : null
22:11:32.824 [main] INFO  c.a.n.client.naming - [lambda$initNamespaceForNaming$0,66] - initializer namespace from ALIBABA_ALIWARE_NAMESPACE attribute :null
22:11:32.824 [main] INFO  c.a.n.client.naming - [lambda$initNamespaceForNaming$1,73] - initializer namespace from namespace attribute :null
22:11:32.832 [main] INFO  c.a.n.p.a.s.c.ClientAuthPluginManager - [init,56] - [ClientAuthPluginManager] Load ClientAuthService com.alibaba.nacos.client.auth.impl.NacosClientAuthServiceImpl success.
22:11:32.832 [main] INFO  c.a.n.p.a.s.c.ClientAuthPluginManager - [init,56] - [ClientAuthPluginManager] Load ClientAuthService com.alibaba.nacos.client.auth.ram.RamClientAuthServiceImpl success.
22:11:32.836 [main] INFO  c.a.n.c.r.client - [lambda$createClient$0,108] - [RpcClientFactory] create a new rpc client of 9553f574-c065-404b-970f-40e3aa76eccd
22:11:32.837 [main] INFO  c.a.n.c.r.client - [printIfInfoEnabled,63] - [9553f574-c065-404b-970f-40e3aa76eccd] RpcClient init, ServerListFactory = com.alibaba.nacos.client.naming.core.ServerListManager
22:11:32.837 [main] INFO  c.a.n.c.r.client - [printIfInfoEnabled,63] - [9553f574-c065-404b-970f-40e3aa76eccd] Registry connection listener to current client:com.alibaba.nacos.client.naming.remote.gprc.redo.NamingGrpcRedoService
22:11:32.837 [main] INFO  c.a.n.c.r.client - [printIfInfoEnabled,63] - [9553f574-c065-404b-970f-40e3aa76eccd] Register server push request handler:com.alibaba.nacos.client.naming.remote.gprc.NamingPushRequestHandler
22:11:32.838 [main] INFO  c.a.n.c.r.client - [printIfInfoEnabled,63] - [9553f574-c065-404b-970f-40e3aa76eccd] Try to connect to server on start up, server: {serverIp = 'localhost', server main port = 8848}
22:11:32.838 [main] INFO  c.a.n.c.r.c.g.GrpcClient - [createNewManagedChannel,182] - grpc client connection server:localhost ip,serverPort:9848,grpcTslConfig:{"sslProvider":"OPENSSL","enableTls":false,"mutualAuthEnable":false,"trustAll":false}
22:11:32.966 [main] INFO  c.a.n.c.r.client - [printIfInfoEnabled,63] - [9553f574-c065-404b-970f-40e3aa76eccd] Success to connect to server [localhost:8848] on start up, connectionId = 1777385492853_172.17.0.1_36122
22:11:32.967 [main] INFO  c.a.n.c.r.client - [printIfInfoEnabled,63] - [9553f574-c065-404b-970f-40e3aa76eccd] Register server push request handler:com.alibaba.nacos.common.remote.client.RpcClient$ConnectResetRequestHandler
22:11:32.967 [com.alibaba.nacos.client.remote.worker] INFO  c.a.n.c.r.client - [printIfInfoEnabled,63] - [9553f574-c065-404b-970f-40e3aa76eccd] Notify connected event to listeners.
22:11:32.967 [main] INFO  c.a.n.c.r.client - [printIfInfoEnabled,63] - [9553f574-c065-404b-970f-40e3aa76eccd] Register server push request handler:com.alibaba.nacos.common.remote.client.RpcClient$$Lambda$597/0x0000025fe34a0228
22:11:32.967 [com.alibaba.nacos.client.remote.worker] INFO  c.a.n.client.naming - [onConnected,78] - Grpc connection connect
22:11:32.969 [main] INFO  c.a.n.client.naming - [registerService,121] - [REGISTER-SERVICE] 1b411097-df3c-4cac-a649-ba6b6b22fcd4 registering service oj-system with instance Instance{instanceId='null', ip='172.20.10.6', port=9201, weight=1.0, healthy=true, enabled=true, ephemeral=true, clusterName='DEFAULT', serviceName='null', metadata={IPv6=[2409:897a:3d80:97a3:543:892d:f811:3246], preserved.register.source=SPRING_CLOUD}}
22:11:32.979 [main] INFO  c.a.c.n.r.NacosServiceRegistry - [register,76] - nacos registry, DEFAULT_GROUP oj-system 172.20.10.6:9201 register finished
22:11:33.121 [main] INFO  c.b.s.OjSystemApplication - [logStarted,57] - Started OjSystemApplication in 4.366 seconds (process running for 5.235)
22:11:33.125 [main] INFO  c.a.n.c.c.i.CacheData - [<clinit>,67] - nacos.cache.data.init.snapshot = true 
22:11:33.127 [main] INFO  c.a.n.c.c.i.ClientWorker - [addCacheDataIfAbsent,380] - [fixed-1b411097-df3c-4cac-a649-ba6b6b22fcd4-localhost_8848] [subscribe] oj-system-local.yaml+DEFAULT_GROUP+1b411097-df3c-4cac-a649-ba6b6b22fcd4
22:11:33.131 [main] INFO  c.a.n.c.c.i.CacheData - [addListener,197] - [fixed-1b411097-df3c-4cac-a649-ba6b6b22fcd4-localhost_8848] [add-listener] ok, tenant=1b411097-df3c-4cac-a649-ba6b6b22fcd4, dataId=oj-system-local.yaml, group=DEFAULT_GROUP, cnt=1
22:11:33.131 [main] INFO  c.a.c.n.r.NacosContextRefresher - [registerNacosListener,129] - [Nacos Config] Listening config: dataId=oj-system-local.yaml, group=DEFAULT_GROUP
22:11:33.132 [main] INFO  c.a.n.c.c.i.ClientWorker - [addCacheDataIfAbsent,380] - [fixed-1b411097-df3c-4cac-a649-ba6b6b22fcd4-localhost_8848] [subscribe] oj-system+DEFAULT_GROUP+1b411097-df3c-4cac-a649-ba6b6b22fcd4
22:11:33.132 [main] INFO  c.a.n.c.c.i.CacheData - [addListener,197] - [fixed-1b411097-df3c-4cac-a649-ba6b6b22fcd4-localhost_8848] [add-listener] ok, tenant=1b411097-df3c-4cac-a649-ba6b6b22fcd4, dataId=oj-system, group=DEFAULT_GROUP, cnt=1
22:11:33.132 [main] INFO  c.a.c.n.r.NacosContextRefresher - [registerNacosListener,129] - [Nacos Config] Listening config: dataId=oj-system, group=DEFAULT_GROUP
22:11:33.134 [main] INFO  c.a.n.c.c.i.ClientWorker - [addCacheDataIfAbsent,380] - [fixed-1b411097-df3c-4cac-a649-ba6b6b22fcd4-localhost_8848] [subscribe] oj-system.yaml+DEFAULT_GROUP+1b411097-df3c-4cac-a649-ba6b6b22fcd4
22:11:33.134 [main] INFO  c.a.n.c.c.i.CacheData - [addListener,197] - [fixed-1b411097-df3c-4cac-a649-ba6b6b22fcd4-localhost_8848] [add-listener] ok, tenant=1b411097-df3c-4cac-a649-ba6b6b22fcd4, dataId=oj-system.yaml, group=DEFAULT_GROUP, cnt=1
22:11:33.134 [main] INFO  c.a.c.n.r.NacosContextRefresher - [registerNacosListener,129] - [Nacos Config] Listening config: dataId=oj-system.yaml, group=DEFAULT_GROUP
22:12:23.424 [http-nio-9201-exec-1] INFO  o.a.c.c.C.[.[.[/] - [log,173] - Initializing Spring DispatcherServlet 'dispatcherServlet'
22:12:23.424 [http-nio-9201-exec-1] INFO  o.s.w.s.DispatcherServlet - [initServletBean,532] - Initializing Servlet 'dispatcherServlet'
22:12:23.425 [http-nio-9201-exec-1] INFO  o.s.w.s.DispatcherServlet - [initServletBean,554] - Completed initialization in 1 ms
22:14:23.206 [SpringApplicationShutdownHook] INFO  c.a.c.n.r.NacosServiceRegistry - [deregister,95] - De-registering from Nacos Server now...
22:14:23.207 [SpringApplicationShutdownHook] INFO  c.a.n.client.naming - [deregisterService,217] - [DEREGISTER-SERVICE] 1b411097-df3c-4cac-a649-ba6b6b22fcd4 deregistering service oj-system with instance: Instance{instanceId='null', ip='172.20.10.6', port=9201, weight=1.0, healthy=true, enabled=true, ephemeral=true, clusterName='DEFAULT', serviceName='null', metadata={}}
22:14:23.211 [SpringApplicationShutdownHook] INFO  c.a.c.n.r.NacosServiceRegistry - [deregister,115] - De-registration finished.
22:14:23.211 [SpringApplicationShutdownHook] INFO  c.a.n.client.naming - [shutdown,256] - com.alibaba.nacos.client.naming.cache.ServiceInfoHolder do shutdown begin
22:14:23.211 [SpringApplicationShutdownHook] INFO  c.a.n.client.naming - [shutdown,136] - com.alibaba.nacos.client.naming.backups.FailoverReactor do shutdown begin
22:14:23.211 [SpringApplicationShutdownHook] INFO  c.a.n.client.naming - [shutdown,138] - com.alibaba.nacos.client.naming.backups.FailoverReactor do shutdown stop
22:14:23.211 [SpringApplicationShutdownHook] INFO  c.a.n.client.naming - [shutdown,258] - com.alibaba.nacos.client.naming.cache.ServiceInfoHolder do shutdown stop
22:14:23.211 [SpringApplicationShutdownHook] INFO  c.a.n.client.naming - [shutdown,204] - com.alibaba.nacos.client.naming.remote.NamingClientProxyDelegate do shutdown begin
22:14:23.211 [SpringApplicationShutdownHook] INFO  c.a.n.client.naming - [shutdown,143] - com.alibaba.nacos.client.naming.core.ServiceInfoUpdateService do shutdown begin
22:14:23.211 [SpringApplicationShutdownHook] INFO  c.a.n.client.naming - [shutdown,145] - com.alibaba.nacos.client.naming.core.ServiceInfoUpdateService do shutdown stop
22:14:23.212 [SpringApplicationShutdownHook] INFO  c.a.n.client.naming - [shutdown,194] - com.alibaba.nacos.client.naming.core.ServerListManager do shutdown begin
22:14:23.212 [SpringApplicationShutdownHook] INFO  c.a.n.client.naming - [shutdown,199] - com.alibaba.nacos.client.naming.core.ServerListManager do shutdown stop
22:14:23.212 [SpringApplicationShutdownHook] INFO  c.a.n.client.naming - [shutdown,484] - com.alibaba.nacos.client.naming.remote.http.NamingHttpClientProxy do shutdown begin
22:14:23.212 [SpringApplicationShutdownHook] INFO  c.a.n.client.naming - [shutdown,486] - com.alibaba.nacos.client.naming.remote.http.NamingHttpClientProxy do shutdown stop
22:14:23.212 [SpringApplicationShutdownHook] INFO  c.a.n.c.r.client - [shutdown,429] - Shutdown rpc client, set status to shutdown
22:14:23.212 [SpringApplicationShutdownHook] INFO  c.a.n.c.r.client - [shutdown,431] - Shutdown client event executor java.util.concurrent.ScheduledThreadPoolExecutor@70b4aba5[Running, pool size = 2, active threads = 2, queued tasks = 0, completed tasks = 0]
22:14:23.212 [SpringApplicationShutdownHook] INFO  c.a.n.c.r.client - [closeConnection,584] - Close current connection 1777385492853_172.17.0.1_36122
22:14:23.216 [SpringApplicationShutdownHook] INFO  c.a.n.c.r.c.g.GrpcClient - [shutdown,159] - Shutdown grpc executor java.util.concurrent.ThreadPoolExecutor@213a2736[Running, pool size = 4, active threads = 0, queued tasks = 0, completed tasks = 44]
22:14:23.216 [SpringApplicationShutdownHook] INFO  c.a.n.client.naming - [shutdown,318] - Shutdown grpc redo service executor java.util.concurrent.ScheduledThreadPoolExecutor@3e2fea35[Running, pool size = 1, active threads = 0, queued tasks = 1, completed tasks = 56]
22:14:23.216 [SpringApplicationShutdownHook] INFO  c.a.n.c.a.r.i.CredentialWatcher - [stop,106] - [null] CredentialWatcher is stopped
22:14:23.216 [SpringApplicationShutdownHook] INFO  c.a.n.c.a.r.i.CredentialService - [free,100] - [null] CredentialService is freed
22:14:23.216 [SpringApplicationShutdownHook] INFO  c.a.n.client.naming - [shutdown,211] - com.alibaba.nacos.client.naming.remote.NamingClientProxyDelegate do shutdown stop
22:14:28.072 [main] INFO  c.a.n.c.u.ParamUtil - [<clinit>,87] - [settings] [req-serv] nacos-server port:8848
22:14:28.072 [main] INFO  c.a.n.c.u.ParamUtil - [<clinit>,98] - [settings] [http-client] connect timeout:1000
22:14:28.073 [main] INFO  c.a.n.c.u.ParamUtil - [<clinit>,105] - PER_TASK_CONFIG_SIZE: 3000.0
22:14:28.090 [main] INFO  c.a.n.p.a.s.c.ClientAuthPluginManager - [init,56] - [ClientAuthPluginManager] Load ClientAuthService com.alibaba.nacos.client.auth.impl.NacosClientAuthServiceImpl success.
22:14:28.090 [main] INFO  c.a.n.p.a.s.c.ClientAuthPluginManager - [init,56] - [ClientAuthPluginManager] Load ClientAuthService com.alibaba.nacos.client.auth.ram.RamClientAuthServiceImpl success.
22:14:28.092 [main] INFO  c.a.n.c.a.r.i.CredentialWatcher - [loadCredential,165] - null No credential found
22:14:28.316 [main] INFO  c.a.n.c.c.i.LocalConfigInfoProcessor - [<clinit>,63] - LOCAL_SNAPSHOT_PATH:C:\Users\45\nacos\config
22:14:28.319 [main] INFO  c.a.n.c.r.client - [lambda$createClient$0,108] - [RpcClientFactory] create a new rpc client of 67f227dc-72aa-478d-b768-60aca41cee63_config-0
22:14:28.330 [main] INFO  c.a.n.c.r.client - [printIfInfoEnabled,63] - [67f227dc-72aa-478d-b768-60aca41cee63_config-0] Register server push request handler:com.alibaba.nacos.client.config.impl.ClientWorker$ConfigRpcTransportClient$$Lambda$576/0x0000019b81316420
22:14:28.331 [main] INFO  c.a.n.c.r.client - [printIfInfoEnabled,63] - [67f227dc-72aa-478d-b768-60aca41cee63_config-0] Register server push request handler:com.alibaba.nacos.client.config.impl.ClientWorker$ConfigRpcTransportClient$$Lambda$577/0x0000019b81316840
22:14:28.331 [main] INFO  c.a.n.c.r.client - [printIfInfoEnabled,63] - [67f227dc-72aa-478d-b768-60aca41cee63_config-0] Registry connection listener to current client:com.alibaba.nacos.client.config.impl.ClientWorker$ConfigRpcTransportClient$1
22:14:28.331 [main] INFO  c.a.n.c.r.client - [printIfInfoEnabled,63] - [67f227dc-72aa-478d-b768-60aca41cee63_config-0] RpcClient init, ServerListFactory = com.alibaba.nacos.client.config.impl.ClientWorker$ConfigRpcTransportClient$2
22:14:28.336 [main] INFO  c.a.n.c.r.client - [printIfInfoEnabled,63] - [67f227dc-72aa-478d-b768-60aca41cee63_config-0] Try to connect to server on start up, server: {serverIp = 'localhost', server main port = 8848}
22:14:28.358 [main] INFO  c.a.n.c.r.c.g.GrpcClient - [createNewManagedChannel,182] - grpc client connection server:localhost ip,serverPort:9848,grpcTslConfig:{"sslProvider":"OPENSSL","enableTls":false,"mutualAuthEnable":false,"trustAll":false}
22:14:29.057 [main] INFO  c.a.n.c.r.client - [printIfInfoEnabled,63] - [67f227dc-72aa-478d-b768-60aca41cee63_config-0] Success to connect to server [localhost:8848] on start up, connectionId = 1777385668888_172.17.0.1_58026
22:14:29.060 [com.alibaba.nacos.client.remote.worker] INFO  c.a.n.c.r.client - [printIfInfoEnabled,63] - [67f227dc-72aa-478d-b768-60aca41cee63_config-0] Notify connected event to listeners.
22:14:29.060 [main] INFO  c.a.n.c.r.client - [printIfInfoEnabled,63] - [67f227dc-72aa-478d-b768-60aca41cee63_config-0] Register server push request handler:com.alibaba.nacos.common.remote.client.RpcClient$ConnectResetRequestHandler
22:14:29.061 [com.alibaba.nacos.client.remote.worker] INFO  c.a.n.c.c.i.ClientWorker - [onConnected,639] - [67f227dc-72aa-478d-b768-60aca41cee63_config-0] Connected,notify listen context...
22:14:29.061 [main] INFO  c.a.n.c.r.client - [printIfInfoEnabled,63] - [67f227dc-72aa-478d-b768-60aca41cee63_config-0] Register server push request handler:com.alibaba.nacos.common.remote.client.RpcClient$$Lambda$597/0x0000019b814a2030
22:14:29.092 [main] INFO  c.a.n.c.c.i.Limiter - [<clinit>,62] - limitTime:5.0
22:14:29.116 [main] INFO  c.a.n.c.c.u.JvmUtil - [<clinit>,54] - isMultiInstance:false
22:14:29.120 [main] INFO  o.s.c.b.c.PropertySourceBootstrapConfiguration - [initialize,108] - Located property source: [BootstrapPropertySource {name='bootstrapProperties-oj-system-local.yaml,DEFAULT_GROUP'}, BootstrapPropertySource {name='bootstrapProperties-oj-system.yaml,DEFAULT_GROUP'}, BootstrapPropertySource {name='bootstrapProperties-oj-system,DEFAULT_GROUP'}]
22:14:29.124 [main] INFO  c.b.s.OjSystemApplication - [logStartupProfileInfo,636] - The following 1 profile is active: "local"
22:14:29.526 [main] INFO  o.s.d.r.c.RepositoryConfigurationDelegate - [multipleStoresDetected,294] - Multiple Spring Data modules found, entering strict repository configuration mode
22:14:29.528 [main] INFO  o.s.d.r.c.RepositoryConfigurationDelegate - [registerRepositoriesIn,138] - Bootstrapping Spring Data Redis repositories in DEFAULT mode.
22:14:29.543 [main] INFO  o.s.d.r.c.RepositoryConfigurationDelegate - [registerRepositoriesIn,208] - Finished Spring Data repository scanning in 5 ms. Found 0 Redis repository interfaces.
22:14:29.661 [main] INFO  o.s.c.c.s.GenericScope - [setSerializationId,282] - BeanFactory id=0dcb6a28-87d0-3e6c-ad93-7782913e6d57
22:14:29.897 [main] INFO  o.s.b.w.e.t.TomcatWebServer - [initialize,108] - Tomcat initialized with port(s): 9201 (http)
22:14:29.904 [main] INFO  o.a.c.h.Http11NioProtocol - [log,173] - Initializing ProtocolHandler ["http-nio-9201"]
22:14:29.905 [main] INFO  o.a.c.c.StandardService - [log,173] - Starting service [Tomcat]
22:14:29.905 [main] INFO  o.a.c.c.StandardEngine - [log,173] - Starting Servlet engine: [Apache Tomcat/10.1.4]
22:14:29.959 [main] INFO  o.a.c.c.C.[.[.[/] - [log,173] - Initializing Spring embedded WebApplicationContext
22:14:29.959 [main] INFO  o.s.b.w.s.c.ServletWebServerApplicationContext - [prepareWebApplicationContext,291] - Root WebApplicationContext: initialization completed in 824 ms
22:14:31.006 [main] INFO  o.a.c.h.Http11NioProtocol - [log,173] - Starting ProtocolHandler ["http-nio-9201"]
22:14:31.014 [main] INFO  o.s.b.w.e.t.TomcatWebServer - [start,220] - Tomcat started on port(s): 9201 (http) with context path ''
22:14:31.018 [main] INFO  c.a.n.client.naming - [initNamespaceForNaming,62] - initializer namespace from ans.namespace attribute : null
22:14:31.019 [main] INFO  c.a.n.client.naming - [lambda$initNamespaceForNaming$0,66] - initializer namespace from ALIBABA_ALIWARE_NAMESPACE attribute :null
22:14:31.020 [main] INFO  c.a.n.client.naming - [lambda$initNamespaceForNaming$1,73] - initializer namespace from namespace attribute :null
22:14:31.025 [main] INFO  c.a.n.p.a.s.c.ClientAuthPluginManager - [init,56] - [ClientAuthPluginManager] Load ClientAuthService com.alibaba.nacos.client.auth.impl.NacosClientAuthServiceImpl success.
22:14:31.025 [main] INFO  c.a.n.p.a.s.c.ClientAuthPluginManager - [init,56] - [ClientAuthPluginManager] Load ClientAuthService com.alibaba.nacos.client.auth.ram.RamClientAuthServiceImpl success.
22:14:31.029 [main] INFO  c.a.n.c.r.client - [lambda$createClient$0,108] - [RpcClientFactory] create a new rpc client of a910876e-4b31-4234-b550-d4d6ec465cb8
22:14:31.030 [main] INFO  c.a.n.c.r.client - [printIfInfoEnabled,63] - [a910876e-4b31-4234-b550-d4d6ec465cb8] RpcClient init, ServerListFactory = com.alibaba.nacos.client.naming.core.ServerListManager
22:14:31.030 [main] INFO  c.a.n.c.r.client - [printIfInfoEnabled,63] - [a910876e-4b31-4234-b550-d4d6ec465cb8] Registry connection listener to current client:com.alibaba.nacos.client.naming.remote.gprc.redo.NamingGrpcRedoService
22:14:31.030 [main] INFO  c.a.n.c.r.client - [printIfInfoEnabled,63] - [a910876e-4b31-4234-b550-d4d6ec465cb8] Register server push request handler:com.alibaba.nacos.client.naming.remote.gprc.NamingPushRequestHandler
22:14:31.030 [main] INFO  c.a.n.c.r.client - [printIfInfoEnabled,63] - [a910876e-4b31-4234-b550-d4d6ec465cb8] Try to connect to server on start up, server: {serverIp = 'localhost', server main port = 8848}
22:14:31.030 [main] INFO  c.a.n.c.r.c.g.GrpcClient - [createNewManagedChannel,182] - grpc client connection server:localhost ip,serverPort:9848,grpcTslConfig:{"sslProvider":"OPENSSL","enableTls":false,"mutualAuthEnable":false,"trustAll":false}
22:14:31.143 [main] INFO  c.a.n.c.r.client - [printIfInfoEnabled,63] - [a910876e-4b31-4234-b550-d4d6ec465cb8] Success to connect to server [localhost:8848] on start up, connectionId = 1777385671038_172.17.0.1_53068
22:14:31.143 [main] INFO  c.a.n.c.r.client - [printIfInfoEnabled,63] - [a910876e-4b31-4234-b550-d4d6ec465cb8] Register server push request handler:com.alibaba.nacos.common.remote.client.RpcClient$ConnectResetRequestHandler
22:14:31.143 [main] INFO  c.a.n.c.r.client - [printIfInfoEnabled,63] - [a910876e-4b31-4234-b550-d4d6ec465cb8] Register server push request handler:com.alibaba.nacos.common.remote.client.RpcClient$$Lambda$597/0x0000019b814a2030
22:14:31.143 [com.alibaba.nacos.client.remote.worker] INFO  c.a.n.c.r.client - [printIfInfoEnabled,63] - [a910876e-4b31-4234-b550-d4d6ec465cb8] Notify connected event to listeners.
22:14:31.144 [com.alibaba.nacos.client.remote.worker] INFO  c.a.n.client.naming - [onConnected,78] - Grpc connection connect
22:14:31.144 [main] INFO  c.a.n.client.naming - [registerService,121] - [REGISTER-SERVICE] 1b411097-df3c-4cac-a649-ba6b6b22fcd4 registering service oj-system with instance Instance{instanceId='null', ip='172.20.10.6', port=9201, weight=1.0, healthy=true, enabled=true, ephemeral=true, clusterName='DEFAULT', serviceName='null', metadata={IPv6=[2409:897a:3d80:97a3:543:892d:f811:3246], preserved.register.source=SPRING_CLOUD}}
22:14:31.156 [main] INFO  c.a.c.n.r.NacosServiceRegistry - [register,76] - nacos registry, DEFAULT_GROUP oj-system 172.20.10.6:9201 register finished
22:14:31.308 [main] INFO  c.b.s.OjSystemApplication - [logStarted,57] - Started OjSystemApplication in 3.871 seconds (process running for 4.41)
22:14:31.311 [main] INFO  c.a.n.c.c.i.CacheData - [<clinit>,67] - nacos.cache.data.init.snapshot = true 
22:14:31.312 [main] INFO  c.a.n.c.c.i.ClientWorker - [addCacheDataIfAbsent,380] - [fixed-1b411097-df3c-4cac-a649-ba6b6b22fcd4-localhost_8848] [subscribe] oj-system-local.yaml+DEFAULT_GROUP+1b411097-df3c-4cac-a649-ba6b6b22fcd4
22:14:31.317 [main] INFO  c.a.n.c.c.i.CacheData - [addListener,197] - [fixed-1b411097-df3c-4cac-a649-ba6b6b22fcd4-localhost_8848] [add-listener] ok, tenant=1b411097-df3c-4cac-a649-ba6b6b22fcd4, dataId=oj-system-local.yaml, group=DEFAULT_GROUP, cnt=1
22:14:31.318 [main] INFO  c.a.c.n.r.NacosContextRefresher - [registerNacosListener,129] - [Nacos Config] Listening config: dataId=oj-system-local.yaml, group=DEFAULT_GROUP
22:14:31.318 [main] INFO  c.a.n.c.c.i.ClientWorker - [addCacheDataIfAbsent,380] - [fixed-1b411097-df3c-4cac-a649-ba6b6b22fcd4-localhost_8848] [subscribe] oj-system+DEFAULT_GROUP+1b411097-df3c-4cac-a649-ba6b6b22fcd4
22:14:31.318 [main] INFO  c.a.n.c.c.i.CacheData - [addListener,197] - [fixed-1b411097-df3c-4cac-a649-ba6b6b22fcd4-localhost_8848] [add-listener] ok, tenant=1b411097-df3c-4cac-a649-ba6b6b22fcd4, dataId=oj-system, group=DEFAULT_GROUP, cnt=1
22:14:31.320 [main] INFO  c.a.c.n.r.NacosContextRefresher - [registerNacosListener,129] - [Nacos Config] Listening config: dataId=oj-system, group=DEFAULT_GROUP
22:14:31.320 [main] INFO  c.a.n.c.c.i.ClientWorker - [addCacheDataIfAbsent,380] - [fixed-1b411097-df3c-4cac-a649-ba6b6b22fcd4-localhost_8848] [subscribe] oj-system.yaml+DEFAULT_GROUP+1b411097-df3c-4cac-a649-ba6b6b22fcd4
22:14:31.321 [main] INFO  c.a.n.c.c.i.CacheData - [addListener,197] - [fixed-1b411097-df3c-4cac-a649-ba6b6b22fcd4-localhost_8848] [add-listener] ok, tenant=1b411097-df3c-4cac-a649-ba6b6b22fcd4, dataId=oj-system.yaml, group=DEFAULT_GROUP, cnt=1
22:14:31.321 [main] INFO  c.a.c.n.r.NacosContextRefresher - [registerNacosListener,129] - [Nacos Config] Listening config: dataId=oj-system.yaml, group=DEFAULT_GROUP
22:14:35.794 [http-nio-9201-exec-1] INFO  o.a.c.c.C.[.[.[/] - [log,173] - Initializing Spring DispatcherServlet 'dispatcherServlet'
22:14:35.794 [http-nio-9201-exec-1] INFO  o.s.w.s.DispatcherServlet - [initServletBean,532] - Initializing Servlet 'dispatcherServlet'
22:14:35.795 [http-nio-9201-exec-1] INFO  o.s.w.s.DispatcherServlet - [initServletBean,554] - Completed initialization in 1 ms
22:17:35.170 [nacos-grpc-client-executor-localhost-52] INFO  c.a.n.c.r.client - [printIfInfoEnabled,63] - [67f227dc-72aa-478d-b768-60aca41cee63_config-0] Receive server push request, request = ConfigChangeNotifyRequest, requestId = 2
22:17:35.171 [nacos-grpc-client-executor-localhost-52] INFO  c.a.n.c.c.i.ClientWorker - [lambda$initRpcClientHandler$0,606] - [67f227dc-72aa-478d-b768-60aca41cee63_config-0] [server-push] config changed. dataId=oj-system-local.yaml, group=DEFAULT_GROUP,tenant=1b411097-df3c-4cac-a649-ba6b6b22fcd4
22:17:35.171 [nacos-grpc-client-executor-localhost-52] INFO  c.a.n.c.r.client - [printIfInfoEnabled,63] - [67f227dc-72aa-478d-b768-60aca41cee63_config-0] Ack server push request, request = ConfigChangeNotifyRequest, requestId = 2
22:17:35.182 [com.alibaba.nacos.client.Worker] INFO  c.a.n.c.c.i.ClientWorker - [refreshContentAndCheck,449] - [fixed-1b411097-df3c-4cac-a649-ba6b6b22fcd4-localhost_8848] [data-received] dataId=oj-system-local.yaml, group=DEFAULT_GROUP, tenant=1b411097-df3c-4cac-a649-ba6b6b22fcd4, md5=90a78795756358dd119c768a91dc10a6, content=server:
  port: 9201

spring:
  data:
    redis:
      host: localhost
      password: 123456
  data..., type=yaml
22:17:35.183 [com.alibaba.nacos.client.Worker] INFO  c.a.n.c.c.i.CacheData - [safeNotifyListener,383] - [fixed-1b411097-df3c-4cac-a649-ba6b6b22fcd4-localhost_8848] [notify-listener] time cost=0ms in ClientWorker, dataId=oj-system-local.yaml, group=DEFAULT_GROUP, md5=90a78795756358dd119c768a91dc10a6, listener=com.alibaba.cloud.nacos.refresh.NacosContextRefresher$1@52520aee 
22:17:35.184 [nacos.client.cachedata.internal.notifier] INFO  c.a.n.c.c.i.CacheData - [lambda$safeNotifyListener$1,319] - [fixed-1b411097-df3c-4cac-a649-ba6b6b22fcd4-localhost_8848] [notify-context] dataId=oj-system-local.yaml, group=DEFAULT_GROUP, md5=90a78795756358dd119c768a91dc10a6
22:17:35.468 [nacos.client.cachedata.internal.notifier] INFO  o.s.c.b.c.PropertySourceBootstrapConfiguration - [initialize,108] - Located property source: [BootstrapPropertySource {name='bootstrapProperties-oj-system-local.yaml,DEFAULT_GROUP'}, BootstrapPropertySource {name='bootstrapProperties-oj-system.yaml,DEFAULT_GROUP'}, BootstrapPropertySource {name='bootstrapProperties-oj-system,DEFAULT_GROUP'}]
22:17:35.470 [nacos.client.cachedata.internal.notifier] INFO  o.s.b.SpringApplication - [logStartupProfileInfo,636] - The following 1 profile is active: "local"
22:17:35.473 [nacos.client.cachedata.internal.notifier] INFO  o.s.b.SpringApplication - [logStarted,57] - Started application in 0.284 seconds (process running for 188.575)
22:17:35.512 [nacos.client.cachedata.internal.notifier] INFO  o.s.c.e.e.RefreshEventListener - [handle,73] - Refresh keys changed: [spring.data.redis.password, spring.data.redis.host]
22:17:35.513 [nacos.client.cachedata.internal.notifier] INFO  c.a.n.c.c.i.CacheData - [lambda$safeNotifyListener$1,345] - [fixed-1b411097-df3c-4cac-a649-ba6b6b22fcd4-localhost_8848] [notify-ok] dataId=oj-system-local.yaml, group=DEFAULT_GROUP, md5=90a78795756358dd119c768a91dc10a6, listener=com.alibaba.cloud.nacos.refresh.NacosContextRefresher$1@52520aee ,cost=329 millis.
22:17:38.373 [SpringApplicationShutdownHook] INFO  c.a.c.n.r.NacosServiceRegistry - [deregister,95] - De-registering from Nacos Server now...
22:17:38.373 [SpringApplicationShutdownHook] INFO  c.a.n.client.naming - [deregisterService,217] - [DEREGISTER-SERVICE] 1b411097-df3c-4cac-a649-ba6b6b22fcd4 deregistering service oj-system with instance: Instance{instanceId='null', ip='172.20.10.6', port=9201, weight=1.0, healthy=true, enabled=true, ephemeral=true, clusterName='DEFAULT', serviceName='null', metadata={}}
22:17:38.377 [SpringApplicationShutdownHook] INFO  c.a.c.n.r.NacosServiceRegistry - [deregister,115] - De-registration finished.
22:17:38.378 [SpringApplicationShutdownHook] INFO  c.a.n.client.naming - [shutdown,256] - com.alibaba.nacos.client.naming.cache.ServiceInfoHolder do shutdown begin
22:17:38.378 [SpringApplicationShutdownHook] INFO  c.a.n.client.naming - [shutdown,136] - com.alibaba.nacos.client.naming.backups.FailoverReactor do shutdown begin
22:17:38.378 [SpringApplicationShutdownHook] INFO  c.a.n.client.naming - [shutdown,138] - com.alibaba.nacos.client.naming.backups.FailoverReactor do shutdown stop
22:17:38.378 [SpringApplicationShutdownHook] INFO  c.a.n.client.naming - [shutdown,258] - com.alibaba.nacos.client.naming.cache.ServiceInfoHolder do shutdown stop
22:17:38.378 [SpringApplicationShutdownHook] INFO  c.a.n.client.naming - [shutdown,204] - com.alibaba.nacos.client.naming.remote.NamingClientProxyDelegate do shutdown begin
22:17:38.378 [SpringApplicationShutdownHook] INFO  c.a.n.client.naming - [shutdown,143] - com.alibaba.nacos.client.naming.core.ServiceInfoUpdateService do shutdown begin
22:17:38.378 [SpringApplicationShutdownHook] INFO  c.a.n.client.naming - [shutdown,145] - com.alibaba.nacos.client.naming.core.ServiceInfoUpdateService do shutdown stop
22:17:38.378 [SpringApplicationShutdownHook] INFO  c.a.n.client.naming - [shutdown,194] - com.alibaba.nacos.client.naming.core.ServerListManager do shutdown begin
22:17:38.378 [SpringApplicationShutdownHook] INFO  c.a.n.client.naming - [shutdown,199] - com.alibaba.nacos.client.naming.core.ServerListManager do shutdown stop
22:17:38.378 [SpringApplicationShutdownHook] INFO  c.a.n.client.naming - [shutdown,484] - com.alibaba.nacos.client.naming.remote.http.NamingHttpClientProxy do shutdown begin
22:17:38.378 [SpringApplicationShutdownHook] INFO  c.a.n.client.naming - [shutdown,486] - com.alibaba.nacos.client.naming.remote.http.NamingHttpClientProxy do shutdown stop
22:17:38.378 [SpringApplicationShutdownHook] INFO  c.a.n.c.r.client - [shutdown,429] - Shutdown rpc client, set status to shutdown
22:17:38.379 [SpringApplicationShutdownHook] INFO  c.a.n.c.r.client - [shutdown,431] - Shutdown client event executor java.util.concurrent.ScheduledThreadPoolExecutor@6659fe75[Running, pool size = 2, active threads = 2, queued tasks = 0, completed tasks = 0]
22:17:38.379 [SpringApplicationShutdownHook] INFO  c.a.n.c.r.client - [closeConnection,584] - Close current connection 1777385671038_172.17.0.1_53068
22:17:38.380 [nacos-grpc-client-executor-localhost-49] INFO  c.a.n.c.r.c.g.GrpcClient - [printIfInfoEnabled,63] - [1777385671038_172.17.0.1_53068]Ignore complete event,isRunning:false,isAbandon=false
22:17:38.381 [SpringApplicationShutdownHook] INFO  c.a.n.c.r.c.g.GrpcClient - [shutdown,159] - Shutdown grpc executor java.util.concurrent.ThreadPoolExecutor@5cdb38[Running, pool size = 4, active threads = 0, queued tasks = 0, completed tasks = 50]
22:17:38.381 [SpringApplicationShutdownHook] INFO  c.a.n.client.naming - [shutdown,318] - Shutdown grpc redo service executor java.util.concurrent.ScheduledThreadPoolExecutor@717f9b7a[Running, pool size = 1, active threads = 0, queued tasks = 1, completed tasks = 62]
22:17:38.382 [SpringApplicationShutdownHook] INFO  c.a.n.c.a.r.i.CredentialWatcher - [stop,106] - [null] CredentialWatcher is stopped
22:17:38.382 [SpringApplicationShutdownHook] INFO  c.a.n.c.a.r.i.CredentialService - [free,100] - [null] CredentialService is freed
22:17:38.382 [SpringApplicationShutdownHook] INFO  c.a.n.client.naming - [shutdown,211] - com.alibaba.nacos.client.naming.remote.NamingClientProxyDelegate do shutdown stop
22:17:41.132 [main] INFO  c.a.n.c.u.ParamUtil - [<clinit>,87] - [settings] [req-serv] nacos-server port:8848
22:17:41.133 [main] INFO  c.a.n.c.u.ParamUtil - [<clinit>,98] - [settings] [http-client] connect timeout:1000
22:17:41.134 [main] INFO  c.a.n.c.u.ParamUtil - [<clinit>,105] - PER_TASK_CONFIG_SIZE: 3000.0
22:17:41.151 [main] INFO  c.a.n.p.a.s.c.ClientAuthPluginManager - [init,56] - [ClientAuthPluginManager] Load ClientAuthService com.alibaba.nacos.client.auth.impl.NacosClientAuthServiceImpl success.
22:17:41.151 [main] INFO  c.a.n.p.a.s.c.ClientAuthPluginManager - [init,56] - [ClientAuthPluginManager] Load ClientAuthService com.alibaba.nacos.client.auth.ram.RamClientAuthServiceImpl success.
22:17:41.153 [main] INFO  c.a.n.c.a.r.i.CredentialWatcher - [loadCredential,165] - null No credential found
22:17:41.374 [main] INFO  c.a.n.c.c.i.LocalConfigInfoProcessor - [<clinit>,63] - LOCAL_SNAPSHOT_PATH:C:\Users\45\nacos\config
22:17:41.377 [main] INFO  c.a.n.c.r.client - [lambda$createClient$0,108] - [RpcClientFactory] create a new rpc client of b6fd907c-0371-4570-a1ce-1871aa6f6b34_config-0
22:17:41.389 [main] INFO  c.a.n.c.r.client - [printIfInfoEnabled,63] - [b6fd907c-0371-4570-a1ce-1871aa6f6b34_config-0] Register server push request handler:com.alibaba.nacos.client.config.impl.ClientWorker$ConfigRpcTransportClient$$Lambda$576/0x000002965a3158c8
22:17:41.389 [main] INFO  c.a.n.c.r.client - [printIfInfoEnabled,63] - [b6fd907c-0371-4570-a1ce-1871aa6f6b34_config-0] Register server push request handler:com.alibaba.nacos.client.config.impl.ClientWorker$ConfigRpcTransportClient$$Lambda$577/0x000002965a315ce8
22:17:41.390 [main] INFO  c.a.n.c.r.client - [printIfInfoEnabled,63] - [b6fd907c-0371-4570-a1ce-1871aa6f6b34_config-0] Registry connection listener to current client:com.alibaba.nacos.client.config.impl.ClientWorker$ConfigRpcTransportClient$1
22:17:41.390 [main] INFO  c.a.n.c.r.client - [printIfInfoEnabled,63] - [b6fd907c-0371-4570-a1ce-1871aa6f6b34_config-0] RpcClient init, ServerListFactory = com.alibaba.nacos.client.config.impl.ClientWorker$ConfigRpcTransportClient$2
22:17:41.395 [main] INFO  c.a.n.c.r.client - [printIfInfoEnabled,63] - [b6fd907c-0371-4570-a1ce-1871aa6f6b34_config-0] Try to connect to server on start up, server: {serverIp = 'localhost', server main port = 8848}
22:17:41.421 [main] INFO  c.a.n.c.r.c.g.GrpcClient - [createNewManagedChannel,182] - grpc client connection server:localhost ip,serverPort:9848,grpcTslConfig:{"sslProvider":"OPENSSL","enableTls":false,"mutualAuthEnable":false,"trustAll":false}
22:17:42.114 [main] INFO  c.a.n.c.r.client - [printIfInfoEnabled,63] - [b6fd907c-0371-4570-a1ce-1871aa6f6b34_config-0] Success to connect to server [localhost:8848] on start up, connectionId = 1777385861948_172.17.0.1_39028
22:17:42.115 [com.alibaba.nacos.client.remote.worker] INFO  c.a.n.c.r.client - [printIfInfoEnabled,63] - [b6fd907c-0371-4570-a1ce-1871aa6f6b34_config-0] Notify connected event to listeners.
22:17:42.115 [main] INFO  c.a.n.c.r.client - [printIfInfoEnabled,63] - [b6fd907c-0371-4570-a1ce-1871aa6f6b34_config-0] Register server push request handler:com.alibaba.nacos.common.remote.client.RpcClient$ConnectResetRequestHandler
22:17:42.115 [com.alibaba.nacos.client.remote.worker] INFO  c.a.n.c.c.i.ClientWorker - [onConnected,639] - [b6fd907c-0371-4570-a1ce-1871aa6f6b34_config-0] Connected,notify listen context...
22:17:42.116 [main] INFO  c.a.n.c.r.client - [printIfInfoEnabled,63] - [b6fd907c-0371-4570-a1ce-1871aa6f6b34_config-0] Register server push request handler:com.alibaba.nacos.common.remote.client.RpcClient$$Lambda$597/0x000002965a4a11e8
22:17:42.143 [main] INFO  c.a.n.c.c.i.Limiter - [<clinit>,62] - limitTime:5.0
22:17:42.167 [main] INFO  c.a.n.c.c.u.JvmUtil - [<clinit>,54] - isMultiInstance:false
22:17:42.170 [main] INFO  o.s.c.b.c.PropertySourceBootstrapConfiguration - [initialize,108] - Located property source: [BootstrapPropertySource {name='bootstrapProperties-oj-system-local.yaml,DEFAULT_GROUP'}, BootstrapPropertySource {name='bootstrapProperties-oj-system.yaml,DEFAULT_GROUP'}, BootstrapPropertySource {name='bootstrapProperties-oj-system,DEFAULT_GROUP'}]
22:17:42.174 [main] INFO  c.b.s.OjSystemApplication - [logStartupProfileInfo,636] - The following 1 profile is active: "local"
22:17:42.564 [main] INFO  o.s.d.r.c.RepositoryConfigurationDelegate - [multipleStoresDetected,294] - Multiple Spring Data modules found, entering strict repository configuration mode
22:17:42.566 [main] INFO  o.s.d.r.c.RepositoryConfigurationDelegate - [registerRepositoriesIn,138] - Bootstrapping Spring Data Redis repositories in DEFAULT mode.
22:17:42.589 [main] INFO  o.s.d.r.c.RepositoryConfigurationDelegate - [registerRepositoriesIn,208] - Finished Spring Data repository scanning in 5 ms. Found 0 Redis repository interfaces.
22:17:42.699 [main] INFO  o.s.c.c.s.GenericScope - [setSerializationId,282] - BeanFactory id=0dcb6a28-87d0-3e6c-ad93-7782913e6d57
22:17:42.934 [main] INFO  o.s.b.w.e.t.TomcatWebServer - [initialize,108] - Tomcat initialized with port(s): 9201 (http)
22:17:42.940 [main] INFO  o.a.c.h.Http11NioProtocol - [log,173] - Initializing ProtocolHandler ["http-nio-9201"]
22:17:42.941 [main] INFO  o.a.c.c.StandardService - [log,173] - Starting service [Tomcat]
22:17:42.941 [main] INFO  o.a.c.c.StandardEngine - [log,173] - Starting Servlet engine: [Apache Tomcat/10.1.4]
22:17:42.998 [main] INFO  o.a.c.c.C.[.[.[/] - [log,173] - Initializing Spring embedded WebApplicationContext
22:17:42.999 [main] INFO  o.s.b.w.s.c.ServletWebServerApplicationContext - [prepareWebApplicationContext,291] - Root WebApplicationContext: initialization completed in 814 ms
22:17:44.014 [main] INFO  o.a.c.h.Http11NioProtocol - [log,173] - Starting ProtocolHandler ["http-nio-9201"]
22:17:44.022 [main] INFO  o.s.b.w.e.t.TomcatWebServer - [start,220] - Tomcat started on port(s): 9201 (http) with context path ''
22:17:44.026 [main] INFO  c.a.n.client.naming - [initNamespaceForNaming,62] - initializer namespace from ans.namespace attribute : null
22:17:44.026 [main] INFO  c.a.n.client.naming - [lambda$initNamespaceForNaming$0,66] - initializer namespace from ALIBABA_ALIWARE_NAMESPACE attribute :null
22:17:44.026 [main] INFO  c.a.n.client.naming - [lambda$initNamespaceForNaming$1,73] - initializer namespace from namespace attribute :null
22:17:44.032 [main] INFO  c.a.n.p.a.s.c.ClientAuthPluginManager - [init,56] - [ClientAuthPluginManager] Load ClientAuthService com.alibaba.nacos.client.auth.impl.NacosClientAuthServiceImpl success.
22:17:44.032 [main] INFO  c.a.n.p.a.s.c.ClientAuthPluginManager - [init,56] - [ClientAuthPluginManager] Load ClientAuthService com.alibaba.nacos.client.auth.ram.RamClientAuthServiceImpl success.
22:17:44.036 [main] INFO  c.a.n.c.r.client - [lambda$createClient$0,108] - [RpcClientFactory] create a new rpc client of 81f7ac2c-83d2-475f-a934-a2afbf390f2e
22:17:44.038 [main] INFO  c.a.n.c.r.client - [printIfInfoEnabled,63] - [81f7ac2c-83d2-475f-a934-a2afbf390f2e] RpcClient init, ServerListFactory = com.alibaba.nacos.client.naming.core.ServerListManager
22:17:44.038 [main] INFO  c.a.n.c.r.client - [printIfInfoEnabled,63] - [81f7ac2c-83d2-475f-a934-a2afbf390f2e] Registry connection listener to current client:com.alibaba.nacos.client.naming.remote.gprc.redo.NamingGrpcRedoService
22:17:44.038 [main] INFO  c.a.n.c.r.client - [printIfInfoEnabled,63] - [81f7ac2c-83d2-475f-a934-a2afbf390f2e] Register server push request handler:com.alibaba.nacos.client.naming.remote.gprc.NamingPushRequestHandler
22:17:44.039 [main] INFO  c.a.n.c.r.client - [printIfInfoEnabled,63] - [81f7ac2c-83d2-475f-a934-a2afbf390f2e] Try to connect to server on start up, server: {serverIp = 'localhost', server main port = 8848}
22:17:44.039 [main] INFO  c.a.n.c.r.c.g.GrpcClient - [createNewManagedChannel,182] - grpc client connection server:localhost ip,serverPort:9848,grpcTslConfig:{"sslProvider":"OPENSSL","enableTls":false,"mutualAuthEnable":false,"trustAll":false}
22:17:44.154 [main] INFO  c.a.n.c.r.client - [printIfInfoEnabled,63] - [81f7ac2c-83d2-475f-a934-a2afbf390f2e] Success to connect to server [localhost:8848] on start up, connectionId = 1777385864044_172.17.0.1_39030
22:17:44.155 [main] INFO  c.a.n.c.r.client - [printIfInfoEnabled,63] - [81f7ac2c-83d2-475f-a934-a2afbf390f2e] Register server push request handler:com.alibaba.nacos.common.remote.client.RpcClient$ConnectResetRequestHandler
22:17:44.155 [main] INFO  c.a.n.c.r.client - [printIfInfoEnabled,63] - [81f7ac2c-83d2-475f-a934-a2afbf390f2e] Register server push request handler:com.alibaba.nacos.common.remote.client.RpcClient$$Lambda$597/0x000002965a4a11e8
22:17:44.155 [com.alibaba.nacos.client.remote.worker] INFO  c.a.n.c.r.client - [printIfInfoEnabled,63] - [81f7ac2c-83d2-475f-a934-a2afbf390f2e] Notify connected event to listeners.
22:17:44.155 [com.alibaba.nacos.client.remote.worker] INFO  c.a.n.client.naming - [onConnected,78] - Grpc connection connect
22:17:44.157 [main] INFO  c.a.n.client.naming - [registerService,121] - [REGISTER-SERVICE] 1b411097-df3c-4cac-a649-ba6b6b22fcd4 registering service oj-system with instance Instance{instanceId='null', ip='172.20.10.6', port=9201, weight=1.0, healthy=true, enabled=true, ephemeral=true, clusterName='DEFAULT', serviceName='null', metadata={IPv6=[2409:897a:3d80:97a3:543:892d:f811:3246], preserved.register.source=SPRING_CLOUD}}
22:17:44.169 [main] INFO  c.a.c.n.r.NacosServiceRegistry - [register,76] - nacos registry, DEFAULT_GROUP oj-system 172.20.10.6:9201 register finished
22:17:44.310 [main] INFO  c.b.s.OjSystemApplication - [logStarted,57] - Started OjSystemApplication in 3.779 seconds (process running for 4.351)
22:17:44.315 [main] INFO  c.a.n.c.c.i.CacheData - [<clinit>,67] - nacos.cache.data.init.snapshot = true 
22:17:44.316 [main] INFO  c.a.n.c.c.i.ClientWorker - [addCacheDataIfAbsent,380] - [fixed-1b411097-df3c-4cac-a649-ba6b6b22fcd4-localhost_8848] [subscribe] oj-system-local.yaml+DEFAULT_GROUP+1b411097-df3c-4cac-a649-ba6b6b22fcd4
22:17:44.321 [main] INFO  c.a.n.c.c.i.CacheData - [addListener,197] - [fixed-1b411097-df3c-4cac-a649-ba6b6b22fcd4-localhost_8848] [add-listener] ok, tenant=1b411097-df3c-4cac-a649-ba6b6b22fcd4, dataId=oj-system-local.yaml, group=DEFAULT_GROUP, cnt=1
22:17:44.322 [main] INFO  c.a.c.n.r.NacosContextRefresher - [registerNacosListener,129] - [Nacos Config] Listening config: dataId=oj-system-local.yaml, group=DEFAULT_GROUP
22:17:44.322 [main] INFO  c.a.n.c.c.i.ClientWorker - [addCacheDataIfAbsent,380] - [fixed-1b411097-df3c-4cac-a649-ba6b6b22fcd4-localhost_8848] [subscribe] oj-system+DEFAULT_GROUP+1b411097-df3c-4cac-a649-ba6b6b22fcd4
22:17:44.322 [main] INFO  c.a.n.c.c.i.CacheData - [addListener,197] - [fixed-1b411097-df3c-4cac-a649-ba6b6b22fcd4-localhost_8848] [add-listener] ok, tenant=1b411097-df3c-4cac-a649-ba6b6b22fcd4, dataId=oj-system, group=DEFAULT_GROUP, cnt=1
22:17:44.322 [main] INFO  c.a.c.n.r.NacosContextRefresher - [registerNacosListener,129] - [Nacos Config] Listening config: dataId=oj-system, group=DEFAULT_GROUP
22:17:44.323 [main] INFO  c.a.n.c.c.i.ClientWorker - [addCacheDataIfAbsent,380] - [fixed-1b411097-df3c-4cac-a649-ba6b6b22fcd4-localhost_8848] [subscribe] oj-system.yaml+DEFAULT_GROUP+1b411097-df3c-4cac-a649-ba6b6b22fcd4
22:17:44.324 [main] INFO  c.a.n.c.c.i.CacheData - [addListener,197] - [fixed-1b411097-df3c-4cac-a649-ba6b6b22fcd4-localhost_8848] [add-listener] ok, tenant=1b411097-df3c-4cac-a649-ba6b6b22fcd4, dataId=oj-system.yaml, group=DEFAULT_GROUP, cnt=1
22:17:44.324 [main] INFO  c.a.c.n.r.NacosContextRefresher - [registerNacosListener,129] - [Nacos Config] Listening config: dataId=oj-system.yaml, group=DEFAULT_GROUP
22:17:46.692 [http-nio-9201-exec-1] INFO  o.a.c.c.C.[.[.[/] - [log,173] - Initializing Spring DispatcherServlet 'dispatcherServlet'
22:17:46.692 [http-nio-9201-exec-1] INFO  o.s.w.s.DispatcherServlet - [initServletBean,532] - Initializing Servlet 'dispatcherServlet'
22:17:46.693 [http-nio-9201-exec-1] INFO  o.s.w.s.DispatcherServlet - [initServletBean,554] - Completed initialization in 1 ms
22:53:27.096 [nacos-grpc-client-executor-localhost-452] INFO  c.a.n.c.r.client - [printIfInfoEnabled,63] - [b6fd907c-0371-4570-a1ce-1871aa6f6b34_config-0] Receive server push request, request = ConfigChangeNotifyRequest, requestId = 3
22:53:27.096 [nacos-grpc-client-executor-localhost-452] INFO  c.a.n.c.c.i.ClientWorker - [lambda$initRpcClientHandler$0,606] - [b6fd907c-0371-4570-a1ce-1871aa6f6b34_config-0] [server-push] config changed. dataId=oj-system-local.yaml, group=DEFAULT_GROUP,tenant=1b411097-df3c-4cac-a649-ba6b6b22fcd4
22:53:27.096 [nacos-grpc-client-executor-localhost-452] INFO  c.a.n.c.r.client - [printIfInfoEnabled,63] - [b6fd907c-0371-4570-a1ce-1871aa6f6b34_config-0] Ack server push request, request = ConfigChangeNotifyRequest, requestId = 3
22:53:27.111 [com.alibaba.nacos.client.Worker] INFO  c.a.n.c.c.i.ClientWorker - [refreshContentAndCheck,449] - [fixed-1b411097-df3c-4cac-a649-ba6b6b22fcd4-localhost_8848] [data-received] dataId=oj-system-local.yaml, group=DEFAULT_GROUP, tenant=1b411097-df3c-4cac-a649-ba6b6b22fcd4, md5=035965c1cd28a8edc5665a86ea0d470a, content=server:
  port: 9201

spring:
  data:
    redis:
      host: localhost
      password: 123456
  data..., type=yaml
22:53:27.113 [com.alibaba.nacos.client.Worker] INFO  c.a.n.c.c.i.CacheData - [safeNotifyListener,383] - [fixed-1b411097-df3c-4cac-a649-ba6b6b22fcd4-localhost_8848] [notify-listener] time cost=1ms in ClientWorker, dataId=oj-system-local.yaml, group=DEFAULT_GROUP, md5=035965c1cd28a8edc5665a86ea0d470a, listener=com.alibaba.cloud.nacos.refresh.NacosContextRefresher$1@3365987f 
22:53:27.113 [nacos.client.cachedata.internal.notifier] INFO  c.a.n.c.c.i.CacheData - [lambda$safeNotifyListener$1,319] - [fixed-1b411097-df3c-4cac-a649-ba6b6b22fcd4-localhost_8848] [notify-context] dataId=oj-system-local.yaml, group=DEFAULT_GROUP, md5=035965c1cd28a8edc5665a86ea0d470a
22:53:27.401 [nacos.client.cachedata.internal.notifier] INFO  o.s.c.b.c.PropertySourceBootstrapConfiguration - [initialize,108] - Located property source: [BootstrapPropertySource {name='bootstrapProperties-oj-system-local.yaml,DEFAULT_GROUP'}, BootstrapPropertySource {name='bootstrapProperties-oj-system.yaml,DEFAULT_GROUP'}, BootstrapPropertySource {name='bootstrapProperties-oj-system,DEFAULT_GROUP'}]
22:53:27.402 [nacos.client.cachedata.internal.notifier] INFO  o.s.b.SpringApplication - [logStartupProfileInfo,636] - The following 1 profile is active: "local"
22:53:27.405 [nacos.client.cachedata.internal.notifier] INFO  o.s.b.SpringApplication - [logStarted,57] - Started application in 0.285 seconds (process running for 2147.446)
22:53:27.436 [nacos.client.cachedata.internal.notifier] INFO  o.s.c.e.e.RefreshEventListener - [handle,73] - Refresh keys changed: [jwt.secret]
22:53:27.436 [nacos.client.cachedata.internal.notifier] INFO  c.a.n.c.c.i.CacheData - [lambda$safeNotifyListener$1,345] - [fixed-1b411097-df3c-4cac-a649-ba6b6b22fcd4-localhost_8848] [notify-ok] dataId=oj-system-local.yaml, group=DEFAULT_GROUP, md5=035965c1cd28a8edc5665a86ea0d470a, listener=com.alibaba.cloud.nacos.refresh.NacosContextRefresher$1@3365987f ,cost=323 millis.
00:04:38.677 [SpringApplicationShutdownHook] INFO  c.a.c.n.r.NacosServiceRegistry - [deregister,95] - De-registering from Nacos Server now...
00:04:38.683 [SpringApplicationShutdownHook] INFO  c.a.n.client.naming - [deregisterService,217] - [DEREGISTER-SERVICE] 1b411097-df3c-4cac-a649-ba6b6b22fcd4 deregistering service oj-system with instance: Instance{instanceId='null', ip='172.20.10.6', port=9201, weight=1.0, healthy=true, enabled=true, ephemeral=true, clusterName='DEFAULT', serviceName='null', metadata={}}
00:04:38.687 [SpringApplicationShutdownHook] INFO  c.a.c.n.r.NacosServiceRegistry - [deregister,115] - De-registration finished.
00:04:38.688 [SpringApplicationShutdownHook] INFO  c.a.n.client.naming - [shutdown,256] - com.alibaba.nacos.client.naming.cache.ServiceInfoHolder do shutdown begin
00:04:38.688 [SpringApplicationShutdownHook] INFO  c.a.n.client.naming - [shutdown,136] - com.alibaba.nacos.client.naming.backups.FailoverReactor do shutdown begin
00:04:38.688 [SpringApplicationShutdownHook] INFO  c.a.n.client.naming - [shutdown,138] - com.alibaba.nacos.client.naming.backups.FailoverReactor do shutdown stop
00:04:38.688 [SpringApplicationShutdownHook] INFO  c.a.n.client.naming - [shutdown,258] - com.alibaba.nacos.client.naming.cache.ServiceInfoHolder do shutdown stop
00:04:38.688 [SpringApplicationShutdownHook] INFO  c.a.n.client.naming - [shutdown,204] - com.alibaba.nacos.client.naming.remote.NamingClientProxyDelegate do shutdown begin
00:04:38.688 [SpringApplicationShutdownHook] INFO  c.a.n.client.naming - [shutdown,143] - com.alibaba.nacos.client.naming.core.ServiceInfoUpdateService do shutdown begin
00:04:38.688 [SpringApplicationShutdownHook] INFO  c.a.n.client.naming - [shutdown,145] - com.alibaba.nacos.client.naming.core.ServiceInfoUpdateService do shutdown stop
00:04:38.688 [SpringApplicationShutdownHook] INFO  c.a.n.client.naming - [shutdown,194] - com.alibaba.nacos.client.naming.core.ServerListManager do shutdown begin
00:04:38.689 [SpringApplicationShutdownHook] INFO  c.a.n.client.naming - [shutdown,199] - com.alibaba.nacos.client.naming.core.ServerListManager do shutdown stop
00:04:38.689 [SpringApplicationShutdownHook] INFO  c.a.n.client.naming - [shutdown,484] - com.alibaba.nacos.client.naming.remote.http.NamingHttpClientProxy do shutdown begin
00:04:38.689 [SpringApplicationShutdownHook] INFO  c.a.n.client.naming - [shutdown,486] - com.alibaba.nacos.client.naming.remote.http.NamingHttpClientProxy do shutdown stop
00:04:38.689 [SpringApplicationShutdownHook] INFO  c.a.n.c.r.client - [shutdown,429] - Shutdown rpc client, set status to shutdown
00:04:38.689 [SpringApplicationShutdownHook] INFO  c.a.n.c.r.client - [shutdown,431] - Shutdown client event executor java.util.concurrent.ScheduledThreadPoolExecutor@3a73270f[Running, pool size = 2, active threads = 2, queued tasks = 0, completed tasks = 0]
00:04:38.689 [SpringApplicationShutdownHook] INFO  c.a.n.c.r.client - [closeConnection,584] - Close current connection 1777385864044_172.17.0.1_39030
00:04:38.691 [nacos-grpc-client-executor-localhost-1301] INFO  c.a.n.c.r.c.g.GrpcClient - [printIfInfoEnabled,63] - [1777385864044_172.17.0.1_39030]Ignore complete event,isRunning:false,isAbandon=false
00:04:38.692 [SpringApplicationShutdownHook] INFO  c.a.n.c.r.c.g.GrpcClient - [shutdown,159] - Shutdown grpc executor java.util.concurrent.ThreadPoolExecutor@1720fc7c[Running, pool size = 4, active threads = 0, queued tasks = 0, completed tasks = 1302]
00:04:38.693 [SpringApplicationShutdownHook] INFO  c.a.n.client.naming - [shutdown,318] - Shutdown grpc redo service executor java.util.concurrent.ScheduledThreadPoolExecutor@5fc10a9b[Running, pool size = 1, active threads = 0, queued tasks = 1, completed tasks = 2133]
00:04:38.693 [SpringApplicationShutdownHook] INFO  c.a.n.c.a.r.i.CredentialWatcher - [stop,106] - [null] CredentialWatcher is stopped
00:04:38.693 [SpringApplicationShutdownHook] INFO  c.a.n.c.a.r.i.CredentialService - [free,100] - [null] CredentialService is freed
00:04:38.693 [SpringApplicationShutdownHook] INFO  c.a.n.client.naming - [shutdown,211] - com.alibaba.nacos.client.naming.remote.NamingClientProxyDelegate do shutdown stop
00:04:46.135 [main] INFO  c.a.n.c.u.ParamUtil - [<clinit>,87] - [settings] [req-serv] nacos-server port:8848
00:04:46.136 [main] INFO  c.a.n.c.u.ParamUtil - [<clinit>,98] - [settings] [http-client] connect timeout:1000
00:04:46.137 [main] INFO  c.a.n.c.u.ParamUtil - [<clinit>,105] - PER_TASK_CONFIG_SIZE: 3000.0
00:04:46.154 [main] INFO  c.a.n.p.a.s.c.ClientAuthPluginManager - [init,56] - [ClientAuthPluginManager] Load ClientAuthService com.alibaba.nacos.client.auth.impl.NacosClientAuthServiceImpl success.
00:04:46.154 [main] INFO  c.a.n.p.a.s.c.ClientAuthPluginManager - [init,56] - [ClientAuthPluginManager] Load ClientAuthService com.alibaba.nacos.client.auth.ram.RamClientAuthServiceImpl success.
00:04:46.157 [main] INFO  c.a.n.c.a.r.i.CredentialWatcher - [loadCredential,165] - null No credential found
00:04:46.353 [main] INFO  c.a.n.c.c.i.LocalConfigInfoProcessor - [<clinit>,63] - LOCAL_SNAPSHOT_PATH:C:\Users\45\nacos\config
00:04:46.356 [main] INFO  c.a.n.c.r.client - [lambda$createClient$0,108] - [RpcClientFactory] create a new rpc client of e7ebc779-5388-4ffb-a2c5-4cf9a2dfaca3_config-0
00:04:46.367 [main] INFO  c.a.n.c.r.client - [printIfInfoEnabled,63] - [e7ebc779-5388-4ffb-a2c5-4cf9a2dfaca3_config-0] Register server push request handler:com.alibaba.nacos.client.config.impl.ClientWorker$ConfigRpcTransportClient$$Lambda$576/0x000001ae2d313e10
00:04:46.368 [main] INFO  c.a.n.c.r.client - [printIfInfoEnabled,63] - [e7ebc779-5388-4ffb-a2c5-4cf9a2dfaca3_config-0] Register server push request handler:com.alibaba.nacos.client.config.impl.ClientWorker$ConfigRpcTransportClient$$Lambda$577/0x000001ae2d314230
00:04:46.368 [main] INFO  c.a.n.c.r.client - [printIfInfoEnabled,63] - [e7ebc779-5388-4ffb-a2c5-4cf9a2dfaca3_config-0] Registry connection listener to current client:com.alibaba.nacos.client.config.impl.ClientWorker$ConfigRpcTransportClient$1
00:04:46.369 [main] INFO  c.a.n.c.r.client - [printIfInfoEnabled,63] - [e7ebc779-5388-4ffb-a2c5-4cf9a2dfaca3_config-0] RpcClient init, ServerListFactory = com.alibaba.nacos.client.config.impl.ClientWorker$ConfigRpcTransportClient$2
00:04:46.374 [main] INFO  c.a.n.c.r.client - [printIfInfoEnabled,63] - [e7ebc779-5388-4ffb-a2c5-4cf9a2dfaca3_config-0] Try to connect to server on start up, server: {serverIp = 'localhost', server main port = 8848}
00:04:46.397 [main] INFO  c.a.n.c.r.c.g.GrpcClient - [createNewManagedChannel,182] - grpc client connection server:localhost ip,serverPort:9848,grpcTslConfig:{"sslProvider":"OPENSSL","enableTls":false,"mutualAuthEnable":false,"trustAll":false}
00:04:47.059 [main] INFO  c.a.n.c.r.client - [printIfInfoEnabled,63] - [e7ebc779-5388-4ffb-a2c5-4cf9a2dfaca3_config-0] Success to connect to server [localhost:8848] on start up, connectionId = 1777392286892_172.17.0.1_51570
00:04:47.060 [com.alibaba.nacos.client.remote.worker] INFO  c.a.n.c.r.client - [printIfInfoEnabled,63] - [e7ebc779-5388-4ffb-a2c5-4cf9a2dfaca3_config-0] Notify connected event to listeners.
00:04:47.060 [main] INFO  c.a.n.c.r.client - [printIfInfoEnabled,63] - [e7ebc779-5388-4ffb-a2c5-4cf9a2dfaca3_config-0] Register server push request handler:com.alibaba.nacos.common.remote.client.RpcClient$ConnectResetRequestHandler
00:04:47.060 [com.alibaba.nacos.client.remote.worker] INFO  c.a.n.c.c.i.ClientWorker - [onConnected,639] - [e7ebc779-5388-4ffb-a2c5-4cf9a2dfaca3_config-0] Connected,notify listen context...
00:04:47.060 [main] INFO  c.a.n.c.r.client - [printIfInfoEnabled,63] - [e7ebc779-5388-4ffb-a2c5-4cf9a2dfaca3_config-0] Register server push request handler:com.alibaba.nacos.common.remote.client.RpcClient$$Lambda$597/0x000001ae2d49f010
00:04:47.087 [main] INFO  c.a.n.c.c.i.Limiter - [<clinit>,62] - limitTime:5.0
00:04:47.126 [main] INFO  c.a.n.c.c.u.JvmUtil - [<clinit>,54] - isMultiInstance:false
00:04:47.130 [main] INFO  o.s.c.b.c.PropertySourceBootstrapConfiguration - [initialize,108] - Located property source: [BootstrapPropertySource {name='bootstrapProperties-oj-system-local.yaml,DEFAULT_GROUP'}, BootstrapPropertySource {name='bootstrapProperties-oj-system.yaml,DEFAULT_GROUP'}, BootstrapPropertySource {name='bootstrapProperties-oj-system,DEFAULT_GROUP'}]
00:04:47.135 [main] INFO  c.b.s.OjSystemApplication - [logStartupProfileInfo,636] - The following 1 profile is active: "local"
00:04:47.541 [main] INFO  o.s.d.r.c.RepositoryConfigurationDelegate - [multipleStoresDetected,294] - Multiple Spring Data modules found, entering strict repository configuration mode
00:04:47.543 [main] INFO  o.s.d.r.c.RepositoryConfigurationDelegate - [registerRepositoriesIn,138] - Bootstrapping Spring Data Redis repositories in DEFAULT mode.
00:04:47.563 [main] INFO  o.s.d.r.c.RepositoryConfigurationDelegate - [registerRepositoriesIn,208] - Finished Spring Data repository scanning in 6 ms. Found 0 Redis repository interfaces.
00:04:47.690 [main] INFO  o.s.c.c.s.GenericScope - [setSerializationId,282] - BeanFactory id=aaf53751-33e7-3028-938f-6656865e5779
00:04:47.938 [main] INFO  o.s.b.w.e.t.TomcatWebServer - [initialize,108] - Tomcat initialized with port(s): 9201 (http)
00:04:47.944 [main] INFO  o.a.c.h.Http11NioProtocol - [log,173] - Initializing ProtocolHandler ["http-nio-9201"]
00:04:47.944 [main] INFO  o.a.c.c.StandardService - [log,173] - Starting service [Tomcat]
00:04:47.945 [main] INFO  o.a.c.c.StandardEngine - [log,173] - Starting Servlet engine: [Apache Tomcat/10.1.4]
00:04:48.001 [main] INFO  o.a.c.c.C.[.[.[/] - [log,173] - Initializing Spring embedded WebApplicationContext
00:04:48.001 [main] INFO  o.s.b.w.s.c.ServletWebServerApplicationContext - [prepareWebApplicationContext,291] - Root WebApplicationContext: initialization completed in 854 ms
00:04:49.052 [main] INFO  o.a.c.h.Http11NioProtocol - [log,173] - Starting ProtocolHandler ["http-nio-9201"]
00:04:49.061 [main] INFO  o.s.b.w.e.t.TomcatWebServer - [start,220] - Tomcat started on port(s): 9201 (http) with context path ''
00:04:49.064 [main] INFO  c.a.n.client.naming - [initNamespaceForNaming,62] - initializer namespace from ans.namespace attribute : null
00:04:49.064 [main] INFO  c.a.n.client.naming - [lambda$initNamespaceForNaming$0,66] - initializer namespace from ALIBABA_ALIWARE_NAMESPACE attribute :null
00:04:49.064 [main] INFO  c.a.n.client.naming - [lambda$initNamespaceForNaming$1,73] - initializer namespace from namespace attribute :null
00:04:49.070 [main] INFO  c.a.n.p.a.s.c.ClientAuthPluginManager - [init,56] - [ClientAuthPluginManager] Load ClientAuthService com.alibaba.nacos.client.auth.impl.NacosClientAuthServiceImpl success.
00:04:49.070 [main] INFO  c.a.n.p.a.s.c.ClientAuthPluginManager - [init,56] - [ClientAuthPluginManager] Load ClientAuthService com.alibaba.nacos.client.auth.ram.RamClientAuthServiceImpl success.
00:04:49.074 [main] INFO  c.a.n.c.r.client - [lambda$createClient$0,108] - [RpcClientFactory] create a new rpc client of 8c1f4704-5eec-4ffe-a325-63f69bf02371
00:04:49.075 [main] INFO  c.a.n.c.r.client - [printIfInfoEnabled,63] - [8c1f4704-5eec-4ffe-a325-63f69bf02371] RpcClient init, ServerListFactory = com.alibaba.nacos.client.naming.core.ServerListManager
00:04:49.076 [main] INFO  c.a.n.c.r.client - [printIfInfoEnabled,63] - [8c1f4704-5eec-4ffe-a325-63f69bf02371] Registry connection listener to current client:com.alibaba.nacos.client.naming.remote.gprc.redo.NamingGrpcRedoService
00:04:49.076 [main] INFO  c.a.n.c.r.client - [printIfInfoEnabled,63] - [8c1f4704-5eec-4ffe-a325-63f69bf02371] Register server push request handler:com.alibaba.nacos.client.naming.remote.gprc.NamingPushRequestHandler
00:04:49.077 [main] INFO  c.a.n.c.r.client - [printIfInfoEnabled,63] - [8c1f4704-5eec-4ffe-a325-63f69bf02371] Try to connect to server on start up, server: {serverIp = 'localhost', server main port = 8848}
00:04:49.077 [main] INFO  c.a.n.c.r.c.g.GrpcClient - [createNewManagedChannel,182] - grpc client connection server:localhost ip,serverPort:9848,grpcTslConfig:{"sslProvider":"OPENSSL","enableTls":false,"mutualAuthEnable":false,"trustAll":false}
00:04:49.189 [main] INFO  c.a.n.c.r.client - [printIfInfoEnabled,63] - [8c1f4704-5eec-4ffe-a325-63f69bf02371] Success to connect to server [localhost:8848] on start up, connectionId = 1777392289083_172.17.0.1_51582
00:04:49.191 [main] INFO  c.a.n.c.r.client - [printIfInfoEnabled,63] - [8c1f4704-5eec-4ffe-a325-63f69bf02371] Register server push request handler:com.alibaba.nacos.common.remote.client.RpcClient$ConnectResetRequestHandler
00:04:49.191 [com.alibaba.nacos.client.remote.worker] INFO  c.a.n.c.r.client - [printIfInfoEnabled,63] - [8c1f4704-5eec-4ffe-a325-63f69bf02371] Notify connected event to listeners.
00:04:49.192 [main] INFO  c.a.n.c.r.client - [printIfInfoEnabled,63] - [8c1f4704-5eec-4ffe-a325-63f69bf02371] Register server push request handler:com.alibaba.nacos.common.remote.client.RpcClient$$Lambda$597/0x000001ae2d49f010
00:04:49.192 [com.alibaba.nacos.client.remote.worker] INFO  c.a.n.client.naming - [onConnected,78] - Grpc connection connect
00:04:49.195 [main] INFO  c.a.n.client.naming - [registerService,121] - [REGISTER-SERVICE] 1b411097-df3c-4cac-a649-ba6b6b22fcd4 registering service oj-system with instance Instance{instanceId='null', ip='172.20.10.6', port=9201, weight=1.0, healthy=true, enabled=true, ephemeral=true, clusterName='DEFAULT', serviceName='null', metadata={IPv6=[2409:897a:3d80:97a3:543:892d:f811:3246], preserved.register.source=SPRING_CLOUD}}
00:04:49.207 [main] INFO  c.a.c.n.r.NacosServiceRegistry - [register,76] - nacos registry, DEFAULT_GROUP oj-system 172.20.10.6:9201 register finished
00:04:49.353 [main] INFO  c.b.s.OjSystemApplication - [logStarted,57] - Started OjSystemApplication in 3.804 seconds (process running for 4.288)
00:04:49.356 [main] INFO  c.a.n.c.c.i.CacheData - [<clinit>,67] - nacos.cache.data.init.snapshot = true 
00:04:49.357 [main] INFO  c.a.n.c.c.i.ClientWorker - [addCacheDataIfAbsent,380] - [fixed-1b411097-df3c-4cac-a649-ba6b6b22fcd4-localhost_8848] [subscribe] oj-system-local.yaml+DEFAULT_GROUP+1b411097-df3c-4cac-a649-ba6b6b22fcd4
00:04:49.362 [main] INFO  c.a.n.c.c.i.CacheData - [addListener,197] - [fixed-1b411097-df3c-4cac-a649-ba6b6b22fcd4-localhost_8848] [add-listener] ok, tenant=1b411097-df3c-4cac-a649-ba6b6b22fcd4, dataId=oj-system-local.yaml, group=DEFAULT_GROUP, cnt=1
00:04:49.362 [main] INFO  c.a.c.n.r.NacosContextRefresher - [registerNacosListener,129] - [Nacos Config] Listening config: dataId=oj-system-local.yaml, group=DEFAULT_GROUP
00:04:49.362 [main] INFO  c.a.n.c.c.i.ClientWorker - [addCacheDataIfAbsent,380] - [fixed-1b411097-df3c-4cac-a649-ba6b6b22fcd4-localhost_8848] [subscribe] oj-system+DEFAULT_GROUP+1b411097-df3c-4cac-a649-ba6b6b22fcd4
00:04:49.363 [main] INFO  c.a.n.c.c.i.CacheData - [addListener,197] - [fixed-1b411097-df3c-4cac-a649-ba6b6b22fcd4-localhost_8848] [add-listener] ok, tenant=1b411097-df3c-4cac-a649-ba6b6b22fcd4, dataId=oj-system, group=DEFAULT_GROUP, cnt=1
00:04:49.364 [main] INFO  c.a.c.n.r.NacosContextRefresher - [registerNacosListener,129] - [Nacos Config] Listening config: dataId=oj-system, group=DEFAULT_GROUP
00:04:49.365 [main] INFO  c.a.n.c.c.i.ClientWorker - [addCacheDataIfAbsent,380] - [fixed-1b411097-df3c-4cac-a649-ba6b6b22fcd4-localhost_8848] [subscribe] oj-system.yaml+DEFAULT_GROUP+1b411097-df3c-4cac-a649-ba6b6b22fcd4
00:04:49.365 [main] INFO  c.a.n.c.c.i.CacheData - [addListener,197] - [fixed-1b411097-df3c-4cac-a649-ba6b6b22fcd4-localhost_8848] [add-listener] ok, tenant=1b411097-df3c-4cac-a649-ba6b6b22fcd4, dataId=oj-system.yaml, group=DEFAULT_GROUP, cnt=1
00:04:49.365 [main] INFO  c.a.c.n.r.NacosContextRefresher - [registerNacosListener,129] - [Nacos Config] Listening config: dataId=oj-system.yaml, group=DEFAULT_GROUP
00:05:33.418 [http-nio-9201-exec-1] INFO  o.a.c.c.C.[.[.[/] - [log,173] - Initializing Spring DispatcherServlet 'dispatcherServlet'
00:05:33.418 [http-nio-9201-exec-1] INFO  o.s.w.s.DispatcherServlet - [initServletBean,532] - Initializing Servlet 'dispatcherServlet'
00:05:33.423 [http-nio-9201-exec-1] INFO  o.s.w.s.DispatcherServlet - [initServletBean,554] - Completed initialization in 5 ms
00:05:53.297 [http-nio-9201-exec-1] INFO  o.s.a.AbstractOpenApiResource - [getOpenApi,387] - Init duration for springdoc-openapi is: 187 ms
00:06:19.960 [http-nio-9201-exec-4] INFO  c.z.h.HikariDataSource - [getConnection,110] - HikariPool-1 - Starting...
00:06:20.208 [http-nio-9201-exec-4] INFO  c.z.h.p.HikariPool - [checkFailFast,565] - HikariPool-1 - Added connection com.mysql.cj.jdbc.ConnectionImpl@395abd3b
00:06:20.209 [http-nio-9201-exec-4] INFO  c.z.h.HikariDataSource - [getConnection,123] - HikariPool-1 - Start completed.
00:12:00.306 [SpringApplicationShutdownHook] INFO  c.a.c.n.r.NacosServiceRegistry - [deregister,95] - De-registering from Nacos Server now...
00:12:00.306 [SpringApplicationShutdownHook] INFO  c.a.n.client.naming - [deregisterService,217] - [DEREGISTER-SERVICE] 1b411097-df3c-4cac-a649-ba6b6b22fcd4 deregistering service oj-system with instance: Instance{instanceId='null', ip='172.20.10.6', port=9201, weight=1.0, healthy=true, enabled=true, ephemeral=true, clusterName='DEFAULT', serviceName='null', metadata={}}
00:12:00.309 [SpringApplicationShutdownHook] INFO  c.a.c.n.r.NacosServiceRegistry - [deregister,115] - De-registration finished.
00:12:00.309 [SpringApplicationShutdownHook] INFO  c.a.n.client.naming - [shutdown,256] - com.alibaba.nacos.client.naming.cache.ServiceInfoHolder do shutdown begin
00:12:00.310 [SpringApplicationShutdownHook] INFO  c.a.n.client.naming - [shutdown,136] - com.alibaba.nacos.client.naming.backups.FailoverReactor do shutdown begin
00:12:00.310 [SpringApplicationShutdownHook] INFO  c.a.n.client.naming - [shutdown,138] - com.alibaba.nacos.client.naming.backups.FailoverReactor do shutdown stop
00:12:00.310 [SpringApplicationShutdownHook] INFO  c.a.n.client.naming - [shutdown,258] - com.alibaba.nacos.client.naming.cache.ServiceInfoHolder do shutdown stop
00:12:00.310 [SpringApplicationShutdownHook] INFO  c.a.n.client.naming - [shutdown,204] - com.alibaba.nacos.client.naming.remote.NamingClientProxyDelegate do shutdown begin
00:12:00.310 [SpringApplicationShutdownHook] INFO  c.a.n.client.naming - [shutdown,143] - com.alibaba.nacos.client.naming.core.ServiceInfoUpdateService do shutdown begin
00:12:00.310 [SpringApplicationShutdownHook] INFO  c.a.n.client.naming - [shutdown,145] - com.alibaba.nacos.client.naming.core.ServiceInfoUpdateService do shutdown stop
00:12:00.310 [SpringApplicationShutdownHook] INFO  c.a.n.client.naming - [shutdown,194] - com.alibaba.nacos.client.naming.core.ServerListManager do shutdown begin
00:12:00.310 [SpringApplicationShutdownHook] INFO  c.a.n.client.naming - [shutdown,199] - com.alibaba.nacos.client.naming.core.ServerListManager do shutdown stop
00:12:00.310 [SpringApplicationShutdownHook] INFO  c.a.n.client.naming - [shutdown,484] - com.alibaba.nacos.client.naming.remote.http.NamingHttpClientProxy do shutdown begin
00:12:00.311 [SpringApplicationShutdownHook] INFO  c.a.n.client.naming - [shutdown,486] - com.alibaba.nacos.client.naming.remote.http.NamingHttpClientProxy do shutdown stop
00:12:00.311 [SpringApplicationShutdownHook] INFO  c.a.n.c.r.client - [shutdown,429] - Shutdown rpc client, set status to shutdown
00:12:00.311 [SpringApplicationShutdownHook] INFO  c.a.n.c.r.client - [shutdown,431] - Shutdown client event executor java.util.concurrent.ScheduledThreadPoolExecutor@4b7f5dfa[Running, pool size = 2, active threads = 2, queued tasks = 0, completed tasks = 0]
00:12:00.311 [SpringApplicationShutdownHook] INFO  c.a.n.c.r.client - [closeConnection,584] - Close current connection 1777392289083_172.17.0.1_51582
00:12:00.312 [nacos-grpc-client-executor-localhost-96] INFO  c.a.n.c.r.c.g.GrpcClient - [printIfInfoEnabled,63] - [1777392289083_172.17.0.1_51582]Ignore complete event,isRunning:false,isAbandon=false
00:12:00.314 [SpringApplicationShutdownHook] INFO  c.a.n.c.r.c.g.GrpcClient - [shutdown,159] - Shutdown grpc executor java.util.concurrent.ThreadPoolExecutor@2f46c437[Running, pool size = 4, active threads = 0, queued tasks = 0, completed tasks = 97]
00:12:00.314 [SpringApplicationShutdownHook] INFO  c.a.n.client.naming - [shutdown,318] - Shutdown grpc redo service executor java.util.concurrent.ScheduledThreadPoolExecutor@7e022cf2[Running, pool size = 1, active threads = 0, queued tasks = 1, completed tasks = 143]
00:12:00.314 [SpringApplicationShutdownHook] INFO  c.a.n.c.a.r.i.CredentialWatcher - [stop,106] - [null] CredentialWatcher is stopped
00:12:00.314 [SpringApplicationShutdownHook] INFO  c.a.n.c.a.r.i.CredentialService - [free,100] - [null] CredentialService is freed
00:12:00.315 [SpringApplicationShutdownHook] INFO  c.a.n.client.naming - [shutdown,211] - com.alibaba.nacos.client.naming.remote.NamingClientProxyDelegate do shutdown stop
00:12:00.434 [SpringApplicationShutdownHook] INFO  c.z.h.HikariDataSource - [close,350] - HikariPool-1 - Shutdown initiated...
00:12:00.439 [SpringApplicationShutdownHook] INFO  c.z.h.HikariDataSource - [close,352] - HikariPool-1 - Shutdown completed.
19:43:56.792 [main] INFO  c.a.n.c.u.ParamUtil - [<clinit>,87] - [settings] [req-serv] nacos-server port:8848
19:43:56.801 [main] INFO  c.a.n.c.u.ParamUtil - [<clinit>,98] - [settings] [http-client] connect timeout:1000
19:43:56.802 [main] INFO  c.a.n.c.u.ParamUtil - [<clinit>,105] - PER_TASK_CONFIG_SIZE: 3000.0
19:43:56.819 [main] INFO  c.a.n.p.a.s.c.ClientAuthPluginManager - [init,56] - [ClientAuthPluginManager] Load ClientAuthService com.alibaba.nacos.client.auth.impl.NacosClientAuthServiceImpl success.
19:43:56.819 [main] INFO  c.a.n.p.a.s.c.ClientAuthPluginManager - [init,56] - [ClientAuthPluginManager] Load ClientAuthService com.alibaba.nacos.client.auth.ram.RamClientAuthServiceImpl success.
19:43:56.821 [main] INFO  c.a.n.c.a.r.i.CredentialWatcher - [loadCredential,165] - null No credential found
19:43:57.028 [main] INFO  c.a.n.c.c.i.LocalConfigInfoProcessor - [<clinit>,63] - LOCAL_SNAPSHOT_PATH:C:\Users\45\nacos\config
19:43:57.031 [main] INFO  c.a.n.c.r.client - [lambda$createClient$0,108] - [RpcClientFactory] create a new rpc client of 28044eaf-7ae2-4839-89d0-3a0f6a03d256_config-0
19:43:57.042 [main] INFO  c.a.n.c.r.client - [printIfInfoEnabled,63] - [28044eaf-7ae2-4839-89d0-3a0f6a03d256_config-0] Register server push request handler:com.alibaba.nacos.client.config.impl.ClientWorker$ConfigRpcTransportClient$$Lambda$576/0x00000289a03158c8
19:43:57.042 [main] INFO  c.a.n.c.r.client - [printIfInfoEnabled,63] - [28044eaf-7ae2-4839-89d0-3a0f6a03d256_config-0] Register server push request handler:com.alibaba.nacos.client.config.impl.ClientWorker$ConfigRpcTransportClient$$Lambda$577/0x00000289a0315ce8
19:43:57.043 [main] INFO  c.a.n.c.r.client - [printIfInfoEnabled,63] - [28044eaf-7ae2-4839-89d0-3a0f6a03d256_config-0] Registry connection listener to current client:com.alibaba.nacos.client.config.impl.ClientWorker$ConfigRpcTransportClient$1
19:43:57.043 [main] INFO  c.a.n.c.r.client - [printIfInfoEnabled,63] - [28044eaf-7ae2-4839-89d0-3a0f6a03d256_config-0] RpcClient init, ServerListFactory = com.alibaba.nacos.client.config.impl.ClientWorker$ConfigRpcTransportClient$2
19:43:57.048 [main] INFO  c.a.n.c.r.client - [printIfInfoEnabled,63] - [28044eaf-7ae2-4839-89d0-3a0f6a03d256_config-0] Try to connect to server on start up, server: {serverIp = 'localhost', server main port = 8848}
19:43:57.069 [main] INFO  c.a.n.c.r.c.g.GrpcClient - [createNewManagedChannel,182] - grpc client connection server:localhost ip,serverPort:9848,grpcTslConfig:{"sslProvider":"OPENSSL","enableTls":false,"mutualAuthEnable":false,"trustAll":false}
19:43:57.725 [main] INFO  c.a.n.c.r.client - [printIfInfoEnabled,63] - [28044eaf-7ae2-4839-89d0-3a0f6a03d256_config-0] Success to connect to server [localhost:8848] on start up, connectionId = 1777463037548_172.17.0.1_60936
19:43:57.727 [com.alibaba.nacos.client.remote.worker] INFO  c.a.n.c.r.client - [printIfInfoEnabled,63] - [28044eaf-7ae2-4839-89d0-3a0f6a03d256_config-0] Notify connected event to listeners.
19:43:57.728 [com.alibaba.nacos.client.remote.worker] INFO  c.a.n.c.c.i.ClientWorker - [onConnected,639] - [28044eaf-7ae2-4839-89d0-3a0f6a03d256_config-0] Connected,notify listen context...
19:43:57.730 [main] INFO  c.a.n.c.r.client - [printIfInfoEnabled,63] - [28044eaf-7ae2-4839-89d0-3a0f6a03d256_config-0] Register server push request handler:com.alibaba.nacos.common.remote.client.RpcClient$ConnectResetRequestHandler
19:43:57.730 [main] INFO  c.a.n.c.r.client - [printIfInfoEnabled,63] - [28044eaf-7ae2-4839-89d0-3a0f6a03d256_config-0] Register server push request handler:com.alibaba.nacos.common.remote.client.RpcClient$$Lambda$597/0x00000289a049faa0
19:43:57.754 [main] INFO  c.a.n.c.c.i.Limiter - [<clinit>,62] - limitTime:5.0
19:43:57.786 [main] INFO  c.a.n.c.c.u.JvmUtil - [<clinit>,54] - isMultiInstance:false
19:43:57.790 [main] INFO  o.s.c.b.c.PropertySourceBootstrapConfiguration - [initialize,108] - Located property source: [BootstrapPropertySource {name='bootstrapProperties-oj-system-local.yaml,DEFAULT_GROUP'}, BootstrapPropertySource {name='bootstrapProperties-oj-system.yaml,DEFAULT_GROUP'}, BootstrapPropertySource {name='bootstrapProperties-oj-system,DEFAULT_GROUP'}]
19:43:57.794 [main] INFO  c.b.s.OjSystemApplication - [logStartupProfileInfo,636] - The following 1 profile is active: "local"
19:43:58.198 [main] INFO  o.s.d.r.c.RepositoryConfigurationDelegate - [multipleStoresDetected,294] - Multiple Spring Data modules found, entering strict repository configuration mode
19:43:58.199 [main] INFO  o.s.d.r.c.RepositoryConfigurationDelegate - [registerRepositoriesIn,138] - Bootstrapping Spring Data Redis repositories in DEFAULT mode.
19:43:58.218 [main] INFO  o.s.d.r.c.RepositoryConfigurationDelegate - [registerRepositoriesIn,208] - Finished Spring Data repository scanning in 10 ms. Found 0 Redis repository interfaces.
19:43:58.328 [main] INFO  o.s.c.c.s.GenericScope - [setSerializationId,282] - BeanFactory id=aaf53751-33e7-3028-938f-6656865e5779
19:43:58.566 [main] INFO  o.s.b.w.e.t.TomcatWebServer - [initialize,108] - Tomcat initialized with port(s): 9201 (http)
19:43:58.575 [main] INFO  o.a.c.h.Http11NioProtocol - [log,173] - Initializing ProtocolHandler ["http-nio-9201"]
19:43:58.576 [main] INFO  o.a.c.c.StandardService - [log,173] - Starting service [Tomcat]
19:43:58.576 [main] INFO  o.a.c.c.StandardEngine - [log,173] - Starting Servlet engine: [Apache Tomcat/10.1.4]
19:43:58.641 [main] INFO  o.a.c.c.C.[.[.[/] - [log,173] - Initializing Spring embedded WebApplicationContext
19:43:58.641 [main] INFO  o.s.b.w.s.c.ServletWebServerApplicationContext - [prepareWebApplicationContext,291] - Root WebApplicationContext: initialization completed in 835 ms
19:43:59.805 [main] INFO  o.a.c.h.Http11NioProtocol - [log,173] - Starting ProtocolHandler ["http-nio-9201"]
19:43:59.814 [main] INFO  o.s.b.w.e.t.TomcatWebServer - [start,220] - Tomcat started on port(s): 9201 (http) with context path ''
19:43:59.818 [main] INFO  c.a.n.client.naming - [initNamespaceForNaming,62] - initializer namespace from ans.namespace attribute : null
19:43:59.818 [main] INFO  c.a.n.client.naming - [lambda$initNamespaceForNaming$0,66] - initializer namespace from ALIBABA_ALIWARE_NAMESPACE attribute :null
19:43:59.818 [main] INFO  c.a.n.client.naming - [lambda$initNamespaceForNaming$1,73] - initializer namespace from namespace attribute :null
19:43:59.824 [main] INFO  c.a.n.p.a.s.c.ClientAuthPluginManager - [init,56] - [ClientAuthPluginManager] Load ClientAuthService com.alibaba.nacos.client.auth.impl.NacosClientAuthServiceImpl success.
19:43:59.824 [main] INFO  c.a.n.p.a.s.c.ClientAuthPluginManager - [init,56] - [ClientAuthPluginManager] Load ClientAuthService com.alibaba.nacos.client.auth.ram.RamClientAuthServiceImpl success.
19:43:59.827 [main] INFO  c.a.n.c.r.client - [lambda$createClient$0,108] - [RpcClientFactory] create a new rpc client of a7447169-65d6-4267-9857-949168fbe52b
19:43:59.828 [main] INFO  c.a.n.c.r.client - [printIfInfoEnabled,63] - [a7447169-65d6-4267-9857-949168fbe52b] RpcClient init, ServerListFactory = com.alibaba.nacos.client.naming.core.ServerListManager
19:43:59.828 [main] INFO  c.a.n.c.r.client - [printIfInfoEnabled,63] - [a7447169-65d6-4267-9857-949168fbe52b] Registry connection listener to current client:com.alibaba.nacos.client.naming.remote.gprc.redo.NamingGrpcRedoService
19:43:59.828 [main] INFO  c.a.n.c.r.client - [printIfInfoEnabled,63] - [a7447169-65d6-4267-9857-949168fbe52b] Register server push request handler:com.alibaba.nacos.client.naming.remote.gprc.NamingPushRequestHandler
19:43:59.829 [main] INFO  c.a.n.c.r.client - [printIfInfoEnabled,63] - [a7447169-65d6-4267-9857-949168fbe52b] Try to connect to server on start up, server: {serverIp = 'localhost', server main port = 8848}
19:43:59.829 [main] INFO  c.a.n.c.r.c.g.GrpcClient - [createNewManagedChannel,182] - grpc client connection server:localhost ip,serverPort:9848,grpcTslConfig:{"sslProvider":"OPENSSL","enableTls":false,"mutualAuthEnable":false,"trustAll":false}
19:43:59.947 [main] INFO  c.a.n.c.r.client - [printIfInfoEnabled,63] - [a7447169-65d6-4267-9857-949168fbe52b] Success to connect to server [localhost:8848] on start up, connectionId = 1777463039834_172.17.0.1_60952
19:43:59.948 [main] INFO  c.a.n.c.r.client - [printIfInfoEnabled,63] - [a7447169-65d6-4267-9857-949168fbe52b] Register server push request handler:com.alibaba.nacos.common.remote.client.RpcClient$ConnectResetRequestHandler
19:43:59.949 [main] INFO  c.a.n.c.r.client - [printIfInfoEnabled,63] - [a7447169-65d6-4267-9857-949168fbe52b] Register server push request handler:com.alibaba.nacos.common.remote.client.RpcClient$$Lambda$597/0x00000289a049faa0
19:43:59.949 [com.alibaba.nacos.client.remote.worker] INFO  c.a.n.c.r.client - [printIfInfoEnabled,63] - [a7447169-65d6-4267-9857-949168fbe52b] Notify connected event to listeners.
19:43:59.950 [com.alibaba.nacos.client.remote.worker] INFO  c.a.n.client.naming - [onConnected,78] - Grpc connection connect
19:43:59.952 [main] INFO  c.a.n.client.naming - [registerService,121] - [REGISTER-SERVICE] 1b411097-df3c-4cac-a649-ba6b6b22fcd4 registering service oj-system with instance Instance{instanceId='null', ip='172.20.10.6', port=9201, weight=1.0, healthy=true, enabled=true, ephemeral=true, clusterName='DEFAULT', serviceName='null', metadata={IPv6=[2409:897a:3d80:97a3:543:892d:f811:3246], preserved.register.source=SPRING_CLOUD}}
19:43:59.966 [main] INFO  c.a.c.n.r.NacosServiceRegistry - [register,76] - nacos registry, DEFAULT_GROUP oj-system 172.20.10.6:9201 register finished
19:44:00.112 [main] INFO  c.b.s.OjSystemApplication - [logStarted,57] - Started OjSystemApplication in 3.912 seconds (process running for 4.399)
19:44:00.115 [main] INFO  c.a.n.c.c.i.CacheData - [<clinit>,67] - nacos.cache.data.init.snapshot = true 
19:44:00.116 [main] INFO  c.a.n.c.c.i.ClientWorker - [addCacheDataIfAbsent,380] - [fixed-1b411097-df3c-4cac-a649-ba6b6b22fcd4-localhost_8848] [subscribe] oj-system-local.yaml+DEFAULT_GROUP+1b411097-df3c-4cac-a649-ba6b6b22fcd4
19:44:00.121 [main] INFO  c.a.n.c.c.i.CacheData - [addListener,197] - [fixed-1b411097-df3c-4cac-a649-ba6b6b22fcd4-localhost_8848] [add-listener] ok, tenant=1b411097-df3c-4cac-a649-ba6b6b22fcd4, dataId=oj-system-local.yaml, group=DEFAULT_GROUP, cnt=1
19:44:00.122 [main] INFO  c.a.c.n.r.NacosContextRefresher - [registerNacosListener,129] - [Nacos Config] Listening config: dataId=oj-system-local.yaml, group=DEFAULT_GROUP
19:44:00.122 [main] INFO  c.a.n.c.c.i.ClientWorker - [addCacheDataIfAbsent,380] - [fixed-1b411097-df3c-4cac-a649-ba6b6b22fcd4-localhost_8848] [subscribe] oj-system+DEFAULT_GROUP+1b411097-df3c-4cac-a649-ba6b6b22fcd4
19:44:00.122 [main] INFO  c.a.n.c.c.i.CacheData - [addListener,197] - [fixed-1b411097-df3c-4cac-a649-ba6b6b22fcd4-localhost_8848] [add-listener] ok, tenant=1b411097-df3c-4cac-a649-ba6b6b22fcd4, dataId=oj-system, group=DEFAULT_GROUP, cnt=1
19:44:00.124 [main] INFO  c.a.c.n.r.NacosContextRefresher - [registerNacosListener,129] - [Nacos Config] Listening config: dataId=oj-system, group=DEFAULT_GROUP
19:44:00.125 [main] INFO  c.a.n.c.c.i.ClientWorker - [addCacheDataIfAbsent,380] - [fixed-1b411097-df3c-4cac-a649-ba6b6b22fcd4-localhost_8848] [subscribe] oj-system.yaml+DEFAULT_GROUP+1b411097-df3c-4cac-a649-ba6b6b22fcd4
19:44:00.125 [main] INFO  c.a.n.c.c.i.CacheData - [addListener,197] - [fixed-1b411097-df3c-4cac-a649-ba6b6b22fcd4-localhost_8848] [add-listener] ok, tenant=1b411097-df3c-4cac-a649-ba6b6b22fcd4, dataId=oj-system.yaml, group=DEFAULT_GROUP, cnt=1
19:44:00.125 [main] INFO  c.a.c.n.r.NacosContextRefresher - [registerNacosListener,129] - [Nacos Config] Listening config: dataId=oj-system.yaml, group=DEFAULT_GROUP
20:29:00.640 [http-nio-9201-exec-1] INFO  o.a.c.c.C.[.[.[/] - [log,173] - Initializing Spring DispatcherServlet 'dispatcherServlet'
20:29:00.640 [http-nio-9201-exec-1] INFO  o.s.w.s.DispatcherServlet - [initServletBean,532] - Initializing Servlet 'dispatcherServlet'
20:29:00.640 [http-nio-9201-exec-1] INFO  o.s.w.s.DispatcherServlet - [initServletBean,554] - Completed initialization in 0 ms
20:29:18.272 [http-nio-9201-exec-2] INFO  c.z.h.HikariDataSource - [getConnection,110] - HikariPool-1 - Starting...
20:29:18.678 [http-nio-9201-exec-2] INFO  c.z.h.p.HikariPool - [checkFailFast,565] - HikariPool-1 - Added connection com.mysql.cj.jdbc.ConnectionImpl@131107d9
20:29:18.679 [http-nio-9201-exec-2] INFO  c.z.h.HikariDataSource - [getConnection,123] - HikariPool-1 - Start completed.
20:33:01.804 [SpringApplicationShutdownHook] INFO  c.a.c.n.r.NacosServiceRegistry - [deregister,95] - De-registering from Nacos Server now...
20:33:01.804 [SpringApplicationShutdownHook] INFO  c.a.n.client.naming - [deregisterService,217] - [DEREGISTER-SERVICE] 1b411097-df3c-4cac-a649-ba6b6b22fcd4 deregistering service oj-system with instance: Instance{instanceId='null', ip='172.20.10.6', port=9201, weight=1.0, healthy=true, enabled=true, ephemeral=true, clusterName='DEFAULT', serviceName='null', metadata={}}
20:33:01.806 [SpringApplicationShutdownHook] INFO  c.a.c.n.r.NacosServiceRegistry - [deregister,115] - De-registration finished.
20:33:01.807 [SpringApplicationShutdownHook] INFO  c.a.n.client.naming - [shutdown,256] - com.alibaba.nacos.client.naming.cache.ServiceInfoHolder do shutdown begin
20:33:01.807 [SpringApplicationShutdownHook] INFO  c.a.n.client.naming - [shutdown,136] - com.alibaba.nacos.client.naming.backups.FailoverReactor do shutdown begin
20:33:01.807 [SpringApplicationShutdownHook] INFO  c.a.n.client.naming - [shutdown,138] - com.alibaba.nacos.client.naming.backups.FailoverReactor do shutdown stop
20:33:01.807 [SpringApplicationShutdownHook] INFO  c.a.n.client.naming - [shutdown,258] - com.alibaba.nacos.client.naming.cache.ServiceInfoHolder do shutdown stop
20:33:01.807 [SpringApplicationShutdownHook] INFO  c.a.n.client.naming - [shutdown,204] - com.alibaba.nacos.client.naming.remote.NamingClientProxyDelegate do shutdown begin
20:33:01.807 [SpringApplicationShutdownHook] INFO  c.a.n.client.naming - [shutdown,143] - com.alibaba.nacos.client.naming.core.ServiceInfoUpdateService do shutdown begin
20:33:01.807 [SpringApplicationShutdownHook] INFO  c.a.n.client.naming - [shutdown,145] - com.alibaba.nacos.client.naming.core.ServiceInfoUpdateService do shutdown stop
20:33:01.808 [SpringApplicationShutdownHook] INFO  c.a.n.client.naming - [shutdown,194] - com.alibaba.nacos.client.naming.core.ServerListManager do shutdown begin
20:33:01.808 [SpringApplicationShutdownHook] INFO  c.a.n.client.naming - [shutdown,199] - com.alibaba.nacos.client.naming.core.ServerListManager do shutdown stop
20:33:01.808 [SpringApplicationShutdownHook] INFO  c.a.n.client.naming - [shutdown,484] - com.alibaba.nacos.client.naming.remote.http.NamingHttpClientProxy do shutdown begin
20:33:01.808 [SpringApplicationShutdownHook] INFO  c.a.n.client.naming - [shutdown,486] - com.alibaba.nacos.client.naming.remote.http.NamingHttpClientProxy do shutdown stop
20:33:01.808 [SpringApplicationShutdownHook] INFO  c.a.n.c.r.client - [shutdown,429] - Shutdown rpc client, set status to shutdown
20:33:01.808 [SpringApplicationShutdownHook] INFO  c.a.n.c.r.client - [shutdown,431] - Shutdown client event executor java.util.concurrent.ScheduledThreadPoolExecutor@2a1c3ca5[Running, pool size = 2, active threads = 2, queued tasks = 0, completed tasks = 0]
20:33:01.808 [SpringApplicationShutdownHook] INFO  c.a.n.c.r.client - [closeConnection,584] - Close current connection 1777463039834_172.17.0.1_60952
20:33:01.810 [nacos-grpc-client-executor-localhost-600] INFO  c.a.n.c.r.c.g.GrpcClient - [printIfInfoEnabled,63] - [1777463039834_172.17.0.1_60952]Ignore complete event,isRunning:false,isAbandon=false
20:33:01.811 [SpringApplicationShutdownHook] INFO  c.a.n.c.r.c.g.GrpcClient - [shutdown,159] - Shutdown grpc executor java.util.concurrent.ThreadPoolExecutor@4dee5d57[Running, pool size = 4, active threads = 0, queued tasks = 0, completed tasks = 601]
20:33:01.811 [SpringApplicationShutdownHook] INFO  c.a.n.client.naming - [shutdown,318] - Shutdown grpc redo service executor java.util.concurrent.ScheduledThreadPoolExecutor@18913c4e[Running, pool size = 1, active threads = 0, queued tasks = 1, completed tasks = 978]
20:33:01.811 [SpringApplicationShutdownHook] INFO  c.a.n.c.a.r.i.CredentialWatcher - [stop,106] - [null] CredentialWatcher is stopped
20:33:01.812 [SpringApplicationShutdownHook] INFO  c.a.n.c.a.r.i.CredentialService - [free,100] - [null] CredentialService is freed
20:33:01.812 [SpringApplicationShutdownHook] INFO  c.a.n.client.naming - [shutdown,211] - com.alibaba.nacos.client.naming.remote.NamingClientProxyDelegate do shutdown stop
20:33:01.937 [SpringApplicationShutdownHook] INFO  c.z.h.HikariDataSource - [close,350] - HikariPool-1 - Shutdown initiated...
20:33:01.941 [SpringApplicationShutdownHook] INFO  c.z.h.HikariDataSource - [close,352] - HikariPool-1 - Shutdown completed.
20:37:29.453 [main] INFO  c.a.n.c.u.ParamUtil - [<clinit>,87] - [settings] [req-serv] nacos-server port:8848
20:37:29.453 [main] INFO  c.a.n.c.u.ParamUtil - [<clinit>,98] - [settings] [http-client] connect timeout:1000
20:37:29.454 [main] INFO  c.a.n.c.u.ParamUtil - [<clinit>,105] - PER_TASK_CONFIG_SIZE: 3000.0
20:37:29.471 [main] INFO  c.a.n.p.a.s.c.ClientAuthPluginManager - [init,56] - [ClientAuthPluginManager] Load ClientAuthService com.alibaba.nacos.client.auth.impl.NacosClientAuthServiceImpl success.
20:37:29.471 [main] INFO  c.a.n.p.a.s.c.ClientAuthPluginManager - [init,56] - [ClientAuthPluginManager] Load ClientAuthService com.alibaba.nacos.client.auth.ram.RamClientAuthServiceImpl success.
20:37:29.473 [main] INFO  c.a.n.c.a.r.i.CredentialWatcher - [loadCredential,165] - null No credential found
20:37:29.681 [main] INFO  c.a.n.c.c.i.LocalConfigInfoProcessor - [<clinit>,63] - LOCAL_SNAPSHOT_PATH:C:\Users\45\nacos\config
20:37:29.684 [main] INFO  c.a.n.c.r.client - [lambda$createClient$0,108] - [RpcClientFactory] create a new rpc client of 50ab3dc3-e45a-41da-a66f-f38828e649be_config-0
20:37:29.694 [main] INFO  c.a.n.c.r.client - [printIfInfoEnabled,63] - [50ab3dc3-e45a-41da-a66f-f38828e649be_config-0] Register server push request handler:com.alibaba.nacos.client.config.impl.ClientWorker$ConfigRpcTransportClient$$Lambda$576/0x000001be1c3151b0
20:37:29.696 [main] INFO  c.a.n.c.r.client - [printIfInfoEnabled,63] - [50ab3dc3-e45a-41da-a66f-f38828e649be_config-0] Register server push request handler:com.alibaba.nacos.client.config.impl.ClientWorker$ConfigRpcTransportClient$$Lambda$577/0x000001be1c3155d0
20:37:29.696 [main] INFO  c.a.n.c.r.client - [printIfInfoEnabled,63] - [50ab3dc3-e45a-41da-a66f-f38828e649be_config-0] Registry connection listener to current client:com.alibaba.nacos.client.config.impl.ClientWorker$ConfigRpcTransportClient$1
20:37:29.696 [main] INFO  c.a.n.c.r.client - [printIfInfoEnabled,63] - [50ab3dc3-e45a-41da-a66f-f38828e649be_config-0] RpcClient init, ServerListFactory = com.alibaba.nacos.client.config.impl.ClientWorker$ConfigRpcTransportClient$2
20:37:29.700 [main] INFO  c.a.n.c.r.client - [printIfInfoEnabled,63] - [50ab3dc3-e45a-41da-a66f-f38828e649be_config-0] Try to connect to server on start up, server: {serverIp = 'localhost', server main port = 8848}
20:37:29.722 [main] INFO  c.a.n.c.r.c.g.GrpcClient - [createNewManagedChannel,182] - grpc client connection server:localhost ip,serverPort:9848,grpcTslConfig:{"sslProvider":"OPENSSL","enableTls":false,"mutualAuthEnable":false,"trustAll":false}
20:37:30.392 [main] INFO  c.a.n.c.r.client - [printIfInfoEnabled,63] - [50ab3dc3-e45a-41da-a66f-f38828e649be_config-0] Success to connect to server [localhost:8848] on start up, connectionId = 1777466250222_172.17.0.1_34500
20:37:30.392 [com.alibaba.nacos.client.remote.worker] INFO  c.a.n.c.r.client - [printIfInfoEnabled,63] - [50ab3dc3-e45a-41da-a66f-f38828e649be_config-0] Notify connected event to listeners.
20:37:30.392 [com.alibaba.nacos.client.remote.worker] INFO  c.a.n.c.c.i.ClientWorker - [onConnected,639] - [50ab3dc3-e45a-41da-a66f-f38828e649be_config-0] Connected,notify listen context...
20:37:30.392 [main] INFO  c.a.n.c.r.client - [printIfInfoEnabled,63] - [50ab3dc3-e45a-41da-a66f-f38828e649be_config-0] Register server push request handler:com.alibaba.nacos.common.remote.client.RpcClient$ConnectResetRequestHandler
20:37:30.393 [main] INFO  c.a.n.c.r.client - [printIfInfoEnabled,63] - [50ab3dc3-e45a-41da-a66f-f38828e649be_config-0] Register server push request handler:com.alibaba.nacos.common.remote.client.RpcClient$$Lambda$597/0x000001be1c4a0000
20:37:30.418 [main] INFO  c.a.n.c.c.i.Limiter - [<clinit>,62] - limitTime:5.0
20:37:30.448 [main] INFO  c.a.n.c.c.u.JvmUtil - [<clinit>,54] - isMultiInstance:false
20:37:30.453 [main] INFO  o.s.c.b.c.PropertySourceBootstrapConfiguration - [initialize,108] - Located property source: [BootstrapPropertySource {name='bootstrapProperties-oj-system-local.yaml,DEFAULT_GROUP'}, BootstrapPropertySource {name='bootstrapProperties-oj-system.yaml,DEFAULT_GROUP'}, BootstrapPropertySource {name='bootstrapProperties-oj-system,DEFAULT_GROUP'}]
20:37:30.457 [main] INFO  c.b.s.OjSystemApplication - [logStartupProfileInfo,636] - The following 1 profile is active: "local"
20:37:30.853 [main] INFO  o.s.d.r.c.RepositoryConfigurationDelegate - [multipleStoresDetected,294] - Multiple Spring Data modules found, entering strict repository configuration mode
20:37:30.856 [main] INFO  o.s.d.r.c.RepositoryConfigurationDelegate - [registerRepositoriesIn,138] - Bootstrapping Spring Data Redis repositories in DEFAULT mode.
20:37:30.872 [main] INFO  o.s.d.r.c.RepositoryConfigurationDelegate - [registerRepositoriesIn,208] - Finished Spring Data repository scanning in 6 ms. Found 0 Redis repository interfaces.
20:37:30.993 [main] INFO  o.s.c.c.s.GenericScope - [setSerializationId,282] - BeanFactory id=aaf53751-33e7-3028-938f-6656865e5779
20:37:31.241 [main] INFO  o.s.b.w.e.t.TomcatWebServer - [initialize,108] - Tomcat initialized with port(s): 9201 (http)
20:37:31.248 [main] INFO  o.a.c.h.Http11NioProtocol - [log,173] - Initializing ProtocolHandler ["http-nio-9201"]
20:37:31.249 [main] INFO  o.a.c.c.StandardService - [log,173] - Starting service [Tomcat]
20:37:31.249 [main] INFO  o.a.c.c.StandardEngine - [log,173] - Starting Servlet engine: [Apache Tomcat/10.1.4]
20:37:31.306 [main] INFO  o.a.c.c.C.[.[.[/] - [log,173] - Initializing Spring embedded WebApplicationContext
20:37:31.307 [main] INFO  o.s.b.w.s.c.ServletWebServerApplicationContext - [prepareWebApplicationContext,291] - Root WebApplicationContext: initialization completed in 840 ms
20:37:32.852 [main] INFO  o.a.c.h.Http11NioProtocol - [log,173] - Starting ProtocolHandler ["http-nio-9201"]
20:37:32.863 [main] INFO  o.s.b.w.e.t.TomcatWebServer - [start,220] - Tomcat started on port(s): 9201 (http) with context path ''
20:37:32.867 [main] INFO  c.a.n.client.naming - [initNamespaceForNaming,62] - initializer namespace from ans.namespace attribute : null
20:37:32.867 [main] INFO  c.a.n.client.naming - [lambda$initNamespaceForNaming$0,66] - initializer namespace from ALIBABA_ALIWARE_NAMESPACE attribute :null
20:37:32.868 [main] INFO  c.a.n.client.naming - [lambda$initNamespaceForNaming$1,73] - initializer namespace from namespace attribute :null
20:37:32.874 [main] INFO  c.a.n.p.a.s.c.ClientAuthPluginManager - [init,56] - [ClientAuthPluginManager] Load ClientAuthService com.alibaba.nacos.client.auth.impl.NacosClientAuthServiceImpl success.
20:37:32.874 [main] INFO  c.a.n.p.a.s.c.ClientAuthPluginManager - [init,56] - [ClientAuthPluginManager] Load ClientAuthService com.alibaba.nacos.client.auth.ram.RamClientAuthServiceImpl success.
20:37:32.878 [main] INFO  c.a.n.c.r.client - [lambda$createClient$0,108] - [RpcClientFactory] create a new rpc client of 34a2b926-f0c9-4bd2-b3b2-1affd98e28ce
20:37:32.880 [main] INFO  c.a.n.c.r.client - [printIfInfoEnabled,63] - [34a2b926-f0c9-4bd2-b3b2-1affd98e28ce] RpcClient init, ServerListFactory = com.alibaba.nacos.client.naming.core.ServerListManager
20:37:32.880 [main] INFO  c.a.n.c.r.client - [printIfInfoEnabled,63] - [34a2b926-f0c9-4bd2-b3b2-1affd98e28ce] Registry connection listener to current client:com.alibaba.nacos.client.naming.remote.gprc.redo.NamingGrpcRedoService
20:37:32.881 [main] INFO  c.a.n.c.r.client - [printIfInfoEnabled,63] - [34a2b926-f0c9-4bd2-b3b2-1affd98e28ce] Register server push request handler:com.alibaba.nacos.client.naming.remote.gprc.NamingPushRequestHandler
20:37:32.881 [main] INFO  c.a.n.c.r.client - [printIfInfoEnabled,63] - [34a2b926-f0c9-4bd2-b3b2-1affd98e28ce] Try to connect to server on start up, server: {serverIp = 'localhost', server main port = 8848}
20:37:32.881 [main] INFO  c.a.n.c.r.c.g.GrpcClient - [createNewManagedChannel,182] - grpc client connection server:localhost ip,serverPort:9848,grpcTslConfig:{"sslProvider":"OPENSSL","enableTls":false,"mutualAuthEnable":false,"trustAll":false}
20:37:33.085 [main] INFO  c.a.n.c.r.client - [printIfInfoEnabled,63] - [34a2b926-f0c9-4bd2-b3b2-1affd98e28ce] Success to connect to server [localhost:8848] on start up, connectionId = 1777466252977_172.17.0.1_34508
20:37:33.085 [main] INFO  c.a.n.c.r.client - [printIfInfoEnabled,63] - [34a2b926-f0c9-4bd2-b3b2-1affd98e28ce] Register server push request handler:com.alibaba.nacos.common.remote.client.RpcClient$ConnectResetRequestHandler
20:37:33.085 [main] INFO  c.a.n.c.r.client - [printIfInfoEnabled,63] - [34a2b926-f0c9-4bd2-b3b2-1affd98e28ce] Register server push request handler:com.alibaba.nacos.common.remote.client.RpcClient$$Lambda$597/0x000001be1c4a0000
20:37:33.085 [com.alibaba.nacos.client.remote.worker] INFO  c.a.n.c.r.client - [printIfInfoEnabled,63] - [34a2b926-f0c9-4bd2-b3b2-1affd98e28ce] Notify connected event to listeners.
20:37:33.085 [com.alibaba.nacos.client.remote.worker] INFO  c.a.n.client.naming - [onConnected,78] - Grpc connection connect
20:37:33.086 [main] INFO  c.a.n.client.naming - [registerService,121] - [REGISTER-SERVICE] 1b411097-df3c-4cac-a649-ba6b6b22fcd4 registering service oj-system with instance Instance{instanceId='null', ip='172.20.10.6', port=9201, weight=1.0, healthy=true, enabled=true, ephemeral=true, clusterName='DEFAULT', serviceName='null', metadata={IPv6=[2409:897a:3d80:97a3:543:892d:f811:3246], preserved.register.source=SPRING_CLOUD}}
20:37:33.098 [main] INFO  c.a.c.n.r.NacosServiceRegistry - [register,76] - nacos registry, DEFAULT_GROUP oj-system 172.20.10.6:9201 register finished
20:37:33.285 [main] INFO  c.b.s.OjSystemApplication - [logStarted,57] - Started OjSystemApplication in 4.403 seconds (process running for 4.912)
20:37:33.288 [main] INFO  c.a.n.c.c.i.CacheData - [<clinit>,67] - nacos.cache.data.init.snapshot = true 
20:37:33.289 [main] INFO  c.a.n.c.c.i.ClientWorker - [addCacheDataIfAbsent,380] - [fixed-1b411097-df3c-4cac-a649-ba6b6b22fcd4-localhost_8848] [subscribe] oj-system-local.yaml+DEFAULT_GROUP+1b411097-df3c-4cac-a649-ba6b6b22fcd4
20:37:33.295 [main] INFO  c.a.n.c.c.i.CacheData - [addListener,197] - [fixed-1b411097-df3c-4cac-a649-ba6b6b22fcd4-localhost_8848] [add-listener] ok, tenant=1b411097-df3c-4cac-a649-ba6b6b22fcd4, dataId=oj-system-local.yaml, group=DEFAULT_GROUP, cnt=1
20:37:33.296 [main] INFO  c.a.c.n.r.NacosContextRefresher - [registerNacosListener,129] - [Nacos Config] Listening config: dataId=oj-system-local.yaml, group=DEFAULT_GROUP
20:37:33.296 [main] INFO  c.a.n.c.c.i.ClientWorker - [addCacheDataIfAbsent,380] - [fixed-1b411097-df3c-4cac-a649-ba6b6b22fcd4-localhost_8848] [subscribe] oj-system+DEFAULT_GROUP+1b411097-df3c-4cac-a649-ba6b6b22fcd4
20:37:33.297 [main] INFO  c.a.n.c.c.i.CacheData - [addListener,197] - [fixed-1b411097-df3c-4cac-a649-ba6b6b22fcd4-localhost_8848] [add-listener] ok, tenant=1b411097-df3c-4cac-a649-ba6b6b22fcd4, dataId=oj-system, group=DEFAULT_GROUP, cnt=1
20:37:33.297 [main] INFO  c.a.c.n.r.NacosContextRefresher - [registerNacosListener,129] - [Nacos Config] Listening config: dataId=oj-system, group=DEFAULT_GROUP
20:37:33.297 [main] INFO  c.a.n.c.c.i.ClientWorker - [addCacheDataIfAbsent,380] - [fixed-1b411097-df3c-4cac-a649-ba6b6b22fcd4-localhost_8848] [subscribe] oj-system.yaml+DEFAULT_GROUP+1b411097-df3c-4cac-a649-ba6b6b22fcd4
20:37:33.297 [main] INFO  c.a.n.c.c.i.CacheData - [addListener,197] - [fixed-1b411097-df3c-4cac-a649-ba6b6b22fcd4-localhost_8848] [add-listener] ok, tenant=1b411097-df3c-4cac-a649-ba6b6b22fcd4, dataId=oj-system.yaml, group=DEFAULT_GROUP, cnt=1
20:37:33.298 [main] INFO  c.a.c.n.r.NacosContextRefresher - [registerNacosListener,129] - [Nacos Config] Listening config: dataId=oj-system.yaml, group=DEFAULT_GROUP
20:39:56.988 [http-nio-9201-exec-1] INFO  o.a.c.c.C.[.[.[/] - [log,173] - Initializing Spring DispatcherServlet 'dispatcherServlet'
20:39:56.989 [http-nio-9201-exec-1] INFO  o.s.w.s.DispatcherServlet - [initServletBean,532] - Initializing Servlet 'dispatcherServlet'
20:39:56.989 [http-nio-9201-exec-1] INFO  o.s.w.s.DispatcherServlet - [initServletBean,554] - Completed initialization in 0 ms
20:39:57.087 [http-nio-9201-exec-1] INFO  c.z.h.HikariDataSource - [getConnection,110] - HikariPool-1 - Starting...
20:39:57.307 [http-nio-9201-exec-1] INFO  c.z.h.p.HikariPool - [checkFailFast,565] - HikariPool-1 - Added connection com.mysql.cj.jdbc.ConnectionImpl@20763d81
20:39:57.309 [http-nio-9201-exec-1] INFO  c.z.h.HikariDataSource - [getConnection,123] - HikariPool-1 - Start completed.
20:58:02.585 [SpringApplicationShutdownHook] INFO  c.a.c.n.r.NacosServiceRegistry - [deregister,95] - De-registering from Nacos Server now...
20:58:02.585 [SpringApplicationShutdownHook] INFO  c.a.n.client.naming - [deregisterService,217] - [DEREGISTER-SERVICE] 1b411097-df3c-4cac-a649-ba6b6b22fcd4 deregistering service oj-system with instance: Instance{instanceId='null', ip='172.20.10.6', port=9201, weight=1.0, healthy=true, enabled=true, ephemeral=true, clusterName='DEFAULT', serviceName='null', metadata={}}
20:58:02.589 [SpringApplicationShutdownHook] INFO  c.a.c.n.r.NacosServiceRegistry - [deregister,115] - De-registration finished.
20:58:02.590 [SpringApplicationShutdownHook] INFO  c.a.n.client.naming - [shutdown,256] - com.alibaba.nacos.client.naming.cache.ServiceInfoHolder do shutdown begin
20:58:02.590 [SpringApplicationShutdownHook] INFO  c.a.n.client.naming - [shutdown,136] - com.alibaba.nacos.client.naming.backups.FailoverReactor do shutdown begin
20:58:02.590 [SpringApplicationShutdownHook] INFO  c.a.n.client.naming - [shutdown,138] - com.alibaba.nacos.client.naming.backups.FailoverReactor do shutdown stop
20:58:02.590 [SpringApplicationShutdownHook] INFO  c.a.n.client.naming - [shutdown,258] - com.alibaba.nacos.client.naming.cache.ServiceInfoHolder do shutdown stop
20:58:02.590 [SpringApplicationShutdownHook] INFO  c.a.n.client.naming - [shutdown,204] - com.alibaba.nacos.client.naming.remote.NamingClientProxyDelegate do shutdown begin
20:58:02.590 [SpringApplicationShutdownHook] INFO  c.a.n.client.naming - [shutdown,143] - com.alibaba.nacos.client.naming.core.ServiceInfoUpdateService do shutdown begin
20:58:02.590 [SpringApplicationShutdownHook] INFO  c.a.n.client.naming - [shutdown,145] - com.alibaba.nacos.client.naming.core.ServiceInfoUpdateService do shutdown stop
20:58:02.590 [SpringApplicationShutdownHook] INFO  c.a.n.client.naming - [shutdown,194] - com.alibaba.nacos.client.naming.core.ServerListManager do shutdown begin
20:58:02.590 [SpringApplicationShutdownHook] INFO  c.a.n.client.naming - [shutdown,199] - com.alibaba.nacos.client.naming.core.ServerListManager do shutdown stop
20:58:02.590 [SpringApplicationShutdownHook] INFO  c.a.n.client.naming - [shutdown,484] - com.alibaba.nacos.client.naming.remote.http.NamingHttpClientProxy do shutdown begin
20:58:02.591 [SpringApplicationShutdownHook] INFO  c.a.n.client.naming - [shutdown,486] - com.alibaba.nacos.client.naming.remote.http.NamingHttpClientProxy do shutdown stop
20:58:02.591 [SpringApplicationShutdownHook] INFO  c.a.n.c.r.client - [shutdown,429] - Shutdown rpc client, set status to shutdown
20:58:02.591 [SpringApplicationShutdownHook] INFO  c.a.n.c.r.client - [shutdown,431] - Shutdown client event executor java.util.concurrent.ScheduledThreadPoolExecutor@3cab7b4a[Running, pool size = 2, active threads = 2, queued tasks = 0, completed tasks = 0]
20:58:02.591 [SpringApplicationShutdownHook] INFO  c.a.n.c.r.client - [closeConnection,584] - Close current connection 1777466252977_172.17.0.1_34508
20:58:02.594 [SpringApplicationShutdownHook] INFO  c.a.n.c.r.c.g.GrpcClient - [shutdown,159] - Shutdown grpc executor java.util.concurrent.ThreadPoolExecutor@439153fd[Running, pool size = 4, active threads = 0, queued tasks = 0, completed tasks = 261]
20:58:02.594 [SpringApplicationShutdownHook] INFO  c.a.n.client.naming - [shutdown,318] - Shutdown grpc redo service executor java.util.concurrent.ScheduledThreadPoolExecutor@1e002047[Running, pool size = 1, active threads = 0, queued tasks = 1, completed tasks = 408]
20:58:02.594 [SpringApplicationShutdownHook] INFO  c.a.n.c.a.r.i.CredentialWatcher - [stop,106] - [null] CredentialWatcher is stopped
20:58:02.595 [SpringApplicationShutdownHook] INFO  c.a.n.c.a.r.i.CredentialService - [free,100] - [null] CredentialService is freed
20:58:02.595 [SpringApplicationShutdownHook] INFO  c.a.n.client.naming - [shutdown,211] - com.alibaba.nacos.client.naming.remote.NamingClientProxyDelegate do shutdown stop
20:58:02.718 [SpringApplicationShutdownHook] INFO  c.z.h.HikariDataSource - [close,350] - HikariPool-1 - Shutdown initiated...
20:58:02.725 [SpringApplicationShutdownHook] INFO  c.z.h.HikariDataSource - [close,352] - HikariPool-1 - Shutdown completed.
22:58:40.633 [main] INFO  c.a.n.c.u.ParamUtil - [<clinit>,87] - [settings] [req-serv] nacos-server port:8848
22:58:40.634 [main] INFO  c.a.n.c.u.ParamUtil - [<clinit>,98] - [settings] [http-client] connect timeout:1000
22:58:40.634 [main] INFO  c.a.n.c.u.ParamUtil - [<clinit>,105] - PER_TASK_CONFIG_SIZE: 3000.0
22:58:40.650 [main] INFO  c.a.n.p.a.s.c.ClientAuthPluginManager - [init,56] - [ClientAuthPluginManager] Load ClientAuthService com.alibaba.nacos.client.auth.impl.NacosClientAuthServiceImpl success.
22:58:40.651 [main] INFO  c.a.n.p.a.s.c.ClientAuthPluginManager - [init,56] - [ClientAuthPluginManager] Load ClientAuthService com.alibaba.nacos.client.auth.ram.RamClientAuthServiceImpl success.
22:58:40.653 [main] INFO  c.a.n.c.a.r.i.CredentialWatcher - [loadCredential,165] - null No credential found
22:58:40.847 [main] INFO  c.a.n.c.c.i.LocalConfigInfoProcessor - [<clinit>,63] - LOCAL_SNAPSHOT_PATH:C:\Users\45\nacos\config
22:58:40.853 [main] INFO  c.a.n.c.r.client - [lambda$createClient$0,108] - [RpcClientFactory] create a new rpc client of 8959b798-4f4e-4130-988b-82322d26fb15_config-0
22:58:40.866 [main] INFO  c.a.n.c.r.client - [printIfInfoEnabled,63] - [8959b798-4f4e-4130-988b-82322d26fb15_config-0] Register server push request handler:com.alibaba.nacos.client.config.impl.ClientWorker$ConfigRpcTransportClient$$Lambda$564/0x0000025a6330e230
22:58:40.866 [main] INFO  c.a.n.c.r.client - [printIfInfoEnabled,63] - [8959b798-4f4e-4130-988b-82322d26fb15_config-0] Register server push request handler:com.alibaba.nacos.client.config.impl.ClientWorker$ConfigRpcTransportClient$$Lambda$565/0x0000025a6330e650
22:58:40.866 [main] INFO  c.a.n.c.r.client - [printIfInfoEnabled,63] - [8959b798-4f4e-4130-988b-82322d26fb15_config-0] Registry connection listener to current client:com.alibaba.nacos.client.config.impl.ClientWorker$ConfigRpcTransportClient$1
22:58:40.867 [main] INFO  c.a.n.c.r.client - [printIfInfoEnabled,63] - [8959b798-4f4e-4130-988b-82322d26fb15_config-0] RpcClient init, ServerListFactory = com.alibaba.nacos.client.config.impl.ClientWorker$ConfigRpcTransportClient$2
22:58:40.873 [main] INFO  c.a.n.c.r.client - [printIfInfoEnabled,63] - [8959b798-4f4e-4130-988b-82322d26fb15_config-0] Try to connect to server on start up, server: {serverIp = 'localhost', server main port = 8848}
22:58:40.896 [main] INFO  c.a.n.c.r.c.g.GrpcClient - [createNewManagedChannel,182] - grpc client connection server:localhost ip,serverPort:9848,grpcTslConfig:{"sslProvider":"OPENSSL","enableTls":false,"mutualAuthEnable":false,"trustAll":false}
22:58:41.594 [main] INFO  c.a.n.c.r.client - [printIfInfoEnabled,63] - [8959b798-4f4e-4130-988b-82322d26fb15_config-0] Success to connect to server [localhost:8848] on start up, connectionId = 1777474721430_172.17.0.1_50918
22:58:41.595 [com.alibaba.nacos.client.remote.worker] INFO  c.a.n.c.r.client - [printIfInfoEnabled,63] - [8959b798-4f4e-4130-988b-82322d26fb15_config-0] Notify connected event to listeners.
22:58:41.595 [com.alibaba.nacos.client.remote.worker] INFO  c.a.n.c.c.i.ClientWorker - [onConnected,639] - [8959b798-4f4e-4130-988b-82322d26fb15_config-0] Connected,notify listen context...
22:58:41.595 [main] INFO  c.a.n.c.r.client - [printIfInfoEnabled,63] - [8959b798-4f4e-4130-988b-82322d26fb15_config-0] Register server push request handler:com.alibaba.nacos.common.remote.client.RpcClient$ConnectResetRequestHandler
22:58:41.596 [main] INFO  c.a.n.c.r.client - [printIfInfoEnabled,63] - [8959b798-4f4e-4130-988b-82322d26fb15_config-0] Register server push request handler:com.alibaba.nacos.common.remote.client.RpcClient$$Lambda$597/0x0000025a634a11e8
22:58:41.619 [main] INFO  c.a.n.c.c.i.Limiter - [<clinit>,62] - limitTime:5.0
22:58:41.644 [main] INFO  c.a.n.c.c.u.JvmUtil - [<clinit>,54] - isMultiInstance:false
22:58:41.648 [main] INFO  o.s.c.b.c.PropertySourceBootstrapConfiguration - [initialize,108] - Located property source: [BootstrapPropertySource {name='bootstrapProperties-oj-system-local.yaml,DEFAULT_GROUP'}, BootstrapPropertySource {name='bootstrapProperties-oj-system.yaml,DEFAULT_GROUP'}, BootstrapPropertySource {name='bootstrapProperties-oj-system,DEFAULT_GROUP'}]
22:58:41.654 [main] INFO  c.b.s.OjSystemApplication - [logStartupProfileInfo,636] - The following 1 profile is active: "local"
22:58:42.039 [main] INFO  o.s.d.r.c.RepositoryConfigurationDelegate - [multipleStoresDetected,294] - Multiple Spring Data modules found, entering strict repository configuration mode
22:58:42.041 [main] INFO  o.s.d.r.c.RepositoryConfigurationDelegate - [registerRepositoriesIn,138] - Bootstrapping Spring Data Redis repositories in DEFAULT mode.
22:58:42.057 [main] INFO  o.s.d.r.c.RepositoryConfigurationDelegate - [registerRepositoriesIn,208] - Finished Spring Data repository scanning in 7 ms. Found 0 Redis repository interfaces.
22:58:42.183 [main] INFO  o.s.c.c.s.GenericScope - [setSerializationId,282] - BeanFactory id=ac0d0fca-1652-3272-ada0-a0bec651632a
22:58:42.406 [main] INFO  o.s.b.w.e.t.TomcatWebServer - [initialize,108] - Tomcat initialized with port(s): 9201 (http)
22:58:42.412 [main] INFO  o.a.c.h.Http11NioProtocol - [log,173] - Initializing ProtocolHandler ["http-nio-9201"]
22:58:42.412 [main] INFO  o.a.c.c.StandardService - [log,173] - Starting service [Tomcat]
22:58:42.412 [main] INFO  o.a.c.c.StandardEngine - [log,173] - Starting Servlet engine: [Apache Tomcat/10.1.4]
22:58:42.468 [main] INFO  o.a.c.c.C.[.[.[/] - [log,173] - Initializing Spring embedded WebApplicationContext
22:58:42.468 [main] INFO  o.s.b.w.s.c.ServletWebServerApplicationContext - [prepareWebApplicationContext,291] - Root WebApplicationContext: initialization completed in 803 ms
22:58:43.592 [main] INFO  o.a.c.h.Http11NioProtocol - [log,173] - Starting ProtocolHandler ["http-nio-9201"]
22:58:43.601 [main] INFO  o.s.b.w.e.t.TomcatWebServer - [start,220] - Tomcat started on port(s): 9201 (http) with context path ''
22:58:43.606 [main] INFO  c.a.n.client.naming - [initNamespaceForNaming,62] - initializer namespace from ans.namespace attribute : null
22:58:43.607 [main] INFO  c.a.n.client.naming - [lambda$initNamespaceForNaming$0,66] - initializer namespace from ALIBABA_ALIWARE_NAMESPACE attribute :null
22:58:43.607 [main] INFO  c.a.n.client.naming - [lambda$initNamespaceForNaming$1,73] - initializer namespace from namespace attribute :null
22:58:43.613 [main] INFO  c.a.n.p.a.s.c.ClientAuthPluginManager - [init,56] - [ClientAuthPluginManager] Load ClientAuthService com.alibaba.nacos.client.auth.impl.NacosClientAuthServiceImpl success.
22:58:43.613 [main] INFO  c.a.n.p.a.s.c.ClientAuthPluginManager - [init,56] - [ClientAuthPluginManager] Load ClientAuthService com.alibaba.nacos.client.auth.ram.RamClientAuthServiceImpl success.
22:58:43.617 [main] INFO  c.a.n.c.r.client - [lambda$createClient$0,108] - [RpcClientFactory] create a new rpc client of 497f880c-fe2c-483c-93c7-65b1256e2e1a
22:58:43.619 [main] INFO  c.a.n.c.r.client - [printIfInfoEnabled,63] - [497f880c-fe2c-483c-93c7-65b1256e2e1a] RpcClient init, ServerListFactory = com.alibaba.nacos.client.naming.core.ServerListManager
22:58:43.619 [main] INFO  c.a.n.c.r.client - [printIfInfoEnabled,63] - [497f880c-fe2c-483c-93c7-65b1256e2e1a] Registry connection listener to current client:com.alibaba.nacos.client.naming.remote.gprc.redo.NamingGrpcRedoService
22:58:43.619 [main] INFO  c.a.n.c.r.client - [printIfInfoEnabled,63] - [497f880c-fe2c-483c-93c7-65b1256e2e1a] Register server push request handler:com.alibaba.nacos.client.naming.remote.gprc.NamingPushRequestHandler
22:58:43.620 [main] INFO  c.a.n.c.r.client - [printIfInfoEnabled,63] - [497f880c-fe2c-483c-93c7-65b1256e2e1a] Try to connect to server on start up, server: {serverIp = 'localhost', server main port = 8848}
22:58:43.620 [main] INFO  c.a.n.c.r.c.g.GrpcClient - [createNewManagedChannel,182] - grpc client connection server:localhost ip,serverPort:9848,grpcTslConfig:{"sslProvider":"OPENSSL","enableTls":false,"mutualAuthEnable":false,"trustAll":false}
22:58:43.745 [main] INFO  c.a.n.c.r.client - [printIfInfoEnabled,63] - [497f880c-fe2c-483c-93c7-65b1256e2e1a] Success to connect to server [localhost:8848] on start up, connectionId = 1777474723626_172.17.0.1_50934
22:58:43.745 [main] INFO  c.a.n.c.r.client - [printIfInfoEnabled,63] - [497f880c-fe2c-483c-93c7-65b1256e2e1a] Register server push request handler:com.alibaba.nacos.common.remote.client.RpcClient$ConnectResetRequestHandler
22:58:43.745 [main] INFO  c.a.n.c.r.client - [printIfInfoEnabled,63] - [497f880c-fe2c-483c-93c7-65b1256e2e1a] Register server push request handler:com.alibaba.nacos.common.remote.client.RpcClient$$Lambda$597/0x0000025a634a11e8
22:58:43.745 [com.alibaba.nacos.client.remote.worker] INFO  c.a.n.c.r.client - [printIfInfoEnabled,63] - [497f880c-fe2c-483c-93c7-65b1256e2e1a] Notify connected event to listeners.
22:58:43.745 [com.alibaba.nacos.client.remote.worker] INFO  c.a.n.client.naming - [onConnected,78] - Grpc connection connect
22:58:43.746 [main] INFO  c.a.n.client.naming - [registerService,121] - [REGISTER-SERVICE] 1b411097-df3c-4cac-a649-ba6b6b22fcd4 registering service oj-system with instance Instance{instanceId='null', ip='172.20.10.6', port=9201, weight=1.0, healthy=true, enabled=true, ephemeral=true, clusterName='DEFAULT', serviceName='null', metadata={IPv6=[2409:897a:3d80:97a3:543:892d:f811:3246], preserved.register.source=SPRING_CLOUD}}
22:58:43.757 [main] INFO  c.a.c.n.r.NacosServiceRegistry - [register,76] - nacos registry, DEFAULT_GROUP oj-system 172.20.10.6:9201 register finished
22:58:43.915 [main] INFO  c.b.s.OjSystemApplication - [logStarted,57] - Started OjSystemApplication in 3.858 seconds (process running for 4.453)
22:58:43.918 [main] INFO  c.a.n.c.c.i.CacheData - [<clinit>,67] - nacos.cache.data.init.snapshot = true 
22:58:43.920 [main] INFO  c.a.n.c.c.i.ClientWorker - [addCacheDataIfAbsent,380] - [fixed-1b411097-df3c-4cac-a649-ba6b6b22fcd4-localhost_8848] [subscribe] oj-system-local.yaml+DEFAULT_GROUP+1b411097-df3c-4cac-a649-ba6b6b22fcd4
22:58:43.926 [main] INFO  c.a.n.c.c.i.CacheData - [addListener,197] - [fixed-1b411097-df3c-4cac-a649-ba6b6b22fcd4-localhost_8848] [add-listener] ok, tenant=1b411097-df3c-4cac-a649-ba6b6b22fcd4, dataId=oj-system-local.yaml, group=DEFAULT_GROUP, cnt=1
22:58:43.926 [main] INFO  c.a.c.n.r.NacosContextRefresher - [registerNacosListener,129] - [Nacos Config] Listening config: dataId=oj-system-local.yaml, group=DEFAULT_GROUP
22:58:43.926 [main] INFO  c.a.n.c.c.i.ClientWorker - [addCacheDataIfAbsent,380] - [fixed-1b411097-df3c-4cac-a649-ba6b6b22fcd4-localhost_8848] [subscribe] oj-system+DEFAULT_GROUP+1b411097-df3c-4cac-a649-ba6b6b22fcd4
22:58:43.927 [main] INFO  c.a.n.c.c.i.CacheData - [addListener,197] - [fixed-1b411097-df3c-4cac-a649-ba6b6b22fcd4-localhost_8848] [add-listener] ok, tenant=1b411097-df3c-4cac-a649-ba6b6b22fcd4, dataId=oj-system, group=DEFAULT_GROUP, cnt=1
22:58:43.927 [main] INFO  c.a.c.n.r.NacosContextRefresher - [registerNacosListener,129] - [Nacos Config] Listening config: dataId=oj-system, group=DEFAULT_GROUP
22:58:43.928 [main] INFO  c.a.n.c.c.i.ClientWorker - [addCacheDataIfAbsent,380] - [fixed-1b411097-df3c-4cac-a649-ba6b6b22fcd4-localhost_8848] [subscribe] oj-system.yaml+DEFAULT_GROUP+1b411097-df3c-4cac-a649-ba6b6b22fcd4
22:58:43.928 [main] INFO  c.a.n.c.c.i.CacheData - [addListener,197] - [fixed-1b411097-df3c-4cac-a649-ba6b6b22fcd4-localhost_8848] [add-listener] ok, tenant=1b411097-df3c-4cac-a649-ba6b6b22fcd4, dataId=oj-system.yaml, group=DEFAULT_GROUP, cnt=1
22:58:43.928 [main] INFO  c.a.c.n.r.NacosContextRefresher - [registerNacosListener,129] - [Nacos Config] Listening config: dataId=oj-system.yaml, group=DEFAULT_GROUP
22:59:11.811 [SpringApplicationShutdownHook] INFO  c.a.c.n.r.NacosServiceRegistry - [deregister,95] - De-registering from Nacos Server now...
22:59:11.811 [SpringApplicationShutdownHook] INFO  c.a.n.client.naming - [deregisterService,217] - [DEREGISTER-SERVICE] 1b411097-df3c-4cac-a649-ba6b6b22fcd4 deregistering service oj-system with instance: Instance{instanceId='null', ip='172.20.10.6', port=9201, weight=1.0, healthy=true, enabled=true, ephemeral=true, clusterName='DEFAULT', serviceName='null', metadata={}}
22:59:11.816 [SpringApplicationShutdownHook] INFO  c.a.c.n.r.NacosServiceRegistry - [deregister,115] - De-registration finished.
22:59:11.816 [SpringApplicationShutdownHook] INFO  c.a.n.client.naming - [shutdown,256] - com.alibaba.nacos.client.naming.cache.ServiceInfoHolder do shutdown begin
22:59:11.816 [SpringApplicationShutdownHook] INFO  c.a.n.client.naming - [shutdown,136] - com.alibaba.nacos.client.naming.backups.FailoverReactor do shutdown begin
22:59:11.816 [SpringApplicationShutdownHook] INFO  c.a.n.client.naming - [shutdown,138] - com.alibaba.nacos.client.naming.backups.FailoverReactor do shutdown stop
22:59:11.816 [SpringApplicationShutdownHook] INFO  c.a.n.client.naming - [shutdown,258] - com.alibaba.nacos.client.naming.cache.ServiceInfoHolder do shutdown stop
22:59:11.817 [SpringApplicationShutdownHook] INFO  c.a.n.client.naming - [shutdown,204] - com.alibaba.nacos.client.naming.remote.NamingClientProxyDelegate do shutdown begin
22:59:11.817 [SpringApplicationShutdownHook] INFO  c.a.n.client.naming - [shutdown,143] - com.alibaba.nacos.client.naming.core.ServiceInfoUpdateService do shutdown begin
22:59:11.817 [SpringApplicationShutdownHook] INFO  c.a.n.client.naming - [shutdown,145] - com.alibaba.nacos.client.naming.core.ServiceInfoUpdateService do shutdown stop
22:59:11.817 [SpringApplicationShutdownHook] INFO  c.a.n.client.naming - [shutdown,194] - com.alibaba.nacos.client.naming.core.ServerListManager do shutdown begin
22:59:11.817 [SpringApplicationShutdownHook] INFO  c.a.n.client.naming - [shutdown,199] - com.alibaba.nacos.client.naming.core.ServerListManager do shutdown stop
22:59:11.817 [SpringApplicationShutdownHook] INFO  c.a.n.client.naming - [shutdown,484] - com.alibaba.nacos.client.naming.remote.http.NamingHttpClientProxy do shutdown begin
22:59:11.817 [SpringApplicationShutdownHook] INFO  c.a.n.client.naming - [shutdown,486] - com.alibaba.nacos.client.naming.remote.http.NamingHttpClientProxy do shutdown stop
22:59:11.817 [SpringApplicationShutdownHook] INFO  c.a.n.c.r.client - [shutdown,429] - Shutdown rpc client, set status to shutdown
22:59:11.817 [SpringApplicationShutdownHook] INFO  c.a.n.c.r.client - [shutdown,431] - Shutdown client event executor java.util.concurrent.ScheduledThreadPoolExecutor@e598913[Running, pool size = 2, active threads = 2, queued tasks = 0, completed tasks = 0]
22:59:11.817 [SpringApplicationShutdownHook] INFO  c.a.n.c.r.client - [closeConnection,584] - Close current connection 1777474723626_172.17.0.1_50934
22:59:11.821 [SpringApplicationShutdownHook] INFO  c.a.n.c.r.c.g.GrpcClient - [shutdown,159] - Shutdown grpc executor java.util.concurrent.ThreadPoolExecutor@152414e0[Running, pool size = 4, active threads = 0, queued tasks = 0, completed tasks = 14]
22:59:11.821 [SpringApplicationShutdownHook] INFO  c.a.n.client.naming - [shutdown,318] - Shutdown grpc redo service executor java.util.concurrent.ScheduledThreadPoolExecutor@55e6ec84[Running, pool size = 1, active threads = 0, queued tasks = 1, completed tasks = 9]
22:59:11.822 [SpringApplicationShutdownHook] INFO  c.a.n.c.a.r.i.CredentialWatcher - [stop,106] - [null] CredentialWatcher is stopped
22:59:11.822 [SpringApplicationShutdownHook] INFO  c.a.n.c.a.r.i.CredentialService - [free,100] - [null] CredentialService is freed
22:59:11.822 [SpringApplicationShutdownHook] INFO  c.a.n.client.naming - [shutdown,211] - com.alibaba.nacos.client.naming.remote.NamingClientProxyDelegate do shutdown stop
22:59:14.509 [main] INFO  c.a.n.c.u.ParamUtil - [<clinit>,87] - [settings] [req-serv] nacos-server port:8848
22:59:14.509 [main] INFO  c.a.n.c.u.ParamUtil - [<clinit>,98] - [settings] [http-client] connect timeout:1000
22:59:14.510 [main] INFO  c.a.n.c.u.ParamUtil - [<clinit>,105] - PER_TASK_CONFIG_SIZE: 3000.0
22:59:14.530 [main] INFO  c.a.n.p.a.s.c.ClientAuthPluginManager - [init,56] - [ClientAuthPluginManager] Load ClientAuthService com.alibaba.nacos.client.auth.impl.NacosClientAuthServiceImpl success.
22:59:14.530 [main] INFO  c.a.n.p.a.s.c.ClientAuthPluginManager - [init,56] - [ClientAuthPluginManager] Load ClientAuthService com.alibaba.nacos.client.auth.ram.RamClientAuthServiceImpl success.
22:59:14.533 [main] INFO  c.a.n.c.a.r.i.CredentialWatcher - [loadCredential,165] - null No credential found
22:59:14.762 [main] INFO  c.a.n.c.c.i.LocalConfigInfoProcessor - [<clinit>,63] - LOCAL_SNAPSHOT_PATH:C:\Users\45\nacos\config
22:59:14.766 [main] INFO  c.a.n.c.r.client - [lambda$createClient$0,108] - [RpcClientFactory] create a new rpc client of 46c028c6-62e6-42d7-9f1d-75ea2cf7be9a_config-0
22:59:14.779 [main] INFO  c.a.n.c.r.client - [printIfInfoEnabled,63] - [46c028c6-62e6-42d7-9f1d-75ea2cf7be9a_config-0] Register server push request handler:com.alibaba.nacos.client.config.impl.ClientWorker$ConfigRpcTransportClient$$Lambda$576/0x000001d53f3161d0
22:59:14.780 [main] INFO  c.a.n.c.r.client - [printIfInfoEnabled,63] - [46c028c6-62e6-42d7-9f1d-75ea2cf7be9a_config-0] Register server push request handler:com.alibaba.nacos.client.config.impl.ClientWorker$ConfigRpcTransportClient$$Lambda$577/0x000001d53f3165f0
22:59:14.780 [main] INFO  c.a.n.c.r.client - [printIfInfoEnabled,63] - [46c028c6-62e6-42d7-9f1d-75ea2cf7be9a_config-0] Registry connection listener to current client:com.alibaba.nacos.client.config.impl.ClientWorker$ConfigRpcTransportClient$1
22:59:14.780 [main] INFO  c.a.n.c.r.client - [printIfInfoEnabled,63] - [46c028c6-62e6-42d7-9f1d-75ea2cf7be9a_config-0] RpcClient init, ServerListFactory = com.alibaba.nacos.client.config.impl.ClientWorker$ConfigRpcTransportClient$2
22:59:14.787 [main] INFO  c.a.n.c.r.client - [printIfInfoEnabled,63] - [46c028c6-62e6-42d7-9f1d-75ea2cf7be9a_config-0] Try to connect to server on start up, server: {serverIp = 'localhost', server main port = 8848}
22:59:14.812 [main] INFO  c.a.n.c.r.c.g.GrpcClient - [createNewManagedChannel,182] - grpc client connection server:localhost ip,serverPort:9848,grpcTslConfig:{"sslProvider":"OPENSSL","enableTls":false,"mutualAuthEnable":false,"trustAll":false}
22:59:15.547 [main] INFO  c.a.n.c.r.client - [printIfInfoEnabled,63] - [46c028c6-62e6-42d7-9f1d-75ea2cf7be9a_config-0] Success to connect to server [localhost:8848] on start up, connectionId = 1777474755372_172.17.0.1_59322
22:59:15.547 [com.alibaba.nacos.client.remote.worker] INFO  c.a.n.c.r.client - [printIfInfoEnabled,63] - [46c028c6-62e6-42d7-9f1d-75ea2cf7be9a_config-0] Notify connected event to listeners.
22:59:15.547 [com.alibaba.nacos.client.remote.worker] INFO  c.a.n.c.c.i.ClientWorker - [onConnected,639] - [46c028c6-62e6-42d7-9f1d-75ea2cf7be9a_config-0] Connected,notify listen context...
22:59:15.547 [main] INFO  c.a.n.c.r.client - [printIfInfoEnabled,63] - [46c028c6-62e6-42d7-9f1d-75ea2cf7be9a_config-0] Register server push request handler:com.alibaba.nacos.common.remote.client.RpcClient$ConnectResetRequestHandler
22:59:15.549 [main] INFO  c.a.n.c.r.client - [printIfInfoEnabled,63] - [46c028c6-62e6-42d7-9f1d-75ea2cf7be9a_config-0] Register server push request handler:com.alibaba.nacos.common.remote.client.RpcClient$$Lambda$597/0x000001d53f47d1a0
22:59:15.576 [main] INFO  c.a.n.c.c.i.Limiter - [<clinit>,62] - limitTime:5.0
22:59:15.605 [main] INFO  c.a.n.c.c.u.JvmUtil - [<clinit>,54] - isMultiInstance:false
22:59:15.610 [main] INFO  o.s.c.b.c.PropertySourceBootstrapConfiguration - [initialize,108] - Located property source: [BootstrapPropertySource {name='bootstrapProperties-oj-system-local.yaml,DEFAULT_GROUP'}, BootstrapPropertySource {name='bootstrapProperties-oj-system.yaml,DEFAULT_GROUP'}, BootstrapPropertySource {name='bootstrapProperties-oj-system,DEFAULT_GROUP'}]
22:59:15.614 [main] INFO  c.b.s.OjSystemApplication - [logStartupProfileInfo,636] - The following 1 profile is active: "local"
22:59:16.047 [main] INFO  o.s.d.r.c.RepositoryConfigurationDelegate - [multipleStoresDetected,294] - Multiple Spring Data modules found, entering strict repository configuration mode
22:59:16.049 [main] INFO  o.s.d.r.c.RepositoryConfigurationDelegate - [registerRepositoriesIn,138] - Bootstrapping Spring Data Redis repositories in DEFAULT mode.
22:59:16.065 [main] INFO  o.s.d.r.c.RepositoryConfigurationDelegate - [registerRepositoriesIn,208] - Finished Spring Data repository scanning in 6 ms. Found 0 Redis repository interfaces.
22:59:16.197 [main] INFO  o.s.c.c.s.GenericScope - [setSerializationId,282] - BeanFactory id=ac0d0fca-1652-3272-ada0-a0bec651632a
22:59:16.449 [main] INFO  o.s.b.w.e.t.TomcatWebServer - [initialize,108] - Tomcat initialized with port(s): 9201 (http)
22:59:16.455 [main] INFO  o.a.c.h.Http11NioProtocol - [log,173] - Initializing ProtocolHandler ["http-nio-9201"]
22:59:16.455 [main] INFO  o.a.c.c.StandardService - [log,173] - Starting service [Tomcat]
22:59:16.456 [main] INFO  o.a.c.c.StandardEngine - [log,173] - Starting Servlet engine: [Apache Tomcat/10.1.4]
22:59:16.516 [main] INFO  o.a.c.c.C.[.[.[/] - [log,173] - Initializing Spring embedded WebApplicationContext
22:59:16.517 [main] INFO  o.s.b.w.s.c.ServletWebServerApplicationContext - [prepareWebApplicationContext,291] - Root WebApplicationContext: initialization completed in 889 ms
22:59:17.639 [main] INFO  o.a.c.h.Http11NioProtocol - [log,173] - Starting ProtocolHandler ["http-nio-9201"]
22:59:17.648 [main] INFO  o.s.b.w.e.t.TomcatWebServer - [start,220] - Tomcat started on port(s): 9201 (http) with context path ''
22:59:17.651 [main] INFO  c.a.n.client.naming - [initNamespaceForNaming,62] - initializer namespace from ans.namespace attribute : null
22:59:17.652 [main] INFO  c.a.n.client.naming - [lambda$initNamespaceForNaming$0,66] - initializer namespace from ALIBABA_ALIWARE_NAMESPACE attribute :null
22:59:17.652 [main] INFO  c.a.n.client.naming - [lambda$initNamespaceForNaming$1,73] - initializer namespace from namespace attribute :null
22:59:17.659 [main] INFO  c.a.n.p.a.s.c.ClientAuthPluginManager - [init,56] - [ClientAuthPluginManager] Load ClientAuthService com.alibaba.nacos.client.auth.impl.NacosClientAuthServiceImpl success.
22:59:17.659 [main] INFO  c.a.n.p.a.s.c.ClientAuthPluginManager - [init,56] - [ClientAuthPluginManager] Load ClientAuthService com.alibaba.nacos.client.auth.ram.RamClientAuthServiceImpl success.
22:59:17.662 [main] INFO  c.a.n.c.r.client - [lambda$createClient$0,108] - [RpcClientFactory] create a new rpc client of 023aa10a-ab00-4f3f-aec8-9d6b85f18dec
22:59:17.664 [main] INFO  c.a.n.c.r.client - [printIfInfoEnabled,63] - [023aa10a-ab00-4f3f-aec8-9d6b85f18dec] RpcClient init, ServerListFactory = com.alibaba.nacos.client.naming.core.ServerListManager
22:59:17.664 [main] INFO  c.a.n.c.r.client - [printIfInfoEnabled,63] - [023aa10a-ab00-4f3f-aec8-9d6b85f18dec] Registry connection listener to current client:com.alibaba.nacos.client.naming.remote.gprc.redo.NamingGrpcRedoService
22:59:17.664 [main] INFO  c.a.n.c.r.client - [printIfInfoEnabled,63] - [023aa10a-ab00-4f3f-aec8-9d6b85f18dec] Register server push request handler:com.alibaba.nacos.client.naming.remote.gprc.NamingPushRequestHandler
22:59:17.664 [main] INFO  c.a.n.c.r.client - [printIfInfoEnabled,63] - [023aa10a-ab00-4f3f-aec8-9d6b85f18dec] Try to connect to server on start up, server: {serverIp = 'localhost', server main port = 8848}
22:59:17.664 [main] INFO  c.a.n.c.r.c.g.GrpcClient - [createNewManagedChannel,182] - grpc client connection server:localhost ip,serverPort:9848,grpcTslConfig:{"sslProvider":"OPENSSL","enableTls":false,"mutualAuthEnable":false,"trustAll":false}
22:59:17.789 [main] INFO  c.a.n.c.r.client - [printIfInfoEnabled,63] - [023aa10a-ab00-4f3f-aec8-9d6b85f18dec] Success to connect to server [localhost:8848] on start up, connectionId = 1777474757671_172.17.0.1_59328
22:59:17.789 [com.alibaba.nacos.client.remote.worker] INFO  c.a.n.c.r.client - [printIfInfoEnabled,63] - [023aa10a-ab00-4f3f-aec8-9d6b85f18dec] Notify connected event to listeners.
22:59:17.790 [com.alibaba.nacos.client.remote.worker] INFO  c.a.n.client.naming - [onConnected,78] - Grpc connection connect
22:59:17.789 [main] INFO  c.a.n.c.r.client - [printIfInfoEnabled,63] - [023aa10a-ab00-4f3f-aec8-9d6b85f18dec] Register server push request handler:com.alibaba.nacos.common.remote.client.RpcClient$ConnectResetRequestHandler
22:59:17.790 [main] INFO  c.a.n.c.r.client - [printIfInfoEnabled,63] - [023aa10a-ab00-4f3f-aec8-9d6b85f18dec] Register server push request handler:com.alibaba.nacos.common.remote.client.RpcClient$$Lambda$597/0x000001d53f47d1a0
22:59:17.791 [main] INFO  c.a.n.client.naming - [registerService,121] - [REGISTER-SERVICE] 1b411097-df3c-4cac-a649-ba6b6b22fcd4 registering service oj-system with instance Instance{instanceId='null', ip='172.20.10.6', port=9201, weight=1.0, healthy=true, enabled=true, ephemeral=true, clusterName='DEFAULT', serviceName='null', metadata={IPv6=[2409:897a:3d80:97a3:543:892d:f811:3246], preserved.register.source=SPRING_CLOUD}}
22:59:17.806 [main] INFO  c.a.c.n.r.NacosServiceRegistry - [register,76] - nacos registry, DEFAULT_GROUP oj-system 172.20.10.6:9201 register finished
22:59:17.961 [main] INFO  c.b.s.OjSystemApplication - [logStarted,57] - Started OjSystemApplication in 4.078 seconds (process running for 4.691)
22:59:17.964 [main] INFO  c.a.n.c.c.i.CacheData - [<clinit>,67] - nacos.cache.data.init.snapshot = true 
22:59:17.965 [main] INFO  c.a.n.c.c.i.ClientWorker - [addCacheDataIfAbsent,380] - [fixed-1b411097-df3c-4cac-a649-ba6b6b22fcd4-localhost_8848] [subscribe] oj-system-local.yaml+DEFAULT_GROUP+1b411097-df3c-4cac-a649-ba6b6b22fcd4
22:59:17.971 [main] INFO  c.a.n.c.c.i.CacheData - [addListener,197] - [fixed-1b411097-df3c-4cac-a649-ba6b6b22fcd4-localhost_8848] [add-listener] ok, tenant=1b411097-df3c-4cac-a649-ba6b6b22fcd4, dataId=oj-system-local.yaml, group=DEFAULT_GROUP, cnt=1
22:59:17.971 [main] INFO  c.a.c.n.r.NacosContextRefresher - [registerNacosListener,129] - [Nacos Config] Listening config: dataId=oj-system-local.yaml, group=DEFAULT_GROUP
22:59:17.971 [main] INFO  c.a.n.c.c.i.ClientWorker - [addCacheDataIfAbsent,380] - [fixed-1b411097-df3c-4cac-a649-ba6b6b22fcd4-localhost_8848] [subscribe] oj-system+DEFAULT_GROUP+1b411097-df3c-4cac-a649-ba6b6b22fcd4
22:59:17.972 [main] INFO  c.a.n.c.c.i.CacheData - [addListener,197] - [fixed-1b411097-df3c-4cac-a649-ba6b6b22fcd4-localhost_8848] [add-listener] ok, tenant=1b411097-df3c-4cac-a649-ba6b6b22fcd4, dataId=oj-system, group=DEFAULT_GROUP, cnt=1
22:59:17.972 [main] INFO  c.a.c.n.r.NacosContextRefresher - [registerNacosListener,129] - [Nacos Config] Listening config: dataId=oj-system, group=DEFAULT_GROUP
22:59:17.972 [main] INFO  c.a.n.c.c.i.ClientWorker - [addCacheDataIfAbsent,380] - [fixed-1b411097-df3c-4cac-a649-ba6b6b22fcd4-localhost_8848] [subscribe] oj-system.yaml+DEFAULT_GROUP+1b411097-df3c-4cac-a649-ba6b6b22fcd4
22:59:17.972 [main] INFO  c.a.n.c.c.i.CacheData - [addListener,197] - [fixed-1b411097-df3c-4cac-a649-ba6b6b22fcd4-localhost_8848] [add-listener] ok, tenant=1b411097-df3c-4cac-a649-ba6b6b22fcd4, dataId=oj-system.yaml, group=DEFAULT_GROUP, cnt=1
22:59:17.972 [main] INFO  c.a.c.n.r.NacosContextRefresher - [registerNacosListener,129] - [Nacos Config] Listening config: dataId=oj-system.yaml, group=DEFAULT_GROUP
22:59:54.843 [SpringApplicationShutdownHook] INFO  c.a.c.n.r.NacosServiceRegistry - [deregister,95] - De-registering from Nacos Server now...
22:59:54.843 [SpringApplicationShutdownHook] INFO  c.a.n.client.naming - [deregisterService,217] - [DEREGISTER-SERVICE] 1b411097-df3c-4cac-a649-ba6b6b22fcd4 deregistering service oj-system with instance: Instance{instanceId='null', ip='172.20.10.6', port=9201, weight=1.0, healthy=true, enabled=true, ephemeral=true, clusterName='DEFAULT', serviceName='null', metadata={}}
22:59:54.848 [SpringApplicationShutdownHook] INFO  c.a.c.n.r.NacosServiceRegistry - [deregister,115] - De-registration finished.
22:59:54.849 [SpringApplicationShutdownHook] INFO  c.a.n.client.naming - [shutdown,256] - com.alibaba.nacos.client.naming.cache.ServiceInfoHolder do shutdown begin
22:59:54.849 [SpringApplicationShutdownHook] INFO  c.a.n.client.naming - [shutdown,136] - com.alibaba.nacos.client.naming.backups.FailoverReactor do shutdown begin
22:59:54.849 [SpringApplicationShutdownHook] INFO  c.a.n.client.naming - [shutdown,138] - com.alibaba.nacos.client.naming.backups.FailoverReactor do shutdown stop
22:59:54.849 [SpringApplicationShutdownHook] INFO  c.a.n.client.naming - [shutdown,258] - com.alibaba.nacos.client.naming.cache.ServiceInfoHolder do shutdown stop
22:59:54.849 [SpringApplicationShutdownHook] INFO  c.a.n.client.naming - [shutdown,204] - com.alibaba.nacos.client.naming.remote.NamingClientProxyDelegate do shutdown begin
22:59:54.849 [SpringApplicationShutdownHook] INFO  c.a.n.client.naming - [shutdown,143] - com.alibaba.nacos.client.naming.core.ServiceInfoUpdateService do shutdown begin
22:59:54.849 [SpringApplicationShutdownHook] INFO  c.a.n.client.naming - [shutdown,145] - com.alibaba.nacos.client.naming.core.ServiceInfoUpdateService do shutdown stop
22:59:54.849 [SpringApplicationShutdownHook] INFO  c.a.n.client.naming - [shutdown,194] - com.alibaba.nacos.client.naming.core.ServerListManager do shutdown begin
22:59:54.850 [SpringApplicationShutdownHook] INFO  c.a.n.client.naming - [shutdown,199] - com.alibaba.nacos.client.naming.core.ServerListManager do shutdown stop
22:59:54.850 [SpringApplicationShutdownHook] INFO  c.a.n.client.naming - [shutdown,484] - com.alibaba.nacos.client.naming.remote.http.NamingHttpClientProxy do shutdown begin
22:59:54.850 [SpringApplicationShutdownHook] INFO  c.a.n.client.naming - [shutdown,486] - com.alibaba.nacos.client.naming.remote.http.NamingHttpClientProxy do shutdown stop
22:59:54.850 [SpringApplicationShutdownHook] INFO  c.a.n.c.r.client - [shutdown,429] - Shutdown rpc client, set status to shutdown
22:59:54.850 [SpringApplicationShutdownHook] INFO  c.a.n.c.r.client - [shutdown,431] - Shutdown client event executor java.util.concurrent.ScheduledThreadPoolExecutor@6fb99f5f[Running, pool size = 2, active threads = 2, queued tasks = 0, completed tasks = 0]
22:59:54.850 [SpringApplicationShutdownHook] INFO  c.a.n.c.r.client - [closeConnection,584] - Close current connection 1777474757671_172.17.0.1_59328
22:59:54.853 [SpringApplicationShutdownHook] INFO  c.a.n.c.r.c.g.GrpcClient - [shutdown,159] - Shutdown grpc executor java.util.concurrent.ThreadPoolExecutor@24ff415[Running, pool size = 4, active threads = 0, queued tasks = 0, completed tasks = 15]
22:59:54.854 [SpringApplicationShutdownHook] INFO  c.a.n.client.naming - [shutdown,318] - Shutdown grpc redo service executor java.util.concurrent.ScheduledThreadPoolExecutor@691cbdad[Running, pool size = 1, active threads = 0, queued tasks = 1, completed tasks = 12]
22:59:54.854 [SpringApplicationShutdownHook] INFO  c.a.n.c.a.r.i.CredentialWatcher - [stop,106] - [null] CredentialWatcher is stopped
22:59:54.854 [SpringApplicationShutdownHook] INFO  c.a.n.c.a.r.i.CredentialService - [free,100] - [null] CredentialService is freed
22:59:54.854 [SpringApplicationShutdownHook] INFO  c.a.n.client.naming - [shutdown,211] - com.alibaba.nacos.client.naming.remote.NamingClientProxyDelegate do shutdown stop
22:59:57.507 [main] INFO  c.a.n.c.u.ParamUtil - [<clinit>,87] - [settings] [req-serv] nacos-server port:8848
22:59:57.507 [main] INFO  c.a.n.c.u.ParamUtil - [<clinit>,98] - [settings] [http-client] connect timeout:1000
22:59:57.508 [main] INFO  c.a.n.c.u.ParamUtil - [<clinit>,105] - PER_TASK_CONFIG_SIZE: 3000.0
22:59:57.528 [main] INFO  c.a.n.p.a.s.c.ClientAuthPluginManager - [init,56] - [ClientAuthPluginManager] Load ClientAuthService com.alibaba.nacos.client.auth.impl.NacosClientAuthServiceImpl success.
22:59:57.528 [main] INFO  c.a.n.p.a.s.c.ClientAuthPluginManager - [init,56] - [ClientAuthPluginManager] Load ClientAuthService com.alibaba.nacos.client.auth.ram.RamClientAuthServiceImpl success.
22:59:57.530 [main] INFO  c.a.n.c.a.r.i.CredentialWatcher - [loadCredential,165] - null No credential found
22:59:57.759 [main] INFO  c.a.n.c.c.i.LocalConfigInfoProcessor - [<clinit>,63] - LOCAL_SNAPSHOT_PATH:C:\Users\45\nacos\config
22:59:57.762 [main] INFO  c.a.n.c.r.client - [lambda$createClient$0,108] - [RpcClientFactory] create a new rpc client of d962086b-d522-4313-8687-223d57f19a1a_config-0
22:59:57.777 [main] INFO  c.a.n.c.r.client - [printIfInfoEnabled,63] - [d962086b-d522-4313-8687-223d57f19a1a_config-0] Register server push request handler:com.alibaba.nacos.client.config.impl.ClientWorker$ConfigRpcTransportClient$$Lambda$576/0x000002334c315d10
22:59:57.777 [main] INFO  c.a.n.c.r.client - [printIfInfoEnabled,63] - [d962086b-d522-4313-8687-223d57f19a1a_config-0] Register server push request handler:com.alibaba.nacos.client.config.impl.ClientWorker$ConfigRpcTransportClient$$Lambda$577/0x000002334c316130
22:59:57.777 [main] INFO  c.a.n.c.r.client - [printIfInfoEnabled,63] - [d962086b-d522-4313-8687-223d57f19a1a_config-0] Registry connection listener to current client:com.alibaba.nacos.client.config.impl.ClientWorker$ConfigRpcTransportClient$1
22:59:57.777 [main] INFO  c.a.n.c.r.client - [printIfInfoEnabled,63] - [d962086b-d522-4313-8687-223d57f19a1a_config-0] RpcClient init, ServerListFactory = com.alibaba.nacos.client.config.impl.ClientWorker$ConfigRpcTransportClient$2
22:59:57.784 [main] INFO  c.a.n.c.r.client - [printIfInfoEnabled,63] - [d962086b-d522-4313-8687-223d57f19a1a_config-0] Try to connect to server on start up, server: {serverIp = 'localhost', server main port = 8848}
22:59:57.810 [main] INFO  c.a.n.c.r.c.g.GrpcClient - [createNewManagedChannel,182] - grpc client connection server:localhost ip,serverPort:9848,grpcTslConfig:{"sslProvider":"OPENSSL","enableTls":false,"mutualAuthEnable":false,"trustAll":false}
22:59:58.543 [main] INFO  c.a.n.c.r.client - [printIfInfoEnabled,63] - [d962086b-d522-4313-8687-223d57f19a1a_config-0] Success to connect to server [localhost:8848] on start up, connectionId = 1777474798367_172.17.0.1_32904
22:59:58.545 [com.alibaba.nacos.client.remote.worker] INFO  c.a.n.c.r.client - [printIfInfoEnabled,63] - [d962086b-d522-4313-8687-223d57f19a1a_config-0] Notify connected event to listeners.
22:59:58.546 [com.alibaba.nacos.client.remote.worker] INFO  c.a.n.c.c.i.ClientWorker - [onConnected,639] - [d962086b-d522-4313-8687-223d57f19a1a_config-0] Connected,notify listen context...
22:59:58.546 [main] INFO  c.a.n.c.r.client - [printIfInfoEnabled,63] - [d962086b-d522-4313-8687-223d57f19a1a_config-0] Register server push request handler:com.alibaba.nacos.common.remote.client.RpcClient$ConnectResetRequestHandler
22:59:58.547 [main] INFO  c.a.n.c.r.client - [printIfInfoEnabled,63] - [d962086b-d522-4313-8687-223d57f19a1a_config-0] Register server push request handler:com.alibaba.nacos.common.remote.client.RpcClient$$Lambda$597/0x000002334c47d1a0
22:59:58.573 [main] INFO  c.a.n.c.c.i.Limiter - [<clinit>,62] - limitTime:5.0
22:59:58.594 [main] INFO  c.a.n.c.c.u.JvmUtil - [<clinit>,54] - isMultiInstance:false
22:59:58.598 [main] INFO  o.s.c.b.c.PropertySourceBootstrapConfiguration - [initialize,108] - Located property source: [BootstrapPropertySource {name='bootstrapProperties-oj-system-local.yaml,DEFAULT_GROUP'}, BootstrapPropertySource {name='bootstrapProperties-oj-system.yaml,DEFAULT_GROUP'}, BootstrapPropertySource {name='bootstrapProperties-oj-system,DEFAULT_GROUP'}]
22:59:58.603 [main] INFO  c.b.s.OjSystemApplication - [logStartupProfileInfo,636] - The following 1 profile is active: "local"
22:59:59.054 [main] INFO  o.s.d.r.c.RepositoryConfigurationDelegate - [multipleStoresDetected,294] - Multiple Spring Data modules found, entering strict repository configuration mode
22:59:59.057 [main] INFO  o.s.d.r.c.RepositoryConfigurationDelegate - [registerRepositoriesIn,138] - Bootstrapping Spring Data Redis repositories in DEFAULT mode.
22:59:59.073 [main] INFO  o.s.d.r.c.RepositoryConfigurationDelegate - [registerRepositoriesIn,208] - Finished Spring Data repository scanning in 6 ms. Found 0 Redis repository interfaces.
22:59:59.203 [main] INFO  o.s.c.c.s.GenericScope - [setSerializationId,282] - BeanFactory id=ac0d0fca-1652-3272-ada0-a0bec651632a
22:59:59.448 [main] INFO  o.s.b.w.e.t.TomcatWebServer - [initialize,108] - Tomcat initialized with port(s): 9201 (http)
22:59:59.454 [main] INFO  o.a.c.h.Http11NioProtocol - [log,173] - Initializing ProtocolHandler ["http-nio-9201"]
22:59:59.455 [main] INFO  o.a.c.c.StandardService - [log,173] - Starting service [Tomcat]
22:59:59.455 [main] INFO  o.a.c.c.StandardEngine - [log,173] - Starting Servlet engine: [Apache Tomcat/10.1.4]
22:59:59.518 [main] INFO  o.a.c.c.C.[.[.[/] - [log,173] - Initializing Spring embedded WebApplicationContext
22:59:59.519 [main] INFO  o.s.b.w.s.c.ServletWebServerApplicationContext - [prepareWebApplicationContext,291] - Root WebApplicationContext: initialization completed in 903 ms
23:00:00.639 [main] INFO  o.a.c.h.Http11NioProtocol - [log,173] - Starting ProtocolHandler ["http-nio-9201"]
23:00:00.647 [main] INFO  o.s.b.w.e.t.TomcatWebServer - [start,220] - Tomcat started on port(s): 9201 (http) with context path ''
23:00:00.650 [main] INFO  c.a.n.client.naming - [initNamespaceForNaming,62] - initializer namespace from ans.namespace attribute : null
23:00:00.651 [main] INFO  c.a.n.client.naming - [lambda$initNamespaceForNaming$0,66] - initializer namespace from ALIBABA_ALIWARE_NAMESPACE attribute :null
23:00:00.651 [main] INFO  c.a.n.client.naming - [lambda$initNamespaceForNaming$1,73] - initializer namespace from namespace attribute :null
23:00:00.657 [main] INFO  c.a.n.p.a.s.c.ClientAuthPluginManager - [init,56] - [ClientAuthPluginManager] Load ClientAuthService com.alibaba.nacos.client.auth.impl.NacosClientAuthServiceImpl success.
23:00:00.657 [main] INFO  c.a.n.p.a.s.c.ClientAuthPluginManager - [init,56] - [ClientAuthPluginManager] Load ClientAuthService com.alibaba.nacos.client.auth.ram.RamClientAuthServiceImpl success.
23:00:00.661 [main] INFO  c.a.n.c.r.client - [lambda$createClient$0,108] - [RpcClientFactory] create a new rpc client of bc7bbf71-624f-4027-8564-d7e6567697ff
23:00:00.662 [main] INFO  c.a.n.c.r.client - [printIfInfoEnabled,63] - [bc7bbf71-624f-4027-8564-d7e6567697ff] RpcClient init, ServerListFactory = com.alibaba.nacos.client.naming.core.ServerListManager
23:00:00.663 [main] INFO  c.a.n.c.r.client - [printIfInfoEnabled,63] - [bc7bbf71-624f-4027-8564-d7e6567697ff] Registry connection listener to current client:com.alibaba.nacos.client.naming.remote.gprc.redo.NamingGrpcRedoService
23:00:00.663 [main] INFO  c.a.n.c.r.client - [printIfInfoEnabled,63] - [bc7bbf71-624f-4027-8564-d7e6567697ff] Register server push request handler:com.alibaba.nacos.client.naming.remote.gprc.NamingPushRequestHandler
23:00:00.663 [main] INFO  c.a.n.c.r.client - [printIfInfoEnabled,63] - [bc7bbf71-624f-4027-8564-d7e6567697ff] Try to connect to server on start up, server: {serverIp = 'localhost', server main port = 8848}
23:00:00.663 [main] INFO  c.a.n.c.r.c.g.GrpcClient - [createNewManagedChannel,182] - grpc client connection server:localhost ip,serverPort:9848,grpcTslConfig:{"sslProvider":"OPENSSL","enableTls":false,"mutualAuthEnable":false,"trustAll":false}
23:00:00.780 [main] INFO  c.a.n.c.r.client - [printIfInfoEnabled,63] - [bc7bbf71-624f-4027-8564-d7e6567697ff] Success to connect to server [localhost:8848] on start up, connectionId = 1777474800670_172.17.0.1_58532
23:00:00.781 [main] INFO  c.a.n.c.r.client - [printIfInfoEnabled,63] - [bc7bbf71-624f-4027-8564-d7e6567697ff] Register server push request handler:com.alibaba.nacos.common.remote.client.RpcClient$ConnectResetRequestHandler
23:00:00.781 [main] INFO  c.a.n.c.r.client - [printIfInfoEnabled,63] - [bc7bbf71-624f-4027-8564-d7e6567697ff] Register server push request handler:com.alibaba.nacos.common.remote.client.RpcClient$$Lambda$597/0x000002334c47d1a0
23:00:00.781 [com.alibaba.nacos.client.remote.worker] INFO  c.a.n.c.r.client - [printIfInfoEnabled,63] - [bc7bbf71-624f-4027-8564-d7e6567697ff] Notify connected event to listeners.
23:00:00.781 [com.alibaba.nacos.client.remote.worker] INFO  c.a.n.client.naming - [onConnected,78] - Grpc connection connect
23:00:00.783 [main] INFO  c.a.n.client.naming - [registerService,121] - [REGISTER-SERVICE] 1b411097-df3c-4cac-a649-ba6b6b22fcd4 registering service oj-system with instance Instance{instanceId='null', ip='172.20.10.6', port=9201, weight=1.0, healthy=true, enabled=true, ephemeral=true, clusterName='DEFAULT', serviceName='null', metadata={IPv6=[2409:897a:3d80:97a3:543:892d:f811:3246], preserved.register.source=SPRING_CLOUD}}
23:00:00.796 [main] INFO  c.a.c.n.r.NacosServiceRegistry - [register,76] - nacos registry, DEFAULT_GROUP oj-system 172.20.10.6:9201 register finished
23:00:00.949 [main] INFO  c.b.s.OjSystemApplication - [logStarted,57] - Started OjSystemApplication in 4.05 seconds (process running for 4.659)
23:00:00.951 [main] INFO  c.a.n.c.c.i.CacheData - [<clinit>,67] - nacos.cache.data.init.snapshot = true 
23:00:00.953 [main] INFO  c.a.n.c.c.i.ClientWorker - [addCacheDataIfAbsent,380] - [fixed-1b411097-df3c-4cac-a649-ba6b6b22fcd4-localhost_8848] [subscribe] oj-system-local.yaml+DEFAULT_GROUP+1b411097-df3c-4cac-a649-ba6b6b22fcd4
23:00:00.958 [main] INFO  c.a.n.c.c.i.CacheData - [addListener,197] - [fixed-1b411097-df3c-4cac-a649-ba6b6b22fcd4-localhost_8848] [add-listener] ok, tenant=1b411097-df3c-4cac-a649-ba6b6b22fcd4, dataId=oj-system-local.yaml, group=DEFAULT_GROUP, cnt=1
23:00:00.958 [main] INFO  c.a.c.n.r.NacosContextRefresher - [registerNacosListener,129] - [Nacos Config] Listening config: dataId=oj-system-local.yaml, group=DEFAULT_GROUP
23:00:00.958 [main] INFO  c.a.n.c.c.i.ClientWorker - [addCacheDataIfAbsent,380] - [fixed-1b411097-df3c-4cac-a649-ba6b6b22fcd4-localhost_8848] [subscribe] oj-system+DEFAULT_GROUP+1b411097-df3c-4cac-a649-ba6b6b22fcd4
23:00:00.959 [main] INFO  c.a.n.c.c.i.CacheData - [addListener,197] - [fixed-1b411097-df3c-4cac-a649-ba6b6b22fcd4-localhost_8848] [add-listener] ok, tenant=1b411097-df3c-4cac-a649-ba6b6b22fcd4, dataId=oj-system, group=DEFAULT_GROUP, cnt=1
23:00:00.959 [main] INFO  c.a.c.n.r.NacosContextRefresher - [registerNacosListener,129] - [Nacos Config] Listening config: dataId=oj-system, group=DEFAULT_GROUP
23:00:00.960 [main] INFO  c.a.n.c.c.i.ClientWorker - [addCacheDataIfAbsent,380] - [fixed-1b411097-df3c-4cac-a649-ba6b6b22fcd4-localhost_8848] [subscribe] oj-system.yaml+DEFAULT_GROUP+1b411097-df3c-4cac-a649-ba6b6b22fcd4
23:00:00.960 [main] INFO  c.a.n.c.c.i.CacheData - [addListener,197] - [fixed-1b411097-df3c-4cac-a649-ba6b6b22fcd4-localhost_8848] [add-listener] ok, tenant=1b411097-df3c-4cac-a649-ba6b6b22fcd4, dataId=oj-system.yaml, group=DEFAULT_GROUP, cnt=1
23:00:00.960 [main] INFO  c.a.c.n.r.NacosContextRefresher - [registerNacosListener,129] - [Nacos Config] Listening config: dataId=oj-system.yaml, group=DEFAULT_GROUP
23:00:48.886 [SpringApplicationShutdownHook] INFO  c.a.c.n.r.NacosServiceRegistry - [deregister,95] - De-registering from Nacos Server now...
23:00:48.887 [SpringApplicationShutdownHook] INFO  c.a.n.client.naming - [deregisterService,217] - [DEREGISTER-SERVICE] 1b411097-df3c-4cac-a649-ba6b6b22fcd4 deregistering service oj-system with instance: Instance{instanceId='null', ip='172.20.10.6', port=9201, weight=1.0, healthy=true, enabled=true, ephemeral=true, clusterName='DEFAULT', serviceName='null', metadata={}}
23:00:48.891 [SpringApplicationShutdownHook] INFO  c.a.c.n.r.NacosServiceRegistry - [deregister,115] - De-registration finished.
23:00:48.891 [SpringApplicationShutdownHook] INFO  c.a.n.client.naming - [shutdown,256] - com.alibaba.nacos.client.naming.cache.ServiceInfoHolder do shutdown begin
23:00:48.892 [SpringApplicationShutdownHook] INFO  c.a.n.client.naming - [shutdown,136] - com.alibaba.nacos.client.naming.backups.FailoverReactor do shutdown begin
23:00:48.892 [SpringApplicationShutdownHook] INFO  c.a.n.client.naming - [shutdown,138] - com.alibaba.nacos.client.naming.backups.FailoverReactor do shutdown stop
23:00:48.892 [SpringApplicationShutdownHook] INFO  c.a.n.client.naming - [shutdown,258] - com.alibaba.nacos.client.naming.cache.ServiceInfoHolder do shutdown stop
23:00:48.892 [SpringApplicationShutdownHook] INFO  c.a.n.client.naming - [shutdown,204] - com.alibaba.nacos.client.naming.remote.NamingClientProxyDelegate do shutdown begin
23:00:48.892 [SpringApplicationShutdownHook] INFO  c.a.n.client.naming - [shutdown,143] - com.alibaba.nacos.client.naming.core.ServiceInfoUpdateService do shutdown begin
23:00:48.892 [SpringApplicationShutdownHook] INFO  c.a.n.client.naming - [shutdown,145] - com.alibaba.nacos.client.naming.core.ServiceInfoUpdateService do shutdown stop
23:00:48.892 [SpringApplicationShutdownHook] INFO  c.a.n.client.naming - [shutdown,194] - com.alibaba.nacos.client.naming.core.ServerListManager do shutdown begin
23:00:48.892 [SpringApplicationShutdownHook] INFO  c.a.n.client.naming - [shutdown,199] - com.alibaba.nacos.client.naming.core.ServerListManager do shutdown stop
23:00:48.893 [SpringApplicationShutdownHook] INFO  c.a.n.client.naming - [shutdown,484] - com.alibaba.nacos.client.naming.remote.http.NamingHttpClientProxy do shutdown begin
23:00:48.893 [SpringApplicationShutdownHook] INFO  c.a.n.client.naming - [shutdown,486] - com.alibaba.nacos.client.naming.remote.http.NamingHttpClientProxy do shutdown stop
23:00:48.893 [SpringApplicationShutdownHook] INFO  c.a.n.c.r.client - [shutdown,429] - Shutdown rpc client, set status to shutdown
23:00:48.893 [SpringApplicationShutdownHook] INFO  c.a.n.c.r.client - [shutdown,431] - Shutdown client event executor java.util.concurrent.ScheduledThreadPoolExecutor@7663a8d4[Running, pool size = 2, active threads = 2, queued tasks = 0, completed tasks = 0]
23:00:48.893 [SpringApplicationShutdownHook] INFO  c.a.n.c.r.client - [closeConnection,584] - Close current connection 1777474800670_172.17.0.1_58532
23:00:48.895 [nacos-grpc-client-executor-localhost-16] INFO  c.a.n.c.r.c.g.GrpcClient - [printIfInfoEnabled,63] - [1777474800670_172.17.0.1_58532]Ignore complete event,isRunning:false,isAbandon=false
23:00:48.897 [SpringApplicationShutdownHook] INFO  c.a.n.c.r.c.g.GrpcClient - [shutdown,159] - Shutdown grpc executor java.util.concurrent.ThreadPoolExecutor@7fa661ca[Running, pool size = 4, active threads = 0, queued tasks = 0, completed tasks = 17]
23:00:48.897 [SpringApplicationShutdownHook] INFO  c.a.n.client.naming - [shutdown,318] - Shutdown grpc redo service executor java.util.concurrent.ScheduledThreadPoolExecutor@6e432532[Running, pool size = 1, active threads = 0, queued tasks = 1, completed tasks = 16]
23:00:48.897 [SpringApplicationShutdownHook] INFO  c.a.n.c.a.r.i.CredentialWatcher - [stop,106] - [null] CredentialWatcher is stopped
23:00:48.897 [SpringApplicationShutdownHook] INFO  c.a.n.c.a.r.i.CredentialService - [free,100] - [null] CredentialService is freed
23:00:48.898 [SpringApplicationShutdownHook] INFO  c.a.n.client.naming - [shutdown,211] - com.alibaba.nacos.client.naming.remote.NamingClientProxyDelegate do shutdown stop
23:00:51.617 [main] INFO  c.a.n.c.u.ParamUtil - [<clinit>,87] - [settings] [req-serv] nacos-server port:8848
23:00:51.617 [main] INFO  c.a.n.c.u.ParamUtil - [<clinit>,98] - [settings] [http-client] connect timeout:1000
23:00:51.618 [main] INFO  c.a.n.c.u.ParamUtil - [<clinit>,105] - PER_TASK_CONFIG_SIZE: 3000.0
23:00:51.636 [main] INFO  c.a.n.p.a.s.c.ClientAuthPluginManager - [init,56] - [ClientAuthPluginManager] Load ClientAuthService com.alibaba.nacos.client.auth.impl.NacosClientAuthServiceImpl success.
23:00:51.636 [main] INFO  c.a.n.p.a.s.c.ClientAuthPluginManager - [init,56] - [ClientAuthPluginManager] Load ClientAuthService com.alibaba.nacos.client.auth.ram.RamClientAuthServiceImpl success.
23:00:51.639 [main] INFO  c.a.n.c.a.r.i.CredentialWatcher - [loadCredential,165] - null No credential found
23:00:51.870 [main] INFO  c.a.n.c.c.i.LocalConfigInfoProcessor - [<clinit>,63] - LOCAL_SNAPSHOT_PATH:C:\Users\45\nacos\config
23:00:51.874 [main] INFO  c.a.n.c.r.client - [lambda$createClient$0,108] - [RpcClientFactory] create a new rpc client of 8026f45a-b3ee-4d7e-8af4-dd81e85cde9f_config-0
23:00:51.888 [main] INFO  c.a.n.c.r.client - [printIfInfoEnabled,63] - [8026f45a-b3ee-4d7e-8af4-dd81e85cde9f_config-0] Register server push request handler:com.alibaba.nacos.client.config.impl.ClientWorker$ConfigRpcTransportClient$$Lambda$576/0x00000225c8314590
23:00:51.888 [main] INFO  c.a.n.c.r.client - [printIfInfoEnabled,63] - [8026f45a-b3ee-4d7e-8af4-dd81e85cde9f_config-0] Register server push request handler:com.alibaba.nacos.client.config.impl.ClientWorker$ConfigRpcTransportClient$$Lambda$577/0x00000225c83149b0
23:00:51.889 [main] INFO  c.a.n.c.r.client - [printIfInfoEnabled,63] - [8026f45a-b3ee-4d7e-8af4-dd81e85cde9f_config-0] Registry connection listener to current client:com.alibaba.nacos.client.config.impl.ClientWorker$ConfigRpcTransportClient$1
23:00:51.889 [main] INFO  c.a.n.c.r.client - [printIfInfoEnabled,63] - [8026f45a-b3ee-4d7e-8af4-dd81e85cde9f_config-0] RpcClient init, ServerListFactory = com.alibaba.nacos.client.config.impl.ClientWorker$ConfigRpcTransportClient$2
23:00:51.896 [main] INFO  c.a.n.c.r.client - [printIfInfoEnabled,63] - [8026f45a-b3ee-4d7e-8af4-dd81e85cde9f_config-0] Try to connect to server on start up, server: {serverIp = 'localhost', server main port = 8848}
23:00:51.952 [main] INFO  c.a.n.c.r.c.g.GrpcClient - [createNewManagedChannel,182] - grpc client connection server:localhost ip,serverPort:9848,grpcTslConfig:{"sslProvider":"OPENSSL","enableTls":false,"mutualAuthEnable":false,"trustAll":false}
23:00:52.676 [main] INFO  c.a.n.c.r.client - [printIfInfoEnabled,63] - [8026f45a-b3ee-4d7e-8af4-dd81e85cde9f_config-0] Success to connect to server [localhost:8848] on start up, connectionId = 1777474852494_172.17.0.1_48156
23:00:52.677 [com.alibaba.nacos.client.remote.worker] INFO  c.a.n.c.r.client - [printIfInfoEnabled,63] - [8026f45a-b3ee-4d7e-8af4-dd81e85cde9f_config-0] Notify connected event to listeners.
23:00:52.677 [com.alibaba.nacos.client.remote.worker] INFO  c.a.n.c.c.i.ClientWorker - [onConnected,639] - [8026f45a-b3ee-4d7e-8af4-dd81e85cde9f_config-0] Connected,notify listen context...
23:00:52.677 [main] INFO  c.a.n.c.r.client - [printIfInfoEnabled,63] - [8026f45a-b3ee-4d7e-8af4-dd81e85cde9f_config-0] Register server push request handler:com.alibaba.nacos.common.remote.client.RpcClient$ConnectResetRequestHandler
23:00:52.678 [main] INFO  c.a.n.c.r.client - [printIfInfoEnabled,63] - [8026f45a-b3ee-4d7e-8af4-dd81e85cde9f_config-0] Register server push request handler:com.alibaba.nacos.common.remote.client.RpcClient$$Lambda$597/0x00000225c847bc38
23:00:52.706 [main] INFO  c.a.n.c.c.i.Limiter - [<clinit>,62] - limitTime:5.0
23:00:52.730 [main] INFO  c.a.n.c.c.u.JvmUtil - [<clinit>,54] - isMultiInstance:false
23:00:52.735 [main] INFO  o.s.c.b.c.PropertySourceBootstrapConfiguration - [initialize,108] - Located property source: [BootstrapPropertySource {name='bootstrapProperties-oj-system-local.yaml,DEFAULT_GROUP'}, BootstrapPropertySource {name='bootstrapProperties-oj-system.yaml,DEFAULT_GROUP'}, BootstrapPropertySource {name='bootstrapProperties-oj-system,DEFAULT_GROUP'}]
23:00:52.739 [main] INFO  c.b.s.OjSystemApplication - [logStartupProfileInfo,636] - The following 1 profile is active: "local"
23:00:53.159 [main] INFO  o.s.d.r.c.RepositoryConfigurationDelegate - [multipleStoresDetected,294] - Multiple Spring Data modules found, entering strict repository configuration mode
23:00:53.161 [main] INFO  o.s.d.r.c.RepositoryConfigurationDelegate - [registerRepositoriesIn,138] - Bootstrapping Spring Data Redis repositories in DEFAULT mode.
23:00:53.177 [main] INFO  o.s.d.r.c.RepositoryConfigurationDelegate - [registerRepositoriesIn,208] - Finished Spring Data repository scanning in 6 ms. Found 0 Redis repository interfaces.
23:00:53.305 [main] INFO  o.s.c.c.s.GenericScope - [setSerializationId,282] - BeanFactory id=ac0d0fca-1652-3272-ada0-a0bec651632a
23:00:53.554 [main] INFO  o.s.b.w.e.t.TomcatWebServer - [initialize,108] - Tomcat initialized with port(s): 9201 (http)
23:00:53.561 [main] INFO  o.a.c.h.Http11NioProtocol - [log,173] - Initializing ProtocolHandler ["http-nio-9201"]
23:00:53.562 [main] INFO  o.a.c.c.StandardService - [log,173] - Starting service [Tomcat]
23:00:53.562 [main] INFO  o.a.c.c.StandardEngine - [log,173] - Starting Servlet engine: [Apache Tomcat/10.1.4]
23:00:53.621 [main] INFO  o.a.c.c.C.[.[.[/] - [log,173] - Initializing Spring embedded WebApplicationContext
23:00:53.622 [main] INFO  o.s.b.w.s.c.ServletWebServerApplicationContext - [prepareWebApplicationContext,291] - Root WebApplicationContext: initialization completed in 869 ms
23:00:54.734 [main] INFO  o.a.c.h.Http11NioProtocol - [log,173] - Starting ProtocolHandler ["http-nio-9201"]
23:00:54.742 [main] INFO  o.s.b.w.e.t.TomcatWebServer - [start,220] - Tomcat started on port(s): 9201 (http) with context path ''
23:00:54.747 [main] INFO  c.a.n.client.naming - [initNamespaceForNaming,62] - initializer namespace from ans.namespace attribute : null
23:00:54.747 [main] INFO  c.a.n.client.naming - [lambda$initNamespaceForNaming$0,66] - initializer namespace from ALIBABA_ALIWARE_NAMESPACE attribute :null
23:00:54.747 [main] INFO  c.a.n.client.naming - [lambda$initNamespaceForNaming$1,73] - initializer namespace from namespace attribute :null
23:00:54.754 [main] INFO  c.a.n.p.a.s.c.ClientAuthPluginManager - [init,56] - [ClientAuthPluginManager] Load ClientAuthService com.alibaba.nacos.client.auth.impl.NacosClientAuthServiceImpl success.
23:00:54.754 [main] INFO  c.a.n.p.a.s.c.ClientAuthPluginManager - [init,56] - [ClientAuthPluginManager] Load ClientAuthService com.alibaba.nacos.client.auth.ram.RamClientAuthServiceImpl success.
23:00:54.757 [main] INFO  c.a.n.c.r.client - [lambda$createClient$0,108] - [RpcClientFactory] create a new rpc client of 4060f625-4cef-402f-b3c6-974d0211e57d
23:00:54.758 [main] INFO  c.a.n.c.r.client - [printIfInfoEnabled,63] - [4060f625-4cef-402f-b3c6-974d0211e57d] RpcClient init, ServerListFactory = com.alibaba.nacos.client.naming.core.ServerListManager
23:00:54.758 [main] INFO  c.a.n.c.r.client - [printIfInfoEnabled,63] - [4060f625-4cef-402f-b3c6-974d0211e57d] Registry connection listener to current client:com.alibaba.nacos.client.naming.remote.gprc.redo.NamingGrpcRedoService
23:00:54.759 [main] INFO  c.a.n.c.r.client - [printIfInfoEnabled,63] - [4060f625-4cef-402f-b3c6-974d0211e57d] Register server push request handler:com.alibaba.nacos.client.naming.remote.gprc.NamingPushRequestHandler
23:00:54.759 [main] INFO  c.a.n.c.r.client - [printIfInfoEnabled,63] - [4060f625-4cef-402f-b3c6-974d0211e57d] Try to connect to server on start up, server: {serverIp = 'localhost', server main port = 8848}
23:00:54.759 [main] INFO  c.a.n.c.r.c.g.GrpcClient - [createNewManagedChannel,182] - grpc client connection server:localhost ip,serverPort:9848,grpcTslConfig:{"sslProvider":"OPENSSL","enableTls":false,"mutualAuthEnable":false,"trustAll":false}
23:00:54.871 [main] INFO  c.a.n.c.r.client - [printIfInfoEnabled,63] - [4060f625-4cef-402f-b3c6-974d0211e57d] Success to connect to server [localhost:8848] on start up, connectionId = 1777474854765_172.17.0.1_48172
23:00:54.872 [main] INFO  c.a.n.c.r.client - [printIfInfoEnabled,63] - [4060f625-4cef-402f-b3c6-974d0211e57d] Register server push request handler:com.alibaba.nacos.common.remote.client.RpcClient$ConnectResetRequestHandler
23:00:54.872 [com.alibaba.nacos.client.remote.worker] INFO  c.a.n.c.r.client - [printIfInfoEnabled,63] - [4060f625-4cef-402f-b3c6-974d0211e57d] Notify connected event to listeners.
23:00:54.873 [main] INFO  c.a.n.c.r.client - [printIfInfoEnabled,63] - [4060f625-4cef-402f-b3c6-974d0211e57d] Register server push request handler:com.alibaba.nacos.common.remote.client.RpcClient$$Lambda$597/0x00000225c847bc38
23:00:54.873 [com.alibaba.nacos.client.remote.worker] INFO  c.a.n.client.naming - [onConnected,78] - Grpc connection connect
23:00:54.875 [main] INFO  c.a.n.client.naming - [registerService,121] - [REGISTER-SERVICE] 1b411097-df3c-4cac-a649-ba6b6b22fcd4 registering service oj-system with instance Instance{instanceId='null', ip='172.20.10.6', port=9201, weight=1.0, healthy=true, enabled=true, ephemeral=true, clusterName='DEFAULT', serviceName='null', metadata={IPv6=[2409:897a:3d80:97a3:543:892d:f811:3246], preserved.register.source=SPRING_CLOUD}}
23:00:54.887 [main] INFO  c.a.c.n.r.NacosServiceRegistry - [register,76] - nacos registry, DEFAULT_GROUP oj-system 172.20.10.6:9201 register finished
23:00:55.040 [main] INFO  c.b.s.OjSystemApplication - [logStarted,57] - Started OjSystemApplication in 4.07 seconds (process running for 4.686)
23:00:55.043 [main] INFO  c.a.n.c.c.i.CacheData - [<clinit>,67] - nacos.cache.data.init.snapshot = true 
23:00:55.045 [main] INFO  c.a.n.c.c.i.ClientWorker - [addCacheDataIfAbsent,380] - [fixed-1b411097-df3c-4cac-a649-ba6b6b22fcd4-localhost_8848] [subscribe] oj-system-local.yaml+DEFAULT_GROUP+1b411097-df3c-4cac-a649-ba6b6b22fcd4
23:00:55.051 [main] INFO  c.a.n.c.c.i.CacheData - [addListener,197] - [fixed-1b411097-df3c-4cac-a649-ba6b6b22fcd4-localhost_8848] [add-listener] ok, tenant=1b411097-df3c-4cac-a649-ba6b6b22fcd4, dataId=oj-system-local.yaml, group=DEFAULT_GROUP, cnt=1
23:00:55.051 [main] INFO  c.a.c.n.r.NacosContextRefresher - [registerNacosListener,129] - [Nacos Config] Listening config: dataId=oj-system-local.yaml, group=DEFAULT_GROUP
23:00:55.051 [main] INFO  c.a.n.c.c.i.ClientWorker - [addCacheDataIfAbsent,380] - [fixed-1b411097-df3c-4cac-a649-ba6b6b22fcd4-localhost_8848] [subscribe] oj-system+DEFAULT_GROUP+1b411097-df3c-4cac-a649-ba6b6b22fcd4
23:00:55.051 [main] INFO  c.a.n.c.c.i.CacheData - [addListener,197] - [fixed-1b411097-df3c-4cac-a649-ba6b6b22fcd4-localhost_8848] [add-listener] ok, tenant=1b411097-df3c-4cac-a649-ba6b6b22fcd4, dataId=oj-system, group=DEFAULT_GROUP, cnt=1
23:00:55.051 [main] INFO  c.a.c.n.r.NacosContextRefresher - [registerNacosListener,129] - [Nacos Config] Listening config: dataId=oj-system, group=DEFAULT_GROUP
23:00:55.051 [main] INFO  c.a.n.c.c.i.ClientWorker - [addCacheDataIfAbsent,380] - [fixed-1b411097-df3c-4cac-a649-ba6b6b22fcd4-localhost_8848] [subscribe] oj-system.yaml+DEFAULT_GROUP+1b411097-df3c-4cac-a649-ba6b6b22fcd4
23:00:55.051 [main] INFO  c.a.n.c.c.i.CacheData - [addListener,197] - [fixed-1b411097-df3c-4cac-a649-ba6b6b22fcd4-localhost_8848] [add-listener] ok, tenant=1b411097-df3c-4cac-a649-ba6b6b22fcd4, dataId=oj-system.yaml, group=DEFAULT_GROUP, cnt=1
23:00:55.051 [main] INFO  c.a.c.n.r.NacosContextRefresher - [registerNacosListener,129] - [Nacos Config] Listening config: dataId=oj-system.yaml, group=DEFAULT_GROUP
23:03:34.103 [http-nio-9201-exec-1] INFO  o.a.c.c.C.[.[.[/] - [log,173] - Initializing Spring DispatcherServlet 'dispatcherServlet'
23:03:34.103 [http-nio-9201-exec-1] INFO  o.s.w.s.DispatcherServlet - [initServletBean,532] - Initializing Servlet 'dispatcherServlet'
23:03:34.104 [http-nio-9201-exec-1] INFO  o.s.w.s.DispatcherServlet - [initServletBean,554] - Completed initialization in 1 ms
23:05:21.735 [SpringApplicationShutdownHook] INFO  c.a.c.n.r.NacosServiceRegistry - [deregister,95] - De-registering from Nacos Server now...
23:05:21.735 [SpringApplicationShutdownHook] INFO  c.a.n.client.naming - [deregisterService,217] - [DEREGISTER-SERVICE] 1b411097-df3c-4cac-a649-ba6b6b22fcd4 deregistering service oj-system with instance: Instance{instanceId='null', ip='172.20.10.6', port=9201, weight=1.0, healthy=true, enabled=true, ephemeral=true, clusterName='DEFAULT', serviceName='null', metadata={}}
23:05:21.739 [SpringApplicationShutdownHook] INFO  c.a.c.n.r.NacosServiceRegistry - [deregister,115] - De-registration finished.
23:05:21.740 [SpringApplicationShutdownHook] INFO  c.a.n.client.naming - [shutdown,256] - com.alibaba.nacos.client.naming.cache.ServiceInfoHolder do shutdown begin
23:05:21.740 [SpringApplicationShutdownHook] INFO  c.a.n.client.naming - [shutdown,136] - com.alibaba.nacos.client.naming.backups.FailoverReactor do shutdown begin
23:05:21.740 [SpringApplicationShutdownHook] INFO  c.a.n.client.naming - [shutdown,138] - com.alibaba.nacos.client.naming.backups.FailoverReactor do shutdown stop
23:05:21.740 [SpringApplicationShutdownHook] INFO  c.a.n.client.naming - [shutdown,258] - com.alibaba.nacos.client.naming.cache.ServiceInfoHolder do shutdown stop
23:05:21.740 [SpringApplicationShutdownHook] INFO  c.a.n.client.naming - [shutdown,204] - com.alibaba.nacos.client.naming.remote.NamingClientProxyDelegate do shutdown begin
23:05:21.740 [SpringApplicationShutdownHook] INFO  c.a.n.client.naming - [shutdown,143] - com.alibaba.nacos.client.naming.core.ServiceInfoUpdateService do shutdown begin
23:05:21.740 [SpringApplicationShutdownHook] INFO  c.a.n.client.naming - [shutdown,145] - com.alibaba.nacos.client.naming.core.ServiceInfoUpdateService do shutdown stop
23:05:21.740 [SpringApplicationShutdownHook] INFO  c.a.n.client.naming - [shutdown,194] - com.alibaba.nacos.client.naming.core.ServerListManager do shutdown begin
23:05:21.741 [SpringApplicationShutdownHook] INFO  c.a.n.client.naming - [shutdown,199] - com.alibaba.nacos.client.naming.core.ServerListManager do shutdown stop
23:05:21.741 [SpringApplicationShutdownHook] INFO  c.a.n.client.naming - [shutdown,484] - com.alibaba.nacos.client.naming.remote.http.NamingHttpClientProxy do shutdown begin
23:05:21.741 [SpringApplicationShutdownHook] INFO  c.a.n.client.naming - [shutdown,486] - com.alibaba.nacos.client.naming.remote.http.NamingHttpClientProxy do shutdown stop
23:05:21.741 [SpringApplicationShutdownHook] INFO  c.a.n.c.r.client - [shutdown,429] - Shutdown rpc client, set status to shutdown
23:05:21.741 [SpringApplicationShutdownHook] INFO  c.a.n.c.r.client - [shutdown,431] - Shutdown client event executor java.util.concurrent.ScheduledThreadPoolExecutor@428702d6[Running, pool size = 2, active threads = 2, queued tasks = 0, completed tasks = 0]
23:05:21.741 [SpringApplicationShutdownHook] INFO  c.a.n.c.r.client - [closeConnection,584] - Close current connection 1777474854765_172.17.0.1_48172
23:05:21.744 [nacos-grpc-client-executor-localhost-47] INFO  c.a.n.c.r.c.g.GrpcClient - [printIfInfoEnabled,63] - [1777474854765_172.17.0.1_48172]Ignore complete event,isRunning:false,isAbandon=false
23:05:21.746 [SpringApplicationShutdownHook] INFO  c.a.n.c.r.c.g.GrpcClient - [shutdown,159] - Shutdown grpc executor java.util.concurrent.ThreadPoolExecutor@6fb7143e[Running, pool size = 4, active threads = 0, queued tasks = 0, completed tasks = 48]
23:05:21.746 [SpringApplicationShutdownHook] INFO  c.a.n.client.naming - [shutdown,318] - Shutdown grpc redo service executor java.util.concurrent.ScheduledThreadPoolExecutor@21418847[Running, pool size = 1, active threads = 0, queued tasks = 1, completed tasks = 64]
23:05:21.746 [SpringApplicationShutdownHook] INFO  c.a.n.c.a.r.i.CredentialWatcher - [stop,106] - [null] CredentialWatcher is stopped
23:05:21.746 [SpringApplicationShutdownHook] INFO  c.a.n.c.a.r.i.CredentialService - [free,100] - [null] CredentialService is freed
23:05:21.746 [SpringApplicationShutdownHook] INFO  c.a.n.client.naming - [shutdown,211] - com.alibaba.nacos.client.naming.remote.NamingClientProxyDelegate do shutdown stop
23:07:10.026 [main] INFO  c.a.n.c.u.ParamUtil - [<clinit>,87] - [settings] [req-serv] nacos-server port:8848
23:07:10.026 [main] INFO  c.a.n.c.u.ParamUtil - [<clinit>,98] - [settings] [http-client] connect timeout:1000
23:07:10.027 [main] INFO  c.a.n.c.u.ParamUtil - [<clinit>,105] - PER_TASK_CONFIG_SIZE: 3000.0
23:07:10.046 [main] INFO  c.a.n.p.a.s.c.ClientAuthPluginManager - [init,56] - [ClientAuthPluginManager] Load ClientAuthService com.alibaba.nacos.client.auth.impl.NacosClientAuthServiceImpl success.
23:07:10.046 [main] INFO  c.a.n.p.a.s.c.ClientAuthPluginManager - [init,56] - [ClientAuthPluginManager] Load ClientAuthService com.alibaba.nacos.client.auth.ram.RamClientAuthServiceImpl success.
23:07:10.048 [main] INFO  c.a.n.c.a.r.i.CredentialWatcher - [loadCredential,165] - null No credential found
23:07:10.246 [main] INFO  c.a.n.c.c.i.LocalConfigInfoProcessor - [<clinit>,63] - LOCAL_SNAPSHOT_PATH:C:\Users\45\nacos\config
23:07:10.249 [main] INFO  c.a.n.c.r.client - [lambda$createClient$0,108] - [RpcClientFactory] create a new rpc client of 6666e772-605f-4b08-b7c4-67f225cfd496_config-0
23:07:10.261 [main] INFO  c.a.n.c.r.client - [printIfInfoEnabled,63] - [6666e772-605f-4b08-b7c4-67f225cfd496_config-0] Register server push request handler:com.alibaba.nacos.client.config.impl.ClientWorker$ConfigRpcTransportClient$$Lambda$576/0x000001a783315670
23:07:10.263 [main] INFO  c.a.n.c.r.client - [printIfInfoEnabled,63] - [6666e772-605f-4b08-b7c4-67f225cfd496_config-0] Register server push request handler:com.alibaba.nacos.client.config.impl.ClientWorker$ConfigRpcTransportClient$$Lambda$577/0x000001a783315a90
23:07:10.263 [main] INFO  c.a.n.c.r.client - [printIfInfoEnabled,63] - [6666e772-605f-4b08-b7c4-67f225cfd496_config-0] Registry connection listener to current client:com.alibaba.nacos.client.config.impl.ClientWorker$ConfigRpcTransportClient$1
23:07:10.263 [main] INFO  c.a.n.c.r.client - [printIfInfoEnabled,63] - [6666e772-605f-4b08-b7c4-67f225cfd496_config-0] RpcClient init, ServerListFactory = com.alibaba.nacos.client.config.impl.ClientWorker$ConfigRpcTransportClient$2
23:07:10.269 [main] INFO  c.a.n.c.r.client - [printIfInfoEnabled,63] - [6666e772-605f-4b08-b7c4-67f225cfd496_config-0] Try to connect to server on start up, server: {serverIp = 'localhost', server main port = 8848}
23:07:10.294 [main] INFO  c.a.n.c.r.c.g.GrpcClient - [createNewManagedChannel,182] - grpc client connection server:localhost ip,serverPort:9848,grpcTslConfig:{"sslProvider":"OPENSSL","enableTls":false,"mutualAuthEnable":false,"trustAll":false}
23:07:11.002 [main] INFO  c.a.n.c.r.client - [printIfInfoEnabled,63] - [6666e772-605f-4b08-b7c4-67f225cfd496_config-0] Success to connect to server [localhost:8848] on start up, connectionId = 1777475230831_172.17.0.1_50702
23:07:11.004 [com.alibaba.nacos.client.remote.worker] INFO  c.a.n.c.r.client - [printIfInfoEnabled,63] - [6666e772-605f-4b08-b7c4-67f225cfd496_config-0] Notify connected event to listeners.
23:07:11.004 [main] INFO  c.a.n.c.r.client - [printIfInfoEnabled,63] - [6666e772-605f-4b08-b7c4-67f225cfd496_config-0] Register server push request handler:com.alibaba.nacos.common.remote.client.RpcClient$ConnectResetRequestHandler
23:07:11.004 [com.alibaba.nacos.client.remote.worker] INFO  c.a.n.c.c.i.ClientWorker - [onConnected,639] - [6666e772-605f-4b08-b7c4-67f225cfd496_config-0] Connected,notify listen context...
23:07:11.006 [main] INFO  c.a.n.c.r.client - [printIfInfoEnabled,63] - [6666e772-605f-4b08-b7c4-67f225cfd496_config-0] Register server push request handler:com.alibaba.nacos.common.remote.client.RpcClient$$Lambda$597/0x000001a78347d1b0
23:07:11.032 [main] INFO  c.a.n.c.c.i.Limiter - [<clinit>,62] - limitTime:5.0
23:07:11.056 [main] INFO  c.a.n.c.c.u.JvmUtil - [<clinit>,54] - isMultiInstance:false
23:07:11.060 [main] INFO  o.s.c.b.c.PropertySourceBootstrapConfiguration - [initialize,108] - Located property source: [BootstrapPropertySource {name='bootstrapProperties-oj-system-local.yaml,DEFAULT_GROUP'}, BootstrapPropertySource {name='bootstrapProperties-oj-system.yaml,DEFAULT_GROUP'}, BootstrapPropertySource {name='bootstrapProperties-oj-system,DEFAULT_GROUP'}]
23:07:11.064 [main] INFO  c.b.s.OjSystemApplication - [logStartupProfileInfo,636] - The following 1 profile is active: "local"
23:07:11.495 [main] INFO  o.s.d.r.c.RepositoryConfigurationDelegate - [multipleStoresDetected,294] - Multiple Spring Data modules found, entering strict repository configuration mode
23:07:11.497 [main] INFO  o.s.d.r.c.RepositoryConfigurationDelegate - [registerRepositoriesIn,138] - Bootstrapping Spring Data Redis repositories in DEFAULT mode.
23:07:11.514 [main] INFO  o.s.d.r.c.RepositoryConfigurationDelegate - [registerRepositoriesIn,208] - Finished Spring Data repository scanning in 6 ms. Found 0 Redis repository interfaces.
23:07:11.638 [main] INFO  o.s.c.c.s.GenericScope - [setSerializationId,282] - BeanFactory id=ac0d0fca-1652-3272-ada0-a0bec651632a
23:07:11.898 [main] INFO  o.s.b.w.e.t.TomcatWebServer - [initialize,108] - Tomcat initialized with port(s): 9201 (http)
23:07:11.905 [main] INFO  o.a.c.h.Http11NioProtocol - [log,173] - Initializing ProtocolHandler ["http-nio-9201"]
23:07:11.905 [main] INFO  o.a.c.c.StandardService - [log,173] - Starting service [Tomcat]
23:07:11.905 [main] INFO  o.a.c.c.StandardEngine - [log,173] - Starting Servlet engine: [Apache Tomcat/10.1.4]
23:07:11.963 [main] INFO  o.a.c.c.C.[.[.[/] - [log,173] - Initializing Spring embedded WebApplicationContext
23:07:11.964 [main] INFO  o.s.b.w.s.c.ServletWebServerApplicationContext - [prepareWebApplicationContext,291] - Root WebApplicationContext: initialization completed in 887 ms
23:07:13.051 [main] INFO  o.a.c.h.Http11NioProtocol - [log,173] - Starting ProtocolHandler ["http-nio-9201"]
23:07:13.060 [main] INFO  o.s.b.w.e.t.TomcatWebServer - [start,220] - Tomcat started on port(s): 9201 (http) with context path ''
23:07:13.063 [main] INFO  c.a.n.client.naming - [initNamespaceForNaming,62] - initializer namespace from ans.namespace attribute : null
23:07:13.064 [main] INFO  c.a.n.client.naming - [lambda$initNamespaceForNaming$0,66] - initializer namespace from ALIBABA_ALIWARE_NAMESPACE attribute :null
23:07:13.064 [main] INFO  c.a.n.client.naming - [lambda$initNamespaceForNaming$1,73] - initializer namespace from namespace attribute :null
23:07:13.070 [main] INFO  c.a.n.p.a.s.c.ClientAuthPluginManager - [init,56] - [ClientAuthPluginManager] Load ClientAuthService com.alibaba.nacos.client.auth.impl.NacosClientAuthServiceImpl success.
23:07:13.070 [main] INFO  c.a.n.p.a.s.c.ClientAuthPluginManager - [init,56] - [ClientAuthPluginManager] Load ClientAuthService com.alibaba.nacos.client.auth.ram.RamClientAuthServiceImpl success.
23:07:13.073 [main] INFO  c.a.n.c.r.client - [lambda$createClient$0,108] - [RpcClientFactory] create a new rpc client of 720d3bb8-4c34-4d56-b0ed-7a1f0135593f
23:07:13.074 [main] INFO  c.a.n.c.r.client - [printIfInfoEnabled,63] - [720d3bb8-4c34-4d56-b0ed-7a1f0135593f] RpcClient init, ServerListFactory = com.alibaba.nacos.client.naming.core.ServerListManager
23:07:13.074 [main] INFO  c.a.n.c.r.client - [printIfInfoEnabled,63] - [720d3bb8-4c34-4d56-b0ed-7a1f0135593f] Registry connection listener to current client:com.alibaba.nacos.client.naming.remote.gprc.redo.NamingGrpcRedoService
23:07:13.074 [main] INFO  c.a.n.c.r.client - [printIfInfoEnabled,63] - [720d3bb8-4c34-4d56-b0ed-7a1f0135593f] Register server push request handler:com.alibaba.nacos.client.naming.remote.gprc.NamingPushRequestHandler
23:07:13.076 [main] INFO  c.a.n.c.r.client - [printIfInfoEnabled,63] - [720d3bb8-4c34-4d56-b0ed-7a1f0135593f] Try to connect to server on start up, server: {serverIp = 'localhost', server main port = 8848}
23:07:13.076 [main] INFO  c.a.n.c.r.c.g.GrpcClient - [createNewManagedChannel,182] - grpc client connection server:localhost ip,serverPort:9848,grpcTslConfig:{"sslProvider":"OPENSSL","enableTls":false,"mutualAuthEnable":false,"trustAll":false}
23:07:13.187 [main] INFO  c.a.n.c.r.client - [printIfInfoEnabled,63] - [720d3bb8-4c34-4d56-b0ed-7a1f0135593f] Success to connect to server [localhost:8848] on start up, connectionId = 1777475233081_172.17.0.1_50710
23:07:13.188 [main] INFO  c.a.n.c.r.client - [printIfInfoEnabled,63] - [720d3bb8-4c34-4d56-b0ed-7a1f0135593f] Register server push request handler:com.alibaba.nacos.common.remote.client.RpcClient$ConnectResetRequestHandler
23:07:13.188 [main] INFO  c.a.n.c.r.client - [printIfInfoEnabled,63] - [720d3bb8-4c34-4d56-b0ed-7a1f0135593f] Register server push request handler:com.alibaba.nacos.common.remote.client.RpcClient$$Lambda$597/0x000001a78347d1b0
23:07:13.188 [com.alibaba.nacos.client.remote.worker] INFO  c.a.n.c.r.client - [printIfInfoEnabled,63] - [720d3bb8-4c34-4d56-b0ed-7a1f0135593f] Notify connected event to listeners.
23:07:13.189 [com.alibaba.nacos.client.remote.worker] INFO  c.a.n.client.naming - [onConnected,78] - Grpc connection connect
23:07:13.192 [main] INFO  c.a.n.client.naming - [registerService,121] - [REGISTER-SERVICE] 1b411097-df3c-4cac-a649-ba6b6b22fcd4 registering service oj-system with instance Instance{instanceId='null', ip='172.20.10.6', port=9201, weight=1.0, healthy=true, enabled=true, ephemeral=true, clusterName='DEFAULT', serviceName='null', metadata={IPv6=[2409:897a:3d80:97a3:543:892d:f811:3246], preserved.register.source=SPRING_CLOUD}}
23:07:13.203 [main] INFO  c.a.c.n.r.NacosServiceRegistry - [register,76] - nacos registry, DEFAULT_GROUP oj-system 172.20.10.6:9201 register finished
23:07:13.350 [main] INFO  c.b.s.OjSystemApplication - [logStarted,57] - Started OjSystemApplication in 4.035 seconds (process running for 4.647)
23:07:13.353 [main] INFO  c.a.n.c.c.i.CacheData - [<clinit>,67] - nacos.cache.data.init.snapshot = true 
23:07:13.354 [main] INFO  c.a.n.c.c.i.ClientWorker - [addCacheDataIfAbsent,380] - [fixed-1b411097-df3c-4cac-a649-ba6b6b22fcd4-localhost_8848] [subscribe] oj-system-local.yaml+DEFAULT_GROUP+1b411097-df3c-4cac-a649-ba6b6b22fcd4
23:07:13.359 [main] INFO  c.a.n.c.c.i.CacheData - [addListener,197] - [fixed-1b411097-df3c-4cac-a649-ba6b6b22fcd4-localhost_8848] [add-listener] ok, tenant=1b411097-df3c-4cac-a649-ba6b6b22fcd4, dataId=oj-system-local.yaml, group=DEFAULT_GROUP, cnt=1
23:07:13.359 [main] INFO  c.a.c.n.r.NacosContextRefresher - [registerNacosListener,129] - [Nacos Config] Listening config: dataId=oj-system-local.yaml, group=DEFAULT_GROUP
23:07:13.359 [main] INFO  c.a.n.c.c.i.ClientWorker - [addCacheDataIfAbsent,380] - [fixed-1b411097-df3c-4cac-a649-ba6b6b22fcd4-localhost_8848] [subscribe] oj-system+DEFAULT_GROUP+1b411097-df3c-4cac-a649-ba6b6b22fcd4
23:07:13.360 [main] INFO  c.a.n.c.c.i.CacheData - [addListener,197] - [fixed-1b411097-df3c-4cac-a649-ba6b6b22fcd4-localhost_8848] [add-listener] ok, tenant=1b411097-df3c-4cac-a649-ba6b6b22fcd4, dataId=oj-system, group=DEFAULT_GROUP, cnt=1
23:07:13.360 [main] INFO  c.a.c.n.r.NacosContextRefresher - [registerNacosListener,129] - [Nacos Config] Listening config: dataId=oj-system, group=DEFAULT_GROUP
23:07:13.360 [main] INFO  c.a.n.c.c.i.ClientWorker - [addCacheDataIfAbsent,380] - [fixed-1b411097-df3c-4cac-a649-ba6b6b22fcd4-localhost_8848] [subscribe] oj-system.yaml+DEFAULT_GROUP+1b411097-df3c-4cac-a649-ba6b6b22fcd4
23:07:13.360 [main] INFO  c.a.n.c.c.i.CacheData - [addListener,197] - [fixed-1b411097-df3c-4cac-a649-ba6b6b22fcd4-localhost_8848] [add-listener] ok, tenant=1b411097-df3c-4cac-a649-ba6b6b22fcd4, dataId=oj-system.yaml, group=DEFAULT_GROUP, cnt=1
23:07:13.360 [main] INFO  c.a.c.n.r.NacosContextRefresher - [registerNacosListener,129] - [Nacos Config] Listening config: dataId=oj-system.yaml, group=DEFAULT_GROUP
23:07:38.945 [http-nio-9201-exec-2] INFO  o.a.c.c.C.[.[.[/] - [log,173] - Initializing Spring DispatcherServlet 'dispatcherServlet'
23:07:38.945 [http-nio-9201-exec-2] INFO  o.s.w.s.DispatcherServlet - [initServletBean,532] - Initializing Servlet 'dispatcherServlet'
23:07:38.945 [http-nio-9201-exec-2] INFO  o.s.w.s.DispatcherServlet - [initServletBean,554] - Completed initialization in 0 ms
23:08:14.609 [http-nio-9201-exec-2] INFO  c.z.h.HikariDataSource - [getConnection,110] - HikariPool-1 - Starting...
23:08:14.850 [http-nio-9201-exec-2] INFO  c.z.h.p.HikariPool - [checkFailFast,565] - HikariPool-1 - Added connection com.mysql.cj.jdbc.ConnectionImpl@2c55cc04
23:08:14.851 [http-nio-9201-exec-2] INFO  c.z.h.HikariDataSource - [getConnection,123] - HikariPool-1 - Start completed.
23:08:15.536 [SpringApplicationShutdownHook] INFO  c.a.c.n.r.NacosServiceRegistry - [deregister,95] - De-registering from Nacos Server now...
23:08:15.536 [SpringApplicationShutdownHook] INFO  c.a.n.client.naming - [deregisterService,217] - [DEREGISTER-SERVICE] 1b411097-df3c-4cac-a649-ba6b6b22fcd4 deregistering service oj-system with instance: Instance{instanceId='null', ip='172.20.10.6', port=9201, weight=1.0, healthy=true, enabled=true, ephemeral=true, clusterName='DEFAULT', serviceName='null', metadata={}}
23:08:15.540 [SpringApplicationShutdownHook] INFO  c.a.c.n.r.NacosServiceRegistry - [deregister,115] - De-registration finished.
23:08:15.540 [SpringApplicationShutdownHook] INFO  c.a.n.client.naming - [shutdown,256] - com.alibaba.nacos.client.naming.cache.ServiceInfoHolder do shutdown begin
23:08:15.540 [SpringApplicationShutdownHook] INFO  c.a.n.client.naming - [shutdown,136] - com.alibaba.nacos.client.naming.backups.FailoverReactor do shutdown begin
23:08:15.540 [SpringApplicationShutdownHook] INFO  c.a.n.client.naming - [shutdown,138] - com.alibaba.nacos.client.naming.backups.FailoverReactor do shutdown stop
23:08:15.540 [SpringApplicationShutdownHook] INFO  c.a.n.client.naming - [shutdown,258] - com.alibaba.nacos.client.naming.cache.ServiceInfoHolder do shutdown stop
23:08:15.540 [SpringApplicationShutdownHook] INFO  c.a.n.client.naming - [shutdown,204] - com.alibaba.nacos.client.naming.remote.NamingClientProxyDelegate do shutdown begin
23:08:15.541 [SpringApplicationShutdownHook] INFO  c.a.n.client.naming - [shutdown,143] - com.alibaba.nacos.client.naming.core.ServiceInfoUpdateService do shutdown begin
23:08:15.541 [SpringApplicationShutdownHook] INFO  c.a.n.client.naming - [shutdown,145] - com.alibaba.nacos.client.naming.core.ServiceInfoUpdateService do shutdown stop
23:08:15.541 [SpringApplicationShutdownHook] INFO  c.a.n.client.naming - [shutdown,194] - com.alibaba.nacos.client.naming.core.ServerListManager do shutdown begin
23:08:15.541 [SpringApplicationShutdownHook] INFO  c.a.n.client.naming - [shutdown,199] - com.alibaba.nacos.client.naming.core.ServerListManager do shutdown stop
23:08:15.541 [SpringApplicationShutdownHook] INFO  c.a.n.client.naming - [shutdown,484] - com.alibaba.nacos.client.naming.remote.http.NamingHttpClientProxy do shutdown begin
23:08:15.541 [SpringApplicationShutdownHook] INFO  c.a.n.client.naming - [shutdown,486] - com.alibaba.nacos.client.naming.remote.http.NamingHttpClientProxy do shutdown stop
23:08:15.541 [SpringApplicationShutdownHook] INFO  c.a.n.c.r.client - [shutdown,429] - Shutdown rpc client, set status to shutdown
23:08:15.541 [SpringApplicationShutdownHook] INFO  c.a.n.c.r.client - [shutdown,431] - Shutdown client event executor java.util.concurrent.ScheduledThreadPoolExecutor@3433f5ad[Running, pool size = 2, active threads = 2, queued tasks = 0, completed tasks = 0]
23:08:15.541 [SpringApplicationShutdownHook] INFO  c.a.n.c.r.client - [closeConnection,584] - Close current connection 1777475233081_172.17.0.1_50710
23:08:15.543 [nacos-grpc-client-executor-localhost-12] INFO  c.a.n.c.r.c.g.GrpcClient - [printIfInfoEnabled,63] - [1777475233081_172.17.0.1_50710]Ignore complete event,isRunning:false,isAbandon=false
23:08:15.545 [SpringApplicationShutdownHook] INFO  c.a.n.c.r.c.g.GrpcClient - [shutdown,159] - Shutdown grpc executor java.util.concurrent.ThreadPoolExecutor@3b4b93d[Running, pool size = 3, active threads = 0, queued tasks = 0, completed tasks = 13]
23:08:15.545 [SpringApplicationShutdownHook] INFO  c.a.n.client.naming - [shutdown,318] - Shutdown grpc redo service executor java.util.concurrent.ScheduledThreadPoolExecutor@834b31b[Running, pool size = 1, active threads = 0, queued tasks = 1, completed tasks = 9]
23:08:15.545 [SpringApplicationShutdownHook] INFO  c.a.n.c.a.r.i.CredentialWatcher - [stop,106] - [null] CredentialWatcher is stopped
23:08:15.545 [SpringApplicationShutdownHook] INFO  c.a.n.c.a.r.i.CredentialService - [free,100] - [null] CredentialService is freed
23:08:15.546 [SpringApplicationShutdownHook] INFO  c.a.n.client.naming - [shutdown,211] - com.alibaba.nacos.client.naming.remote.NamingClientProxyDelegate do shutdown stop
23:08:15.659 [SpringApplicationShutdownHook] INFO  c.z.h.HikariDataSource - [close,350] - HikariPool-1 - Shutdown initiated...
23:08:15.665 [SpringApplicationShutdownHook] INFO  c.z.h.HikariDataSource - [close,352] - HikariPool-1 - Shutdown completed.
23:08:21.496 [main] INFO  c.a.n.c.u.ParamUtil - [<clinit>,87] - [settings] [req-serv] nacos-server port:8848
23:08:21.497 [main] INFO  c.a.n.c.u.ParamUtil - [<clinit>,98] - [settings] [http-client] connect timeout:1000
23:08:21.498 [main] INFO  c.a.n.c.u.ParamUtil - [<clinit>,105] - PER_TASK_CONFIG_SIZE: 3000.0
23:08:21.517 [main] INFO  c.a.n.p.a.s.c.ClientAuthPluginManager - [init,56] - [ClientAuthPluginManager] Load ClientAuthService com.alibaba.nacos.client.auth.impl.NacosClientAuthServiceImpl success.
23:08:21.517 [main] INFO  c.a.n.p.a.s.c.ClientAuthPluginManager - [init,56] - [ClientAuthPluginManager] Load ClientAuthService com.alibaba.nacos.client.auth.ram.RamClientAuthServiceImpl success.
23:08:21.520 [main] INFO  c.a.n.c.a.r.i.CredentialWatcher - [loadCredential,165] - null No credential found
23:08:21.757 [main] INFO  c.a.n.c.c.i.LocalConfigInfoProcessor - [<clinit>,63] - LOCAL_SNAPSHOT_PATH:C:\Users\45\nacos\config
23:08:21.760 [main] INFO  c.a.n.c.r.client - [lambda$createClient$0,108] - [RpcClientFactory] create a new rpc client of e553194a-ce56-4172-bc96-2a144e3819d5_config-0
23:08:21.772 [main] INFO  c.a.n.c.r.client - [printIfInfoEnabled,63] - [e553194a-ce56-4172-bc96-2a144e3819d5_config-0] Register server push request handler:com.alibaba.nacos.client.config.impl.ClientWorker$ConfigRpcTransportClient$$Lambda$576/0x000001acb9314338
23:08:21.773 [main] INFO  c.a.n.c.r.client - [printIfInfoEnabled,63] - [e553194a-ce56-4172-bc96-2a144e3819d5_config-0] Register server push request handler:com.alibaba.nacos.client.config.impl.ClientWorker$ConfigRpcTransportClient$$Lambda$577/0x000001acb9314758
23:08:21.773 [main] INFO  c.a.n.c.r.client - [printIfInfoEnabled,63] - [e553194a-ce56-4172-bc96-2a144e3819d5_config-0] Registry connection listener to current client:com.alibaba.nacos.client.config.impl.ClientWorker$ConfigRpcTransportClient$1
23:08:21.774 [main] INFO  c.a.n.c.r.client - [printIfInfoEnabled,63] - [e553194a-ce56-4172-bc96-2a144e3819d5_config-0] RpcClient init, ServerListFactory = com.alibaba.nacos.client.config.impl.ClientWorker$ConfigRpcTransportClient$2
23:08:21.780 [main] INFO  c.a.n.c.r.client - [printIfInfoEnabled,63] - [e553194a-ce56-4172-bc96-2a144e3819d5_config-0] Try to connect to server on start up, server: {serverIp = 'localhost', server main port = 8848}
23:08:21.806 [main] INFO  c.a.n.c.r.c.g.GrpcClient - [createNewManagedChannel,182] - grpc client connection server:localhost ip,serverPort:9848,grpcTslConfig:{"sslProvider":"OPENSSL","enableTls":false,"mutualAuthEnable":false,"trustAll":false}
23:08:22.540 [main] INFO  c.a.n.c.r.client - [printIfInfoEnabled,63] - [e553194a-ce56-4172-bc96-2a144e3819d5_config-0] Success to connect to server [localhost:8848] on start up, connectionId = 1777475302361_172.17.0.1_44718
23:08:22.541 [com.alibaba.nacos.client.remote.worker] INFO  c.a.n.c.r.client - [printIfInfoEnabled,63] - [e553194a-ce56-4172-bc96-2a144e3819d5_config-0] Notify connected event to listeners.
23:08:22.541 [main] INFO  c.a.n.c.r.client - [printIfInfoEnabled,63] - [e553194a-ce56-4172-bc96-2a144e3819d5_config-0] Register server push request handler:com.alibaba.nacos.common.remote.client.RpcClient$ConnectResetRequestHandler
23:08:22.541 [com.alibaba.nacos.client.remote.worker] INFO  c.a.n.c.c.i.ClientWorker - [onConnected,639] - [e553194a-ce56-4172-bc96-2a144e3819d5_config-0] Connected,notify listen context...
23:08:22.541 [main] INFO  c.a.n.c.r.client - [printIfInfoEnabled,63] - [e553194a-ce56-4172-bc96-2a144e3819d5_config-0] Register server push request handler:com.alibaba.nacos.common.remote.client.RpcClient$$Lambda$597/0x000001acb947b780
23:08:22.568 [main] INFO  c.a.n.c.c.i.Limiter - [<clinit>,62] - limitTime:5.0
23:08:22.592 [main] INFO  c.a.n.c.c.u.JvmUtil - [<clinit>,54] - isMultiInstance:false
23:08:22.597 [main] INFO  o.s.c.b.c.PropertySourceBootstrapConfiguration - [initialize,108] - Located property source: [BootstrapPropertySource {name='bootstrapProperties-oj-system-local.yaml,DEFAULT_GROUP'}, BootstrapPropertySource {name='bootstrapProperties-oj-system.yaml,DEFAULT_GROUP'}, BootstrapPropertySource {name='bootstrapProperties-oj-system,DEFAULT_GROUP'}]
23:08:22.601 [main] INFO  c.b.s.OjSystemApplication - [logStartupProfileInfo,636] - The following 1 profile is active: "local"
23:08:23.030 [main] INFO  o.s.d.r.c.RepositoryConfigurationDelegate - [multipleStoresDetected,294] - Multiple Spring Data modules found, entering strict repository configuration mode
23:08:23.032 [main] INFO  o.s.d.r.c.RepositoryConfigurationDelegate - [registerRepositoriesIn,138] - Bootstrapping Spring Data Redis repositories in DEFAULT mode.
23:08:23.047 [main] INFO  o.s.d.r.c.RepositoryConfigurationDelegate - [registerRepositoriesIn,208] - Finished Spring Data repository scanning in 6 ms. Found 0 Redis repository interfaces.
23:08:23.179 [main] INFO  o.s.c.c.s.GenericScope - [setSerializationId,282] - BeanFactory id=ac0d0fca-1652-3272-ada0-a0bec651632a
23:08:23.494 [main] INFO  o.s.b.w.e.t.TomcatWebServer - [initialize,108] - Tomcat initialized with port(s): 9201 (http)
23:08:23.501 [main] INFO  o.a.c.h.Http11NioProtocol - [log,173] - Initializing ProtocolHandler ["http-nio-9201"]
23:08:23.502 [main] INFO  o.a.c.c.StandardService - [log,173] - Starting service [Tomcat]
23:08:23.503 [main] INFO  o.a.c.c.StandardEngine - [log,173] - Starting Servlet engine: [Apache Tomcat/10.1.4]
23:08:23.579 [main] INFO  o.a.c.c.C.[.[.[/] - [log,173] - Initializing Spring embedded WebApplicationContext
23:08:23.580 [main] INFO  o.s.b.w.s.c.ServletWebServerApplicationContext - [prepareWebApplicationContext,291] - Root WebApplicationContext: initialization completed in 966 ms
23:08:24.931 [main] INFO  o.a.c.h.Http11NioProtocol - [log,173] - Starting ProtocolHandler ["http-nio-9201"]
23:08:24.941 [main] INFO  o.s.b.w.e.t.TomcatWebServer - [start,220] - Tomcat started on port(s): 9201 (http) with context path ''
23:08:24.945 [main] INFO  c.a.n.client.naming - [initNamespaceForNaming,62] - initializer namespace from ans.namespace attribute : null
23:08:24.946 [main] INFO  c.a.n.client.naming - [lambda$initNamespaceForNaming$0,66] - initializer namespace from ALIBABA_ALIWARE_NAMESPACE attribute :null
23:08:24.946 [main] INFO  c.a.n.client.naming - [lambda$initNamespaceForNaming$1,73] - initializer namespace from namespace attribute :null
23:08:24.953 [main] INFO  c.a.n.p.a.s.c.ClientAuthPluginManager - [init,56] - [ClientAuthPluginManager] Load ClientAuthService com.alibaba.nacos.client.auth.impl.NacosClientAuthServiceImpl success.
23:08:24.953 [main] INFO  c.a.n.p.a.s.c.ClientAuthPluginManager - [init,56] - [ClientAuthPluginManager] Load ClientAuthService com.alibaba.nacos.client.auth.ram.RamClientAuthServiceImpl success.
23:08:24.957 [main] INFO  c.a.n.c.r.client - [lambda$createClient$0,108] - [RpcClientFactory] create a new rpc client of 4759be70-f916-40f6-aef5-9a6f3fb59b70
23:08:24.958 [main] INFO  c.a.n.c.r.client - [printIfInfoEnabled,63] - [4759be70-f916-40f6-aef5-9a6f3fb59b70] RpcClient init, ServerListFactory = com.alibaba.nacos.client.naming.core.ServerListManager
23:08:24.959 [main] INFO  c.a.n.c.r.client - [printIfInfoEnabled,63] - [4759be70-f916-40f6-aef5-9a6f3fb59b70] Registry connection listener to current client:com.alibaba.nacos.client.naming.remote.gprc.redo.NamingGrpcRedoService
23:08:24.959 [main] INFO  c.a.n.c.r.client - [printIfInfoEnabled,63] - [4759be70-f916-40f6-aef5-9a6f3fb59b70] Register server push request handler:com.alibaba.nacos.client.naming.remote.gprc.NamingPushRequestHandler
23:08:24.959 [main] INFO  c.a.n.c.r.client - [printIfInfoEnabled,63] - [4759be70-f916-40f6-aef5-9a6f3fb59b70] Try to connect to server on start up, server: {serverIp = 'localhost', server main port = 8848}
23:08:24.960 [main] INFO  c.a.n.c.r.c.g.GrpcClient - [createNewManagedChannel,182] - grpc client connection server:localhost ip,serverPort:9848,grpcTslConfig:{"sslProvider":"OPENSSL","enableTls":false,"mutualAuthEnable":false,"trustAll":false}
23:08:25.079 [main] INFO  c.a.n.c.r.client - [printIfInfoEnabled,63] - [4759be70-f916-40f6-aef5-9a6f3fb59b70] Success to connect to server [localhost:8848] on start up, connectionId = 1777475304965_172.17.0.1_44720
23:08:25.079 [main] INFO  c.a.n.c.r.client - [printIfInfoEnabled,63] - [4759be70-f916-40f6-aef5-9a6f3fb59b70] Register server push request handler:com.alibaba.nacos.common.remote.client.RpcClient$ConnectResetRequestHandler
23:08:25.079 [com.alibaba.nacos.client.remote.worker] INFO  c.a.n.c.r.client - [printIfInfoEnabled,63] - [4759be70-f916-40f6-aef5-9a6f3fb59b70] Notify connected event to listeners.
23:08:25.080 [com.alibaba.nacos.client.remote.worker] INFO  c.a.n.client.naming - [onConnected,78] - Grpc connection connect
23:08:25.080 [main] INFO  c.a.n.c.r.client - [printIfInfoEnabled,63] - [4759be70-f916-40f6-aef5-9a6f3fb59b70] Register server push request handler:com.alibaba.nacos.common.remote.client.RpcClient$$Lambda$597/0x000001acb947b780
23:08:25.081 [main] INFO  c.a.n.client.naming - [registerService,121] - [REGISTER-SERVICE] 1b411097-df3c-4cac-a649-ba6b6b22fcd4 registering service oj-system with instance Instance{instanceId='null', ip='172.20.10.6', port=9201, weight=1.0, healthy=true, enabled=true, ephemeral=true, clusterName='DEFAULT', serviceName='null', metadata={IPv6=[2409:897a:3d80:97a3:543:892d:f811:3246], preserved.register.source=SPRING_CLOUD}}
23:08:25.096 [main] INFO  c.a.c.n.r.NacosServiceRegistry - [register,76] - nacos registry, DEFAULT_GROUP oj-system 172.20.10.6:9201 register finished
23:08:25.296 [main] INFO  c.b.s.OjSystemApplication - [logStarted,57] - Started OjSystemApplication in 4.412 seconds (process running for 5.009)
23:08:25.304 [main] INFO  c.a.n.c.c.i.CacheData - [<clinit>,67] - nacos.cache.data.init.snapshot = true 
23:08:25.307 [main] INFO  c.a.n.c.c.i.ClientWorker - [addCacheDataIfAbsent,380] - [fixed-1b411097-df3c-4cac-a649-ba6b6b22fcd4-localhost_8848] [subscribe] oj-system-local.yaml+DEFAULT_GROUP+1b411097-df3c-4cac-a649-ba6b6b22fcd4
23:08:25.320 [main] INFO  c.a.n.c.c.i.CacheData - [addListener,197] - [fixed-1b411097-df3c-4cac-a649-ba6b6b22fcd4-localhost_8848] [add-listener] ok, tenant=1b411097-df3c-4cac-a649-ba6b6b22fcd4, dataId=oj-system-local.yaml, group=DEFAULT_GROUP, cnt=1
23:08:25.320 [main] INFO  c.a.c.n.r.NacosContextRefresher - [registerNacosListener,129] - [Nacos Config] Listening config: dataId=oj-system-local.yaml, group=DEFAULT_GROUP
23:08:25.321 [main] INFO  c.a.n.c.c.i.ClientWorker - [addCacheDataIfAbsent,380] - [fixed-1b411097-df3c-4cac-a649-ba6b6b22fcd4-localhost_8848] [subscribe] oj-system+DEFAULT_GROUP+1b411097-df3c-4cac-a649-ba6b6b22fcd4
23:08:25.322 [main] INFO  c.a.n.c.c.i.CacheData - [addListener,197] - [fixed-1b411097-df3c-4cac-a649-ba6b6b22fcd4-localhost_8848] [add-listener] ok, tenant=1b411097-df3c-4cac-a649-ba6b6b22fcd4, dataId=oj-system, group=DEFAULT_GROUP, cnt=1
23:08:25.322 [main] INFO  c.a.c.n.r.NacosContextRefresher - [registerNacosListener,129] - [Nacos Config] Listening config: dataId=oj-system, group=DEFAULT_GROUP
23:08:25.323 [main] INFO  c.a.n.c.c.i.ClientWorker - [addCacheDataIfAbsent,380] - [fixed-1b411097-df3c-4cac-a649-ba6b6b22fcd4-localhost_8848] [subscribe] oj-system.yaml+DEFAULT_GROUP+1b411097-df3c-4cac-a649-ba6b6b22fcd4
23:08:25.323 [main] INFO  c.a.n.c.c.i.CacheData - [addListener,197] - [fixed-1b411097-df3c-4cac-a649-ba6b6b22fcd4-localhost_8848] [add-listener] ok, tenant=1b411097-df3c-4cac-a649-ba6b6b22fcd4, dataId=oj-system.yaml, group=DEFAULT_GROUP, cnt=1
23:08:25.323 [main] INFO  c.a.c.n.r.NacosContextRefresher - [registerNacosListener,129] - [Nacos Config] Listening config: dataId=oj-system.yaml, group=DEFAULT_GROUP
23:08:44.816 [SpringApplicationShutdownHook] INFO  c.a.c.n.r.NacosServiceRegistry - [deregister,95] - De-registering from Nacos Server now...
23:08:44.816 [SpringApplicationShutdownHook] INFO  c.a.n.client.naming - [deregisterService,217] - [DEREGISTER-SERVICE] 1b411097-df3c-4cac-a649-ba6b6b22fcd4 deregistering service oj-system with instance: Instance{instanceId='null', ip='172.20.10.6', port=9201, weight=1.0, healthy=true, enabled=true, ephemeral=true, clusterName='DEFAULT', serviceName='null', metadata={}}
23:08:44.820 [SpringApplicationShutdownHook] INFO  c.a.c.n.r.NacosServiceRegistry - [deregister,115] - De-registration finished.
23:08:44.821 [SpringApplicationShutdownHook] INFO  c.a.n.client.naming - [shutdown,256] - com.alibaba.nacos.client.naming.cache.ServiceInfoHolder do shutdown begin
23:08:44.821 [SpringApplicationShutdownHook] INFO  c.a.n.client.naming - [shutdown,136] - com.alibaba.nacos.client.naming.backups.FailoverReactor do shutdown begin
23:08:44.821 [SpringApplicationShutdownHook] INFO  c.a.n.client.naming - [shutdown,138] - com.alibaba.nacos.client.naming.backups.FailoverReactor do shutdown stop
23:08:44.821 [SpringApplicationShutdownHook] INFO  c.a.n.client.naming - [shutdown,258] - com.alibaba.nacos.client.naming.cache.ServiceInfoHolder do shutdown stop
23:08:44.821 [SpringApplicationShutdownHook] INFO  c.a.n.client.naming - [shutdown,204] - com.alibaba.nacos.client.naming.remote.NamingClientProxyDelegate do shutdown begin
23:08:44.821 [SpringApplicationShutdownHook] INFO  c.a.n.client.naming - [shutdown,143] - com.alibaba.nacos.client.naming.core.ServiceInfoUpdateService do shutdown begin
23:08:44.822 [SpringApplicationShutdownHook] INFO  c.a.n.client.naming - [shutdown,145] - com.alibaba.nacos.client.naming.core.ServiceInfoUpdateService do shutdown stop
23:08:44.822 [SpringApplicationShutdownHook] INFO  c.a.n.client.naming - [shutdown,194] - com.alibaba.nacos.client.naming.core.ServerListManager do shutdown begin
23:08:44.822 [SpringApplicationShutdownHook] INFO  c.a.n.client.naming - [shutdown,199] - com.alibaba.nacos.client.naming.core.ServerListManager do shutdown stop
23:08:44.822 [SpringApplicationShutdownHook] INFO  c.a.n.client.naming - [shutdown,484] - com.alibaba.nacos.client.naming.remote.http.NamingHttpClientProxy do shutdown begin
23:08:44.822 [SpringApplicationShutdownHook] INFO  c.a.n.client.naming - [shutdown,486] - com.alibaba.nacos.client.naming.remote.http.NamingHttpClientProxy do shutdown stop
23:08:44.822 [SpringApplicationShutdownHook] INFO  c.a.n.c.r.client - [shutdown,429] - Shutdown rpc client, set status to shutdown
23:08:44.822 [SpringApplicationShutdownHook] INFO  c.a.n.c.r.client - [shutdown,431] - Shutdown client event executor java.util.concurrent.ScheduledThreadPoolExecutor@631d52f9[Running, pool size = 2, active threads = 2, queued tasks = 0, completed tasks = 0]
23:08:44.822 [SpringApplicationShutdownHook] INFO  c.a.n.c.r.client - [closeConnection,584] - Close current connection 1777475304965_172.17.0.1_44720
23:08:44.824 [nacos-grpc-client-executor-localhost-12] INFO  c.a.n.c.r.c.g.GrpcClient - [printIfInfoEnabled,63] - [1777475304965_172.17.0.1_44720]Ignore complete event,isRunning:false,isAbandon=false
23:08:44.825 [SpringApplicationShutdownHook] INFO  c.a.n.c.r.c.g.GrpcClient - [shutdown,159] - Shutdown grpc executor java.util.concurrent.ThreadPoolExecutor@58c8edb5[Running, pool size = 6, active threads = 0, queued tasks = 0, completed tasks = 13]
23:08:44.826 [SpringApplicationShutdownHook] INFO  c.a.n.client.naming - [shutdown,318] - Shutdown grpc redo service executor java.util.concurrent.ScheduledThreadPoolExecutor@6d014b0a[Running, pool size = 1, active threads = 0, queued tasks = 1, completed tasks = 6]
23:08:44.826 [SpringApplicationShutdownHook] INFO  c.a.n.c.a.r.i.CredentialWatcher - [stop,106] - [null] CredentialWatcher is stopped
23:08:44.826 [SpringApplicationShutdownHook] INFO  c.a.n.c.a.r.i.CredentialService - [free,100] - [null] CredentialService is freed
23:08:44.826 [SpringApplicationShutdownHook] INFO  c.a.n.client.naming - [shutdown,211] - com.alibaba.nacos.client.naming.remote.NamingClientProxyDelegate do shutdown stop
23:08:47.780 [main] INFO  c.a.n.c.u.ParamUtil - [<clinit>,87] - [settings] [req-serv] nacos-server port:8848
23:08:47.780 [main] INFO  c.a.n.c.u.ParamUtil - [<clinit>,98] - [settings] [http-client] connect timeout:1000
23:08:47.781 [main] INFO  c.a.n.c.u.ParamUtil - [<clinit>,105] - PER_TASK_CONFIG_SIZE: 3000.0
23:08:47.800 [main] INFO  c.a.n.p.a.s.c.ClientAuthPluginManager - [init,56] - [ClientAuthPluginManager] Load ClientAuthService com.alibaba.nacos.client.auth.impl.NacosClientAuthServiceImpl success.
23:08:47.800 [main] INFO  c.a.n.p.a.s.c.ClientAuthPluginManager - [init,56] - [ClientAuthPluginManager] Load ClientAuthService com.alibaba.nacos.client.auth.ram.RamClientAuthServiceImpl success.
23:08:47.803 [main] INFO  c.a.n.c.a.r.i.CredentialWatcher - [loadCredential,165] - null No credential found
23:08:48.031 [main] INFO  c.a.n.c.c.i.LocalConfigInfoProcessor - [<clinit>,63] - LOCAL_SNAPSHOT_PATH:C:\Users\45\nacos\config
23:08:48.034 [main] INFO  c.a.n.c.r.client - [lambda$createClient$0,108] - [RpcClientFactory] create a new rpc client of 75d0a330-cc59-4578-8539-4039855b8bd5_config-0
23:08:48.047 [main] INFO  c.a.n.c.r.client - [printIfInfoEnabled,63] - [75d0a330-cc59-4578-8539-4039855b8bd5_config-0] Register server push request handler:com.alibaba.nacos.client.config.impl.ClientWorker$ConfigRpcTransportClient$$Lambda$576/0x00000213c63158c8
23:08:48.047 [main] INFO  c.a.n.c.r.client - [printIfInfoEnabled,63] - [75d0a330-cc59-4578-8539-4039855b8bd5_config-0] Register server push request handler:com.alibaba.nacos.client.config.impl.ClientWorker$ConfigRpcTransportClient$$Lambda$577/0x00000213c6315ce8
23:08:48.048 [main] INFO  c.a.n.c.r.client - [printIfInfoEnabled,63] - [75d0a330-cc59-4578-8539-4039855b8bd5_config-0] Registry connection listener to current client:com.alibaba.nacos.client.config.impl.ClientWorker$ConfigRpcTransportClient$1
23:08:48.048 [main] INFO  c.a.n.c.r.client - [printIfInfoEnabled,63] - [75d0a330-cc59-4578-8539-4039855b8bd5_config-0] RpcClient init, ServerListFactory = com.alibaba.nacos.client.config.impl.ClientWorker$ConfigRpcTransportClient$2
23:08:48.054 [main] INFO  c.a.n.c.r.client - [printIfInfoEnabled,63] - [75d0a330-cc59-4578-8539-4039855b8bd5_config-0] Try to connect to server on start up, server: {serverIp = 'localhost', server main port = 8848}
23:08:48.080 [main] INFO  c.a.n.c.r.c.g.GrpcClient - [createNewManagedChannel,182] - grpc client connection server:localhost ip,serverPort:9848,grpcTslConfig:{"sslProvider":"OPENSSL","enableTls":false,"mutualAuthEnable":false,"trustAll":false}
23:08:48.829 [main] INFO  c.a.n.c.r.client - [printIfInfoEnabled,63] - [75d0a330-cc59-4578-8539-4039855b8bd5_config-0] Success to connect to server [localhost:8848] on start up, connectionId = 1777475328657_172.17.0.1_38198
23:08:48.831 [com.alibaba.nacos.client.remote.worker] INFO  c.a.n.c.r.client - [printIfInfoEnabled,63] - [75d0a330-cc59-4578-8539-4039855b8bd5_config-0] Notify connected event to listeners.
23:08:48.831 [com.alibaba.nacos.client.remote.worker] INFO  c.a.n.c.c.i.ClientWorker - [onConnected,639] - [75d0a330-cc59-4578-8539-4039855b8bd5_config-0] Connected,notify listen context...
23:08:48.831 [main] INFO  c.a.n.c.r.client - [printIfInfoEnabled,63] - [75d0a330-cc59-4578-8539-4039855b8bd5_config-0] Register server push request handler:com.alibaba.nacos.common.remote.client.RpcClient$ConnectResetRequestHandler
23:08:48.832 [main] INFO  c.a.n.c.r.client - [printIfInfoEnabled,63] - [75d0a330-cc59-4578-8539-4039855b8bd5_config-0] Register server push request handler:com.alibaba.nacos.common.remote.client.RpcClient$$Lambda$597/0x00000213c647ca58
23:08:48.860 [main] INFO  c.a.n.c.c.i.Limiter - [<clinit>,62] - limitTime:5.0
23:08:48.887 [main] INFO  c.a.n.c.c.u.JvmUtil - [<clinit>,54] - isMultiInstance:false
23:08:48.892 [main] INFO  o.s.c.b.c.PropertySourceBootstrapConfiguration - [initialize,108] - Located property source: [BootstrapPropertySource {name='bootstrapProperties-oj-system-local.yaml,DEFAULT_GROUP'}, BootstrapPropertySource {name='bootstrapProperties-oj-system.yaml,DEFAULT_GROUP'}, BootstrapPropertySource {name='bootstrapProperties-oj-system,DEFAULT_GROUP'}]
23:08:48.897 [main] INFO  c.b.s.OjSystemApplication - [logStartupProfileInfo,636] - The following 1 profile is active: "local"
23:08:49.326 [main] INFO  o.s.d.r.c.RepositoryConfigurationDelegate - [multipleStoresDetected,294] - Multiple Spring Data modules found, entering strict repository configuration mode
23:08:49.328 [main] INFO  o.s.d.r.c.RepositoryConfigurationDelegate - [registerRepositoriesIn,138] - Bootstrapping Spring Data Redis repositories in DEFAULT mode.
23:08:49.344 [main] INFO  o.s.d.r.c.RepositoryConfigurationDelegate - [registerRepositoriesIn,208] - Finished Spring Data repository scanning in 7 ms. Found 0 Redis repository interfaces.
23:08:49.500 [main] INFO  o.s.c.c.s.GenericScope - [setSerializationId,282] - BeanFactory id=ac0d0fca-1652-3272-ada0-a0bec651632a
23:08:49.764 [main] INFO  o.s.b.w.e.t.TomcatWebServer - [initialize,108] - Tomcat initialized with port(s): 9201 (http)
23:08:49.772 [main] INFO  o.a.c.h.Http11NioProtocol - [log,173] - Initializing ProtocolHandler ["http-nio-9201"]
23:08:49.772 [main] INFO  o.a.c.c.StandardService - [log,173] - Starting service [Tomcat]
23:08:49.772 [main] INFO  o.a.c.c.StandardEngine - [log,173] - Starting Servlet engine: [Apache Tomcat/10.1.4]
23:08:49.834 [main] INFO  o.a.c.c.C.[.[.[/] - [log,173] - Initializing Spring embedded WebApplicationContext
23:08:49.834 [main] INFO  o.s.b.w.s.c.ServletWebServerApplicationContext - [prepareWebApplicationContext,291] - Root WebApplicationContext: initialization completed in 925 ms
23:08:51.004 [main] INFO  o.a.c.h.Http11NioProtocol - [log,173] - Starting ProtocolHandler ["http-nio-9201"]
23:08:51.013 [main] INFO  o.s.b.w.e.t.TomcatWebServer - [start,220] - Tomcat started on port(s): 9201 (http) with context path ''
23:08:51.017 [main] INFO  c.a.n.client.naming - [initNamespaceForNaming,62] - initializer namespace from ans.namespace attribute : null
23:08:51.018 [main] INFO  c.a.n.client.naming - [lambda$initNamespaceForNaming$0,66] - initializer namespace from ALIBABA_ALIWARE_NAMESPACE attribute :null
23:08:51.018 [main] INFO  c.a.n.client.naming - [lambda$initNamespaceForNaming$1,73] - initializer namespace from namespace attribute :null
23:08:51.024 [main] INFO  c.a.n.p.a.s.c.ClientAuthPluginManager - [init,56] - [ClientAuthPluginManager] Load ClientAuthService com.alibaba.nacos.client.auth.impl.NacosClientAuthServiceImpl success.
23:08:51.024 [main] INFO  c.a.n.p.a.s.c.ClientAuthPluginManager - [init,56] - [ClientAuthPluginManager] Load ClientAuthService com.alibaba.nacos.client.auth.ram.RamClientAuthServiceImpl success.
23:08:51.027 [main] INFO  c.a.n.c.r.client - [lambda$createClient$0,108] - [RpcClientFactory] create a new rpc client of 31758f77-2bbe-42f8-8e60-9a32e33eefc5
23:08:51.029 [main] INFO  c.a.n.c.r.client - [printIfInfoEnabled,63] - [31758f77-2bbe-42f8-8e60-9a32e33eefc5] RpcClient init, ServerListFactory = com.alibaba.nacos.client.naming.core.ServerListManager
23:08:51.029 [main] INFO  c.a.n.c.r.client - [printIfInfoEnabled,63] - [31758f77-2bbe-42f8-8e60-9a32e33eefc5] Registry connection listener to current client:com.alibaba.nacos.client.naming.remote.gprc.redo.NamingGrpcRedoService
23:08:51.029 [main] INFO  c.a.n.c.r.client - [printIfInfoEnabled,63] - [31758f77-2bbe-42f8-8e60-9a32e33eefc5] Register server push request handler:com.alibaba.nacos.client.naming.remote.gprc.NamingPushRequestHandler
23:08:51.029 [main] INFO  c.a.n.c.r.client - [printIfInfoEnabled,63] - [31758f77-2bbe-42f8-8e60-9a32e33eefc5] Try to connect to server on start up, server: {serverIp = 'localhost', server main port = 8848}
23:08:51.030 [main] INFO  c.a.n.c.r.c.g.GrpcClient - [createNewManagedChannel,182] - grpc client connection server:localhost ip,serverPort:9848,grpcTslConfig:{"sslProvider":"OPENSSL","enableTls":false,"mutualAuthEnable":false,"trustAll":false}
23:08:51.152 [main] INFO  c.a.n.c.r.client - [printIfInfoEnabled,63] - [31758f77-2bbe-42f8-8e60-9a32e33eefc5] Success to connect to server [localhost:8848] on start up, connectionId = 1777475331034_172.17.0.1_38764
23:08:51.152 [main] INFO  c.a.n.c.r.client - [printIfInfoEnabled,63] - [31758f77-2bbe-42f8-8e60-9a32e33eefc5] Register server push request handler:com.alibaba.nacos.common.remote.client.RpcClient$ConnectResetRequestHandler
23:08:51.152 [main] INFO  c.a.n.c.r.client - [printIfInfoEnabled,63] - [31758f77-2bbe-42f8-8e60-9a32e33eefc5] Register server push request handler:com.alibaba.nacos.common.remote.client.RpcClient$$Lambda$597/0x00000213c647ca58
23:08:51.152 [com.alibaba.nacos.client.remote.worker] INFO  c.a.n.c.r.client - [printIfInfoEnabled,63] - [31758f77-2bbe-42f8-8e60-9a32e33eefc5] Notify connected event to listeners.
23:08:51.152 [com.alibaba.nacos.client.remote.worker] INFO  c.a.n.client.naming - [onConnected,78] - Grpc connection connect
23:08:51.153 [main] INFO  c.a.n.client.naming - [registerService,121] - [REGISTER-SERVICE] 1b411097-df3c-4cac-a649-ba6b6b22fcd4 registering service oj-system with instance Instance{instanceId='null', ip='172.20.10.6', port=9201, weight=1.0, healthy=true, enabled=true, ephemeral=true, clusterName='DEFAULT', serviceName='null', metadata={IPv6=[2409:897a:3d80:97a3:543:892d:f811:3246], preserved.register.source=SPRING_CLOUD}}
23:08:51.165 [main] INFO  c.a.c.n.r.NacosServiceRegistry - [register,76] - nacos registry, DEFAULT_GROUP oj-system 172.20.10.6:9201 register finished
23:08:51.309 [main] INFO  c.b.s.OjSystemApplication - [logStarted,57] - Started OjSystemApplication in 4.189 seconds (process running for 4.865)
23:08:51.312 [main] INFO  c.a.n.c.c.i.CacheData - [<clinit>,67] - nacos.cache.data.init.snapshot = true 
23:08:51.313 [main] INFO  c.a.n.c.c.i.ClientWorker - [addCacheDataIfAbsent,380] - [fixed-1b411097-df3c-4cac-a649-ba6b6b22fcd4-localhost_8848] [subscribe] oj-system-local.yaml+DEFAULT_GROUP+1b411097-df3c-4cac-a649-ba6b6b22fcd4
23:08:51.319 [main] INFO  c.a.n.c.c.i.CacheData - [addListener,197] - [fixed-1b411097-df3c-4cac-a649-ba6b6b22fcd4-localhost_8848] [add-listener] ok, tenant=1b411097-df3c-4cac-a649-ba6b6b22fcd4, dataId=oj-system-local.yaml, group=DEFAULT_GROUP, cnt=1
23:08:51.320 [main] INFO  c.a.c.n.r.NacosContextRefresher - [registerNacosListener,129] - [Nacos Config] Listening config: dataId=oj-system-local.yaml, group=DEFAULT_GROUP
23:08:51.320 [main] INFO  c.a.n.c.c.i.ClientWorker - [addCacheDataIfAbsent,380] - [fixed-1b411097-df3c-4cac-a649-ba6b6b22fcd4-localhost_8848] [subscribe] oj-system+DEFAULT_GROUP+1b411097-df3c-4cac-a649-ba6b6b22fcd4
23:08:51.320 [main] INFO  c.a.n.c.c.i.CacheData - [addListener,197] - [fixed-1b411097-df3c-4cac-a649-ba6b6b22fcd4-localhost_8848] [add-listener] ok, tenant=1b411097-df3c-4cac-a649-ba6b6b22fcd4, dataId=oj-system, group=DEFAULT_GROUP, cnt=1
23:08:51.321 [main] INFO  c.a.c.n.r.NacosContextRefresher - [registerNacosListener,129] - [Nacos Config] Listening config: dataId=oj-system, group=DEFAULT_GROUP
23:08:51.321 [main] INFO  c.a.n.c.c.i.ClientWorker - [addCacheDataIfAbsent,380] - [fixed-1b411097-df3c-4cac-a649-ba6b6b22fcd4-localhost_8848] [subscribe] oj-system.yaml+DEFAULT_GROUP+1b411097-df3c-4cac-a649-ba6b6b22fcd4
23:08:51.321 [main] INFO  c.a.n.c.c.i.CacheData - [addListener,197] - [fixed-1b411097-df3c-4cac-a649-ba6b6b22fcd4-localhost_8848] [add-listener] ok, tenant=1b411097-df3c-4cac-a649-ba6b6b22fcd4, dataId=oj-system.yaml, group=DEFAULT_GROUP, cnt=1
23:08:51.321 [main] INFO  c.a.c.n.r.NacosContextRefresher - [registerNacosListener,129] - [Nacos Config] Listening config: dataId=oj-system.yaml, group=DEFAULT_GROUP
23:10:28.712 [SpringApplicationShutdownHook] INFO  c.a.c.n.r.NacosServiceRegistry - [deregister,95] - De-registering from Nacos Server now...
23:10:28.712 [SpringApplicationShutdownHook] INFO  c.a.n.client.naming - [deregisterService,217] - [DEREGISTER-SERVICE] 1b411097-df3c-4cac-a649-ba6b6b22fcd4 deregistering service oj-system with instance: Instance{instanceId='null', ip='172.20.10.6', port=9201, weight=1.0, healthy=true, enabled=true, ephemeral=true, clusterName='DEFAULT', serviceName='null', metadata={}}
23:10:28.732 [SpringApplicationShutdownHook] INFO  c.a.c.n.r.NacosServiceRegistry - [deregister,115] - De-registration finished.
23:10:28.733 [SpringApplicationShutdownHook] INFO  c.a.n.client.naming - [shutdown,256] - com.alibaba.nacos.client.naming.cache.ServiceInfoHolder do shutdown begin
23:10:28.733 [SpringApplicationShutdownHook] INFO  c.a.n.client.naming - [shutdown,136] - com.alibaba.nacos.client.naming.backups.FailoverReactor do shutdown begin
23:10:28.734 [SpringApplicationShutdownHook] INFO  c.a.n.client.naming - [shutdown,138] - com.alibaba.nacos.client.naming.backups.FailoverReactor do shutdown stop
23:10:28.734 [SpringApplicationShutdownHook] INFO  c.a.n.client.naming - [shutdown,258] - com.alibaba.nacos.client.naming.cache.ServiceInfoHolder do shutdown stop
23:10:28.734 [SpringApplicationShutdownHook] INFO  c.a.n.client.naming - [shutdown,204] - com.alibaba.nacos.client.naming.remote.NamingClientProxyDelegate do shutdown begin
23:10:28.734 [SpringApplicationShutdownHook] INFO  c.a.n.client.naming - [shutdown,143] - com.alibaba.nacos.client.naming.core.ServiceInfoUpdateService do shutdown begin
23:10:28.734 [SpringApplicationShutdownHook] INFO  c.a.n.client.naming - [shutdown,145] - com.alibaba.nacos.client.naming.core.ServiceInfoUpdateService do shutdown stop
23:10:28.734 [SpringApplicationShutdownHook] INFO  c.a.n.client.naming - [shutdown,194] - com.alibaba.nacos.client.naming.core.ServerListManager do shutdown begin
23:10:28.734 [SpringApplicationShutdownHook] INFO  c.a.n.client.naming - [shutdown,199] - com.alibaba.nacos.client.naming.core.ServerListManager do shutdown stop
23:10:28.734 [SpringApplicationShutdownHook] INFO  c.a.n.client.naming - [shutdown,484] - com.alibaba.nacos.client.naming.remote.http.NamingHttpClientProxy do shutdown begin
23:10:28.734 [SpringApplicationShutdownHook] INFO  c.a.n.client.naming - [shutdown,486] - com.alibaba.nacos.client.naming.remote.http.NamingHttpClientProxy do shutdown stop
23:10:28.735 [SpringApplicationShutdownHook] INFO  c.a.n.c.r.client - [shutdown,429] - Shutdown rpc client, set status to shutdown
23:10:28.735 [SpringApplicationShutdownHook] INFO  c.a.n.c.r.client - [shutdown,431] - Shutdown client event executor java.util.concurrent.ScheduledThreadPoolExecutor@715d5475[Running, pool size = 2, active threads = 2, queued tasks = 0, completed tasks = 0]
23:10:28.735 [SpringApplicationShutdownHook] INFO  c.a.n.c.r.client - [closeConnection,584] - Close current connection 1777475331034_172.17.0.1_38764
23:10:28.738 [SpringApplicationShutdownHook] INFO  c.a.n.c.r.c.g.GrpcClient - [shutdown,159] - Shutdown grpc executor java.util.concurrent.ThreadPoolExecutor@4afe40a1[Running, pool size = 4, active threads = 0, queued tasks = 0, completed tasks = 27]
23:10:28.738 [SpringApplicationShutdownHook] INFO  c.a.n.client.naming - [shutdown,318] - Shutdown grpc redo service executor java.util.concurrent.ScheduledThreadPoolExecutor@ac0d5e4[Running, pool size = 1, active threads = 0, queued tasks = 1, completed tasks = 32]
23:10:28.738 [SpringApplicationShutdownHook] INFO  c.a.n.c.a.r.i.CredentialWatcher - [stop,106] - [null] CredentialWatcher is stopped
23:10:28.739 [SpringApplicationShutdownHook] INFO  c.a.n.c.a.r.i.CredentialService - [free,100] - [null] CredentialService is freed
23:10:28.739 [SpringApplicationShutdownHook] INFO  c.a.n.client.naming - [shutdown,211] - com.alibaba.nacos.client.naming.remote.NamingClientProxyDelegate do shutdown stop
23:10:33.419 [main] INFO  c.a.n.c.u.ParamUtil - [<clinit>,87] - [settings] [req-serv] nacos-server port:8848
23:10:33.419 [main] INFO  c.a.n.c.u.ParamUtil - [<clinit>,98] - [settings] [http-client] connect timeout:1000
23:10:33.420 [main] INFO  c.a.n.c.u.ParamUtil - [<clinit>,105] - PER_TASK_CONFIG_SIZE: 3000.0
23:10:33.439 [main] INFO  c.a.n.p.a.s.c.ClientAuthPluginManager - [init,56] - [ClientAuthPluginManager] Load ClientAuthService com.alibaba.nacos.client.auth.impl.NacosClientAuthServiceImpl success.
23:10:33.439 [main] INFO  c.a.n.p.a.s.c.ClientAuthPluginManager - [init,56] - [ClientAuthPluginManager] Load ClientAuthService com.alibaba.nacos.client.auth.ram.RamClientAuthServiceImpl success.
23:10:33.441 [main] INFO  c.a.n.c.a.r.i.CredentialWatcher - [loadCredential,165] - null No credential found
23:10:33.657 [main] INFO  c.a.n.c.c.i.LocalConfigInfoProcessor - [<clinit>,63] - LOCAL_SNAPSHOT_PATH:C:\Users\45\nacos\config
23:10:33.660 [main] INFO  c.a.n.c.r.client - [lambda$createClient$0,108] - [RpcClientFactory] create a new rpc client of 7b7df2df-345f-43cb-934a-8b2e025099b8_config-0
23:10:33.672 [main] INFO  c.a.n.c.r.client - [printIfInfoEnabled,63] - [7b7df2df-345f-43cb-934a-8b2e025099b8_config-0] Register server push request handler:com.alibaba.nacos.client.config.impl.ClientWorker$ConfigRpcTransportClient$$Lambda$576/0x0000018c013151b0
23:10:33.672 [main] INFO  c.a.n.c.r.client - [printIfInfoEnabled,63] - [7b7df2df-345f-43cb-934a-8b2e025099b8_config-0] Register server push request handler:com.alibaba.nacos.client.config.impl.ClientWorker$ConfigRpcTransportClient$$Lambda$577/0x0000018c013155d0
23:10:33.673 [main] INFO  c.a.n.c.r.client - [printIfInfoEnabled,63] - [7b7df2df-345f-43cb-934a-8b2e025099b8_config-0] Registry connection listener to current client:com.alibaba.nacos.client.config.impl.ClientWorker$ConfigRpcTransportClient$1
23:10:33.673 [main] INFO  c.a.n.c.r.client - [printIfInfoEnabled,63] - [7b7df2df-345f-43cb-934a-8b2e025099b8_config-0] RpcClient init, ServerListFactory = com.alibaba.nacos.client.config.impl.ClientWorker$ConfigRpcTransportClient$2
23:10:33.679 [main] INFO  c.a.n.c.r.client - [printIfInfoEnabled,63] - [7b7df2df-345f-43cb-934a-8b2e025099b8_config-0] Try to connect to server on start up, server: {serverIp = 'localhost', server main port = 8848}
23:10:33.704 [main] INFO  c.a.n.c.r.c.g.GrpcClient - [createNewManagedChannel,182] - grpc client connection server:localhost ip,serverPort:9848,grpcTslConfig:{"sslProvider":"OPENSSL","enableTls":false,"mutualAuthEnable":false,"trustAll":false}
23:10:34.455 [main] INFO  c.a.n.c.r.client - [printIfInfoEnabled,63] - [7b7df2df-345f-43cb-934a-8b2e025099b8_config-0] Success to connect to server [localhost:8848] on start up, connectionId = 1777475434281_172.17.0.1_44972
23:10:34.455 [com.alibaba.nacos.client.remote.worker] INFO  c.a.n.c.r.client - [printIfInfoEnabled,63] - [7b7df2df-345f-43cb-934a-8b2e025099b8_config-0] Notify connected event to listeners.
23:10:34.455 [com.alibaba.nacos.client.remote.worker] INFO  c.a.n.c.c.i.ClientWorker - [onConnected,639] - [7b7df2df-345f-43cb-934a-8b2e025099b8_config-0] Connected,notify listen context...
23:10:34.455 [main] INFO  c.a.n.c.r.client - [printIfInfoEnabled,63] - [7b7df2df-345f-43cb-934a-8b2e025099b8_config-0] Register server push request handler:com.alibaba.nacos.common.remote.client.RpcClient$ConnectResetRequestHandler
23:10:34.455 [main] INFO  c.a.n.c.r.client - [printIfInfoEnabled,63] - [7b7df2df-345f-43cb-934a-8b2e025099b8_config-0] Register server push request handler:com.alibaba.nacos.common.remote.client.RpcClient$$Lambda$597/0x0000018c0147bc38
23:10:34.482 [main] INFO  c.a.n.c.c.i.Limiter - [<clinit>,62] - limitTime:5.0
23:10:34.504 [main] INFO  c.a.n.c.c.u.JvmUtil - [<clinit>,54] - isMultiInstance:false
23:10:34.508 [main] INFO  o.s.c.b.c.PropertySourceBootstrapConfiguration - [initialize,108] - Located property source: [BootstrapPropertySource {name='bootstrapProperties-oj-system-local.yaml,DEFAULT_GROUP'}, BootstrapPropertySource {name='bootstrapProperties-oj-system.yaml,DEFAULT_GROUP'}, BootstrapPropertySource {name='bootstrapProperties-oj-system,DEFAULT_GROUP'}]
23:10:34.512 [main] INFO  c.b.s.OjSystemApplication - [logStartupProfileInfo,636] - The following 1 profile is active: "local"
23:10:34.909 [main] INFO  o.s.d.r.c.RepositoryConfigurationDelegate - [multipleStoresDetected,294] - Multiple Spring Data modules found, entering strict repository configuration mode
23:10:34.911 [main] INFO  o.s.d.r.c.RepositoryConfigurationDelegate - [registerRepositoriesIn,138] - Bootstrapping Spring Data Redis repositories in DEFAULT mode.
23:10:34.927 [main] INFO  o.s.d.r.c.RepositoryConfigurationDelegate - [registerRepositoriesIn,208] - Finished Spring Data repository scanning in 6 ms. Found 0 Redis repository interfaces.
23:10:35.053 [main] INFO  o.s.c.c.s.GenericScope - [setSerializationId,282] - BeanFactory id=ac0d0fca-1652-3272-ada0-a0bec651632a
23:10:35.305 [main] INFO  o.s.b.w.e.t.TomcatWebServer - [initialize,108] - Tomcat initialized with port(s): 9201 (http)
23:10:35.313 [main] INFO  o.a.c.h.Http11NioProtocol - [log,173] - Initializing ProtocolHandler ["http-nio-9201"]
23:10:35.313 [main] INFO  o.a.c.c.StandardService - [log,173] - Starting service [Tomcat]
23:10:35.313 [main] INFO  o.a.c.c.StandardEngine - [log,173] - Starting Servlet engine: [Apache Tomcat/10.1.4]
23:10:35.380 [main] INFO  o.a.c.c.C.[.[.[/] - [log,173] - Initializing Spring embedded WebApplicationContext
23:10:35.380 [main] INFO  o.s.b.w.s.c.ServletWebServerApplicationContext - [prepareWebApplicationContext,291] - Root WebApplicationContext: initialization completed in 856 ms
23:10:36.480 [main] INFO  o.a.c.h.Http11NioProtocol - [log,173] - Starting ProtocolHandler ["http-nio-9201"]
23:10:36.489 [main] INFO  o.s.b.w.e.t.TomcatWebServer - [start,220] - Tomcat started on port(s): 9201 (http) with context path ''
23:10:36.492 [main] INFO  c.a.n.client.naming - [initNamespaceForNaming,62] - initializer namespace from ans.namespace attribute : null
23:10:36.493 [main] INFO  c.a.n.client.naming - [lambda$initNamespaceForNaming$0,66] - initializer namespace from ALIBABA_ALIWARE_NAMESPACE attribute :null
23:10:36.493 [main] INFO  c.a.n.client.naming - [lambda$initNamespaceForNaming$1,73] - initializer namespace from namespace attribute :null
23:10:36.499 [main] INFO  c.a.n.p.a.s.c.ClientAuthPluginManager - [init,56] - [ClientAuthPluginManager] Load ClientAuthService com.alibaba.nacos.client.auth.impl.NacosClientAuthServiceImpl success.
23:10:36.500 [main] INFO  c.a.n.p.a.s.c.ClientAuthPluginManager - [init,56] - [ClientAuthPluginManager] Load ClientAuthService com.alibaba.nacos.client.auth.ram.RamClientAuthServiceImpl success.
23:10:36.504 [main] INFO  c.a.n.c.r.client - [lambda$createClient$0,108] - [RpcClientFactory] create a new rpc client of 1fe829fa-d4a7-4f0b-abf3-611541a685ea
23:10:36.506 [main] INFO  c.a.n.c.r.client - [printIfInfoEnabled,63] - [1fe829fa-d4a7-4f0b-abf3-611541a685ea] RpcClient init, ServerListFactory = com.alibaba.nacos.client.naming.core.ServerListManager
23:10:36.506 [main] INFO  c.a.n.c.r.client - [printIfInfoEnabled,63] - [1fe829fa-d4a7-4f0b-abf3-611541a685ea] Registry connection listener to current client:com.alibaba.nacos.client.naming.remote.gprc.redo.NamingGrpcRedoService
23:10:36.506 [main] INFO  c.a.n.c.r.client - [printIfInfoEnabled,63] - [1fe829fa-d4a7-4f0b-abf3-611541a685ea] Register server push request handler:com.alibaba.nacos.client.naming.remote.gprc.NamingPushRequestHandler
23:10:36.506 [main] INFO  c.a.n.c.r.client - [printIfInfoEnabled,63] - [1fe829fa-d4a7-4f0b-abf3-611541a685ea] Try to connect to server on start up, server: {serverIp = 'localhost', server main port = 8848}
23:10:36.506 [main] INFO  c.a.n.c.r.c.g.GrpcClient - [createNewManagedChannel,182] - grpc client connection server:localhost ip,serverPort:9848,grpcTslConfig:{"sslProvider":"OPENSSL","enableTls":false,"mutualAuthEnable":false,"trustAll":false}
23:10:36.622 [main] INFO  c.a.n.c.r.client - [printIfInfoEnabled,63] - [1fe829fa-d4a7-4f0b-abf3-611541a685ea] Success to connect to server [localhost:8848] on start up, connectionId = 1777475436512_172.17.0.1_44986
23:10:36.622 [com.alibaba.nacos.client.remote.worker] INFO  c.a.n.c.r.client - [printIfInfoEnabled,63] - [1fe829fa-d4a7-4f0b-abf3-611541a685ea] Notify connected event to listeners.
23:10:36.622 [main] INFO  c.a.n.c.r.client - [printIfInfoEnabled,63] - [1fe829fa-d4a7-4f0b-abf3-611541a685ea] Register server push request handler:com.alibaba.nacos.common.remote.client.RpcClient$ConnectResetRequestHandler
23:10:36.622 [main] INFO  c.a.n.c.r.client - [printIfInfoEnabled,63] - [1fe829fa-d4a7-4f0b-abf3-611541a685ea] Register server push request handler:com.alibaba.nacos.common.remote.client.RpcClient$$Lambda$597/0x0000018c0147bc38
23:10:36.622 [com.alibaba.nacos.client.remote.worker] INFO  c.a.n.client.naming - [onConnected,78] - Grpc connection connect
23:10:36.623 [main] INFO  c.a.n.client.naming - [registerService,121] - [REGISTER-SERVICE] 1b411097-df3c-4cac-a649-ba6b6b22fcd4 registering service oj-system with instance Instance{instanceId='null', ip='172.20.10.6', port=9201, weight=1.0, healthy=true, enabled=true, ephemeral=true, clusterName='DEFAULT', serviceName='null', metadata={IPv6=[2409:897a:3d80:97a3:543:892d:f811:3246], preserved.register.source=SPRING_CLOUD}}
23:10:36.634 [main] INFO  c.a.c.n.r.NacosServiceRegistry - [register,76] - nacos registry, DEFAULT_GROUP oj-system 172.20.10.6:9201 register finished
23:10:36.788 [main] INFO  c.b.s.OjSystemApplication - [logStarted,57] - Started OjSystemApplication in 4.018 seconds (process running for 4.627)
23:10:36.792 [main] INFO  c.a.n.c.c.i.CacheData - [<clinit>,67] - nacos.cache.data.init.snapshot = true 
23:10:36.795 [main] INFO  c.a.n.c.c.i.ClientWorker - [addCacheDataIfAbsent,380] - [fixed-1b411097-df3c-4cac-a649-ba6b6b22fcd4-localhost_8848] [subscribe] oj-system-local.yaml+DEFAULT_GROUP+1b411097-df3c-4cac-a649-ba6b6b22fcd4
23:10:36.801 [main] INFO  c.a.n.c.c.i.CacheData - [addListener,197] - [fixed-1b411097-df3c-4cac-a649-ba6b6b22fcd4-localhost_8848] [add-listener] ok, tenant=1b411097-df3c-4cac-a649-ba6b6b22fcd4, dataId=oj-system-local.yaml, group=DEFAULT_GROUP, cnt=1
23:10:36.803 [main] INFO  c.a.c.n.r.NacosContextRefresher - [registerNacosListener,129] - [Nacos Config] Listening config: dataId=oj-system-local.yaml, group=DEFAULT_GROUP
23:10:36.803 [main] INFO  c.a.n.c.c.i.ClientWorker - [addCacheDataIfAbsent,380] - [fixed-1b411097-df3c-4cac-a649-ba6b6b22fcd4-localhost_8848] [subscribe] oj-system+DEFAULT_GROUP+1b411097-df3c-4cac-a649-ba6b6b22fcd4
23:10:36.804 [main] INFO  c.a.n.c.c.i.CacheData - [addListener,197] - [fixed-1b411097-df3c-4cac-a649-ba6b6b22fcd4-localhost_8848] [add-listener] ok, tenant=1b411097-df3c-4cac-a649-ba6b6b22fcd4, dataId=oj-system, group=DEFAULT_GROUP, cnt=1
23:10:36.805 [main] INFO  c.a.c.n.r.NacosContextRefresher - [registerNacosListener,129] - [Nacos Config] Listening config: dataId=oj-system, group=DEFAULT_GROUP
23:10:36.805 [main] INFO  c.a.n.c.c.i.ClientWorker - [addCacheDataIfAbsent,380] - [fixed-1b411097-df3c-4cac-a649-ba6b6b22fcd4-localhost_8848] [subscribe] oj-system.yaml+DEFAULT_GROUP+1b411097-df3c-4cac-a649-ba6b6b22fcd4
23:10:36.805 [main] INFO  c.a.n.c.c.i.CacheData - [addListener,197] - [fixed-1b411097-df3c-4cac-a649-ba6b6b22fcd4-localhost_8848] [add-listener] ok, tenant=1b411097-df3c-4cac-a649-ba6b6b22fcd4, dataId=oj-system.yaml, group=DEFAULT_GROUP, cnt=1
23:10:36.805 [main] INFO  c.a.c.n.r.NacosContextRefresher - [registerNacosListener,129] - [Nacos Config] Listening config: dataId=oj-system.yaml, group=DEFAULT_GROUP
23:12:16.242 [http-nio-9201-exec-1] INFO  o.a.c.c.C.[.[.[/] - [log,173] - Initializing Spring DispatcherServlet 'dispatcherServlet'
23:12:16.242 [http-nio-9201-exec-1] INFO  o.s.w.s.DispatcherServlet - [initServletBean,532] - Initializing Servlet 'dispatcherServlet'
23:12:16.243 [http-nio-9201-exec-1] INFO  o.s.w.s.DispatcherServlet - [initServletBean,554] - Completed initialization in 1 ms
23:12:16.344 [http-nio-9201-exec-1] INFO  c.z.h.HikariDataSource - [getConnection,110] - HikariPool-1 - Starting...
23:12:16.599 [http-nio-9201-exec-1] INFO  c.z.h.p.HikariPool - [checkFailFast,565] - HikariPool-1 - Added connection com.mysql.cj.jdbc.ConnectionImpl@3338c454
23:12:16.600 [http-nio-9201-exec-1] INFO  c.z.h.HikariDataSource - [getConnection,123] - HikariPool-1 - Start completed.
23:14:21.831 [SpringApplicationShutdownHook] INFO  c.a.c.n.r.NacosServiceRegistry - [deregister,95] - De-registering from Nacos Server now...
23:14:21.831 [SpringApplicationShutdownHook] INFO  c.a.n.client.naming - [deregisterService,217] - [DEREGISTER-SERVICE] 1b411097-df3c-4cac-a649-ba6b6b22fcd4 deregistering service oj-system with instance: Instance{instanceId='null', ip='172.20.10.6', port=9201, weight=1.0, healthy=true, enabled=true, ephemeral=true, clusterName='DEFAULT', serviceName='null', metadata={}}
23:14:21.835 [SpringApplicationShutdownHook] INFO  c.a.c.n.r.NacosServiceRegistry - [deregister,115] - De-registration finished.
23:14:21.835 [SpringApplicationShutdownHook] INFO  c.a.n.client.naming - [shutdown,256] - com.alibaba.nacos.client.naming.cache.ServiceInfoHolder do shutdown begin
23:14:21.836 [SpringApplicationShutdownHook] INFO  c.a.n.client.naming - [shutdown,136] - com.alibaba.nacos.client.naming.backups.FailoverReactor do shutdown begin
23:14:21.836 [SpringApplicationShutdownHook] INFO  c.a.n.client.naming - [shutdown,138] - com.alibaba.nacos.client.naming.backups.FailoverReactor do shutdown stop
23:14:21.836 [SpringApplicationShutdownHook] INFO  c.a.n.client.naming - [shutdown,258] - com.alibaba.nacos.client.naming.cache.ServiceInfoHolder do shutdown stop
23:14:21.836 [SpringApplicationShutdownHook] INFO  c.a.n.client.naming - [shutdown,204] - com.alibaba.nacos.client.naming.remote.NamingClientProxyDelegate do shutdown begin
23:14:21.836 [SpringApplicationShutdownHook] INFO  c.a.n.client.naming - [shutdown,143] - com.alibaba.nacos.client.naming.core.ServiceInfoUpdateService do shutdown begin
23:14:21.836 [SpringApplicationShutdownHook] INFO  c.a.n.client.naming - [shutdown,145] - com.alibaba.nacos.client.naming.core.ServiceInfoUpdateService do shutdown stop
23:14:21.836 [SpringApplicationShutdownHook] INFO  c.a.n.client.naming - [shutdown,194] - com.alibaba.nacos.client.naming.core.ServerListManager do shutdown begin
23:14:21.836 [SpringApplicationShutdownHook] INFO  c.a.n.client.naming - [shutdown,199] - com.alibaba.nacos.client.naming.core.ServerListManager do shutdown stop
23:14:21.836 [SpringApplicationShutdownHook] INFO  c.a.n.client.naming - [shutdown,484] - com.alibaba.nacos.client.naming.remote.http.NamingHttpClientProxy do shutdown begin
23:14:21.836 [SpringApplicationShutdownHook] INFO  c.a.n.client.naming - [shutdown,486] - com.alibaba.nacos.client.naming.remote.http.NamingHttpClientProxy do shutdown stop
23:14:21.836 [SpringApplicationShutdownHook] INFO  c.a.n.c.r.client - [shutdown,429] - Shutdown rpc client, set status to shutdown
23:14:21.837 [SpringApplicationShutdownHook] INFO  c.a.n.c.r.client - [shutdown,431] - Shutdown client event executor java.util.concurrent.ScheduledThreadPoolExecutor@6b250773[Running, pool size = 2, active threads = 2, queued tasks = 0, completed tasks = 0]
23:14:21.837 [SpringApplicationShutdownHook] INFO  c.a.n.c.r.client - [closeConnection,584] - Close current connection 1777475436512_172.17.0.1_44986
23:14:21.838 [nacos-grpc-client-executor-localhost-51] INFO  c.a.n.c.r.c.g.GrpcClient - [printIfInfoEnabled,63] - [1777475436512_172.17.0.1_44986]Ignore complete event,isRunning:false,isAbandon=false
23:14:21.839 [SpringApplicationShutdownHook] INFO  c.a.n.c.r.c.g.GrpcClient - [shutdown,159] - Shutdown grpc executor java.util.concurrent.ThreadPoolExecutor@5c2430a7[Running, pool size = 4, active threads = 0, queued tasks = 0, completed tasks = 52]
23:14:21.839 [SpringApplicationShutdownHook] INFO  c.a.n.client.naming - [shutdown,318] - Shutdown grpc redo service executor java.util.concurrent.ScheduledThreadPoolExecutor@74cebdfc[Running, pool size = 1, active threads = 0, queued tasks = 1, completed tasks = 74]
23:14:21.840 [SpringApplicationShutdownHook] INFO  c.a.n.c.a.r.i.CredentialWatcher - [stop,106] - [null] CredentialWatcher is stopped
23:14:21.841 [SpringApplicationShutdownHook] INFO  c.a.n.c.a.r.i.CredentialService - [free,100] - [null] CredentialService is freed
23:14:21.841 [SpringApplicationShutdownHook] INFO  c.a.n.client.naming - [shutdown,211] - com.alibaba.nacos.client.naming.remote.NamingClientProxyDelegate do shutdown stop
23:14:21.957 [SpringApplicationShutdownHook] INFO  c.z.h.HikariDataSource - [close,350] - HikariPool-1 - Shutdown initiated...
23:14:21.962 [SpringApplicationShutdownHook] INFO  c.z.h.HikariDataSource - [close,352] - HikariPool-1 - Shutdown completed.
23:14:25.893 [main] INFO  c.a.n.c.u.ParamUtil - [<clinit>,87] - [settings] [req-serv] nacos-server port:8848
23:14:25.894 [main] INFO  c.a.n.c.u.ParamUtil - [<clinit>,98] - [settings] [http-client] connect timeout:1000
23:14:25.894 [main] INFO  c.a.n.c.u.ParamUtil - [<clinit>,105] - PER_TASK_CONFIG_SIZE: 3000.0
23:14:25.914 [main] INFO  c.a.n.p.a.s.c.ClientAuthPluginManager - [init,56] - [ClientAuthPluginManager] Load ClientAuthService com.alibaba.nacos.client.auth.impl.NacosClientAuthServiceImpl success.
23:14:25.914 [main] INFO  c.a.n.p.a.s.c.ClientAuthPluginManager - [init,56] - [ClientAuthPluginManager] Load ClientAuthService com.alibaba.nacos.client.auth.ram.RamClientAuthServiceImpl success.
23:14:25.916 [main] INFO  c.a.n.c.a.r.i.CredentialWatcher - [loadCredential,165] - null No credential found
23:14:26.122 [main] INFO  c.a.n.c.c.i.LocalConfigInfoProcessor - [<clinit>,63] - LOCAL_SNAPSHOT_PATH:C:\Users\45\nacos\config
23:14:26.125 [main] INFO  c.a.n.c.r.client - [lambda$createClient$0,108] - [RpcClientFactory] create a new rpc client of e3f58521-2d04-4b49-aedf-615860c15cb7_config-0
23:14:26.139 [main] INFO  c.a.n.c.r.client - [printIfInfoEnabled,63] - [e3f58521-2d04-4b49-aedf-615860c15cb7_config-0] Register server push request handler:com.alibaba.nacos.client.config.impl.ClientWorker$ConfigRpcTransportClient$$Lambda$576/0x0000022c15314ae8
23:14:26.140 [main] INFO  c.a.n.c.r.client - [printIfInfoEnabled,63] - [e3f58521-2d04-4b49-aedf-615860c15cb7_config-0] Register server push request handler:com.alibaba.nacos.client.config.impl.ClientWorker$ConfigRpcTransportClient$$Lambda$577/0x0000022c15314f08
23:14:26.140 [main] INFO  c.a.n.c.r.client - [printIfInfoEnabled,63] - [e3f58521-2d04-4b49-aedf-615860c15cb7_config-0] Registry connection listener to current client:com.alibaba.nacos.client.config.impl.ClientWorker$ConfigRpcTransportClient$1
23:14:26.140 [main] INFO  c.a.n.c.r.client - [printIfInfoEnabled,63] - [e3f58521-2d04-4b49-aedf-615860c15cb7_config-0] RpcClient init, ServerListFactory = com.alibaba.nacos.client.config.impl.ClientWorker$ConfigRpcTransportClient$2
23:14:26.147 [main] INFO  c.a.n.c.r.client - [printIfInfoEnabled,63] - [e3f58521-2d04-4b49-aedf-615860c15cb7_config-0] Try to connect to server on start up, server: {serverIp = 'localhost', server main port = 8848}
23:14:26.175 [main] INFO  c.a.n.c.r.c.g.GrpcClient - [createNewManagedChannel,182] - grpc client connection server:localhost ip,serverPort:9848,grpcTslConfig:{"sslProvider":"OPENSSL","enableTls":false,"mutualAuthEnable":false,"trustAll":false}
23:14:26.897 [main] INFO  c.a.n.c.r.client - [printIfInfoEnabled,63] - [e3f58521-2d04-4b49-aedf-615860c15cb7_config-0] Success to connect to server [localhost:8848] on start up, connectionId = 1777475666729_172.17.0.1_48292
23:14:26.899 [com.alibaba.nacos.client.remote.worker] INFO  c.a.n.c.r.client - [printIfInfoEnabled,63] - [e3f58521-2d04-4b49-aedf-615860c15cb7_config-0] Notify connected event to listeners.
23:14:26.899 [main] INFO  c.a.n.c.r.client - [printIfInfoEnabled,63] - [e3f58521-2d04-4b49-aedf-615860c15cb7_config-0] Register server push request handler:com.alibaba.nacos.common.remote.client.RpcClient$ConnectResetRequestHandler
23:14:26.899 [com.alibaba.nacos.client.remote.worker] INFO  c.a.n.c.c.i.ClientWorker - [onConnected,639] - [e3f58521-2d04-4b49-aedf-615860c15cb7_config-0] Connected,notify listen context...
23:14:26.899 [main] INFO  c.a.n.c.r.client - [printIfInfoEnabled,63] - [e3f58521-2d04-4b49-aedf-615860c15cb7_config-0] Register server push request handler:com.alibaba.nacos.common.remote.client.RpcClient$$Lambda$597/0x0000022c1547ba30
23:14:26.926 [main] INFO  c.a.n.c.c.i.Limiter - [<clinit>,62] - limitTime:5.0
23:14:26.948 [main] INFO  c.a.n.c.c.u.JvmUtil - [<clinit>,54] - isMultiInstance:false
23:14:26.953 [main] INFO  o.s.c.b.c.PropertySourceBootstrapConfiguration - [initialize,108] - Located property source: [BootstrapPropertySource {name='bootstrapProperties-oj-system-local.yaml,DEFAULT_GROUP'}, BootstrapPropertySource {name='bootstrapProperties-oj-system.yaml,DEFAULT_GROUP'}, BootstrapPropertySource {name='bootstrapProperties-oj-system,DEFAULT_GROUP'}]
23:14:26.957 [main] INFO  c.b.s.OjSystemApplication - [logStartupProfileInfo,636] - The following 1 profile is active: "local"
23:14:27.381 [main] INFO  o.s.d.r.c.RepositoryConfigurationDelegate - [multipleStoresDetected,294] - Multiple Spring Data modules found, entering strict repository configuration mode
23:14:27.383 [main] INFO  o.s.d.r.c.RepositoryConfigurationDelegate - [registerRepositoriesIn,138] - Bootstrapping Spring Data Redis repositories in DEFAULT mode.
23:14:27.400 [main] INFO  o.s.d.r.c.RepositoryConfigurationDelegate - [registerRepositoriesIn,208] - Finished Spring Data repository scanning in 6 ms. Found 0 Redis repository interfaces.
23:14:27.531 [main] INFO  o.s.c.c.s.GenericScope - [setSerializationId,282] - BeanFactory id=ac0d0fca-1652-3272-ada0-a0bec651632a
23:14:27.786 [main] INFO  o.s.b.w.e.t.TomcatWebServer - [initialize,108] - Tomcat initialized with port(s): 9201 (http)
23:14:27.793 [main] INFO  o.a.c.h.Http11NioProtocol - [log,173] - Initializing ProtocolHandler ["http-nio-9201"]
23:14:27.794 [main] INFO  o.a.c.c.StandardService - [log,173] - Starting service [Tomcat]
23:14:27.794 [main] INFO  o.a.c.c.StandardEngine - [log,173] - Starting Servlet engine: [Apache Tomcat/10.1.4]
23:14:27.855 [main] INFO  o.a.c.c.C.[.[.[/] - [log,173] - Initializing Spring embedded WebApplicationContext
23:14:27.855 [main] INFO  o.s.b.w.s.c.ServletWebServerApplicationContext - [prepareWebApplicationContext,291] - Root WebApplicationContext: initialization completed in 886 ms
23:14:28.965 [main] INFO  o.a.c.h.Http11NioProtocol - [log,173] - Starting ProtocolHandler ["http-nio-9201"]
23:14:28.975 [main] INFO  o.s.b.w.e.t.TomcatWebServer - [start,220] - Tomcat started on port(s): 9201 (http) with context path ''
23:14:28.978 [main] INFO  c.a.n.client.naming - [initNamespaceForNaming,62] - initializer namespace from ans.namespace attribute : null
23:14:28.979 [main] INFO  c.a.n.client.naming - [lambda$initNamespaceForNaming$0,66] - initializer namespace from ALIBABA_ALIWARE_NAMESPACE attribute :null
23:14:28.979 [main] INFO  c.a.n.client.naming - [lambda$initNamespaceForNaming$1,73] - initializer namespace from namespace attribute :null
23:14:28.985 [main] INFO  c.a.n.p.a.s.c.ClientAuthPluginManager - [init,56] - [ClientAuthPluginManager] Load ClientAuthService com.alibaba.nacos.client.auth.impl.NacosClientAuthServiceImpl success.
23:14:28.986 [main] INFO  c.a.n.p.a.s.c.ClientAuthPluginManager - [init,56] - [ClientAuthPluginManager] Load ClientAuthService com.alibaba.nacos.client.auth.ram.RamClientAuthServiceImpl success.
23:14:28.989 [main] INFO  c.a.n.c.r.client - [lambda$createClient$0,108] - [RpcClientFactory] create a new rpc client of 75c602de-b064-49f0-914c-1427277effb0
23:14:28.990 [main] INFO  c.a.n.c.r.client - [printIfInfoEnabled,63] - [75c602de-b064-49f0-914c-1427277effb0] RpcClient init, ServerListFactory = com.alibaba.nacos.client.naming.core.ServerListManager
23:14:28.990 [main] INFO  c.a.n.c.r.client - [printIfInfoEnabled,63] - [75c602de-b064-49f0-914c-1427277effb0] Registry connection listener to current client:com.alibaba.nacos.client.naming.remote.gprc.redo.NamingGrpcRedoService
23:14:28.991 [main] INFO  c.a.n.c.r.client - [printIfInfoEnabled,63] - [75c602de-b064-49f0-914c-1427277effb0] Register server push request handler:com.alibaba.nacos.client.naming.remote.gprc.NamingPushRequestHandler
23:14:28.991 [main] INFO  c.a.n.c.r.client - [printIfInfoEnabled,63] - [75c602de-b064-49f0-914c-1427277effb0] Try to connect to server on start up, server: {serverIp = 'localhost', server main port = 8848}
23:14:28.991 [main] INFO  c.a.n.c.r.c.g.GrpcClient - [createNewManagedChannel,182] - grpc client connection server:localhost ip,serverPort:9848,grpcTslConfig:{"sslProvider":"OPENSSL","enableTls":false,"mutualAuthEnable":false,"trustAll":false}
23:14:29.109 [main] INFO  c.a.n.c.r.client - [printIfInfoEnabled,63] - [75c602de-b064-49f0-914c-1427277effb0] Success to connect to server [localhost:8848] on start up, connectionId = 1777475668997_172.17.0.1_48308
23:14:29.110 [main] INFO  c.a.n.c.r.client - [printIfInfoEnabled,63] - [75c602de-b064-49f0-914c-1427277effb0] Register server push request handler:com.alibaba.nacos.common.remote.client.RpcClient$ConnectResetRequestHandler
23:14:29.110 [com.alibaba.nacos.client.remote.worker] INFO  c.a.n.c.r.client - [printIfInfoEnabled,63] - [75c602de-b064-49f0-914c-1427277effb0] Notify connected event to listeners.
23:14:29.111 [main] INFO  c.a.n.c.r.client - [printIfInfoEnabled,63] - [75c602de-b064-49f0-914c-1427277effb0] Register server push request handler:com.alibaba.nacos.common.remote.client.RpcClient$$Lambda$597/0x0000022c1547ba30
23:14:29.111 [com.alibaba.nacos.client.remote.worker] INFO  c.a.n.client.naming - [onConnected,78] - Grpc connection connect
23:14:29.114 [main] INFO  c.a.n.client.naming - [registerService,121] - [REGISTER-SERVICE] 1b411097-df3c-4cac-a649-ba6b6b22fcd4 registering service oj-system with instance Instance{instanceId='null', ip='172.20.10.6', port=9201, weight=1.0, healthy=true, enabled=true, ephemeral=true, clusterName='DEFAULT', serviceName='null', metadata={IPv6=[2409:897a:3d80:97a3:543:892d:f811:3246], preserved.register.source=SPRING_CLOUD}}
23:14:29.129 [main] INFO  c.a.c.n.r.NacosServiceRegistry - [register,76] - nacos registry, DEFAULT_GROUP oj-system 172.20.10.6:9201 register finished
23:14:29.274 [main] INFO  c.b.s.OjSystemApplication - [logStarted,57] - Started OjSystemApplication in 4.009 seconds (process running for 4.651)
23:14:29.277 [main] INFO  c.a.n.c.c.i.CacheData - [<clinit>,67] - nacos.cache.data.init.snapshot = true 
23:14:29.278 [main] INFO  c.a.n.c.c.i.ClientWorker - [addCacheDataIfAbsent,380] - [fixed-1b411097-df3c-4cac-a649-ba6b6b22fcd4-localhost_8848] [subscribe] oj-system-local.yaml+DEFAULT_GROUP+1b411097-df3c-4cac-a649-ba6b6b22fcd4
23:14:29.285 [main] INFO  c.a.n.c.c.i.CacheData - [addListener,197] - [fixed-1b411097-df3c-4cac-a649-ba6b6b22fcd4-localhost_8848] [add-listener] ok, tenant=1b411097-df3c-4cac-a649-ba6b6b22fcd4, dataId=oj-system-local.yaml, group=DEFAULT_GROUP, cnt=1
23:14:29.285 [main] INFO  c.a.c.n.r.NacosContextRefresher - [registerNacosListener,129] - [Nacos Config] Listening config: dataId=oj-system-local.yaml, group=DEFAULT_GROUP
23:14:29.286 [main] INFO  c.a.n.c.c.i.ClientWorker - [addCacheDataIfAbsent,380] - [fixed-1b411097-df3c-4cac-a649-ba6b6b22fcd4-localhost_8848] [subscribe] oj-system+DEFAULT_GROUP+1b411097-df3c-4cac-a649-ba6b6b22fcd4
23:14:29.286 [main] INFO  c.a.n.c.c.i.CacheData - [addListener,197] - [fixed-1b411097-df3c-4cac-a649-ba6b6b22fcd4-localhost_8848] [add-listener] ok, tenant=1b411097-df3c-4cac-a649-ba6b6b22fcd4, dataId=oj-system, group=DEFAULT_GROUP, cnt=1
23:14:29.286 [main] INFO  c.a.c.n.r.NacosContextRefresher - [registerNacosListener,129] - [Nacos Config] Listening config: dataId=oj-system, group=DEFAULT_GROUP
23:14:29.286 [main] INFO  c.a.n.c.c.i.ClientWorker - [addCacheDataIfAbsent,380] - [fixed-1b411097-df3c-4cac-a649-ba6b6b22fcd4-localhost_8848] [subscribe] oj-system.yaml+DEFAULT_GROUP+1b411097-df3c-4cac-a649-ba6b6b22fcd4
23:14:29.287 [main] INFO  c.a.n.c.c.i.CacheData - [addListener,197] - [fixed-1b411097-df3c-4cac-a649-ba6b6b22fcd4-localhost_8848] [add-listener] ok, tenant=1b411097-df3c-4cac-a649-ba6b6b22fcd4, dataId=oj-system.yaml, group=DEFAULT_GROUP, cnt=1
23:14:29.287 [main] INFO  c.a.c.n.r.NacosContextRefresher - [registerNacosListener,129] - [Nacos Config] Listening config: dataId=oj-system.yaml, group=DEFAULT_GROUP
23:14:35.161 [http-nio-9201-exec-1] INFO  o.a.c.c.C.[.[.[/] - [log,173] - Initializing Spring DispatcherServlet 'dispatcherServlet'
23:14:35.161 [http-nio-9201-exec-1] INFO  o.s.w.s.DispatcherServlet - [initServletBean,532] - Initializing Servlet 'dispatcherServlet'
23:14:35.162 [http-nio-9201-exec-1] INFO  o.s.w.s.DispatcherServlet - [initServletBean,554] - Completed initialization in 0 ms
23:14:35.272 [http-nio-9201-exec-1] INFO  c.z.h.HikariDataSource - [getConnection,110] - HikariPool-1 - Starting...
23:14:35.562 [http-nio-9201-exec-1] INFO  c.z.h.p.HikariPool - [checkFailFast,565] - HikariPool-1 - Added connection com.mysql.cj.jdbc.ConnectionImpl@616453a3
23:14:35.564 [http-nio-9201-exec-1] INFO  c.z.h.HikariDataSource - [getConnection,123] - HikariPool-1 - Start completed.
23:15:49.330 [SpringApplicationShutdownHook] INFO  c.a.c.n.r.NacosServiceRegistry - [deregister,95] - De-registering from Nacos Server now...
23:15:49.333 [SpringApplicationShutdownHook] INFO  c.a.n.client.naming - [deregisterService,217] - [DEREGISTER-SERVICE] 1b411097-df3c-4cac-a649-ba6b6b22fcd4 deregistering service oj-system with instance: Instance{instanceId='null', ip='172.20.10.6', port=9201, weight=1.0, healthy=true, enabled=true, ephemeral=true, clusterName='DEFAULT', serviceName='null', metadata={}}
23:15:49.337 [SpringApplicationShutdownHook] INFO  c.a.c.n.r.NacosServiceRegistry - [deregister,115] - De-registration finished.
23:15:49.338 [SpringApplicationShutdownHook] INFO  c.a.n.client.naming - [shutdown,256] - com.alibaba.nacos.client.naming.cache.ServiceInfoHolder do shutdown begin
23:15:49.339 [SpringApplicationShutdownHook] INFO  c.a.n.client.naming - [shutdown,136] - com.alibaba.nacos.client.naming.backups.FailoverReactor do shutdown begin
23:15:49.339 [SpringApplicationShutdownHook] INFO  c.a.n.client.naming - [shutdown,138] - com.alibaba.nacos.client.naming.backups.FailoverReactor do shutdown stop
23:15:49.339 [SpringApplicationShutdownHook] INFO  c.a.n.client.naming - [shutdown,258] - com.alibaba.nacos.client.naming.cache.ServiceInfoHolder do shutdown stop
23:15:49.339 [SpringApplicationShutdownHook] INFO  c.a.n.client.naming - [shutdown,204] - com.alibaba.nacos.client.naming.remote.NamingClientProxyDelegate do shutdown begin
23:15:49.339 [SpringApplicationShutdownHook] INFO  c.a.n.client.naming - [shutdown,143] - com.alibaba.nacos.client.naming.core.ServiceInfoUpdateService do shutdown begin
23:15:49.339 [SpringApplicationShutdownHook] INFO  c.a.n.client.naming - [shutdown,145] - com.alibaba.nacos.client.naming.core.ServiceInfoUpdateService do shutdown stop
23:15:49.339 [SpringApplicationShutdownHook] INFO  c.a.n.client.naming - [shutdown,194] - com.alibaba.nacos.client.naming.core.ServerListManager do shutdown begin
23:15:49.339 [SpringApplicationShutdownHook] INFO  c.a.n.client.naming - [shutdown,199] - com.alibaba.nacos.client.naming.core.ServerListManager do shutdown stop
23:15:49.339 [SpringApplicationShutdownHook] INFO  c.a.n.client.naming - [shutdown,484] - com.alibaba.nacos.client.naming.remote.http.NamingHttpClientProxy do shutdown begin
23:15:49.339 [SpringApplicationShutdownHook] INFO  c.a.n.client.naming - [shutdown,486] - com.alibaba.nacos.client.naming.remote.http.NamingHttpClientProxy do shutdown stop
23:15:49.340 [SpringApplicationShutdownHook] INFO  c.a.n.c.r.client - [shutdown,429] - Shutdown rpc client, set status to shutdown
23:15:49.340 [SpringApplicationShutdownHook] INFO  c.a.n.c.r.client - [shutdown,431] - Shutdown client event executor java.util.concurrent.ScheduledThreadPoolExecutor@b834858[Running, pool size = 2, active threads = 2, queued tasks = 0, completed tasks = 0]
23:15:49.340 [SpringApplicationShutdownHook] INFO  c.a.n.c.r.client - [closeConnection,584] - Close current connection 1777475668997_172.17.0.1_48308
23:15:49.342 [nacos-grpc-client-executor-localhost-24] INFO  c.a.n.c.r.c.g.GrpcClient - [printIfInfoEnabled,63] - [1777475668997_172.17.0.1_48308]Ignore complete event,isRunning:false,isAbandon=false
23:15:49.343 [SpringApplicationShutdownHook] INFO  c.a.n.c.r.c.g.GrpcClient - [shutdown,159] - Shutdown grpc executor java.util.concurrent.ThreadPoolExecutor@62d2edee[Running, pool size = 4, active threads = 0, queued tasks = 0, completed tasks = 25]
23:15:49.343 [SpringApplicationShutdownHook] INFO  c.a.n.client.naming - [shutdown,318] - Shutdown grpc redo service executor java.util.concurrent.ScheduledThreadPoolExecutor@2652b71[Running, pool size = 1, active threads = 0, queued tasks = 1, completed tasks = 26]
23:15:49.343 [SpringApplicationShutdownHook] INFO  c.a.n.c.a.r.i.CredentialWatcher - [stop,106] - [null] CredentialWatcher is stopped
23:15:49.344 [SpringApplicationShutdownHook] INFO  c.a.n.c.a.r.i.CredentialService - [free,100] - [null] CredentialService is freed
23:15:49.344 [SpringApplicationShutdownHook] INFO  c.a.n.client.naming - [shutdown,211] - com.alibaba.nacos.client.naming.remote.NamingClientProxyDelegate do shutdown stop
23:15:49.468 [SpringApplicationShutdownHook] INFO  c.z.h.HikariDataSource - [close,350] - HikariPool-1 - Shutdown initiated...
23:15:49.476 [SpringApplicationShutdownHook] INFO  c.z.h.HikariDataSource - [close,352] - HikariPool-1 - Shutdown completed.
23:15:52.238 [main] INFO  c.a.n.c.u.ParamUtil - [<clinit>,87] - [settings] [req-serv] nacos-server port:8848
23:15:52.238 [main] INFO  c.a.n.c.u.ParamUtil - [<clinit>,98] - [settings] [http-client] connect timeout:1000
23:15:52.239 [main] INFO  c.a.n.c.u.ParamUtil - [<clinit>,105] - PER_TASK_CONFIG_SIZE: 3000.0
23:15:52.257 [main] INFO  c.a.n.p.a.s.c.ClientAuthPluginManager - [init,56] - [ClientAuthPluginManager] Load ClientAuthService com.alibaba.nacos.client.auth.impl.NacosClientAuthServiceImpl success.
23:15:52.257 [main] INFO  c.a.n.p.a.s.c.ClientAuthPluginManager - [init,56] - [ClientAuthPluginManager] Load ClientAuthService com.alibaba.nacos.client.auth.ram.RamClientAuthServiceImpl success.
23:15:52.259 [main] INFO  c.a.n.c.a.r.i.CredentialWatcher - [loadCredential,165] - null No credential found
23:15:52.474 [main] INFO  c.a.n.c.c.i.LocalConfigInfoProcessor - [<clinit>,63] - LOCAL_SNAPSHOT_PATH:C:\Users\45\nacos\config
23:15:52.476 [main] INFO  c.a.n.c.r.client - [lambda$createClient$0,108] - [RpcClientFactory] create a new rpc client of 0e32268d-3b3f-4bd2-a759-fd8c725224fe_config-0
23:15:52.490 [main] INFO  c.a.n.c.r.client - [printIfInfoEnabled,63] - [0e32268d-3b3f-4bd2-a759-fd8c725224fe_config-0] Register server push request handler:com.alibaba.nacos.client.config.impl.ClientWorker$ConfigRpcTransportClient$$Lambda$576/0x0000016f81314ae8
23:15:52.490 [main] INFO  c.a.n.c.r.client - [printIfInfoEnabled,63] - [0e32268d-3b3f-4bd2-a759-fd8c725224fe_config-0] Register server push request handler:com.alibaba.nacos.client.config.impl.ClientWorker$ConfigRpcTransportClient$$Lambda$577/0x0000016f81314f08
23:15:52.491 [main] INFO  c.a.n.c.r.client - [printIfInfoEnabled,63] - [0e32268d-3b3f-4bd2-a759-fd8c725224fe_config-0] Registry connection listener to current client:com.alibaba.nacos.client.config.impl.ClientWorker$ConfigRpcTransportClient$1
23:15:52.491 [main] INFO  c.a.n.c.r.client - [printIfInfoEnabled,63] - [0e32268d-3b3f-4bd2-a759-fd8c725224fe_config-0] RpcClient init, ServerListFactory = com.alibaba.nacos.client.config.impl.ClientWorker$ConfigRpcTransportClient$2
23:15:52.497 [main] INFO  c.a.n.c.r.client - [printIfInfoEnabled,63] - [0e32268d-3b3f-4bd2-a759-fd8c725224fe_config-0] Try to connect to server on start up, server: {serverIp = 'localhost', server main port = 8848}
23:15:52.523 [main] INFO  c.a.n.c.r.c.g.GrpcClient - [createNewManagedChannel,182] - grpc client connection server:localhost ip,serverPort:9848,grpcTslConfig:{"sslProvider":"OPENSSL","enableTls":false,"mutualAuthEnable":false,"trustAll":false}
23:15:53.300 [main] INFO  c.a.n.c.r.client - [printIfInfoEnabled,63] - [0e32268d-3b3f-4bd2-a759-fd8c725224fe_config-0] Success to connect to server [localhost:8848] on start up, connectionId = 1777475753126_172.17.0.1_56582
23:15:53.300 [com.alibaba.nacos.client.remote.worker] INFO  c.a.n.c.r.client - [printIfInfoEnabled,63] - [0e32268d-3b3f-4bd2-a759-fd8c725224fe_config-0] Notify connected event to listeners.
23:15:53.301 [com.alibaba.nacos.client.remote.worker] INFO  c.a.n.c.c.i.ClientWorker - [onConnected,639] - [0e32268d-3b3f-4bd2-a759-fd8c725224fe_config-0] Connected,notify listen context...
23:15:53.301 [main] INFO  c.a.n.c.r.client - [printIfInfoEnabled,63] - [0e32268d-3b3f-4bd2-a759-fd8c725224fe_config-0] Register server push request handler:com.alibaba.nacos.common.remote.client.RpcClient$ConnectResetRequestHandler
23:15:53.301 [main] INFO  c.a.n.c.r.client - [printIfInfoEnabled,63] - [0e32268d-3b3f-4bd2-a759-fd8c725224fe_config-0] Register server push request handler:com.alibaba.nacos.common.remote.client.RpcClient$$Lambda$597/0x0000016f8147b780
23:15:53.328 [main] INFO  c.a.n.c.c.i.Limiter - [<clinit>,62] - limitTime:5.0
23:15:53.349 [main] INFO  c.a.n.c.c.u.JvmUtil - [<clinit>,54] - isMultiInstance:false
23:15:53.353 [main] INFO  o.s.c.b.c.PropertySourceBootstrapConfiguration - [initialize,108] - Located property source: [BootstrapPropertySource {name='bootstrapProperties-oj-system-local.yaml,DEFAULT_GROUP'}, BootstrapPropertySource {name='bootstrapProperties-oj-system.yaml,DEFAULT_GROUP'}, BootstrapPropertySource {name='bootstrapProperties-oj-system,DEFAULT_GROUP'}]
23:15:53.357 [main] INFO  c.b.s.OjSystemApplication - [logStartupProfileInfo,636] - The following 1 profile is active: "local"
23:15:53.759 [main] INFO  o.s.d.r.c.RepositoryConfigurationDelegate - [multipleStoresDetected,294] - Multiple Spring Data modules found, entering strict repository configuration mode
23:15:53.761 [main] INFO  o.s.d.r.c.RepositoryConfigurationDelegate - [registerRepositoriesIn,138] - Bootstrapping Spring Data Redis repositories in DEFAULT mode.
23:15:53.778 [main] INFO  o.s.d.r.c.RepositoryConfigurationDelegate - [registerRepositoriesIn,208] - Finished Spring Data repository scanning in 6 ms. Found 0 Redis repository interfaces.
23:15:53.906 [main] INFO  o.s.c.c.s.GenericScope - [setSerializationId,282] - BeanFactory id=ac0d0fca-1652-3272-ada0-a0bec651632a
23:15:54.164 [main] INFO  o.s.b.w.e.t.TomcatWebServer - [initialize,108] - Tomcat initialized with port(s): 9201 (http)
23:15:54.175 [main] INFO  o.a.c.h.Http11NioProtocol - [log,173] - Initializing ProtocolHandler ["http-nio-9201"]
23:15:54.176 [main] INFO  o.a.c.c.StandardService - [log,173] - Starting service [Tomcat]
23:15:54.176 [main] INFO  o.a.c.c.StandardEngine - [log,173] - Starting Servlet engine: [Apache Tomcat/10.1.4]
23:15:54.235 [main] INFO  o.a.c.c.C.[.[.[/] - [log,173] - Initializing Spring embedded WebApplicationContext
23:15:54.236 [main] INFO  o.s.b.w.s.c.ServletWebServerApplicationContext - [prepareWebApplicationContext,291] - Root WebApplicationContext: initialization completed in 868 ms
23:15:55.409 [main] INFO  o.a.c.h.Http11NioProtocol - [log,173] - Starting ProtocolHandler ["http-nio-9201"]
23:15:55.419 [main] INFO  o.s.b.w.e.t.TomcatWebServer - [start,220] - Tomcat started on port(s): 9201 (http) with context path ''
23:15:55.423 [main] INFO  c.a.n.client.naming - [initNamespaceForNaming,62] - initializer namespace from ans.namespace attribute : null
23:15:55.424 [main] INFO  c.a.n.client.naming - [lambda$initNamespaceForNaming$0,66] - initializer namespace from ALIBABA_ALIWARE_NAMESPACE attribute :null
23:15:55.424 [main] INFO  c.a.n.client.naming - [lambda$initNamespaceForNaming$1,73] - initializer namespace from namespace attribute :null
23:15:55.433 [main] INFO  c.a.n.p.a.s.c.ClientAuthPluginManager - [init,56] - [ClientAuthPluginManager] Load ClientAuthService com.alibaba.nacos.client.auth.impl.NacosClientAuthServiceImpl success.
23:15:55.433 [main] INFO  c.a.n.p.a.s.c.ClientAuthPluginManager - [init,56] - [ClientAuthPluginManager] Load ClientAuthService com.alibaba.nacos.client.auth.ram.RamClientAuthServiceImpl success.
23:15:55.438 [main] INFO  c.a.n.c.r.client - [lambda$createClient$0,108] - [RpcClientFactory] create a new rpc client of 2fed7f1d-d09e-4e5a-8344-d6bb61878431
23:15:55.440 [main] INFO  c.a.n.c.r.client - [printIfInfoEnabled,63] - [2fed7f1d-d09e-4e5a-8344-d6bb61878431] RpcClient init, ServerListFactory = com.alibaba.nacos.client.naming.core.ServerListManager
23:15:55.440 [main] INFO  c.a.n.c.r.client - [printIfInfoEnabled,63] - [2fed7f1d-d09e-4e5a-8344-d6bb61878431] Registry connection listener to current client:com.alibaba.nacos.client.naming.remote.gprc.redo.NamingGrpcRedoService
23:15:55.440 [main] INFO  c.a.n.c.r.client - [printIfInfoEnabled,63] - [2fed7f1d-d09e-4e5a-8344-d6bb61878431] Register server push request handler:com.alibaba.nacos.client.naming.remote.gprc.NamingPushRequestHandler
23:15:55.441 [main] INFO  c.a.n.c.r.client - [printIfInfoEnabled,63] - [2fed7f1d-d09e-4e5a-8344-d6bb61878431] Try to connect to server on start up, server: {serverIp = 'localhost', server main port = 8848}
23:15:55.441 [main] INFO  c.a.n.c.r.c.g.GrpcClient - [createNewManagedChannel,182] - grpc client connection server:localhost ip,serverPort:9848,grpcTslConfig:{"sslProvider":"OPENSSL","enableTls":false,"mutualAuthEnable":false,"trustAll":false}
23:15:55.562 [main] INFO  c.a.n.c.r.client - [printIfInfoEnabled,63] - [2fed7f1d-d09e-4e5a-8344-d6bb61878431] Success to connect to server [localhost:8848] on start up, connectionId = 1777475755446_172.17.0.1_56584
23:15:55.562 [main] INFO  c.a.n.c.r.client - [printIfInfoEnabled,63] - [2fed7f1d-d09e-4e5a-8344-d6bb61878431] Register server push request handler:com.alibaba.nacos.common.remote.client.RpcClient$ConnectResetRequestHandler
23:15:55.562 [com.alibaba.nacos.client.remote.worker] INFO  c.a.n.c.r.client - [printIfInfoEnabled,63] - [2fed7f1d-d09e-4e5a-8344-d6bb61878431] Notify connected event to listeners.
23:15:55.562 [main] INFO  c.a.n.c.r.client - [printIfInfoEnabled,63] - [2fed7f1d-d09e-4e5a-8344-d6bb61878431] Register server push request handler:com.alibaba.nacos.common.remote.client.RpcClient$$Lambda$597/0x0000016f8147b780
23:15:55.562 [com.alibaba.nacos.client.remote.worker] INFO  c.a.n.client.naming - [onConnected,78] - Grpc connection connect
23:15:55.564 [main] INFO  c.a.n.client.naming - [registerService,121] - [REGISTER-SERVICE] 1b411097-df3c-4cac-a649-ba6b6b22fcd4 registering service oj-system with instance Instance{instanceId='null', ip='172.20.10.6', port=9201, weight=1.0, healthy=true, enabled=true, ephemeral=true, clusterName='DEFAULT', serviceName='null', metadata={IPv6=[2409:897a:3d80:97a3:543:892d:f811:3246], preserved.register.source=SPRING_CLOUD}}
23:15:55.599 [main] INFO  c.a.c.n.r.NacosServiceRegistry - [register,76] - nacos registry, DEFAULT_GROUP oj-system 172.20.10.6:9201 register finished
23:15:55.868 [main] INFO  c.b.s.OjSystemApplication - [logStarted,57] - Started OjSystemApplication in 4.272 seconds (process running for 4.908)
23:15:55.874 [main] INFO  c.a.n.c.c.i.CacheData - [<clinit>,67] - nacos.cache.data.init.snapshot = true 
23:15:55.875 [main] INFO  c.a.n.c.c.i.ClientWorker - [addCacheDataIfAbsent,380] - [fixed-1b411097-df3c-4cac-a649-ba6b6b22fcd4-localhost_8848] [subscribe] oj-system-local.yaml+DEFAULT_GROUP+1b411097-df3c-4cac-a649-ba6b6b22fcd4
23:15:55.884 [main] INFO  c.a.n.c.c.i.CacheData - [addListener,197] - [fixed-1b411097-df3c-4cac-a649-ba6b6b22fcd4-localhost_8848] [add-listener] ok, tenant=1b411097-df3c-4cac-a649-ba6b6b22fcd4, dataId=oj-system-local.yaml, group=DEFAULT_GROUP, cnt=1
23:15:55.884 [main] INFO  c.a.c.n.r.NacosContextRefresher - [registerNacosListener,129] - [Nacos Config] Listening config: dataId=oj-system-local.yaml, group=DEFAULT_GROUP
23:15:55.885 [main] INFO  c.a.n.c.c.i.ClientWorker - [addCacheDataIfAbsent,380] - [fixed-1b411097-df3c-4cac-a649-ba6b6b22fcd4-localhost_8848] [subscribe] oj-system+DEFAULT_GROUP+1b411097-df3c-4cac-a649-ba6b6b22fcd4
23:15:55.885 [main] INFO  c.a.n.c.c.i.CacheData - [addListener,197] - [fixed-1b411097-df3c-4cac-a649-ba6b6b22fcd4-localhost_8848] [add-listener] ok, tenant=1b411097-df3c-4cac-a649-ba6b6b22fcd4, dataId=oj-system, group=DEFAULT_GROUP, cnt=1
23:15:55.886 [main] INFO  c.a.c.n.r.NacosContextRefresher - [registerNacosListener,129] - [Nacos Config] Listening config: dataId=oj-system, group=DEFAULT_GROUP
23:15:55.886 [main] INFO  c.a.n.c.c.i.ClientWorker - [addCacheDataIfAbsent,380] - [fixed-1b411097-df3c-4cac-a649-ba6b6b22fcd4-localhost_8848] [subscribe] oj-system.yaml+DEFAULT_GROUP+1b411097-df3c-4cac-a649-ba6b6b22fcd4
23:15:55.887 [main] INFO  c.a.n.c.c.i.CacheData - [addListener,197] - [fixed-1b411097-df3c-4cac-a649-ba6b6b22fcd4-localhost_8848] [add-listener] ok, tenant=1b411097-df3c-4cac-a649-ba6b6b22fcd4, dataId=oj-system.yaml, group=DEFAULT_GROUP, cnt=1
23:15:55.887 [main] INFO  c.a.c.n.r.NacosContextRefresher - [registerNacosListener,129] - [Nacos Config] Listening config: dataId=oj-system.yaml, group=DEFAULT_GROUP
23:16:10.196 [http-nio-9201-exec-3] INFO  o.a.c.c.C.[.[.[/] - [log,173] - Initializing Spring DispatcherServlet 'dispatcherServlet'
23:16:10.197 [http-nio-9201-exec-3] INFO  o.s.w.s.DispatcherServlet - [initServletBean,532] - Initializing Servlet 'dispatcherServlet'
23:16:10.198 [http-nio-9201-exec-3] INFO  o.s.w.s.DispatcherServlet - [initServletBean,554] - Completed initialization in 1 ms
23:16:10.359 [http-nio-9201-exec-3] INFO  c.z.h.HikariDataSource - [getConnection,110] - HikariPool-1 - Starting...
23:16:10.650 [http-nio-9201-exec-3] INFO  c.z.h.p.HikariPool - [checkFailFast,565] - HikariPool-1 - Added connection com.mysql.cj.jdbc.ConnectionImpl@550997d3
23:16:10.652 [http-nio-9201-exec-3] INFO  c.z.h.HikariDataSource - [getConnection,123] - HikariPool-1 - Start completed.
23:16:49.106 [SpringApplicationShutdownHook] INFO  c.a.c.n.r.NacosServiceRegistry - [deregister,95] - De-registering from Nacos Server now...
23:16:49.106 [SpringApplicationShutdownHook] INFO  c.a.n.client.naming - [deregisterService,217] - [DEREGISTER-SERVICE] 1b411097-df3c-4cac-a649-ba6b6b22fcd4 deregistering service oj-system with instance: Instance{instanceId='null', ip='172.20.10.6', port=9201, weight=1.0, healthy=true, enabled=true, ephemeral=true, clusterName='DEFAULT', serviceName='null', metadata={}}
23:16:49.110 [SpringApplicationShutdownHook] INFO  c.a.c.n.r.NacosServiceRegistry - [deregister,115] - De-registration finished.
23:16:49.110 [SpringApplicationShutdownHook] INFO  c.a.n.client.naming - [shutdown,256] - com.alibaba.nacos.client.naming.cache.ServiceInfoHolder do shutdown begin
23:16:49.110 [SpringApplicationShutdownHook] INFO  c.a.n.client.naming - [shutdown,136] - com.alibaba.nacos.client.naming.backups.FailoverReactor do shutdown begin
23:16:49.110 [SpringApplicationShutdownHook] INFO  c.a.n.client.naming - [shutdown,138] - com.alibaba.nacos.client.naming.backups.FailoverReactor do shutdown stop
23:16:49.110 [SpringApplicationShutdownHook] INFO  c.a.n.client.naming - [shutdown,258] - com.alibaba.nacos.client.naming.cache.ServiceInfoHolder do shutdown stop
23:16:49.110 [SpringApplicationShutdownHook] INFO  c.a.n.client.naming - [shutdown,204] - com.alibaba.nacos.client.naming.remote.NamingClientProxyDelegate do shutdown begin
23:16:49.110 [SpringApplicationShutdownHook] INFO  c.a.n.client.naming - [shutdown,143] - com.alibaba.nacos.client.naming.core.ServiceInfoUpdateService do shutdown begin
23:16:49.110 [SpringApplicationShutdownHook] INFO  c.a.n.client.naming - [shutdown,145] - com.alibaba.nacos.client.naming.core.ServiceInfoUpdateService do shutdown stop
23:16:49.110 [SpringApplicationShutdownHook] INFO  c.a.n.client.naming - [shutdown,194] - com.alibaba.nacos.client.naming.core.ServerListManager do shutdown begin
23:16:49.110 [SpringApplicationShutdownHook] INFO  c.a.n.client.naming - [shutdown,199] - com.alibaba.nacos.client.naming.core.ServerListManager do shutdown stop
23:16:49.111 [SpringApplicationShutdownHook] INFO  c.a.n.client.naming - [shutdown,484] - com.alibaba.nacos.client.naming.remote.http.NamingHttpClientProxy do shutdown begin
23:16:49.111 [SpringApplicationShutdownHook] INFO  c.a.n.client.naming - [shutdown,486] - com.alibaba.nacos.client.naming.remote.http.NamingHttpClientProxy do shutdown stop
23:16:49.111 [SpringApplicationShutdownHook] INFO  c.a.n.c.r.client - [shutdown,429] - Shutdown rpc client, set status to shutdown
23:16:49.111 [SpringApplicationShutdownHook] INFO  c.a.n.c.r.client - [shutdown,431] - Shutdown client event executor java.util.concurrent.ScheduledThreadPoolExecutor@be40fd4[Running, pool size = 2, active threads = 2, queued tasks = 0, completed tasks = 0]
23:16:49.111 [SpringApplicationShutdownHook] INFO  c.a.n.c.r.client - [closeConnection,584] - Close current connection 1777475755446_172.17.0.1_56584
23:16:49.113 [nacos-grpc-client-executor-localhost-18] INFO  c.a.n.c.r.c.g.GrpcClient - [printIfInfoEnabled,63] - [1777475755446_172.17.0.1_56584]Ignore complete event,isRunning:false,isAbandon=false
23:16:49.114 [SpringApplicationShutdownHook] INFO  c.a.n.c.r.c.g.GrpcClient - [shutdown,159] - Shutdown grpc executor java.util.concurrent.ThreadPoolExecutor@3d0ef48a[Running, pool size = 4, active threads = 0, queued tasks = 0, completed tasks = 19]
23:16:49.114 [SpringApplicationShutdownHook] INFO  c.a.n.client.naming - [shutdown,318] - Shutdown grpc redo service executor java.util.concurrent.ScheduledThreadPoolExecutor@50d9b63b[Running, pool size = 1, active threads = 0, queued tasks = 1, completed tasks = 17]
23:16:49.114 [SpringApplicationShutdownHook] INFO  c.a.n.c.a.r.i.CredentialWatcher - [stop,106] - [null] CredentialWatcher is stopped
23:16:49.114 [SpringApplicationShutdownHook] INFO  c.a.n.c.a.r.i.CredentialService - [free,100] - [null] CredentialService is freed
23:16:49.114 [SpringApplicationShutdownHook] INFO  c.a.n.client.naming - [shutdown,211] - com.alibaba.nacos.client.naming.remote.NamingClientProxyDelegate do shutdown stop
23:16:49.227 [SpringApplicationShutdownHook] INFO  c.z.h.HikariDataSource - [close,350] - HikariPool-1 - Shutdown initiated...
23:16:49.233 [SpringApplicationShutdownHook] INFO  c.z.h.HikariDataSource - [close,352] - HikariPool-1 - Shutdown completed.
23:16:53.605 [main] INFO  c.a.n.c.u.ParamUtil - [<clinit>,87] - [settings] [req-serv] nacos-server port:8848
23:16:53.606 [main] INFO  c.a.n.c.u.ParamUtil - [<clinit>,98] - [settings] [http-client] connect timeout:1000
23:16:53.607 [main] INFO  c.a.n.c.u.ParamUtil - [<clinit>,105] - PER_TASK_CONFIG_SIZE: 3000.0
23:16:53.626 [main] INFO  c.a.n.p.a.s.c.ClientAuthPluginManager - [init,56] - [ClientAuthPluginManager] Load ClientAuthService com.alibaba.nacos.client.auth.impl.NacosClientAuthServiceImpl success.
23:16:53.626 [main] INFO  c.a.n.p.a.s.c.ClientAuthPluginManager - [init,56] - [ClientAuthPluginManager] Load ClientAuthService com.alibaba.nacos.client.auth.ram.RamClientAuthServiceImpl success.
23:16:53.628 [main] INFO  c.a.n.c.a.r.i.CredentialWatcher - [loadCredential,165] - null No credential found
23:16:53.865 [main] INFO  c.a.n.c.c.i.LocalConfigInfoProcessor - [<clinit>,63] - LOCAL_SNAPSHOT_PATH:C:\Users\45\nacos\config
23:16:53.868 [main] INFO  c.a.n.c.r.client - [lambda$createClient$0,108] - [RpcClientFactory] create a new rpc client of eab3429a-52fa-4761-907e-8696e8788f8c_config-0
23:16:53.881 [main] INFO  c.a.n.c.r.client - [printIfInfoEnabled,63] - [eab3429a-52fa-4761-907e-8696e8788f8c_config-0] Register server push request handler:com.alibaba.nacos.client.config.impl.ClientWorker$ConfigRpcTransportClient$$Lambda$576/0x000001accd3158c8
23:16:53.881 [main] INFO  c.a.n.c.r.client - [printIfInfoEnabled,63] - [eab3429a-52fa-4761-907e-8696e8788f8c_config-0] Register server push request handler:com.alibaba.nacos.client.config.impl.ClientWorker$ConfigRpcTransportClient$$Lambda$577/0x000001accd315ce8
23:16:53.882 [main] INFO  c.a.n.c.r.client - [printIfInfoEnabled,63] - [eab3429a-52fa-4761-907e-8696e8788f8c_config-0] Registry connection listener to current client:com.alibaba.nacos.client.config.impl.ClientWorker$ConfigRpcTransportClient$1
23:16:53.882 [main] INFO  c.a.n.c.r.client - [printIfInfoEnabled,63] - [eab3429a-52fa-4761-907e-8696e8788f8c_config-0] RpcClient init, ServerListFactory = com.alibaba.nacos.client.config.impl.ClientWorker$ConfigRpcTransportClient$2
23:16:53.888 [main] INFO  c.a.n.c.r.client - [printIfInfoEnabled,63] - [eab3429a-52fa-4761-907e-8696e8788f8c_config-0] Try to connect to server on start up, server: {serverIp = 'localhost', server main port = 8848}
23:16:53.914 [main] INFO  c.a.n.c.r.c.g.GrpcClient - [createNewManagedChannel,182] - grpc client connection server:localhost ip,serverPort:9848,grpcTslConfig:{"sslProvider":"OPENSSL","enableTls":false,"mutualAuthEnable":false,"trustAll":false}
23:16:54.648 [main] INFO  c.a.n.c.r.client - [printIfInfoEnabled,63] - [eab3429a-52fa-4761-907e-8696e8788f8c_config-0] Success to connect to server [localhost:8848] on start up, connectionId = 1777475814461_172.17.0.1_58170
23:16:54.649 [com.alibaba.nacos.client.remote.worker] INFO  c.a.n.c.r.client - [printIfInfoEnabled,63] - [eab3429a-52fa-4761-907e-8696e8788f8c_config-0] Notify connected event to listeners.
23:16:54.649 [main] INFO  c.a.n.c.r.client - [printIfInfoEnabled,63] - [eab3429a-52fa-4761-907e-8696e8788f8c_config-0] Register server push request handler:com.alibaba.nacos.common.remote.client.RpcClient$ConnectResetRequestHandler
23:16:54.649 [com.alibaba.nacos.client.remote.worker] INFO  c.a.n.c.c.i.ClientWorker - [onConnected,639] - [eab3429a-52fa-4761-907e-8696e8788f8c_config-0] Connected,notify listen context...
23:16:54.649 [main] INFO  c.a.n.c.r.client - [printIfInfoEnabled,63] - [eab3429a-52fa-4761-907e-8696e8788f8c_config-0] Register server push request handler:com.alibaba.nacos.common.remote.client.RpcClient$$Lambda$597/0x000001accd47d1a0
23:16:54.676 [main] INFO  c.a.n.c.c.i.Limiter - [<clinit>,62] - limitTime:5.0
23:16:54.695 [main] INFO  c.a.n.c.c.u.JvmUtil - [<clinit>,54] - isMultiInstance:false
23:16:54.699 [main] INFO  o.s.c.b.c.PropertySourceBootstrapConfiguration - [initialize,108] - Located property source: [BootstrapPropertySource {name='bootstrapProperties-oj-system-local.yaml,DEFAULT_GROUP'}, BootstrapPropertySource {name='bootstrapProperties-oj-system.yaml,DEFAULT_GROUP'}, BootstrapPropertySource {name='bootstrapProperties-oj-system,DEFAULT_GROUP'}]
23:16:54.702 [main] INFO  c.b.s.OjSystemApplication - [logStartupProfileInfo,636] - The following 1 profile is active: "local"
23:16:55.110 [main] INFO  o.s.d.r.c.RepositoryConfigurationDelegate - [multipleStoresDetected,294] - Multiple Spring Data modules found, entering strict repository configuration mode
23:16:55.112 [main] INFO  o.s.d.r.c.RepositoryConfigurationDelegate - [registerRepositoriesIn,138] - Bootstrapping Spring Data Redis repositories in DEFAULT mode.
23:16:55.129 [main] INFO  o.s.d.r.c.RepositoryConfigurationDelegate - [registerRepositoriesIn,208] - Finished Spring Data repository scanning in 6 ms. Found 0 Redis repository interfaces.
23:16:55.257 [main] INFO  o.s.c.c.s.GenericScope - [setSerializationId,282] - BeanFactory id=ac0d0fca-1652-3272-ada0-a0bec651632a
23:16:55.508 [main] INFO  o.s.b.w.e.t.TomcatWebServer - [initialize,108] - Tomcat initialized with port(s): 9201 (http)
23:16:55.515 [main] INFO  o.a.c.h.Http11NioProtocol - [log,173] - Initializing ProtocolHandler ["http-nio-9201"]
23:16:55.516 [main] INFO  o.a.c.c.StandardService - [log,173] - Starting service [Tomcat]
23:16:55.516 [main] INFO  o.a.c.c.StandardEngine - [log,173] - Starting Servlet engine: [Apache Tomcat/10.1.4]
23:16:55.575 [main] INFO  o.a.c.c.C.[.[.[/] - [log,173] - Initializing Spring embedded WebApplicationContext
23:16:55.575 [main] INFO  o.s.b.w.s.c.ServletWebServerApplicationContext - [prepareWebApplicationContext,291] - Root WebApplicationContext: initialization completed in 861 ms
23:16:56.659 [main] INFO  o.a.c.h.Http11NioProtocol - [log,173] - Starting ProtocolHandler ["http-nio-9201"]
23:16:56.668 [main] INFO  o.s.b.w.e.t.TomcatWebServer - [start,220] - Tomcat started on port(s): 9201 (http) with context path ''
23:16:56.671 [main] INFO  c.a.n.client.naming - [initNamespaceForNaming,62] - initializer namespace from ans.namespace attribute : null
23:16:56.672 [main] INFO  c.a.n.client.naming - [lambda$initNamespaceForNaming$0,66] - initializer namespace from ALIBABA_ALIWARE_NAMESPACE attribute :null
23:16:56.672 [main] INFO  c.a.n.client.naming - [lambda$initNamespaceForNaming$1,73] - initializer namespace from namespace attribute :null
23:16:56.679 [main] INFO  c.a.n.p.a.s.c.ClientAuthPluginManager - [init,56] - [ClientAuthPluginManager] Load ClientAuthService com.alibaba.nacos.client.auth.impl.NacosClientAuthServiceImpl success.
23:16:56.679 [main] INFO  c.a.n.p.a.s.c.ClientAuthPluginManager - [init,56] - [ClientAuthPluginManager] Load ClientAuthService com.alibaba.nacos.client.auth.ram.RamClientAuthServiceImpl success.
23:16:56.682 [main] INFO  c.a.n.c.r.client - [lambda$createClient$0,108] - [RpcClientFactory] create a new rpc client of 3f649288-d1a1-471f-b42a-0706f6df030a
23:16:56.683 [main] INFO  c.a.n.c.r.client - [printIfInfoEnabled,63] - [3f649288-d1a1-471f-b42a-0706f6df030a] RpcClient init, ServerListFactory = com.alibaba.nacos.client.naming.core.ServerListManager
23:16:56.684 [main] INFO  c.a.n.c.r.client - [printIfInfoEnabled,63] - [3f649288-d1a1-471f-b42a-0706f6df030a] Registry connection listener to current client:com.alibaba.nacos.client.naming.remote.gprc.redo.NamingGrpcRedoService
23:16:56.684 [main] INFO  c.a.n.c.r.client - [printIfInfoEnabled,63] - [3f649288-d1a1-471f-b42a-0706f6df030a] Register server push request handler:com.alibaba.nacos.client.naming.remote.gprc.NamingPushRequestHandler
23:16:56.684 [main] INFO  c.a.n.c.r.client - [printIfInfoEnabled,63] - [3f649288-d1a1-471f-b42a-0706f6df030a] Try to connect to server on start up, server: {serverIp = 'localhost', server main port = 8848}
23:16:56.684 [main] INFO  c.a.n.c.r.c.g.GrpcClient - [createNewManagedChannel,182] - grpc client connection server:localhost ip,serverPort:9848,grpcTslConfig:{"sslProvider":"OPENSSL","enableTls":false,"mutualAuthEnable":false,"trustAll":false}
23:16:56.805 [main] INFO  c.a.n.c.r.client - [printIfInfoEnabled,63] - [3f649288-d1a1-471f-b42a-0706f6df030a] Success to connect to server [localhost:8848] on start up, connectionId = 1777475816690_172.17.0.1_58180
23:16:56.805 [main] INFO  c.a.n.c.r.client - [printIfInfoEnabled,63] - [3f649288-d1a1-471f-b42a-0706f6df030a] Register server push request handler:com.alibaba.nacos.common.remote.client.RpcClient$ConnectResetRequestHandler
23:16:56.805 [com.alibaba.nacos.client.remote.worker] INFO  c.a.n.c.r.client - [printIfInfoEnabled,63] - [3f649288-d1a1-471f-b42a-0706f6df030a] Notify connected event to listeners.
23:16:56.805 [com.alibaba.nacos.client.remote.worker] INFO  c.a.n.client.naming - [onConnected,78] - Grpc connection connect
23:16:56.805 [main] INFO  c.a.n.c.r.client - [printIfInfoEnabled,63] - [3f649288-d1a1-471f-b42a-0706f6df030a] Register server push request handler:com.alibaba.nacos.common.remote.client.RpcClient$$Lambda$597/0x000001accd47d1a0
23:16:56.807 [main] INFO  c.a.n.client.naming - [registerService,121] - [REGISTER-SERVICE] 1b411097-df3c-4cac-a649-ba6b6b22fcd4 registering service oj-system with instance Instance{instanceId='null', ip='172.20.10.6', port=9201, weight=1.0, healthy=true, enabled=true, ephemeral=true, clusterName='DEFAULT', serviceName='null', metadata={IPv6=[2409:897a:3d80:97a3:543:892d:f811:3246], preserved.register.source=SPRING_CLOUD}}
23:16:56.819 [main] INFO  c.a.c.n.r.NacosServiceRegistry - [register,76] - nacos registry, DEFAULT_GROUP oj-system 172.20.10.6:9201 register finished
23:16:56.978 [main] INFO  c.b.s.OjSystemApplication - [logStarted,57] - Started OjSystemApplication in 3.998 seconds (process running for 4.613)
23:16:56.982 [main] INFO  c.a.n.c.c.i.CacheData - [<clinit>,67] - nacos.cache.data.init.snapshot = true 
23:16:56.983 [main] INFO  c.a.n.c.c.i.ClientWorker - [addCacheDataIfAbsent,380] - [fixed-1b411097-df3c-4cac-a649-ba6b6b22fcd4-localhost_8848] [subscribe] oj-system-local.yaml+DEFAULT_GROUP+1b411097-df3c-4cac-a649-ba6b6b22fcd4
23:16:56.990 [main] INFO  c.a.n.c.c.i.CacheData - [addListener,197] - [fixed-1b411097-df3c-4cac-a649-ba6b6b22fcd4-localhost_8848] [add-listener] ok, tenant=1b411097-df3c-4cac-a649-ba6b6b22fcd4, dataId=oj-system-local.yaml, group=DEFAULT_GROUP, cnt=1
23:16:56.990 [main] INFO  c.a.c.n.r.NacosContextRefresher - [registerNacosListener,129] - [Nacos Config] Listening config: dataId=oj-system-local.yaml, group=DEFAULT_GROUP
23:16:56.991 [main] INFO  c.a.n.c.c.i.ClientWorker - [addCacheDataIfAbsent,380] - [fixed-1b411097-df3c-4cac-a649-ba6b6b22fcd4-localhost_8848] [subscribe] oj-system+DEFAULT_GROUP+1b411097-df3c-4cac-a649-ba6b6b22fcd4
23:16:56.991 [main] INFO  c.a.n.c.c.i.CacheData - [addListener,197] - [fixed-1b411097-df3c-4cac-a649-ba6b6b22fcd4-localhost_8848] [add-listener] ok, tenant=1b411097-df3c-4cac-a649-ba6b6b22fcd4, dataId=oj-system, group=DEFAULT_GROUP, cnt=1
23:16:56.991 [main] INFO  c.a.c.n.r.NacosContextRefresher - [registerNacosListener,129] - [Nacos Config] Listening config: dataId=oj-system, group=DEFAULT_GROUP
23:16:56.991 [main] INFO  c.a.n.c.c.i.ClientWorker - [addCacheDataIfAbsent,380] - [fixed-1b411097-df3c-4cac-a649-ba6b6b22fcd4-localhost_8848] [subscribe] oj-system.yaml+DEFAULT_GROUP+1b411097-df3c-4cac-a649-ba6b6b22fcd4
23:16:56.992 [main] INFO  c.a.n.c.c.i.CacheData - [addListener,197] - [fixed-1b411097-df3c-4cac-a649-ba6b6b22fcd4-localhost_8848] [add-listener] ok, tenant=1b411097-df3c-4cac-a649-ba6b6b22fcd4, dataId=oj-system.yaml, group=DEFAULT_GROUP, cnt=1
23:16:56.992 [main] INFO  c.a.c.n.r.NacosContextRefresher - [registerNacosListener,129] - [Nacos Config] Listening config: dataId=oj-system.yaml, group=DEFAULT_GROUP
23:17:07.067 [http-nio-9201-exec-1] INFO  o.a.c.c.C.[.[.[/] - [log,173] - Initializing Spring DispatcherServlet 'dispatcherServlet'
23:17:07.068 [http-nio-9201-exec-1] INFO  o.s.w.s.DispatcherServlet - [initServletBean,532] - Initializing Servlet 'dispatcherServlet'
23:17:07.068 [http-nio-9201-exec-1] INFO  o.s.w.s.DispatcherServlet - [initServletBean,554] - Completed initialization in 0 ms
23:20:12.010 [http-nio-9201-exec-1] INFO  c.z.h.HikariDataSource - [getConnection,110] - HikariPool-1 - Starting...
23:20:12.210 [http-nio-9201-exec-1] INFO  c.z.h.p.HikariPool - [checkFailFast,565] - HikariPool-1 - Added connection com.mysql.cj.jdbc.ConnectionImpl@4fed54c1
23:20:12.211 [http-nio-9201-exec-1] INFO  c.z.h.HikariDataSource - [getConnection,123] - HikariPool-1 - Start completed.
23:20:12.324 [SpringApplicationShutdownHook] INFO  c.a.c.n.r.NacosServiceRegistry - [deregister,95] - De-registering from Nacos Server now...
23:20:12.324 [SpringApplicationShutdownHook] INFO  c.a.n.client.naming - [deregisterService,217] - [DEREGISTER-SERVICE] 1b411097-df3c-4cac-a649-ba6b6b22fcd4 deregistering service oj-system with instance: Instance{instanceId='null', ip='172.20.10.6', port=9201, weight=1.0, healthy=true, enabled=true, ephemeral=true, clusterName='DEFAULT', serviceName='null', metadata={}}
23:20:12.328 [SpringApplicationShutdownHook] INFO  c.a.c.n.r.NacosServiceRegistry - [deregister,115] - De-registration finished.
23:20:12.329 [SpringApplicationShutdownHook] INFO  c.a.n.client.naming - [shutdown,256] - com.alibaba.nacos.client.naming.cache.ServiceInfoHolder do shutdown begin
23:20:12.329 [SpringApplicationShutdownHook] INFO  c.a.n.client.naming - [shutdown,136] - com.alibaba.nacos.client.naming.backups.FailoverReactor do shutdown begin
23:20:12.329 [SpringApplicationShutdownHook] INFO  c.a.n.client.naming - [shutdown,138] - com.alibaba.nacos.client.naming.backups.FailoverReactor do shutdown stop
23:20:12.329 [SpringApplicationShutdownHook] INFO  c.a.n.client.naming - [shutdown,258] - com.alibaba.nacos.client.naming.cache.ServiceInfoHolder do shutdown stop
23:20:12.329 [SpringApplicationShutdownHook] INFO  c.a.n.client.naming - [shutdown,204] - com.alibaba.nacos.client.naming.remote.NamingClientProxyDelegate do shutdown begin
23:20:12.329 [SpringApplicationShutdownHook] INFO  c.a.n.client.naming - [shutdown,143] - com.alibaba.nacos.client.naming.core.ServiceInfoUpdateService do shutdown begin
23:20:12.329 [SpringApplicationShutdownHook] INFO  c.a.n.client.naming - [shutdown,145] - com.alibaba.nacos.client.naming.core.ServiceInfoUpdateService do shutdown stop
23:20:12.329 [SpringApplicationShutdownHook] INFO  c.a.n.client.naming - [shutdown,194] - com.alibaba.nacos.client.naming.core.ServerListManager do shutdown begin
23:20:12.330 [SpringApplicationShutdownHook] INFO  c.a.n.client.naming - [shutdown,199] - com.alibaba.nacos.client.naming.core.ServerListManager do shutdown stop
23:20:12.330 [SpringApplicationShutdownHook] INFO  c.a.n.client.naming - [shutdown,484] - com.alibaba.nacos.client.naming.remote.http.NamingHttpClientProxy do shutdown begin
23:20:12.330 [SpringApplicationShutdownHook] INFO  c.a.n.client.naming - [shutdown,486] - com.alibaba.nacos.client.naming.remote.http.NamingHttpClientProxy do shutdown stop
23:20:12.330 [SpringApplicationShutdownHook] INFO  c.a.n.c.r.client - [shutdown,429] - Shutdown rpc client, set status to shutdown
23:20:12.330 [SpringApplicationShutdownHook] INFO  c.a.n.c.r.client - [shutdown,431] - Shutdown client event executor java.util.concurrent.ScheduledThreadPoolExecutor@44d5084d[Running, pool size = 2, active threads = 2, queued tasks = 0, completed tasks = 0]
23:20:12.330 [SpringApplicationShutdownHook] INFO  c.a.n.c.r.client - [closeConnection,584] - Close current connection 1777475816690_172.17.0.1_58180
23:20:12.332 [nacos-grpc-client-executor-localhost-12] INFO  c.a.n.c.r.c.g.GrpcClient - [printIfInfoEnabled,63] - [1777475816690_172.17.0.1_58180]Ignore complete event,isRunning:false,isAbandon=false
23:20:12.333 [SpringApplicationShutdownHook] INFO  c.a.n.c.r.c.g.GrpcClient - [shutdown,159] - Shutdown grpc executor java.util.concurrent.ThreadPoolExecutor@39f7e6d9[Running, pool size = 4, active threads = 0, queued tasks = 0, completed tasks = 13]
23:20:12.334 [SpringApplicationShutdownHook] INFO  c.a.n.client.naming - [shutdown,318] - Shutdown grpc redo service executor java.util.concurrent.ScheduledThreadPoolExecutor@27559fa1[Running, pool size = 1, active threads = 0, queued tasks = 1, completed tasks = 7]
23:20:12.334 [SpringApplicationShutdownHook] INFO  c.a.n.c.a.r.i.CredentialWatcher - [stop,106] - [null] CredentialWatcher is stopped
23:20:12.334 [SpringApplicationShutdownHook] INFO  c.a.n.c.a.r.i.CredentialService - [free,100] - [null] CredentialService is freed
23:20:12.334 [SpringApplicationShutdownHook] INFO  c.a.n.client.naming - [shutdown,211] - com.alibaba.nacos.client.naming.remote.NamingClientProxyDelegate do shutdown stop
23:20:12.459 [SpringApplicationShutdownHook] INFO  c.z.h.HikariDataSource - [close,350] - HikariPool-1 - Shutdown initiated...
23:20:12.503 [SpringApplicationShutdownHook] INFO  c.z.h.HikariDataSource - [close,352] - HikariPool-1 - Shutdown completed.
23:20:28.693 [main] INFO  c.a.n.c.u.ParamUtil - [<clinit>,87] - [settings] [req-serv] nacos-server port:8848
23:20:28.693 [main] INFO  c.a.n.c.u.ParamUtil - [<clinit>,98] - [settings] [http-client] connect timeout:1000
23:20:28.694 [main] INFO  c.a.n.c.u.ParamUtil - [<clinit>,105] - PER_TASK_CONFIG_SIZE: 3000.0
23:20:28.713 [main] INFO  c.a.n.p.a.s.c.ClientAuthPluginManager - [init,56] - [ClientAuthPluginManager] Load ClientAuthService com.alibaba.nacos.client.auth.impl.NacosClientAuthServiceImpl success.
23:20:28.713 [main] INFO  c.a.n.p.a.s.c.ClientAuthPluginManager - [init,56] - [ClientAuthPluginManager] Load ClientAuthService com.alibaba.nacos.client.auth.ram.RamClientAuthServiceImpl success.
23:20:28.715 [main] INFO  c.a.n.c.a.r.i.CredentialWatcher - [loadCredential,165] - null No credential found
23:20:28.920 [main] INFO  c.a.n.c.c.i.LocalConfigInfoProcessor - [<clinit>,63] - LOCAL_SNAPSHOT_PATH:C:\Users\45\nacos\config
23:20:28.923 [main] INFO  c.a.n.c.r.client - [lambda$createClient$0,108] - [RpcClientFactory] create a new rpc client of aa147924-b9f7-4ba7-ba9c-f817840b401a_config-0
23:20:28.937 [main] INFO  c.a.n.c.r.client - [printIfInfoEnabled,63] - [aa147924-b9f7-4ba7-ba9c-f817840b401a_config-0] Register server push request handler:com.alibaba.nacos.client.config.impl.ClientWorker$ConfigRpcTransportClient$$Lambda$576/0x000001d081314fb8
23:20:28.937 [main] INFO  c.a.n.c.r.client - [printIfInfoEnabled,63] - [aa147924-b9f7-4ba7-ba9c-f817840b401a_config-0] Register server push request handler:com.alibaba.nacos.client.config.impl.ClientWorker$ConfigRpcTransportClient$$Lambda$577/0x000001d0813153d8
23:20:28.938 [main] INFO  c.a.n.c.r.client - [printIfInfoEnabled,63] - [aa147924-b9f7-4ba7-ba9c-f817840b401a_config-0] Registry connection listener to current client:com.alibaba.nacos.client.config.impl.ClientWorker$ConfigRpcTransportClient$1
23:20:28.938 [main] INFO  c.a.n.c.r.client - [printIfInfoEnabled,63] - [aa147924-b9f7-4ba7-ba9c-f817840b401a_config-0] RpcClient init, ServerListFactory = com.alibaba.nacos.client.config.impl.ClientWorker$ConfigRpcTransportClient$2
23:20:28.945 [main] INFO  c.a.n.c.r.client - [printIfInfoEnabled,63] - [aa147924-b9f7-4ba7-ba9c-f817840b401a_config-0] Try to connect to server on start up, server: {serverIp = 'localhost', server main port = 8848}
23:20:28.972 [main] INFO  c.a.n.c.r.c.g.GrpcClient - [createNewManagedChannel,182] - grpc client connection server:localhost ip,serverPort:9848,grpcTslConfig:{"sslProvider":"OPENSSL","enableTls":false,"mutualAuthEnable":false,"trustAll":false}
23:20:29.776 [main] INFO  c.a.n.c.r.client - [printIfInfoEnabled,63] - [aa147924-b9f7-4ba7-ba9c-f817840b401a_config-0] Success to connect to server [localhost:8848] on start up, connectionId = 1777476029600_172.17.0.1_42630
23:20:29.777 [com.alibaba.nacos.client.remote.worker] INFO  c.a.n.c.r.client - [printIfInfoEnabled,63] - [aa147924-b9f7-4ba7-ba9c-f817840b401a_config-0] Notify connected event to listeners.
23:20:29.777 [com.alibaba.nacos.client.remote.worker] INFO  c.a.n.c.c.i.ClientWorker - [onConnected,639] - [aa147924-b9f7-4ba7-ba9c-f817840b401a_config-0] Connected,notify listen context...
23:20:29.777 [main] INFO  c.a.n.c.r.client - [printIfInfoEnabled,63] - [aa147924-b9f7-4ba7-ba9c-f817840b401a_config-0] Register server push request handler:com.alibaba.nacos.common.remote.client.RpcClient$ConnectResetRequestHandler
23:20:29.777 [main] INFO  c.a.n.c.r.client - [printIfInfoEnabled,63] - [aa147924-b9f7-4ba7-ba9c-f817840b401a_config-0] Register server push request handler:com.alibaba.nacos.common.remote.client.RpcClient$$Lambda$597/0x000001d08147bc38
23:20:29.806 [main] INFO  c.a.n.c.c.i.Limiter - [<clinit>,62] - limitTime:5.0
23:20:29.839 [main] INFO  c.a.n.c.c.u.JvmUtil - [<clinit>,54] - isMultiInstance:false
23:20:29.844 [main] INFO  o.s.c.b.c.PropertySourceBootstrapConfiguration - [initialize,108] - Located property source: [BootstrapPropertySource {name='bootstrapProperties-oj-system-local.yaml,DEFAULT_GROUP'}, BootstrapPropertySource {name='bootstrapProperties-oj-system.yaml,DEFAULT_GROUP'}, BootstrapPropertySource {name='bootstrapProperties-oj-system,DEFAULT_GROUP'}]
23:20:29.848 [main] INFO  c.b.s.OjSystemApplication - [logStartupProfileInfo,636] - The following 1 profile is active: "local"
23:20:30.262 [main] INFO  o.s.d.r.c.RepositoryConfigurationDelegate - [multipleStoresDetected,294] - Multiple Spring Data modules found, entering strict repository configuration mode
23:20:30.264 [main] INFO  o.s.d.r.c.RepositoryConfigurationDelegate - [registerRepositoriesIn,138] - Bootstrapping Spring Data Redis repositories in DEFAULT mode.
23:20:30.280 [main] INFO  o.s.d.r.c.RepositoryConfigurationDelegate - [registerRepositoriesIn,208] - Finished Spring Data repository scanning in 6 ms. Found 0 Redis repository interfaces.
23:20:30.408 [main] INFO  o.s.c.c.s.GenericScope - [setSerializationId,282] - BeanFactory id=ac0d0fca-1652-3272-ada0-a0bec651632a
23:20:30.670 [main] INFO  o.s.b.w.e.t.TomcatWebServer - [initialize,108] - Tomcat initialized with port(s): 9201 (http)
23:20:30.677 [main] INFO  o.a.c.h.Http11NioProtocol - [log,173] - Initializing ProtocolHandler ["http-nio-9201"]
23:20:30.677 [main] INFO  o.a.c.c.StandardService - [log,173] - Starting service [Tomcat]
23:20:30.677 [main] INFO  o.a.c.c.StandardEngine - [log,173] - Starting Servlet engine: [Apache Tomcat/10.1.4]
23:20:30.735 [main] INFO  o.a.c.c.C.[.[.[/] - [log,173] - Initializing Spring embedded WebApplicationContext
23:20:30.735 [main] INFO  o.s.b.w.s.c.ServletWebServerApplicationContext - [prepareWebApplicationContext,291] - Root WebApplicationContext: initialization completed in 876 ms
23:20:31.838 [main] INFO  o.a.c.h.Http11NioProtocol - [log,173] - Starting ProtocolHandler ["http-nio-9201"]
23:20:31.847 [main] INFO  o.s.b.w.e.t.TomcatWebServer - [start,220] - Tomcat started on port(s): 9201 (http) with context path ''
23:20:31.850 [main] INFO  c.a.n.client.naming - [initNamespaceForNaming,62] - initializer namespace from ans.namespace attribute : null
23:20:31.851 [main] INFO  c.a.n.client.naming - [lambda$initNamespaceForNaming$0,66] - initializer namespace from ALIBABA_ALIWARE_NAMESPACE attribute :null
23:20:31.852 [main] INFO  c.a.n.client.naming - [lambda$initNamespaceForNaming$1,73] - initializer namespace from namespace attribute :null
23:20:31.858 [main] INFO  c.a.n.p.a.s.c.ClientAuthPluginManager - [init,56] - [ClientAuthPluginManager] Load ClientAuthService com.alibaba.nacos.client.auth.impl.NacosClientAuthServiceImpl success.
23:20:31.858 [main] INFO  c.a.n.p.a.s.c.ClientAuthPluginManager - [init,56] - [ClientAuthPluginManager] Load ClientAuthService com.alibaba.nacos.client.auth.ram.RamClientAuthServiceImpl success.
23:20:31.861 [main] INFO  c.a.n.c.r.client - [lambda$createClient$0,108] - [RpcClientFactory] create a new rpc client of eea88956-1081-4788-aae5-c8ca3eda0310
23:20:31.862 [main] INFO  c.a.n.c.r.client - [printIfInfoEnabled,63] - [eea88956-1081-4788-aae5-c8ca3eda0310] RpcClient init, ServerListFactory = com.alibaba.nacos.client.naming.core.ServerListManager
23:20:31.862 [main] INFO  c.a.n.c.r.client - [printIfInfoEnabled,63] - [eea88956-1081-4788-aae5-c8ca3eda0310] Registry connection listener to current client:com.alibaba.nacos.client.naming.remote.gprc.redo.NamingGrpcRedoService
23:20:31.862 [main] INFO  c.a.n.c.r.client - [printIfInfoEnabled,63] - [eea88956-1081-4788-aae5-c8ca3eda0310] Register server push request handler:com.alibaba.nacos.client.naming.remote.gprc.NamingPushRequestHandler
23:20:31.863 [main] INFO  c.a.n.c.r.client - [printIfInfoEnabled,63] - [eea88956-1081-4788-aae5-c8ca3eda0310] Try to connect to server on start up, server: {serverIp = 'localhost', server main port = 8848}
23:20:31.863 [main] INFO  c.a.n.c.r.c.g.GrpcClient - [createNewManagedChannel,182] - grpc client connection server:localhost ip,serverPort:9848,grpcTslConfig:{"sslProvider":"OPENSSL","enableTls":false,"mutualAuthEnable":false,"trustAll":false}
23:20:31.986 [main] INFO  c.a.n.c.r.client - [printIfInfoEnabled,63] - [eea88956-1081-4788-aae5-c8ca3eda0310] Success to connect to server [localhost:8848] on start up, connectionId = 1777476031868_172.17.0.1_42638
23:20:31.987 [com.alibaba.nacos.client.remote.worker] INFO  c.a.n.c.r.client - [printIfInfoEnabled,63] - [eea88956-1081-4788-aae5-c8ca3eda0310] Notify connected event to listeners.
23:20:31.987 [com.alibaba.nacos.client.remote.worker] INFO  c.a.n.client.naming - [onConnected,78] - Grpc connection connect
23:20:31.987 [main] INFO  c.a.n.c.r.client - [printIfInfoEnabled,63] - [eea88956-1081-4788-aae5-c8ca3eda0310] Register server push request handler:com.alibaba.nacos.common.remote.client.RpcClient$ConnectResetRequestHandler
23:20:31.987 [main] INFO  c.a.n.c.r.client - [printIfInfoEnabled,63] - [eea88956-1081-4788-aae5-c8ca3eda0310] Register server push request handler:com.alibaba.nacos.common.remote.client.RpcClient$$Lambda$597/0x000001d08147bc38
23:20:31.990 [main] INFO  c.a.n.client.naming - [registerService,121] - [REGISTER-SERVICE] 1b411097-df3c-4cac-a649-ba6b6b22fcd4 registering service oj-system with instance Instance{instanceId='null', ip='172.20.10.6', port=9201, weight=1.0, healthy=true, enabled=true, ephemeral=true, clusterName='DEFAULT', serviceName='null', metadata={IPv6=[2409:897a:3d80:97a3:543:892d:f811:3246], preserved.register.source=SPRING_CLOUD}}
23:20:32.003 [main] INFO  c.a.c.n.r.NacosServiceRegistry - [register,76] - nacos registry, DEFAULT_GROUP oj-system 172.20.10.6:9201 register finished
23:20:32.151 [main] INFO  c.b.s.OjSystemApplication - [logStarted,57] - Started OjSystemApplication in 4.133 seconds (process running for 4.896)
23:20:32.154 [main] INFO  c.a.n.c.c.i.CacheData - [<clinit>,67] - nacos.cache.data.init.snapshot = true 
23:20:32.155 [main] INFO  c.a.n.c.c.i.ClientWorker - [addCacheDataIfAbsent,380] - [fixed-1b411097-df3c-4cac-a649-ba6b6b22fcd4-localhost_8848] [subscribe] oj-system-local.yaml+DEFAULT_GROUP+1b411097-df3c-4cac-a649-ba6b6b22fcd4
23:20:32.160 [main] INFO  c.a.n.c.c.i.CacheData - [addListener,197] - [fixed-1b411097-df3c-4cac-a649-ba6b6b22fcd4-localhost_8848] [add-listener] ok, tenant=1b411097-df3c-4cac-a649-ba6b6b22fcd4, dataId=oj-system-local.yaml, group=DEFAULT_GROUP, cnt=1
23:20:32.161 [main] INFO  c.a.c.n.r.NacosContextRefresher - [registerNacosListener,129] - [Nacos Config] Listening config: dataId=oj-system-local.yaml, group=DEFAULT_GROUP
23:20:32.161 [main] INFO  c.a.n.c.c.i.ClientWorker - [addCacheDataIfAbsent,380] - [fixed-1b411097-df3c-4cac-a649-ba6b6b22fcd4-localhost_8848] [subscribe] oj-system+DEFAULT_GROUP+1b411097-df3c-4cac-a649-ba6b6b22fcd4
23:20:32.161 [main] INFO  c.a.n.c.c.i.CacheData - [addListener,197] - [fixed-1b411097-df3c-4cac-a649-ba6b6b22fcd4-localhost_8848] [add-listener] ok, tenant=1b411097-df3c-4cac-a649-ba6b6b22fcd4, dataId=oj-system, group=DEFAULT_GROUP, cnt=1
23:20:32.161 [main] INFO  c.a.c.n.r.NacosContextRefresher - [registerNacosListener,129] - [Nacos Config] Listening config: dataId=oj-system, group=DEFAULT_GROUP
23:20:32.162 [main] INFO  c.a.n.c.c.i.ClientWorker - [addCacheDataIfAbsent,380] - [fixed-1b411097-df3c-4cac-a649-ba6b6b22fcd4-localhost_8848] [subscribe] oj-system.yaml+DEFAULT_GROUP+1b411097-df3c-4cac-a649-ba6b6b22fcd4
23:20:32.162 [main] INFO  c.a.n.c.c.i.CacheData - [addListener,197] - [fixed-1b411097-df3c-4cac-a649-ba6b6b22fcd4-localhost_8848] [add-listener] ok, tenant=1b411097-df3c-4cac-a649-ba6b6b22fcd4, dataId=oj-system.yaml, group=DEFAULT_GROUP, cnt=1
23:20:32.162 [main] INFO  c.a.c.n.r.NacosContextRefresher - [registerNacosListener,129] - [Nacos Config] Listening config: dataId=oj-system.yaml, group=DEFAULT_GROUP
23:21:30.076 [http-nio-9201-exec-1] INFO  o.a.c.c.C.[.[.[/] - [log,173] - Initializing Spring DispatcherServlet 'dispatcherServlet'
23:21:30.077 [http-nio-9201-exec-1] INFO  o.s.w.s.DispatcherServlet - [initServletBean,532] - Initializing Servlet 'dispatcherServlet'
23:21:30.078 [http-nio-9201-exec-1] INFO  o.s.w.s.DispatcherServlet - [initServletBean,554] - Completed initialization in 1 ms
23:21:30.174 [http-nio-9201-exec-1] INFO  c.z.h.HikariDataSource - [getConnection,110] - HikariPool-1 - Starting...
23:21:30.430 [http-nio-9201-exec-1] INFO  c.z.h.p.HikariPool - [checkFailFast,565] - HikariPool-1 - Added connection com.mysql.cj.jdbc.ConnectionImpl@6255318e
23:21:30.431 [http-nio-9201-exec-1] INFO  c.z.h.HikariDataSource - [getConnection,123] - HikariPool-1 - Start completed.
23:25:12.902 [SpringApplicationShutdownHook] INFO  c.a.c.n.r.NacosServiceRegistry - [deregister,95] - De-registering from Nacos Server now...
23:25:12.902 [SpringApplicationShutdownHook] INFO  c.a.n.client.naming - [deregisterService,217] - [DEREGISTER-SERVICE] 1b411097-df3c-4cac-a649-ba6b6b22fcd4 deregistering service oj-system with instance: Instance{instanceId='null', ip='172.20.10.6', port=9201, weight=1.0, healthy=true, enabled=true, ephemeral=true, clusterName='DEFAULT', serviceName='null', metadata={}}
23:25:12.905 [SpringApplicationShutdownHook] INFO  c.a.c.n.r.NacosServiceRegistry - [deregister,115] - De-registration finished.
23:25:12.906 [SpringApplicationShutdownHook] INFO  c.a.n.client.naming - [shutdown,256] - com.alibaba.nacos.client.naming.cache.ServiceInfoHolder do shutdown begin
23:25:12.906 [SpringApplicationShutdownHook] INFO  c.a.n.client.naming - [shutdown,136] - com.alibaba.nacos.client.naming.backups.FailoverReactor do shutdown begin
23:25:12.906 [SpringApplicationShutdownHook] INFO  c.a.n.client.naming - [shutdown,138] - com.alibaba.nacos.client.naming.backups.FailoverReactor do shutdown stop
23:25:12.906 [SpringApplicationShutdownHook] INFO  c.a.n.client.naming - [shutdown,258] - com.alibaba.nacos.client.naming.cache.ServiceInfoHolder do shutdown stop
23:25:12.906 [SpringApplicationShutdownHook] INFO  c.a.n.client.naming - [shutdown,204] - com.alibaba.nacos.client.naming.remote.NamingClientProxyDelegate do shutdown begin
23:25:12.906 [SpringApplicationShutdownHook] INFO  c.a.n.client.naming - [shutdown,143] - com.alibaba.nacos.client.naming.core.ServiceInfoUpdateService do shutdown begin
23:25:12.906 [SpringApplicationShutdownHook] INFO  c.a.n.client.naming - [shutdown,145] - com.alibaba.nacos.client.naming.core.ServiceInfoUpdateService do shutdown stop
23:25:12.906 [SpringApplicationShutdownHook] INFO  c.a.n.client.naming - [shutdown,194] - com.alibaba.nacos.client.naming.core.ServerListManager do shutdown begin
23:25:12.906 [SpringApplicationShutdownHook] INFO  c.a.n.client.naming - [shutdown,199] - com.alibaba.nacos.client.naming.core.ServerListManager do shutdown stop
23:25:12.907 [SpringApplicationShutdownHook] INFO  c.a.n.client.naming - [shutdown,484] - com.alibaba.nacos.client.naming.remote.http.NamingHttpClientProxy do shutdown begin
23:25:12.907 [SpringApplicationShutdownHook] INFO  c.a.n.client.naming - [shutdown,486] - com.alibaba.nacos.client.naming.remote.http.NamingHttpClientProxy do shutdown stop
23:25:12.907 [SpringApplicationShutdownHook] INFO  c.a.n.c.r.client - [shutdown,429] - Shutdown rpc client, set status to shutdown
23:25:12.907 [SpringApplicationShutdownHook] INFO  c.a.n.c.r.client - [shutdown,431] - Shutdown client event executor java.util.concurrent.ScheduledThreadPoolExecutor@29c5b42d[Running, pool size = 2, active threads = 2, queued tasks = 0, completed tasks = 0]
23:25:12.907 [SpringApplicationShutdownHook] INFO  c.a.n.c.r.client - [closeConnection,584] - Close current connection 1777476031868_172.17.0.1_42638
23:25:12.908 [nacos-grpc-client-executor-localhost-53] INFO  c.a.n.c.r.c.g.GrpcClient - [printIfInfoEnabled,63] - [1777476031868_172.17.0.1_42638]Ignore complete event,isRunning:false,isAbandon=false
23:25:12.909 [SpringApplicationShutdownHook] INFO  c.a.n.c.r.c.g.GrpcClient - [shutdown,159] - Shutdown grpc executor java.util.concurrent.ThreadPoolExecutor@3b8b295b[Running, pool size = 3, active threads = 0, queued tasks = 0, completed tasks = 54]
23:25:12.909 [SpringApplicationShutdownHook] INFO  c.a.n.client.naming - [shutdown,318] - Shutdown grpc redo service executor java.util.concurrent.ScheduledThreadPoolExecutor@639f8494[Running, pool size = 1, active threads = 0, queued tasks = 1, completed tasks = 67]
23:25:12.910 [SpringApplicationShutdownHook] INFO  c.a.n.c.a.r.i.CredentialWatcher - [stop,106] - [null] CredentialWatcher is stopped
23:25:12.910 [SpringApplicationShutdownHook] INFO  c.a.n.c.a.r.i.CredentialService - [free,100] - [null] CredentialService is freed
23:25:12.910 [SpringApplicationShutdownHook] INFO  c.a.n.client.naming - [shutdown,211] - com.alibaba.nacos.client.naming.remote.NamingClientProxyDelegate do shutdown stop
23:25:13.030 [SpringApplicationShutdownHook] INFO  c.z.h.HikariDataSource - [close,350] - HikariPool-1 - Shutdown initiated...
23:25:13.034 [SpringApplicationShutdownHook] INFO  c.z.h.HikariDataSource - [close,352] - HikariPool-1 - Shutdown completed.
23:25:17.238 [main] INFO  c.a.n.c.u.ParamUtil - [<clinit>,87] - [settings] [req-serv] nacos-server port:8848
23:25:17.238 [main] INFO  c.a.n.c.u.ParamUtil - [<clinit>,98] - [settings] [http-client] connect timeout:1000
23:25:17.239 [main] INFO  c.a.n.c.u.ParamUtil - [<clinit>,105] - PER_TASK_CONFIG_SIZE: 3000.0
23:25:17.258 [main] INFO  c.a.n.p.a.s.c.ClientAuthPluginManager - [init,56] - [ClientAuthPluginManager] Load ClientAuthService com.alibaba.nacos.client.auth.impl.NacosClientAuthServiceImpl success.
23:25:17.260 [main] INFO  c.a.n.p.a.s.c.ClientAuthPluginManager - [init,56] - [ClientAuthPluginManager] Load ClientAuthService com.alibaba.nacos.client.auth.ram.RamClientAuthServiceImpl success.
23:25:17.261 [main] INFO  c.a.n.c.a.r.i.CredentialWatcher - [loadCredential,165] - null No credential found
23:25:17.474 [main] INFO  c.a.n.c.c.i.LocalConfigInfoProcessor - [<clinit>,63] - LOCAL_SNAPSHOT_PATH:C:\Users\45\nacos\config
23:25:17.477 [main] INFO  c.a.n.c.r.client - [lambda$createClient$0,108] - [RpcClientFactory] create a new rpc client of f9dbfca7-dcce-4ec8-ab9b-295cd8aa888c_config-0
23:25:17.491 [main] INFO  c.a.n.c.r.client - [printIfInfoEnabled,63] - [f9dbfca7-dcce-4ec8-ab9b-295cd8aa888c_config-0] Register server push request handler:com.alibaba.nacos.client.config.impl.ClientWorker$ConfigRpcTransportClient$$Lambda$564/0x0000022b9930cfb8
23:25:17.492 [main] INFO  c.a.n.c.r.client - [printIfInfoEnabled,63] - [f9dbfca7-dcce-4ec8-ab9b-295cd8aa888c_config-0] Register server push request handler:com.alibaba.nacos.client.config.impl.ClientWorker$ConfigRpcTransportClient$$Lambda$565/0x0000022b9930d3d8
23:25:17.492 [main] INFO  c.a.n.c.r.client - [printIfInfoEnabled,63] - [f9dbfca7-dcce-4ec8-ab9b-295cd8aa888c_config-0] Registry connection listener to current client:com.alibaba.nacos.client.config.impl.ClientWorker$ConfigRpcTransportClient$1
23:25:17.493 [main] INFO  c.a.n.c.r.client - [printIfInfoEnabled,63] - [f9dbfca7-dcce-4ec8-ab9b-295cd8aa888c_config-0] RpcClient init, ServerListFactory = com.alibaba.nacos.client.config.impl.ClientWorker$ConfigRpcTransportClient$2
23:25:17.499 [main] INFO  c.a.n.c.r.client - [printIfInfoEnabled,63] - [f9dbfca7-dcce-4ec8-ab9b-295cd8aa888c_config-0] Try to connect to server on start up, server: {serverIp = 'localhost', server main port = 8848}
23:25:17.529 [main] INFO  c.a.n.c.r.c.g.GrpcClient - [createNewManagedChannel,182] - grpc client connection server:localhost ip,serverPort:9848,grpcTslConfig:{"sslProvider":"OPENSSL","enableTls":false,"mutualAuthEnable":false,"trustAll":false}
23:25:18.262 [main] INFO  c.a.n.c.r.client - [printIfInfoEnabled,63] - [f9dbfca7-dcce-4ec8-ab9b-295cd8aa888c_config-0] Success to connect to server [localhost:8848] on start up, connectionId = 1777476318086_172.17.0.1_58018
23:25:18.264 [com.alibaba.nacos.client.remote.worker] INFO  c.a.n.c.r.client - [printIfInfoEnabled,63] - [f9dbfca7-dcce-4ec8-ab9b-295cd8aa888c_config-0] Notify connected event to listeners.
23:25:18.265 [main] INFO  c.a.n.c.r.client - [printIfInfoEnabled,63] - [f9dbfca7-dcce-4ec8-ab9b-295cd8aa888c_config-0] Register server push request handler:com.alibaba.nacos.common.remote.client.RpcClient$ConnectResetRequestHandler
23:25:18.265 [com.alibaba.nacos.client.remote.worker] INFO  c.a.n.c.c.i.ClientWorker - [onConnected,639] - [f9dbfca7-dcce-4ec8-ab9b-295cd8aa888c_config-0] Connected,notify listen context...
23:25:18.266 [main] INFO  c.a.n.c.r.client - [printIfInfoEnabled,63] - [f9dbfca7-dcce-4ec8-ab9b-295cd8aa888c_config-0] Register server push request handler:com.alibaba.nacos.common.remote.client.RpcClient$$Lambda$597/0x0000022b9947bc38
23:25:18.293 [main] INFO  c.a.n.c.c.i.Limiter - [<clinit>,62] - limitTime:5.0
23:25:18.313 [main] INFO  c.a.n.c.c.u.JvmUtil - [<clinit>,54] - isMultiInstance:false
23:25:18.317 [main] INFO  o.s.c.b.c.PropertySourceBootstrapConfiguration - [initialize,108] - Located property source: [BootstrapPropertySource {name='bootstrapProperties-oj-system-local.yaml,DEFAULT_GROUP'}, BootstrapPropertySource {name='bootstrapProperties-oj-system.yaml,DEFAULT_GROUP'}, BootstrapPropertySource {name='bootstrapProperties-oj-system,DEFAULT_GROUP'}]
23:25:18.321 [main] INFO  c.b.s.OjSystemApplication - [logStartupProfileInfo,636] - The following 1 profile is active: "local"
23:25:18.735 [main] INFO  o.s.d.r.c.RepositoryConfigurationDelegate - [multipleStoresDetected,294] - Multiple Spring Data modules found, entering strict repository configuration mode
23:25:18.737 [main] INFO  o.s.d.r.c.RepositoryConfigurationDelegate - [registerRepositoriesIn,138] - Bootstrapping Spring Data Redis repositories in DEFAULT mode.
23:25:18.753 [main] INFO  o.s.d.r.c.RepositoryConfigurationDelegate - [registerRepositoriesIn,208] - Finished Spring Data repository scanning in 6 ms. Found 0 Redis repository interfaces.
23:25:18.885 [main] INFO  o.s.c.c.s.GenericScope - [setSerializationId,282] - BeanFactory id=ac0d0fca-1652-3272-ada0-a0bec651632a
23:25:19.139 [main] INFO  o.s.b.w.e.t.TomcatWebServer - [initialize,108] - Tomcat initialized with port(s): 9201 (http)
23:25:19.145 [main] INFO  o.a.c.h.Http11NioProtocol - [log,173] - Initializing ProtocolHandler ["http-nio-9201"]
23:25:19.146 [main] INFO  o.a.c.c.StandardService - [log,173] - Starting service [Tomcat]
23:25:19.146 [main] INFO  o.a.c.c.StandardEngine - [log,173] - Starting Servlet engine: [Apache Tomcat/10.1.4]
23:25:19.207 [main] INFO  o.a.c.c.C.[.[.[/] - [log,173] - Initializing Spring embedded WebApplicationContext
23:25:19.207 [main] INFO  o.s.b.w.s.c.ServletWebServerApplicationContext - [prepareWebApplicationContext,291] - Root WebApplicationContext: initialization completed in 874 ms
23:25:20.313 [main] INFO  o.a.c.h.Http11NioProtocol - [log,173] - Starting ProtocolHandler ["http-nio-9201"]
23:25:20.323 [main] INFO  o.s.b.w.e.t.TomcatWebServer - [start,220] - Tomcat started on port(s): 9201 (http) with context path ''
23:25:20.327 [main] INFO  c.a.n.client.naming - [initNamespaceForNaming,62] - initializer namespace from ans.namespace attribute : null
23:25:20.327 [main] INFO  c.a.n.client.naming - [lambda$initNamespaceForNaming$0,66] - initializer namespace from ALIBABA_ALIWARE_NAMESPACE attribute :null
23:25:20.327 [main] INFO  c.a.n.client.naming - [lambda$initNamespaceForNaming$1,73] - initializer namespace from namespace attribute :null
23:25:20.333 [main] INFO  c.a.n.p.a.s.c.ClientAuthPluginManager - [init,56] - [ClientAuthPluginManager] Load ClientAuthService com.alibaba.nacos.client.auth.impl.NacosClientAuthServiceImpl success.
23:25:20.334 [main] INFO  c.a.n.p.a.s.c.ClientAuthPluginManager - [init,56] - [ClientAuthPluginManager] Load ClientAuthService com.alibaba.nacos.client.auth.ram.RamClientAuthServiceImpl success.
23:25:20.337 [main] INFO  c.a.n.c.r.client - [lambda$createClient$0,108] - [RpcClientFactory] create a new rpc client of bdac5ad0-b204-43f9-b1c6-6354bd928884
23:25:20.338 [main] INFO  c.a.n.c.r.client - [printIfInfoEnabled,63] - [bdac5ad0-b204-43f9-b1c6-6354bd928884] RpcClient init, ServerListFactory = com.alibaba.nacos.client.naming.core.ServerListManager
23:25:20.338 [main] INFO  c.a.n.c.r.client - [printIfInfoEnabled,63] - [bdac5ad0-b204-43f9-b1c6-6354bd928884] Registry connection listener to current client:com.alibaba.nacos.client.naming.remote.gprc.redo.NamingGrpcRedoService
23:25:20.338 [main] INFO  c.a.n.c.r.client - [printIfInfoEnabled,63] - [bdac5ad0-b204-43f9-b1c6-6354bd928884] Register server push request handler:com.alibaba.nacos.client.naming.remote.gprc.NamingPushRequestHandler
23:25:20.339 [main] INFO  c.a.n.c.r.client - [printIfInfoEnabled,63] - [bdac5ad0-b204-43f9-b1c6-6354bd928884] Try to connect to server on start up, server: {serverIp = 'localhost', server main port = 8848}
23:25:20.339 [main] INFO  c.a.n.c.r.c.g.GrpcClient - [createNewManagedChannel,182] - grpc client connection server:localhost ip,serverPort:9848,grpcTslConfig:{"sslProvider":"OPENSSL","enableTls":false,"mutualAuthEnable":false,"trustAll":false}
23:25:20.461 [main] INFO  c.a.n.c.r.client - [printIfInfoEnabled,63] - [bdac5ad0-b204-43f9-b1c6-6354bd928884] Success to connect to server [localhost:8848] on start up, connectionId = 1777476320344_172.17.0.1_44698
23:25:20.462 [main] INFO  c.a.n.c.r.client - [printIfInfoEnabled,63] - [bdac5ad0-b204-43f9-b1c6-6354bd928884] Register server push request handler:com.alibaba.nacos.common.remote.client.RpcClient$ConnectResetRequestHandler
23:25:20.463 [com.alibaba.nacos.client.remote.worker] INFO  c.a.n.c.r.client - [printIfInfoEnabled,63] - [bdac5ad0-b204-43f9-b1c6-6354bd928884] Notify connected event to listeners.
23:25:20.465 [com.alibaba.nacos.client.remote.worker] INFO  c.a.n.client.naming - [onConnected,78] - Grpc connection connect
23:25:20.465 [main] INFO  c.a.n.c.r.client - [printIfInfoEnabled,63] - [bdac5ad0-b204-43f9-b1c6-6354bd928884] Register server push request handler:com.alibaba.nacos.common.remote.client.RpcClient$$Lambda$597/0x0000022b9947bc38
23:25:20.468 [main] INFO  c.a.n.client.naming - [registerService,121] - [REGISTER-SERVICE] 1b411097-df3c-4cac-a649-ba6b6b22fcd4 registering service oj-system with instance Instance{instanceId='null', ip='172.20.10.6', port=9201, weight=1.0, healthy=true, enabled=true, ephemeral=true, clusterName='DEFAULT', serviceName='null', metadata={IPv6=[2409:897a:3d80:97a3:543:892d:f811:3246], preserved.register.source=SPRING_CLOUD}}
23:25:20.478 [main] INFO  c.a.c.n.r.NacosServiceRegistry - [register,76] - nacos registry, DEFAULT_GROUP oj-system 172.20.10.6:9201 register finished
23:25:20.615 [main] INFO  c.b.s.OjSystemApplication - [logStarted,57] - Started OjSystemApplication in 4.0 seconds (process running for 4.683)
23:25:20.618 [main] INFO  c.a.n.c.c.i.CacheData - [<clinit>,67] - nacos.cache.data.init.snapshot = true 
23:25:20.619 [main] INFO  c.a.n.c.c.i.ClientWorker - [addCacheDataIfAbsent,380] - [fixed-1b411097-df3c-4cac-a649-ba6b6b22fcd4-localhost_8848] [subscribe] oj-system-local.yaml+DEFAULT_GROUP+1b411097-df3c-4cac-a649-ba6b6b22fcd4
23:25:20.624 [main] INFO  c.a.n.c.c.i.CacheData - [addListener,197] - [fixed-1b411097-df3c-4cac-a649-ba6b6b22fcd4-localhost_8848] [add-listener] ok, tenant=1b411097-df3c-4cac-a649-ba6b6b22fcd4, dataId=oj-system-local.yaml, group=DEFAULT_GROUP, cnt=1
23:25:20.624 [main] INFO  c.a.c.n.r.NacosContextRefresher - [registerNacosListener,129] - [Nacos Config] Listening config: dataId=oj-system-local.yaml, group=DEFAULT_GROUP
23:25:20.625 [main] INFO  c.a.n.c.c.i.ClientWorker - [addCacheDataIfAbsent,380] - [fixed-1b411097-df3c-4cac-a649-ba6b6b22fcd4-localhost_8848] [subscribe] oj-system+DEFAULT_GROUP+1b411097-df3c-4cac-a649-ba6b6b22fcd4
23:25:20.625 [main] INFO  c.a.n.c.c.i.CacheData - [addListener,197] - [fixed-1b411097-df3c-4cac-a649-ba6b6b22fcd4-localhost_8848] [add-listener] ok, tenant=1b411097-df3c-4cac-a649-ba6b6b22fcd4, dataId=oj-system, group=DEFAULT_GROUP, cnt=1
23:25:20.626 [main] INFO  c.a.c.n.r.NacosContextRefresher - [registerNacosListener,129] - [Nacos Config] Listening config: dataId=oj-system, group=DEFAULT_GROUP
23:25:20.627 [main] INFO  c.a.n.c.c.i.ClientWorker - [addCacheDataIfAbsent,380] - [fixed-1b411097-df3c-4cac-a649-ba6b6b22fcd4-localhost_8848] [subscribe] oj-system.yaml+DEFAULT_GROUP+1b411097-df3c-4cac-a649-ba6b6b22fcd4
23:25:20.627 [main] INFO  c.a.n.c.c.i.CacheData - [addListener,197] - [fixed-1b411097-df3c-4cac-a649-ba6b6b22fcd4-localhost_8848] [add-listener] ok, tenant=1b411097-df3c-4cac-a649-ba6b6b22fcd4, dataId=oj-system.yaml, group=DEFAULT_GROUP, cnt=1
23:25:20.627 [main] INFO  c.a.c.n.r.NacosContextRefresher - [registerNacosListener,129] - [Nacos Config] Listening config: dataId=oj-system.yaml, group=DEFAULT_GROUP
23:25:34.854 [http-nio-9201-exec-2] INFO  o.a.c.c.C.[.[.[/] - [log,173] - Initializing Spring DispatcherServlet 'dispatcherServlet'
23:25:34.854 [http-nio-9201-exec-2] INFO  o.s.w.s.DispatcherServlet - [initServletBean,532] - Initializing Servlet 'dispatcherServlet'
23:25:34.856 [http-nio-9201-exec-2] INFO  o.s.w.s.DispatcherServlet - [initServletBean,554] - Completed initialization in 0 ms
23:25:34.966 [http-nio-9201-exec-2] INFO  c.z.h.HikariDataSource - [getConnection,110] - HikariPool-1 - Starting...
23:25:35.199 [http-nio-9201-exec-2] INFO  c.z.h.p.HikariPool - [checkFailFast,565] - HikariPool-1 - Added connection com.mysql.cj.jdbc.ConnectionImpl@1238787e
23:25:35.201 [http-nio-9201-exec-2] INFO  c.z.h.HikariDataSource - [getConnection,123] - HikariPool-1 - Start completed.
23:27:34.365 [SpringApplicationShutdownHook] INFO  c.a.c.n.r.NacosServiceRegistry - [deregister,95] - De-registering from Nacos Server now...
23:27:34.365 [SpringApplicationShutdownHook] INFO  c.a.n.client.naming - [deregisterService,217] - [DEREGISTER-SERVICE] 1b411097-df3c-4cac-a649-ba6b6b22fcd4 deregistering service oj-system with instance: Instance{instanceId='null', ip='172.20.10.6', port=9201, weight=1.0, healthy=true, enabled=true, ephemeral=true, clusterName='DEFAULT', serviceName='null', metadata={}}
23:27:34.369 [SpringApplicationShutdownHook] INFO  c.a.c.n.r.NacosServiceRegistry - [deregister,115] - De-registration finished.
23:27:34.369 [SpringApplicationShutdownHook] INFO  c.a.n.client.naming - [shutdown,256] - com.alibaba.nacos.client.naming.cache.ServiceInfoHolder do shutdown begin
23:27:34.369 [SpringApplicationShutdownHook] INFO  c.a.n.client.naming - [shutdown,136] - com.alibaba.nacos.client.naming.backups.FailoverReactor do shutdown begin
23:27:34.369 [SpringApplicationShutdownHook] INFO  c.a.n.client.naming - [shutdown,138] - com.alibaba.nacos.client.naming.backups.FailoverReactor do shutdown stop
23:27:34.370 [SpringApplicationShutdownHook] INFO  c.a.n.client.naming - [shutdown,258] - com.alibaba.nacos.client.naming.cache.ServiceInfoHolder do shutdown stop
23:27:34.370 [SpringApplicationShutdownHook] INFO  c.a.n.client.naming - [shutdown,204] - com.alibaba.nacos.client.naming.remote.NamingClientProxyDelegate do shutdown begin
23:27:34.370 [SpringApplicationShutdownHook] INFO  c.a.n.client.naming - [shutdown,143] - com.alibaba.nacos.client.naming.core.ServiceInfoUpdateService do shutdown begin
23:27:34.370 [SpringApplicationShutdownHook] INFO  c.a.n.client.naming - [shutdown,145] - com.alibaba.nacos.client.naming.core.ServiceInfoUpdateService do shutdown stop
23:27:34.370 [SpringApplicationShutdownHook] INFO  c.a.n.client.naming - [shutdown,194] - com.alibaba.nacos.client.naming.core.ServerListManager do shutdown begin
23:27:34.370 [SpringApplicationShutdownHook] INFO  c.a.n.client.naming - [shutdown,199] - com.alibaba.nacos.client.naming.core.ServerListManager do shutdown stop
23:27:34.370 [SpringApplicationShutdownHook] INFO  c.a.n.client.naming - [shutdown,484] - com.alibaba.nacos.client.naming.remote.http.NamingHttpClientProxy do shutdown begin
23:27:34.370 [SpringApplicationShutdownHook] INFO  c.a.n.client.naming - [shutdown,486] - com.alibaba.nacos.client.naming.remote.http.NamingHttpClientProxy do shutdown stop
23:27:34.371 [SpringApplicationShutdownHook] INFO  c.a.n.c.r.client - [shutdown,429] - Shutdown rpc client, set status to shutdown
23:27:34.371 [SpringApplicationShutdownHook] INFO  c.a.n.c.r.client - [shutdown,431] - Shutdown client event executor java.util.concurrent.ScheduledThreadPoolExecutor@1169009b[Running, pool size = 2, active threads = 2, queued tasks = 0, completed tasks = 0]
23:27:34.371 [SpringApplicationShutdownHook] INFO  c.a.n.c.r.client - [closeConnection,584] - Close current connection 1777476320344_172.17.0.1_44698
23:27:34.373 [nacos-grpc-client-executor-localhost-28] INFO  c.a.n.c.r.c.g.GrpcClient - [printIfInfoEnabled,63] - [1777476320344_172.17.0.1_44698]Ignore complete event,isRunning:false,isAbandon=false
23:27:34.374 [SpringApplicationShutdownHook] INFO  c.a.n.c.r.c.g.GrpcClient - [shutdown,159] - Shutdown grpc executor java.util.concurrent.ThreadPoolExecutor@2d25db57[Running, pool size = 3, active threads = 0, queued tasks = 0, completed tasks = 29]
23:27:34.374 [SpringApplicationShutdownHook] INFO  c.a.n.client.naming - [shutdown,318] - Shutdown grpc redo service executor java.util.concurrent.ScheduledThreadPoolExecutor@7ef19f5a[Running, pool size = 1, active threads = 0, queued tasks = 1, completed tasks = 34]
23:27:34.374 [SpringApplicationShutdownHook] INFO  c.a.n.c.a.r.i.CredentialWatcher - [stop,106] - [null] CredentialWatcher is stopped
23:27:34.375 [SpringApplicationShutdownHook] INFO  c.a.n.c.a.r.i.CredentialService - [free,100] - [null] CredentialService is freed
23:27:34.375 [SpringApplicationShutdownHook] INFO  c.a.n.client.naming - [shutdown,211] - com.alibaba.nacos.client.naming.remote.NamingClientProxyDelegate do shutdown stop
23:27:34.488 [SpringApplicationShutdownHook] INFO  c.z.h.HikariDataSource - [close,350] - HikariPool-1 - Shutdown initiated...
23:27:34.493 [SpringApplicationShutdownHook] INFO  c.z.h.HikariDataSource - [close,352] - HikariPool-1 - Shutdown completed.
23:27:38.711 [main] INFO  c.a.n.c.u.ParamUtil - [<clinit>,87] - [settings] [req-serv] nacos-server port:8848
23:27:38.712 [main] INFO  c.a.n.c.u.ParamUtil - [<clinit>,98] - [settings] [http-client] connect timeout:1000
23:27:38.713 [main] INFO  c.a.n.c.u.ParamUtil - [<clinit>,105] - PER_TASK_CONFIG_SIZE: 3000.0
23:27:38.731 [main] INFO  c.a.n.p.a.s.c.ClientAuthPluginManager - [init,56] - [ClientAuthPluginManager] Load ClientAuthService com.alibaba.nacos.client.auth.impl.NacosClientAuthServiceImpl success.
23:27:38.731 [main] INFO  c.a.n.p.a.s.c.ClientAuthPluginManager - [init,56] - [ClientAuthPluginManager] Load ClientAuthService com.alibaba.nacos.client.auth.ram.RamClientAuthServiceImpl success.
23:27:38.733 [main] INFO  c.a.n.c.a.r.i.CredentialWatcher - [loadCredential,165] - null No credential found
23:27:38.943 [main] INFO  c.a.n.c.c.i.LocalConfigInfoProcessor - [<clinit>,63] - LOCAL_SNAPSHOT_PATH:C:\Users\45\nacos\config
23:27:38.946 [main] INFO  c.a.n.c.r.client - [lambda$createClient$0,108] - [RpcClientFactory] create a new rpc client of 2f87bdd2-a436-4be8-aa93-1cb814e9016c_config-0
23:27:38.960 [main] INFO  c.a.n.c.r.client - [printIfInfoEnabled,63] - [2f87bdd2-a436-4be8-aa93-1cb814e9016c_config-0] Register server push request handler:com.alibaba.nacos.client.config.impl.ClientWorker$ConfigRpcTransportClient$$Lambda$576/0x0000019901314888
23:27:38.960 [main] INFO  c.a.n.c.r.client - [printIfInfoEnabled,63] - [2f87bdd2-a436-4be8-aa93-1cb814e9016c_config-0] Register server push request handler:com.alibaba.nacos.client.config.impl.ClientWorker$ConfigRpcTransportClient$$Lambda$577/0x0000019901314ca8
23:27:38.960 [main] INFO  c.a.n.c.r.client - [printIfInfoEnabled,63] - [2f87bdd2-a436-4be8-aa93-1cb814e9016c_config-0] Registry connection listener to current client:com.alibaba.nacos.client.config.impl.ClientWorker$ConfigRpcTransportClient$1
23:27:38.961 [main] INFO  c.a.n.c.r.client - [printIfInfoEnabled,63] - [2f87bdd2-a436-4be8-aa93-1cb814e9016c_config-0] RpcClient init, ServerListFactory = com.alibaba.nacos.client.config.impl.ClientWorker$ConfigRpcTransportClient$2
23:27:38.967 [main] INFO  c.a.n.c.r.client - [printIfInfoEnabled,63] - [2f87bdd2-a436-4be8-aa93-1cb814e9016c_config-0] Try to connect to server on start up, server: {serverIp = 'localhost', server main port = 8848}
23:27:38.994 [main] INFO  c.a.n.c.r.c.g.GrpcClient - [createNewManagedChannel,182] - grpc client connection server:localhost ip,serverPort:9848,grpcTslConfig:{"sslProvider":"OPENSSL","enableTls":false,"mutualAuthEnable":false,"trustAll":false}
23:27:39.704 [main] INFO  c.a.n.c.r.client - [printIfInfoEnabled,63] - [2f87bdd2-a436-4be8-aa93-1cb814e9016c_config-0] Success to connect to server [localhost:8848] on start up, connectionId = 1777476459541_172.17.0.1_39718
23:27:39.705 [com.alibaba.nacos.client.remote.worker] INFO  c.a.n.c.r.client - [printIfInfoEnabled,63] - [2f87bdd2-a436-4be8-aa93-1cb814e9016c_config-0] Notify connected event to listeners.
23:27:39.705 [main] INFO  c.a.n.c.r.client - [printIfInfoEnabled,63] - [2f87bdd2-a436-4be8-aa93-1cb814e9016c_config-0] Register server push request handler:com.alibaba.nacos.common.remote.client.RpcClient$ConnectResetRequestHandler
23:27:39.705 [com.alibaba.nacos.client.remote.worker] INFO  c.a.n.c.c.i.ClientWorker - [onConnected,639] - [2f87bdd2-a436-4be8-aa93-1cb814e9016c_config-0] Connected,notify listen context...
23:27:39.706 [main] INFO  c.a.n.c.r.client - [printIfInfoEnabled,63] - [2f87bdd2-a436-4be8-aa93-1cb814e9016c_config-0] Register server push request handler:com.alibaba.nacos.common.remote.client.RpcClient$$Lambda$597/0x000001990147bc38
23:27:39.732 [main] INFO  c.a.n.c.c.i.Limiter - [<clinit>,62] - limitTime:5.0
23:27:39.758 [main] INFO  c.a.n.c.c.u.JvmUtil - [<clinit>,54] - isMultiInstance:false
23:27:39.763 [main] INFO  o.s.c.b.c.PropertySourceBootstrapConfiguration - [initialize,108] - Located property source: [BootstrapPropertySource {name='bootstrapProperties-oj-system-local.yaml,DEFAULT_GROUP'}, BootstrapPropertySource {name='bootstrapProperties-oj-system.yaml,DEFAULT_GROUP'}, BootstrapPropertySource {name='bootstrapProperties-oj-system,DEFAULT_GROUP'}]
23:27:39.768 [main] INFO  c.b.s.OjSystemApplication - [logStartupProfileInfo,636] - The following 1 profile is active: "local"
23:27:40.197 [main] INFO  o.s.d.r.c.RepositoryConfigurationDelegate - [multipleStoresDetected,294] - Multiple Spring Data modules found, entering strict repository configuration mode
23:27:40.199 [main] INFO  o.s.d.r.c.RepositoryConfigurationDelegate - [registerRepositoriesIn,138] - Bootstrapping Spring Data Redis repositories in DEFAULT mode.
23:27:40.215 [main] INFO  o.s.d.r.c.RepositoryConfigurationDelegate - [registerRepositoriesIn,208] - Finished Spring Data repository scanning in 5 ms. Found 0 Redis repository interfaces.
23:27:40.357 [main] INFO  o.s.c.c.s.GenericScope - [setSerializationId,282] - BeanFactory id=ac0d0fca-1652-3272-ada0-a0bec651632a
23:27:40.605 [main] INFO  o.s.b.w.e.t.TomcatWebServer - [initialize,108] - Tomcat initialized with port(s): 9201 (http)
23:27:40.612 [main] INFO  o.a.c.h.Http11NioProtocol - [log,173] - Initializing ProtocolHandler ["http-nio-9201"]
23:27:40.613 [main] INFO  o.a.c.c.StandardService - [log,173] - Starting service [Tomcat]
23:27:40.613 [main] INFO  o.a.c.c.StandardEngine - [log,173] - Starting Servlet engine: [Apache Tomcat/10.1.4]
23:27:40.670 [main] INFO  o.a.c.c.C.[.[.[/] - [log,173] - Initializing Spring embedded WebApplicationContext
23:27:40.670 [main] INFO  o.s.b.w.s.c.ServletWebServerApplicationContext - [prepareWebApplicationContext,291] - Root WebApplicationContext: initialization completed in 891 ms
23:27:41.766 [main] INFO  o.a.c.h.Http11NioProtocol - [log,173] - Starting ProtocolHandler ["http-nio-9201"]
23:27:41.775 [main] INFO  o.s.b.w.e.t.TomcatWebServer - [start,220] - Tomcat started on port(s): 9201 (http) with context path ''
23:27:41.778 [main] INFO  c.a.n.client.naming - [initNamespaceForNaming,62] - initializer namespace from ans.namespace attribute : null
23:27:41.779 [main] INFO  c.a.n.client.naming - [lambda$initNamespaceForNaming$0,66] - initializer namespace from ALIBABA_ALIWARE_NAMESPACE attribute :null
23:27:41.779 [main] INFO  c.a.n.client.naming - [lambda$initNamespaceForNaming$1,73] - initializer namespace from namespace attribute :null
23:27:41.786 [main] INFO  c.a.n.p.a.s.c.ClientAuthPluginManager - [init,56] - [ClientAuthPluginManager] Load ClientAuthService com.alibaba.nacos.client.auth.impl.NacosClientAuthServiceImpl success.
23:27:41.786 [main] INFO  c.a.n.p.a.s.c.ClientAuthPluginManager - [init,56] - [ClientAuthPluginManager] Load ClientAuthService com.alibaba.nacos.client.auth.ram.RamClientAuthServiceImpl success.
23:27:41.789 [main] INFO  c.a.n.c.r.client - [lambda$createClient$0,108] - [RpcClientFactory] create a new rpc client of f31f0254-cc05-4820-bd7b-bd51fae9a33b
23:27:41.790 [main] INFO  c.a.n.c.r.client - [printIfInfoEnabled,63] - [f31f0254-cc05-4820-bd7b-bd51fae9a33b] RpcClient init, ServerListFactory = com.alibaba.nacos.client.naming.core.ServerListManager
23:27:41.792 [main] INFO  c.a.n.c.r.client - [printIfInfoEnabled,63] - [f31f0254-cc05-4820-bd7b-bd51fae9a33b] Registry connection listener to current client:com.alibaba.nacos.client.naming.remote.gprc.redo.NamingGrpcRedoService
23:27:41.792 [main] INFO  c.a.n.c.r.client - [printIfInfoEnabled,63] - [f31f0254-cc05-4820-bd7b-bd51fae9a33b] Register server push request handler:com.alibaba.nacos.client.naming.remote.gprc.NamingPushRequestHandler
23:27:41.792 [main] INFO  c.a.n.c.r.client - [printIfInfoEnabled,63] - [f31f0254-cc05-4820-bd7b-bd51fae9a33b] Try to connect to server on start up, server: {serverIp = 'localhost', server main port = 8848}
23:27:41.792 [main] INFO  c.a.n.c.r.c.g.GrpcClient - [createNewManagedChannel,182] - grpc client connection server:localhost ip,serverPort:9848,grpcTslConfig:{"sslProvider":"OPENSSL","enableTls":false,"mutualAuthEnable":false,"trustAll":false}
23:27:41.914 [main] INFO  c.a.n.c.r.client - [printIfInfoEnabled,63] - [f31f0254-cc05-4820-bd7b-bd51fae9a33b] Success to connect to server [localhost:8848] on start up, connectionId = 1777476461798_172.17.0.1_39720
23:27:41.914 [main] INFO  c.a.n.c.r.client - [printIfInfoEnabled,63] - [f31f0254-cc05-4820-bd7b-bd51fae9a33b] Register server push request handler:com.alibaba.nacos.common.remote.client.RpcClient$ConnectResetRequestHandler
23:27:41.914 [main] INFO  c.a.n.c.r.client - [printIfInfoEnabled,63] - [f31f0254-cc05-4820-bd7b-bd51fae9a33b] Register server push request handler:com.alibaba.nacos.common.remote.client.RpcClient$$Lambda$597/0x000001990147bc38
23:27:41.914 [com.alibaba.nacos.client.remote.worker] INFO  c.a.n.c.r.client - [printIfInfoEnabled,63] - [f31f0254-cc05-4820-bd7b-bd51fae9a33b] Notify connected event to listeners.
23:27:41.914 [com.alibaba.nacos.client.remote.worker] INFO  c.a.n.client.naming - [onConnected,78] - Grpc connection connect
23:27:41.915 [main] INFO  c.a.n.client.naming - [registerService,121] - [REGISTER-SERVICE] 1b411097-df3c-4cac-a649-ba6b6b22fcd4 registering service oj-system with instance Instance{instanceId='null', ip='172.20.10.6', port=9201, weight=1.0, healthy=true, enabled=true, ephemeral=true, clusterName='DEFAULT', serviceName='null', metadata={IPv6=[2409:897a:3d80:97a3:543:892d:f811:3246], preserved.register.source=SPRING_CLOUD}}
23:27:41.926 [main] INFO  c.a.c.n.r.NacosServiceRegistry - [register,76] - nacos registry, DEFAULT_GROUP oj-system 172.20.10.6:9201 register finished
23:27:42.062 [main] INFO  c.b.s.OjSystemApplication - [logStarted,57] - Started OjSystemApplication in 3.977 seconds (process running for 4.554)
23:27:42.067 [main] INFO  c.a.n.c.c.i.CacheData - [<clinit>,67] - nacos.cache.data.init.snapshot = true 
23:27:42.068 [main] INFO  c.a.n.c.c.i.ClientWorker - [addCacheDataIfAbsent,380] - [fixed-1b411097-df3c-4cac-a649-ba6b6b22fcd4-localhost_8848] [subscribe] oj-system-local.yaml+DEFAULT_GROUP+1b411097-df3c-4cac-a649-ba6b6b22fcd4
23:27:42.073 [main] INFO  c.a.n.c.c.i.CacheData - [addListener,197] - [fixed-1b411097-df3c-4cac-a649-ba6b6b22fcd4-localhost_8848] [add-listener] ok, tenant=1b411097-df3c-4cac-a649-ba6b6b22fcd4, dataId=oj-system-local.yaml, group=DEFAULT_GROUP, cnt=1
23:27:42.073 [main] INFO  c.a.c.n.r.NacosContextRefresher - [registerNacosListener,129] - [Nacos Config] Listening config: dataId=oj-system-local.yaml, group=DEFAULT_GROUP
23:27:42.073 [main] INFO  c.a.n.c.c.i.ClientWorker - [addCacheDataIfAbsent,380] - [fixed-1b411097-df3c-4cac-a649-ba6b6b22fcd4-localhost_8848] [subscribe] oj-system+DEFAULT_GROUP+1b411097-df3c-4cac-a649-ba6b6b22fcd4
23:27:42.074 [main] INFO  c.a.n.c.c.i.CacheData - [addListener,197] - [fixed-1b411097-df3c-4cac-a649-ba6b6b22fcd4-localhost_8848] [add-listener] ok, tenant=1b411097-df3c-4cac-a649-ba6b6b22fcd4, dataId=oj-system, group=DEFAULT_GROUP, cnt=1
23:27:42.075 [main] INFO  c.a.c.n.r.NacosContextRefresher - [registerNacosListener,129] - [Nacos Config] Listening config: dataId=oj-system, group=DEFAULT_GROUP
23:27:42.076 [main] INFO  c.a.n.c.c.i.ClientWorker - [addCacheDataIfAbsent,380] - [fixed-1b411097-df3c-4cac-a649-ba6b6b22fcd4-localhost_8848] [subscribe] oj-system.yaml+DEFAULT_GROUP+1b411097-df3c-4cac-a649-ba6b6b22fcd4
23:27:42.076 [main] INFO  c.a.n.c.c.i.CacheData - [addListener,197] - [fixed-1b411097-df3c-4cac-a649-ba6b6b22fcd4-localhost_8848] [add-listener] ok, tenant=1b411097-df3c-4cac-a649-ba6b6b22fcd4, dataId=oj-system.yaml, group=DEFAULT_GROUP, cnt=1
23:27:42.076 [main] INFO  c.a.c.n.r.NacosContextRefresher - [registerNacosListener,129] - [Nacos Config] Listening config: dataId=oj-system.yaml, group=DEFAULT_GROUP
23:28:03.299 [http-nio-9201-exec-4] INFO  o.a.c.c.C.[.[.[/] - [log,173] - Initializing Spring DispatcherServlet 'dispatcherServlet'
23:28:03.300 [http-nio-9201-exec-4] INFO  o.s.w.s.DispatcherServlet - [initServletBean,532] - Initializing Servlet 'dispatcherServlet'
23:28:03.301 [http-nio-9201-exec-4] INFO  o.s.w.s.DispatcherServlet - [initServletBean,554] - Completed initialization in 1 ms
23:29:27.401 [http-nio-9201-exec-4] INFO  c.z.h.HikariDataSource - [getConnection,110] - HikariPool-1 - Starting...
23:29:27.597 [http-nio-9201-exec-4] INFO  c.z.h.p.HikariPool - [checkFailFast,565] - HikariPool-1 - Added connection com.mysql.cj.jdbc.ConnectionImpl@16fc0575
23:29:27.598 [http-nio-9201-exec-4] INFO  c.z.h.HikariDataSource - [getConnection,123] - HikariPool-1 - Start completed.
23:29:27.721 [SpringApplicationShutdownHook] INFO  c.a.c.n.r.NacosServiceRegistry - [deregister,95] - De-registering from Nacos Server now...
23:29:27.721 [SpringApplicationShutdownHook] INFO  c.a.n.client.naming - [deregisterService,217] - [DEREGISTER-SERVICE] 1b411097-df3c-4cac-a649-ba6b6b22fcd4 deregistering service oj-system with instance: Instance{instanceId='null', ip='172.20.10.6', port=9201, weight=1.0, healthy=true, enabled=true, ephemeral=true, clusterName='DEFAULT', serviceName='null', metadata={}}
23:29:27.724 [SpringApplicationShutdownHook] INFO  c.a.c.n.r.NacosServiceRegistry - [deregister,115] - De-registration finished.
23:29:27.725 [SpringApplicationShutdownHook] INFO  c.a.n.client.naming - [shutdown,256] - com.alibaba.nacos.client.naming.cache.ServiceInfoHolder do shutdown begin
23:29:27.725 [SpringApplicationShutdownHook] INFO  c.a.n.client.naming - [shutdown,136] - com.alibaba.nacos.client.naming.backups.FailoverReactor do shutdown begin
23:29:27.725 [SpringApplicationShutdownHook] INFO  c.a.n.client.naming - [shutdown,138] - com.alibaba.nacos.client.naming.backups.FailoverReactor do shutdown stop
23:29:27.725 [SpringApplicationShutdownHook] INFO  c.a.n.client.naming - [shutdown,258] - com.alibaba.nacos.client.naming.cache.ServiceInfoHolder do shutdown stop
23:29:27.725 [SpringApplicationShutdownHook] INFO  c.a.n.client.naming - [shutdown,204] - com.alibaba.nacos.client.naming.remote.NamingClientProxyDelegate do shutdown begin
23:29:27.725 [SpringApplicationShutdownHook] INFO  c.a.n.client.naming - [shutdown,143] - com.alibaba.nacos.client.naming.core.ServiceInfoUpdateService do shutdown begin
23:29:27.725 [SpringApplicationShutdownHook] INFO  c.a.n.client.naming - [shutdown,145] - com.alibaba.nacos.client.naming.core.ServiceInfoUpdateService do shutdown stop
23:29:27.725 [SpringApplicationShutdownHook] INFO  c.a.n.client.naming - [shutdown,194] - com.alibaba.nacos.client.naming.core.ServerListManager do shutdown begin
23:29:27.725 [SpringApplicationShutdownHook] INFO  c.a.n.client.naming - [shutdown,199] - com.alibaba.nacos.client.naming.core.ServerListManager do shutdown stop
23:29:27.725 [SpringApplicationShutdownHook] INFO  c.a.n.client.naming - [shutdown,484] - com.alibaba.nacos.client.naming.remote.http.NamingHttpClientProxy do shutdown begin
23:29:27.725 [SpringApplicationShutdownHook] INFO  c.a.n.client.naming - [shutdown,486] - com.alibaba.nacos.client.naming.remote.http.NamingHttpClientProxy do shutdown stop
23:29:27.725 [SpringApplicationShutdownHook] INFO  c.a.n.c.r.client - [shutdown,429] - Shutdown rpc client, set status to shutdown
23:29:27.726 [SpringApplicationShutdownHook] INFO  c.a.n.c.r.client - [shutdown,431] - Shutdown client event executor java.util.concurrent.ScheduledThreadPoolExecutor@f60c00f[Running, pool size = 2, active threads = 2, queued tasks = 0, completed tasks = 0]
23:29:27.726 [SpringApplicationShutdownHook] INFO  c.a.n.c.r.client - [closeConnection,584] - Close current connection 1777476461798_172.17.0.1_39720
23:29:27.727 [nacos-grpc-client-executor-localhost-17] INFO  c.a.n.c.r.c.g.GrpcClient - [printIfInfoEnabled,63] - [1777476461798_172.17.0.1_39720]Ignore complete event,isRunning:false,isAbandon=false
23:29:27.729 [SpringApplicationShutdownHook] INFO  c.a.n.c.r.c.g.GrpcClient - [shutdown,159] - Shutdown grpc executor java.util.concurrent.ThreadPoolExecutor@73662cc[Running, pool size = 3, active threads = 0, queued tasks = 0, completed tasks = 18]
23:29:27.729 [SpringApplicationShutdownHook] INFO  c.a.n.client.naming - [shutdown,318] - Shutdown grpc redo service executor java.util.concurrent.ScheduledThreadPoolExecutor@17c74dc7[Running, pool size = 1, active threads = 0, queued tasks = 1, completed tasks = 11]
23:29:27.729 [SpringApplicationShutdownHook] INFO  c.a.n.c.a.r.i.CredentialWatcher - [stop,106] - [null] CredentialWatcher is stopped
23:29:27.729 [SpringApplicationShutdownHook] INFO  c.a.n.c.a.r.i.CredentialService - [free,100] - [null] CredentialService is freed
23:29:27.729 [SpringApplicationShutdownHook] INFO  c.a.n.client.naming - [shutdown,211] - com.alibaba.nacos.client.naming.remote.NamingClientProxyDelegate do shutdown stop
23:29:27.855 [SpringApplicationShutdownHook] INFO  c.z.h.HikariDataSource - [close,350] - HikariPool-1 - Shutdown initiated...
23:29:27.898 [SpringApplicationShutdownHook] INFO  c.z.h.HikariDataSource - [close,352] - HikariPool-1 - Shutdown completed.
22:32:36.596 [main] INFO  c.a.n.c.u.ParamUtil - [<clinit>,87] - [settings] [req-serv] nacos-server port:8848
22:32:36.600 [main] INFO  c.a.n.c.u.ParamUtil - [<clinit>,98] - [settings] [http-client] connect timeout:1000
22:32:36.601 [main] INFO  c.a.n.c.u.ParamUtil - [<clinit>,105] - PER_TASK_CONFIG_SIZE: 3000.0
22:32:36.629 [main] INFO  c.a.n.p.a.s.c.ClientAuthPluginManager - [init,56] - [ClientAuthPluginManager] Load ClientAuthService com.alibaba.nacos.client.auth.impl.NacosClientAuthServiceImpl success.
22:32:36.629 [main] INFO  c.a.n.p.a.s.c.ClientAuthPluginManager - [init,56] - [ClientAuthPluginManager] Load ClientAuthService com.alibaba.nacos.client.auth.ram.RamClientAuthServiceImpl success.
22:32:36.634 [main] INFO  c.a.n.c.a.r.i.CredentialWatcher - [loadCredential,165] - null No credential found
22:32:36.835 [main] INFO  c.a.n.c.c.i.LocalConfigInfoProcessor - [<clinit>,63] - LOCAL_SNAPSHOT_PATH:C:\Users\45\nacos\config
22:32:36.839 [main] INFO  c.a.n.c.r.client - [lambda$createClient$0,108] - [RpcClientFactory] create a new rpc client of 9d33c2c7-2abf-46de-9711-eb6249754aa4_config-0
22:32:36.854 [main] INFO  c.a.n.c.r.client - [printIfInfoEnabled,63] - [9d33c2c7-2abf-46de-9711-eb6249754aa4_config-0] Register server push request handler:com.alibaba.nacos.client.config.impl.ClientWorker$ConfigRpcTransportClient$$Lambda$576/0x000001fbd3316b58
22:32:36.855 [main] INFO  c.a.n.c.r.client - [printIfInfoEnabled,63] - [9d33c2c7-2abf-46de-9711-eb6249754aa4_config-0] Register server push request handler:com.alibaba.nacos.client.config.impl.ClientWorker$ConfigRpcTransportClient$$Lambda$577/0x000001fbd3316f78
22:32:36.856 [main] INFO  c.a.n.c.r.client - [printIfInfoEnabled,63] - [9d33c2c7-2abf-46de-9711-eb6249754aa4_config-0] Registry connection listener to current client:com.alibaba.nacos.client.config.impl.ClientWorker$ConfigRpcTransportClient$1
22:32:36.856 [main] INFO  c.a.n.c.r.client - [printIfInfoEnabled,63] - [9d33c2c7-2abf-46de-9711-eb6249754aa4_config-0] RpcClient init, ServerListFactory = com.alibaba.nacos.client.config.impl.ClientWorker$ConfigRpcTransportClient$2
22:32:36.861 [main] INFO  c.a.n.c.r.client - [printIfInfoEnabled,63] - [9d33c2c7-2abf-46de-9711-eb6249754aa4_config-0] Try to connect to server on start up, server: {serverIp = 'localhost', server main port = 8848}
22:32:36.887 [main] INFO  c.a.n.c.r.c.g.GrpcClient - [createNewManagedChannel,182] - grpc client connection server:localhost ip,serverPort:9848,grpcTslConfig:{"sslProvider":"OPENSSL","enableTls":false,"mutualAuthEnable":false,"trustAll":false}
22:32:37.818 [main] INFO  c.a.n.c.r.client - [printIfInfoEnabled,63] - [9d33c2c7-2abf-46de-9711-eb6249754aa4_config-0] Success to connect to server [localhost:8848] on start up, connectionId = 1777645957598_172.17.0.1_56166
22:32:37.818 [com.alibaba.nacos.client.remote.worker] INFO  c.a.n.c.r.client - [printIfInfoEnabled,63] - [9d33c2c7-2abf-46de-9711-eb6249754aa4_config-0] Notify connected event to listeners.
22:32:37.819 [com.alibaba.nacos.client.remote.worker] INFO  c.a.n.c.c.i.ClientWorker - [onConnected,639] - [9d33c2c7-2abf-46de-9711-eb6249754aa4_config-0] Connected,notify listen context...
22:32:37.819 [main] INFO  c.a.n.c.r.client - [printIfInfoEnabled,63] - [9d33c2c7-2abf-46de-9711-eb6249754aa4_config-0] Register server push request handler:com.alibaba.nacos.common.remote.client.RpcClient$ConnectResetRequestHandler
22:32:37.819 [main] INFO  c.a.n.c.r.client - [printIfInfoEnabled,63] - [9d33c2c7-2abf-46de-9711-eb6249754aa4_config-0] Register server push request handler:com.alibaba.nacos.common.remote.client.RpcClient$$Lambda$597/0x000001fbd34a1ad0
22:32:37.862 [main] INFO  c.a.n.c.c.i.Limiter - [<clinit>,62] - limitTime:5.0
22:32:37.921 [main] INFO  c.a.n.c.c.u.JvmUtil - [<clinit>,54] - isMultiInstance:false
22:32:37.926 [main] INFO  o.s.c.b.c.PropertySourceBootstrapConfiguration - [initialize,108] - Located property source: [BootstrapPropertySource {name='bootstrapProperties-oj-system-local.yaml,DEFAULT_GROUP'}, BootstrapPropertySource {name='bootstrapProperties-oj-system.yaml,DEFAULT_GROUP'}, BootstrapPropertySource {name='bootstrapProperties-oj-system,DEFAULT_GROUP'}]
22:32:37.930 [main] INFO  c.b.s.OjSystemApplication - [logStartupProfileInfo,636] - The following 1 profile is active: "local"
22:32:38.482 [main] INFO  o.s.d.r.c.RepositoryConfigurationDelegate - [multipleStoresDetected,294] - Multiple Spring Data modules found, entering strict repository configuration mode
22:32:38.485 [main] INFO  o.s.d.r.c.RepositoryConfigurationDelegate - [registerRepositoriesIn,138] - Bootstrapping Spring Data Redis repositories in DEFAULT mode.
22:32:38.507 [main] INFO  o.s.d.r.c.RepositoryConfigurationDelegate - [registerRepositoriesIn,208] - Finished Spring Data repository scanning in 7 ms. Found 0 Redis repository interfaces.
22:32:38.652 [main] INFO  o.s.c.c.s.GenericScope - [setSerializationId,282] - BeanFactory id=c8503308-e5d6-3142-89a6-0f6c1b212598
22:32:39.013 [main] INFO  o.s.b.w.e.t.TomcatWebServer - [initialize,108] - Tomcat initialized with port(s): 9201 (http)
22:32:39.022 [main] INFO  o.a.c.h.Http11NioProtocol - [log,173] - Initializing ProtocolHandler ["http-nio-9201"]
22:32:39.023 [main] INFO  o.a.c.c.StandardService - [log,173] - Starting service [Tomcat]
22:32:39.023 [main] INFO  o.a.c.c.StandardEngine - [log,173] - Starting Servlet engine: [Apache Tomcat/10.1.4]
22:32:39.098 [main] INFO  o.a.c.c.C.[.[.[/] - [log,173] - Initializing Spring embedded WebApplicationContext
22:32:39.099 [main] INFO  o.s.b.w.s.c.ServletWebServerApplicationContext - [prepareWebApplicationContext,291] - Root WebApplicationContext: initialization completed in 1157 ms
22:32:40.367 [main] INFO  o.a.c.h.Http11NioProtocol - [log,173] - Starting ProtocolHandler ["http-nio-9201"]
22:32:40.378 [main] INFO  o.s.b.w.e.t.TomcatWebServer - [start,220] - Tomcat started on port(s): 9201 (http) with context path ''
22:32:40.381 [main] INFO  c.a.n.client.naming - [initNamespaceForNaming,62] - initializer namespace from ans.namespace attribute : null
22:32:40.381 [main] INFO  c.a.n.client.naming - [lambda$initNamespaceForNaming$0,66] - initializer namespace from ALIBABA_ALIWARE_NAMESPACE attribute :null
22:32:40.382 [main] INFO  c.a.n.client.naming - [lambda$initNamespaceForNaming$1,73] - initializer namespace from namespace attribute :null
22:32:40.388 [main] INFO  c.a.n.p.a.s.c.ClientAuthPluginManager - [init,56] - [ClientAuthPluginManager] Load ClientAuthService com.alibaba.nacos.client.auth.impl.NacosClientAuthServiceImpl success.
22:32:40.388 [main] INFO  c.a.n.p.a.s.c.ClientAuthPluginManager - [init,56] - [ClientAuthPluginManager] Load ClientAuthService com.alibaba.nacos.client.auth.ram.RamClientAuthServiceImpl success.
22:32:40.392 [main] INFO  c.a.n.c.r.client - [lambda$createClient$0,108] - [RpcClientFactory] create a new rpc client of fcd20fb9-aebd-47c8-a17a-6596725ab119
22:32:40.393 [main] INFO  c.a.n.c.r.client - [printIfInfoEnabled,63] - [fcd20fb9-aebd-47c8-a17a-6596725ab119] RpcClient init, ServerListFactory = com.alibaba.nacos.client.naming.core.ServerListManager
22:32:40.394 [main] INFO  c.a.n.c.r.client - [printIfInfoEnabled,63] - [fcd20fb9-aebd-47c8-a17a-6596725ab119] Registry connection listener to current client:com.alibaba.nacos.client.naming.remote.gprc.redo.NamingGrpcRedoService
22:32:40.394 [main] INFO  c.a.n.c.r.client - [printIfInfoEnabled,63] - [fcd20fb9-aebd-47c8-a17a-6596725ab119] Register server push request handler:com.alibaba.nacos.client.naming.remote.gprc.NamingPushRequestHandler
22:32:40.394 [main] INFO  c.a.n.c.r.client - [printIfInfoEnabled,63] - [fcd20fb9-aebd-47c8-a17a-6596725ab119] Try to connect to server on start up, server: {serverIp = 'localhost', server main port = 8848}
22:32:40.394 [main] INFO  c.a.n.c.r.c.g.GrpcClient - [createNewManagedChannel,182] - grpc client connection server:localhost ip,serverPort:9848,grpcTslConfig:{"sslProvider":"OPENSSL","enableTls":false,"mutualAuthEnable":false,"trustAll":false}
22:32:40.513 [main] INFO  c.a.n.c.r.client - [printIfInfoEnabled,63] - [fcd20fb9-aebd-47c8-a17a-6596725ab119] Success to connect to server [localhost:8848] on start up, connectionId = 1777645960400_172.17.0.1_53516
22:32:40.513 [main] INFO  c.a.n.c.r.client - [printIfInfoEnabled,63] - [fcd20fb9-aebd-47c8-a17a-6596725ab119] Register server push request handler:com.alibaba.nacos.common.remote.client.RpcClient$ConnectResetRequestHandler
22:32:40.513 [com.alibaba.nacos.client.remote.worker] INFO  c.a.n.c.r.client - [printIfInfoEnabled,63] - [fcd20fb9-aebd-47c8-a17a-6596725ab119] Notify connected event to listeners.
22:32:40.513 [main] INFO  c.a.n.c.r.client - [printIfInfoEnabled,63] - [fcd20fb9-aebd-47c8-a17a-6596725ab119] Register server push request handler:com.alibaba.nacos.common.remote.client.RpcClient$$Lambda$597/0x000001fbd34a1ad0
22:32:40.513 [com.alibaba.nacos.client.remote.worker] INFO  c.a.n.client.naming - [onConnected,78] - Grpc connection connect
22:32:40.514 [main] INFO  c.a.n.client.naming - [registerService,121] - [REGISTER-SERVICE] 1b411097-df3c-4cac-a649-ba6b6b22fcd4 registering service oj-system with instance Instance{instanceId='null', ip='172.20.10.6', port=9201, weight=1.0, healthy=true, enabled=true, ephemeral=true, clusterName='DEFAULT', serviceName='null', metadata={IPv6=[2409:897a:3cd8:7c70:d2b9:c75e:f142:6eb6], preserved.register.source=SPRING_CLOUD}}
22:32:40.604 [main] INFO  c.a.c.n.r.NacosServiceRegistry - [register,76] - nacos registry, DEFAULT_GROUP oj-system 172.20.10.6:9201 register finished
22:32:40.760 [main] INFO  c.b.s.OjSystemApplication - [logStarted,57] - Started OjSystemApplication in 4.921 seconds (process running for 5.821)
22:32:40.765 [main] INFO  c.a.n.c.c.i.CacheData - [<clinit>,67] - nacos.cache.data.init.snapshot = true 
22:32:40.766 [main] INFO  c.a.n.c.c.i.ClientWorker - [addCacheDataIfAbsent,380] - [fixed-1b411097-df3c-4cac-a649-ba6b6b22fcd4-localhost_8848] [subscribe] oj-system-local.yaml+DEFAULT_GROUP+1b411097-df3c-4cac-a649-ba6b6b22fcd4
22:32:40.771 [main] INFO  c.a.n.c.c.i.CacheData - [addListener,197] - [fixed-1b411097-df3c-4cac-a649-ba6b6b22fcd4-localhost_8848] [add-listener] ok, tenant=1b411097-df3c-4cac-a649-ba6b6b22fcd4, dataId=oj-system-local.yaml, group=DEFAULT_GROUP, cnt=1
22:32:40.771 [main] INFO  c.a.c.n.r.NacosContextRefresher - [registerNacosListener,129] - [Nacos Config] Listening config: dataId=oj-system-local.yaml, group=DEFAULT_GROUP
22:32:40.771 [main] INFO  c.a.n.c.c.i.ClientWorker - [addCacheDataIfAbsent,380] - [fixed-1b411097-df3c-4cac-a649-ba6b6b22fcd4-localhost_8848] [subscribe] oj-system+DEFAULT_GROUP+1b411097-df3c-4cac-a649-ba6b6b22fcd4
22:32:40.772 [main] INFO  c.a.n.c.c.i.CacheData - [addListener,197] - [fixed-1b411097-df3c-4cac-a649-ba6b6b22fcd4-localhost_8848] [add-listener] ok, tenant=1b411097-df3c-4cac-a649-ba6b6b22fcd4, dataId=oj-system, group=DEFAULT_GROUP, cnt=1
22:32:40.772 [main] INFO  c.a.c.n.r.NacosContextRefresher - [registerNacosListener,129] - [Nacos Config] Listening config: dataId=oj-system, group=DEFAULT_GROUP
22:32:40.773 [main] INFO  c.a.n.c.c.i.ClientWorker - [addCacheDataIfAbsent,380] - [fixed-1b411097-df3c-4cac-a649-ba6b6b22fcd4-localhost_8848] [subscribe] oj-system.yaml+DEFAULT_GROUP+1b411097-df3c-4cac-a649-ba6b6b22fcd4
22:32:40.773 [main] INFO  c.a.n.c.c.i.CacheData - [addListener,197] - [fixed-1b411097-df3c-4cac-a649-ba6b6b22fcd4-localhost_8848] [add-listener] ok, tenant=1b411097-df3c-4cac-a649-ba6b6b22fcd4, dataId=oj-system.yaml, group=DEFAULT_GROUP, cnt=1
22:32:40.773 [main] INFO  c.a.c.n.r.NacosContextRefresher - [registerNacosListener,129] - [Nacos Config] Listening config: dataId=oj-system.yaml, group=DEFAULT_GROUP
22:32:55.303 [SpringApplicationShutdownHook] INFO  c.a.c.n.r.NacosServiceRegistry - [deregister,95] - De-registering from Nacos Server now...
22:32:55.303 [SpringApplicationShutdownHook] INFO  c.a.n.client.naming - [deregisterService,217] - [DEREGISTER-SERVICE] 1b411097-df3c-4cac-a649-ba6b6b22fcd4 deregistering service oj-system with instance: Instance{instanceId='null', ip='172.20.10.6', port=9201, weight=1.0, healthy=true, enabled=true, ephemeral=true, clusterName='DEFAULT', serviceName='null', metadata={}}
22:32:55.313 [SpringApplicationShutdownHook] INFO  c.a.c.n.r.NacosServiceRegistry - [deregister,115] - De-registration finished.
22:32:55.314 [SpringApplicationShutdownHook] INFO  c.a.n.client.naming - [shutdown,256] - com.alibaba.nacos.client.naming.cache.ServiceInfoHolder do shutdown begin
22:32:55.314 [SpringApplicationShutdownHook] INFO  c.a.n.client.naming - [shutdown,136] - com.alibaba.nacos.client.naming.backups.FailoverReactor do shutdown begin
22:32:55.314 [SpringApplicationShutdownHook] INFO  c.a.n.client.naming - [shutdown,138] - com.alibaba.nacos.client.naming.backups.FailoverReactor do shutdown stop
22:32:55.314 [SpringApplicationShutdownHook] INFO  c.a.n.client.naming - [shutdown,258] - com.alibaba.nacos.client.naming.cache.ServiceInfoHolder do shutdown stop
22:32:55.314 [SpringApplicationShutdownHook] INFO  c.a.n.client.naming - [shutdown,204] - com.alibaba.nacos.client.naming.remote.NamingClientProxyDelegate do shutdown begin
22:32:55.314 [SpringApplicationShutdownHook] INFO  c.a.n.client.naming - [shutdown,143] - com.alibaba.nacos.client.naming.core.ServiceInfoUpdateService do shutdown begin
22:32:55.315 [SpringApplicationShutdownHook] INFO  c.a.n.client.naming - [shutdown,145] - com.alibaba.nacos.client.naming.core.ServiceInfoUpdateService do shutdown stop
22:32:55.315 [SpringApplicationShutdownHook] INFO  c.a.n.client.naming - [shutdown,194] - com.alibaba.nacos.client.naming.core.ServerListManager do shutdown begin
22:32:55.315 [SpringApplicationShutdownHook] INFO  c.a.n.client.naming - [shutdown,199] - com.alibaba.nacos.client.naming.core.ServerListManager do shutdown stop
22:32:55.315 [SpringApplicationShutdownHook] INFO  c.a.n.client.naming - [shutdown,484] - com.alibaba.nacos.client.naming.remote.http.NamingHttpClientProxy do shutdown begin
22:32:55.315 [SpringApplicationShutdownHook] INFO  c.a.n.client.naming - [shutdown,486] - com.alibaba.nacos.client.naming.remote.http.NamingHttpClientProxy do shutdown stop
22:32:55.315 [SpringApplicationShutdownHook] INFO  c.a.n.c.r.client - [shutdown,429] - Shutdown rpc client, set status to shutdown
22:32:55.315 [SpringApplicationShutdownHook] INFO  c.a.n.c.r.client - [shutdown,431] - Shutdown client event executor java.util.concurrent.ScheduledThreadPoolExecutor@6957adf2[Running, pool size = 2, active threads = 2, queued tasks = 0, completed tasks = 0]
22:32:55.316 [SpringApplicationShutdownHook] INFO  c.a.n.c.r.client - [closeConnection,584] - Close current connection 1777645960400_172.17.0.1_53516
22:32:55.321 [SpringApplicationShutdownHook] INFO  c.a.n.c.r.c.g.GrpcClient - [shutdown,159] - Shutdown grpc executor java.util.concurrent.ThreadPoolExecutor@68750f0e[Running, pool size = 3, active threads = 0, queued tasks = 0, completed tasks = 11]
22:32:55.321 [SpringApplicationShutdownHook] INFO  c.a.n.client.naming - [shutdown,318] - Shutdown grpc redo service executor java.util.concurrent.ScheduledThreadPoolExecutor@516aaf1d[Running, pool size = 1, active threads = 0, queued tasks = 1, completed tasks = 4]
22:32:55.321 [SpringApplicationShutdownHook] INFO  c.a.n.c.a.r.i.CredentialWatcher - [stop,106] - [null] CredentialWatcher is stopped
22:32:55.322 [SpringApplicationShutdownHook] INFO  c.a.n.c.a.r.i.CredentialService - [free,100] - [null] CredentialService is freed
22:32:55.322 [SpringApplicationShutdownHook] INFO  c.a.n.client.naming - [shutdown,211] - com.alibaba.nacos.client.naming.remote.NamingClientProxyDelegate do shutdown stop
22:34:33.671 [main] INFO  c.a.n.c.u.ParamUtil - [<clinit>,87] - [settings] [req-serv] nacos-server port:8848
22:34:33.671 [main] INFO  c.a.n.c.u.ParamUtil - [<clinit>,98] - [settings] [http-client] connect timeout:1000
22:34:33.672 [main] INFO  c.a.n.c.u.ParamUtil - [<clinit>,105] - PER_TASK_CONFIG_SIZE: 3000.0
22:34:33.691 [main] INFO  c.a.n.p.a.s.c.ClientAuthPluginManager - [init,56] - [ClientAuthPluginManager] Load ClientAuthService com.alibaba.nacos.client.auth.impl.NacosClientAuthServiceImpl success.
22:34:33.698 [main] INFO  c.a.n.p.a.s.c.ClientAuthPluginManager - [init,56] - [ClientAuthPluginManager] Load ClientAuthService com.alibaba.nacos.client.auth.ram.RamClientAuthServiceImpl success.
22:34:33.700 [main] INFO  c.a.n.c.a.r.i.CredentialWatcher - [loadCredential,165] - null No credential found
22:34:33.920 [main] INFO  c.a.n.c.c.i.LocalConfigInfoProcessor - [<clinit>,63] - LOCAL_SNAPSHOT_PATH:C:\Users\45\nacos\config
22:34:33.923 [main] INFO  c.a.n.c.r.client - [lambda$createClient$0,108] - [RpcClientFactory] create a new rpc client of e64bd704-a7a8-498e-956e-adceb7c02aff_config-0
22:34:33.933 [main] INFO  c.a.n.c.r.client - [printIfInfoEnabled,63] - [e64bd704-a7a8-498e-956e-adceb7c02aff_config-0] Register server push request handler:com.alibaba.nacos.client.config.impl.ClientWorker$ConfigRpcTransportClient$$Lambda$576/0x00000182bb315d10
22:34:33.934 [main] INFO  c.a.n.c.r.client - [printIfInfoEnabled,63] - [e64bd704-a7a8-498e-956e-adceb7c02aff_config-0] Register server push request handler:com.alibaba.nacos.client.config.impl.ClientWorker$ConfigRpcTransportClient$$Lambda$577/0x00000182bb316130
22:34:33.934 [main] INFO  c.a.n.c.r.client - [printIfInfoEnabled,63] - [e64bd704-a7a8-498e-956e-adceb7c02aff_config-0] Registry connection listener to current client:com.alibaba.nacos.client.config.impl.ClientWorker$ConfigRpcTransportClient$1
22:34:33.934 [main] INFO  c.a.n.c.r.client - [printIfInfoEnabled,63] - [e64bd704-a7a8-498e-956e-adceb7c02aff_config-0] RpcClient init, ServerListFactory = com.alibaba.nacos.client.config.impl.ClientWorker$ConfigRpcTransportClient$2
22:34:33.939 [main] INFO  c.a.n.c.r.client - [printIfInfoEnabled,63] - [e64bd704-a7a8-498e-956e-adceb7c02aff_config-0] Try to connect to server on start up, server: {serverIp = 'localhost', server main port = 8848}
22:34:33.960 [main] INFO  c.a.n.c.r.c.g.GrpcClient - [createNewManagedChannel,182] - grpc client connection server:localhost ip,serverPort:9848,grpcTslConfig:{"sslProvider":"OPENSSL","enableTls":false,"mutualAuthEnable":false,"trustAll":false}
22:34:34.625 [main] INFO  c.a.n.c.r.client - [printIfInfoEnabled,63] - [e64bd704-a7a8-498e-956e-adceb7c02aff_config-0] Success to connect to server [localhost:8848] on start up, connectionId = 1777646074456_172.17.0.1_47654
22:34:34.627 [com.alibaba.nacos.client.remote.worker] INFO  c.a.n.c.r.client - [printIfInfoEnabled,63] - [e64bd704-a7a8-498e-956e-adceb7c02aff_config-0] Notify connected event to listeners.
22:34:34.627 [com.alibaba.nacos.client.remote.worker] INFO  c.a.n.c.c.i.ClientWorker - [onConnected,639] - [e64bd704-a7a8-498e-956e-adceb7c02aff_config-0] Connected,notify listen context...
22:34:34.627 [main] INFO  c.a.n.c.r.client - [printIfInfoEnabled,63] - [e64bd704-a7a8-498e-956e-adceb7c02aff_config-0] Register server push request handler:com.alibaba.nacos.common.remote.client.RpcClient$ConnectResetRequestHandler
22:34:34.628 [main] INFO  c.a.n.c.r.client - [printIfInfoEnabled,63] - [e64bd704-a7a8-498e-956e-adceb7c02aff_config-0] Register server push request handler:com.alibaba.nacos.common.remote.client.RpcClient$$Lambda$597/0x00000182bb4a11e8
22:34:34.651 [main] INFO  c.a.n.c.c.i.Limiter - [<clinit>,62] - limitTime:5.0
22:34:34.679 [main] INFO  c.a.n.c.c.u.JvmUtil - [<clinit>,54] - isMultiInstance:false
22:34:34.683 [main] INFO  o.s.c.b.c.PropertySourceBootstrapConfiguration - [initialize,108] - Located property source: [BootstrapPropertySource {name='bootstrapProperties-oj-system-local.yaml,DEFAULT_GROUP'}, BootstrapPropertySource {name='bootstrapProperties-oj-system.yaml,DEFAULT_GROUP'}, BootstrapPropertySource {name='bootstrapProperties-oj-system,DEFAULT_GROUP'}]
22:34:34.688 [main] INFO  c.b.s.OjSystemApplication - [logStartupProfileInfo,636] - The following 1 profile is active: "local"
22:34:35.098 [main] INFO  o.s.d.r.c.RepositoryConfigurationDelegate - [multipleStoresDetected,294] - Multiple Spring Data modules found, entering strict repository configuration mode
22:34:35.100 [main] INFO  o.s.d.r.c.RepositoryConfigurationDelegate - [registerRepositoriesIn,138] - Bootstrapping Spring Data Redis repositories in DEFAULT mode.
22:34:35.119 [main] INFO  o.s.d.r.c.RepositoryConfigurationDelegate - [registerRepositoriesIn,208] - Finished Spring Data repository scanning in 6 ms. Found 0 Redis repository interfaces.
22:34:35.237 [main] INFO  o.s.c.c.s.GenericScope - [setSerializationId,282] - BeanFactory id=c8503308-e5d6-3142-89a6-0f6c1b212598
22:34:35.466 [main] INFO  o.s.b.w.e.t.TomcatWebServer - [initialize,108] - Tomcat initialized with port(s): 9201 (http)
22:34:35.473 [main] INFO  o.a.c.h.Http11NioProtocol - [log,173] - Initializing ProtocolHandler ["http-nio-9201"]
22:34:35.474 [main] INFO  o.a.c.c.StandardService - [log,173] - Starting service [Tomcat]
22:34:35.474 [main] INFO  o.a.c.c.StandardEngine - [log,173] - Starting Servlet engine: [Apache Tomcat/10.1.4]
22:34:35.530 [main] INFO  o.a.c.c.C.[.[.[/] - [log,173] - Initializing Spring embedded WebApplicationContext
22:34:35.531 [main] INFO  o.s.b.w.s.c.ServletWebServerApplicationContext - [prepareWebApplicationContext,291] - Root WebApplicationContext: initialization completed in 832 ms
22:34:36.582 [main] INFO  o.a.c.h.Http11NioProtocol - [log,173] - Starting ProtocolHandler ["http-nio-9201"]
22:34:36.592 [main] INFO  o.s.b.w.e.t.TomcatWebServer - [start,220] - Tomcat started on port(s): 9201 (http) with context path ''
22:34:36.595 [main] INFO  c.a.n.client.naming - [initNamespaceForNaming,62] - initializer namespace from ans.namespace attribute : null
22:34:36.595 [main] INFO  c.a.n.client.naming - [lambda$initNamespaceForNaming$0,66] - initializer namespace from ALIBABA_ALIWARE_NAMESPACE attribute :null
22:34:36.595 [main] INFO  c.a.n.client.naming - [lambda$initNamespaceForNaming$1,73] - initializer namespace from namespace attribute :null
22:34:36.601 [main] INFO  c.a.n.p.a.s.c.ClientAuthPluginManager - [init,56] - [ClientAuthPluginManager] Load ClientAuthService com.alibaba.nacos.client.auth.impl.NacosClientAuthServiceImpl success.
22:34:36.601 [main] INFO  c.a.n.p.a.s.c.ClientAuthPluginManager - [init,56] - [ClientAuthPluginManager] Load ClientAuthService com.alibaba.nacos.client.auth.ram.RamClientAuthServiceImpl success.
22:34:36.604 [main] INFO  c.a.n.c.r.client - [lambda$createClient$0,108] - [RpcClientFactory] create a new rpc client of c99ac1db-6705-434d-a27d-3d43a5a99b75
22:34:36.606 [main] INFO  c.a.n.c.r.client - [printIfInfoEnabled,63] - [c99ac1db-6705-434d-a27d-3d43a5a99b75] RpcClient init, ServerListFactory = com.alibaba.nacos.client.naming.core.ServerListManager
22:34:36.606 [main] INFO  c.a.n.c.r.client - [printIfInfoEnabled,63] - [c99ac1db-6705-434d-a27d-3d43a5a99b75] Registry connection listener to current client:com.alibaba.nacos.client.naming.remote.gprc.redo.NamingGrpcRedoService
22:34:36.607 [main] INFO  c.a.n.c.r.client - [printIfInfoEnabled,63] - [c99ac1db-6705-434d-a27d-3d43a5a99b75] Register server push request handler:com.alibaba.nacos.client.naming.remote.gprc.NamingPushRequestHandler
22:34:36.607 [main] INFO  c.a.n.c.r.client - [printIfInfoEnabled,63] - [c99ac1db-6705-434d-a27d-3d43a5a99b75] Try to connect to server on start up, server: {serverIp = 'localhost', server main port = 8848}
22:34:36.607 [main] INFO  c.a.n.c.r.c.g.GrpcClient - [createNewManagedChannel,182] - grpc client connection server:localhost ip,serverPort:9848,grpcTslConfig:{"sslProvider":"OPENSSL","enableTls":false,"mutualAuthEnable":false,"trustAll":false}
22:34:36.727 [main] INFO  c.a.n.c.r.client - [printIfInfoEnabled,63] - [c99ac1db-6705-434d-a27d-3d43a5a99b75] Success to connect to server [localhost:8848] on start up, connectionId = 1777646076613_172.17.0.1_47660
22:34:36.727 [main] INFO  c.a.n.c.r.client - [printIfInfoEnabled,63] - [c99ac1db-6705-434d-a27d-3d43a5a99b75] Register server push request handler:com.alibaba.nacos.common.remote.client.RpcClient$ConnectResetRequestHandler
22:34:36.728 [com.alibaba.nacos.client.remote.worker] INFO  c.a.n.c.r.client - [printIfInfoEnabled,63] - [c99ac1db-6705-434d-a27d-3d43a5a99b75] Notify connected event to listeners.
22:34:36.728 [main] INFO  c.a.n.c.r.client - [printIfInfoEnabled,63] - [c99ac1db-6705-434d-a27d-3d43a5a99b75] Register server push request handler:com.alibaba.nacos.common.remote.client.RpcClient$$Lambda$597/0x00000182bb4a11e8
22:34:36.728 [com.alibaba.nacos.client.remote.worker] INFO  c.a.n.client.naming - [onConnected,78] - Grpc connection connect
22:34:36.729 [main] INFO  c.a.n.client.naming - [registerService,121] - [REGISTER-SERVICE] 1b411097-df3c-4cac-a649-ba6b6b22fcd4 registering service oj-system with instance Instance{instanceId='null', ip='172.20.10.6', port=9201, weight=1.0, healthy=true, enabled=true, ephemeral=true, clusterName='DEFAULT', serviceName='null', metadata={IPv6=[2409:897a:3cd8:7c70:d2b9:c75e:f142:6eb6], preserved.register.source=SPRING_CLOUD}}
22:34:36.743 [main] INFO  c.a.c.n.r.NacosServiceRegistry - [register,76] - nacos registry, DEFAULT_GROUP oj-system 172.20.10.6:9201 register finished
22:34:36.889 [main] INFO  c.b.s.OjSystemApplication - [logStarted,57] - Started OjSystemApplication in 3.794 seconds (process running for 4.27)
22:34:36.891 [main] INFO  c.a.n.c.c.i.CacheData - [<clinit>,67] - nacos.cache.data.init.snapshot = true 
22:34:36.892 [main] INFO  c.a.n.c.c.i.ClientWorker - [addCacheDataIfAbsent,380] - [fixed-1b411097-df3c-4cac-a649-ba6b6b22fcd4-localhost_8848] [subscribe] oj-system-local.yaml+DEFAULT_GROUP+1b411097-df3c-4cac-a649-ba6b6b22fcd4
22:34:36.896 [main] INFO  c.a.n.c.c.i.CacheData - [addListener,197] - [fixed-1b411097-df3c-4cac-a649-ba6b6b22fcd4-localhost_8848] [add-listener] ok, tenant=1b411097-df3c-4cac-a649-ba6b6b22fcd4, dataId=oj-system-local.yaml, group=DEFAULT_GROUP, cnt=1
22:34:36.897 [main] INFO  c.a.c.n.r.NacosContextRefresher - [registerNacosListener,129] - [Nacos Config] Listening config: dataId=oj-system-local.yaml, group=DEFAULT_GROUP
22:34:36.897 [main] INFO  c.a.n.c.c.i.ClientWorker - [addCacheDataIfAbsent,380] - [fixed-1b411097-df3c-4cac-a649-ba6b6b22fcd4-localhost_8848] [subscribe] oj-system+DEFAULT_GROUP+1b411097-df3c-4cac-a649-ba6b6b22fcd4
22:34:36.898 [main] INFO  c.a.n.c.c.i.CacheData - [addListener,197] - [fixed-1b411097-df3c-4cac-a649-ba6b6b22fcd4-localhost_8848] [add-listener] ok, tenant=1b411097-df3c-4cac-a649-ba6b6b22fcd4, dataId=oj-system, group=DEFAULT_GROUP, cnt=1
22:34:36.899 [main] INFO  c.a.c.n.r.NacosContextRefresher - [registerNacosListener,129] - [Nacos Config] Listening config: dataId=oj-system, group=DEFAULT_GROUP
22:34:36.899 [main] INFO  c.a.n.c.c.i.ClientWorker - [addCacheDataIfAbsent,380] - [fixed-1b411097-df3c-4cac-a649-ba6b6b22fcd4-localhost_8848] [subscribe] oj-system.yaml+DEFAULT_GROUP+1b411097-df3c-4cac-a649-ba6b6b22fcd4
22:34:36.900 [main] INFO  c.a.n.c.c.i.CacheData - [addListener,197] - [fixed-1b411097-df3c-4cac-a649-ba6b6b22fcd4-localhost_8848] [add-listener] ok, tenant=1b411097-df3c-4cac-a649-ba6b6b22fcd4, dataId=oj-system.yaml, group=DEFAULT_GROUP, cnt=1
22:34:36.900 [main] INFO  c.a.c.n.r.NacosContextRefresher - [registerNacosListener,129] - [Nacos Config] Listening config: dataId=oj-system.yaml, group=DEFAULT_GROUP
22:34:39.529 [SpringApplicationShutdownHook] INFO  c.a.c.n.r.NacosServiceRegistry - [deregister,95] - De-registering from Nacos Server now...
22:34:39.529 [SpringApplicationShutdownHook] INFO  c.a.n.client.naming - [deregisterService,217] - [DEREGISTER-SERVICE] 1b411097-df3c-4cac-a649-ba6b6b22fcd4 deregistering service oj-system with instance: Instance{instanceId='null', ip='172.20.10.6', port=9201, weight=1.0, healthy=true, enabled=true, ephemeral=true, clusterName='DEFAULT', serviceName='null', metadata={}}
22:34:39.535 [SpringApplicationShutdownHook] INFO  c.a.c.n.r.NacosServiceRegistry - [deregister,115] - De-registration finished.
22:34:39.535 [SpringApplicationShutdownHook] INFO  c.a.n.client.naming - [shutdown,256] - com.alibaba.nacos.client.naming.cache.ServiceInfoHolder do shutdown begin
22:34:39.535 [SpringApplicationShutdownHook] INFO  c.a.n.client.naming - [shutdown,136] - com.alibaba.nacos.client.naming.backups.FailoverReactor do shutdown begin
22:34:39.608 [com.alibaba.nacos.client.naming.grpc.redo.0] INFO  c.a.n.client.naming - [redoForInstance,73] - Redo instance operation REMOVE for DEFAULT_GROUP@@oj-system
22:34:39.855 [SpringApplicationShutdownHook] INFO  c.a.n.client.naming - [shutdown,138] - com.alibaba.nacos.client.naming.backups.FailoverReactor do shutdown stop
22:34:39.855 [SpringApplicationShutdownHook] INFO  c.a.n.client.naming - [shutdown,258] - com.alibaba.nacos.client.naming.cache.ServiceInfoHolder do shutdown stop
22:34:39.855 [SpringApplicationShutdownHook] INFO  c.a.n.client.naming - [shutdown,204] - com.alibaba.nacos.client.naming.remote.NamingClientProxyDelegate do shutdown begin
22:34:39.855 [SpringApplicationShutdownHook] INFO  c.a.n.client.naming - [shutdown,143] - com.alibaba.nacos.client.naming.core.ServiceInfoUpdateService do shutdown begin
22:34:39.855 [SpringApplicationShutdownHook] INFO  c.a.n.client.naming - [shutdown,145] - com.alibaba.nacos.client.naming.core.ServiceInfoUpdateService do shutdown stop
22:34:39.855 [SpringApplicationShutdownHook] INFO  c.a.n.client.naming - [shutdown,194] - com.alibaba.nacos.client.naming.core.ServerListManager do shutdown begin
22:34:39.855 [SpringApplicationShutdownHook] INFO  c.a.n.client.naming - [shutdown,199] - com.alibaba.nacos.client.naming.core.ServerListManager do shutdown stop
22:34:39.855 [SpringApplicationShutdownHook] INFO  c.a.n.client.naming - [shutdown,484] - com.alibaba.nacos.client.naming.remote.http.NamingHttpClientProxy do shutdown begin
22:34:39.855 [SpringApplicationShutdownHook] INFO  c.a.n.client.naming - [shutdown,486] - com.alibaba.nacos.client.naming.remote.http.NamingHttpClientProxy do shutdown stop
22:34:39.855 [SpringApplicationShutdownHook] INFO  c.a.n.c.r.client - [shutdown,429] - Shutdown rpc client, set status to shutdown
22:34:39.855 [SpringApplicationShutdownHook] INFO  c.a.n.c.r.client - [shutdown,431] - Shutdown client event executor java.util.concurrent.ScheduledThreadPoolExecutor@171756dd[Running, pool size = 2, active threads = 2, queued tasks = 0, completed tasks = 0]
22:34:39.855 [SpringApplicationShutdownHook] INFO  c.a.n.c.r.client - [closeConnection,584] - Close current connection 1777646076613_172.17.0.1_47660
22:34:39.860 [SpringApplicationShutdownHook] INFO  c.a.n.c.r.c.g.GrpcClient - [shutdown,159] - Shutdown grpc executor java.util.concurrent.ThreadPoolExecutor@6f8d8b8f[Running, pool size = 12, active threads = 0, queued tasks = 0, completed tasks = 12]
22:34:39.860 [SpringApplicationShutdownHook] INFO  c.a.n.client.naming - [shutdown,318] - Shutdown grpc redo service executor java.util.concurrent.ScheduledThreadPoolExecutor@26550db2[Running, pool size = 1, active threads = 0, queued tasks = 1, completed tasks = 1]
22:34:39.861 [SpringApplicationShutdownHook] INFO  c.a.n.c.a.r.i.CredentialWatcher - [stop,106] - [null] CredentialWatcher is stopped
22:34:39.861 [SpringApplicationShutdownHook] INFO  c.a.n.c.a.r.i.CredentialService - [free,100] - [null] CredentialService is freed
22:34:39.861 [SpringApplicationShutdownHook] INFO  c.a.n.client.naming - [shutdown,211] - com.alibaba.nacos.client.naming.remote.NamingClientProxyDelegate do shutdown stop
22:34:42.571 [main] INFO  c.a.n.c.u.ParamUtil - [<clinit>,87] - [settings] [req-serv] nacos-server port:8848
22:34:42.571 [main] INFO  c.a.n.c.u.ParamUtil - [<clinit>,98] - [settings] [http-client] connect timeout:1000
22:34:42.572 [main] INFO  c.a.n.c.u.ParamUtil - [<clinit>,105] - PER_TASK_CONFIG_SIZE: 3000.0
22:34:42.591 [main] INFO  c.a.n.p.a.s.c.ClientAuthPluginManager - [init,56] - [ClientAuthPluginManager] Load ClientAuthService com.alibaba.nacos.client.auth.impl.NacosClientAuthServiceImpl success.
22:34:42.592 [main] INFO  c.a.n.p.a.s.c.ClientAuthPluginManager - [init,56] - [ClientAuthPluginManager] Load ClientAuthService com.alibaba.nacos.client.auth.ram.RamClientAuthServiceImpl success.
22:34:42.594 [main] INFO  c.a.n.c.a.r.i.CredentialWatcher - [loadCredential,165] - null No credential found
22:34:42.862 [main] INFO  c.a.n.c.c.i.LocalConfigInfoProcessor - [<clinit>,63] - LOCAL_SNAPSHOT_PATH:C:\Users\45\nacos\config
22:34:42.866 [main] INFO  c.a.n.c.r.client - [lambda$createClient$0,108] - [RpcClientFactory] create a new rpc client of a6074850-ff76-4d31-bcff-b6591d779b62_config-0
22:34:42.880 [main] INFO  c.a.n.c.r.client - [printIfInfoEnabled,63] - [a6074850-ff76-4d31-bcff-b6591d779b62_config-0] Register server push request handler:com.alibaba.nacos.client.config.impl.ClientWorker$ConfigRpcTransportClient$$Lambda$576/0x00000274cb314590
22:34:42.880 [main] INFO  c.a.n.c.r.client - [printIfInfoEnabled,63] - [a6074850-ff76-4d31-bcff-b6591d779b62_config-0] Register server push request handler:com.alibaba.nacos.client.config.impl.ClientWorker$ConfigRpcTransportClient$$Lambda$577/0x00000274cb3149b0
22:34:42.881 [main] INFO  c.a.n.c.r.client - [printIfInfoEnabled,63] - [a6074850-ff76-4d31-bcff-b6591d779b62_config-0] Registry connection listener to current client:com.alibaba.nacos.client.config.impl.ClientWorker$ConfigRpcTransportClient$1
22:34:42.881 [main] INFO  c.a.n.c.r.client - [printIfInfoEnabled,63] - [a6074850-ff76-4d31-bcff-b6591d779b62_config-0] RpcClient init, ServerListFactory = com.alibaba.nacos.client.config.impl.ClientWorker$ConfigRpcTransportClient$2
22:34:42.888 [main] INFO  c.a.n.c.r.client - [printIfInfoEnabled,63] - [a6074850-ff76-4d31-bcff-b6591d779b62_config-0] Try to connect to server on start up, server: {serverIp = 'localhost', server main port = 8848}
22:34:42.917 [main] INFO  c.a.n.c.r.c.g.GrpcClient - [createNewManagedChannel,182] - grpc client connection server:localhost ip,serverPort:9848,grpcTslConfig:{"sslProvider":"OPENSSL","enableTls":false,"mutualAuthEnable":false,"trustAll":false}
22:34:43.672 [main] INFO  c.a.n.c.r.client - [printIfInfoEnabled,63] - [a6074850-ff76-4d31-bcff-b6591d779b62_config-0] Success to connect to server [localhost:8848] on start up, connectionId = 1777646083497_172.17.0.1_59626
22:34:43.673 [com.alibaba.nacos.client.remote.worker] INFO  c.a.n.c.r.client - [printIfInfoEnabled,63] - [a6074850-ff76-4d31-bcff-b6591d779b62_config-0] Notify connected event to listeners.
22:34:43.673 [main] INFO  c.a.n.c.r.client - [printIfInfoEnabled,63] - [a6074850-ff76-4d31-bcff-b6591d779b62_config-0] Register server push request handler:com.alibaba.nacos.common.remote.client.RpcClient$ConnectResetRequestHandler
22:34:43.673 [com.alibaba.nacos.client.remote.worker] INFO  c.a.n.c.c.i.ClientWorker - [onConnected,639] - [a6074850-ff76-4d31-bcff-b6591d779b62_config-0] Connected,notify listen context...
22:34:43.673 [main] INFO  c.a.n.c.r.client - [printIfInfoEnabled,63] - [a6074850-ff76-4d31-bcff-b6591d779b62_config-0] Register server push request handler:com.alibaba.nacos.common.remote.client.RpcClient$$Lambda$597/0x00000274cb47ba30
22:34:43.706 [main] INFO  c.a.n.c.c.i.Limiter - [<clinit>,62] - limitTime:5.0
22:34:43.743 [main] INFO  c.a.n.c.c.u.JvmUtil - [<clinit>,54] - isMultiInstance:false
22:34:43.749 [main] INFO  o.s.c.b.c.PropertySourceBootstrapConfiguration - [initialize,108] - Located property source: [BootstrapPropertySource {name='bootstrapProperties-oj-system-local.yaml,DEFAULT_GROUP'}, BootstrapPropertySource {name='bootstrapProperties-oj-system.yaml,DEFAULT_GROUP'}, BootstrapPropertySource {name='bootstrapProperties-oj-system,DEFAULT_GROUP'}]
22:34:43.754 [main] INFO  c.b.s.OjSystemApplication - [logStartupProfileInfo,636] - The following 1 profile is active: "local"
22:34:44.225 [main] INFO  o.s.d.r.c.RepositoryConfigurationDelegate - [multipleStoresDetected,294] - Multiple Spring Data modules found, entering strict repository configuration mode
22:34:44.227 [main] INFO  o.s.d.r.c.RepositoryConfigurationDelegate - [registerRepositoriesIn,138] - Bootstrapping Spring Data Redis repositories in DEFAULT mode.
22:34:44.245 [main] INFO  o.s.d.r.c.RepositoryConfigurationDelegate - [registerRepositoriesIn,208] - Finished Spring Data repository scanning in 7 ms. Found 0 Redis repository interfaces.
22:34:44.397 [main] INFO  o.s.c.c.s.GenericScope - [setSerializationId,282] - BeanFactory id=c8503308-e5d6-3142-89a6-0f6c1b212598
22:34:44.700 [main] INFO  o.s.b.w.e.t.TomcatWebServer - [initialize,108] - Tomcat initialized with port(s): 9201 (http)
22:34:44.709 [main] INFO  o.a.c.h.Http11NioProtocol - [log,173] - Initializing ProtocolHandler ["http-nio-9201"]
22:34:44.709 [main] INFO  o.a.c.c.StandardService - [log,173] - Starting service [Tomcat]
22:34:44.710 [main] INFO  o.a.c.c.StandardEngine - [log,173] - Starting Servlet engine: [Apache Tomcat/10.1.4]
22:34:44.781 [main] INFO  o.a.c.c.C.[.[.[/] - [log,173] - Initializing Spring embedded WebApplicationContext
22:34:44.782 [main] INFO  o.s.b.w.s.c.ServletWebServerApplicationContext - [prepareWebApplicationContext,291] - Root WebApplicationContext: initialization completed in 1014 ms
22:34:46.108 [main] INFO  o.a.c.h.Http11NioProtocol - [log,173] - Starting ProtocolHandler ["http-nio-9201"]
22:34:46.118 [main] INFO  o.s.b.w.e.t.TomcatWebServer - [start,220] - Tomcat started on port(s): 9201 (http) with context path ''
22:34:46.122 [main] INFO  c.a.n.client.naming - [initNamespaceForNaming,62] - initializer namespace from ans.namespace attribute : null
22:34:46.123 [main] INFO  c.a.n.client.naming - [lambda$initNamespaceForNaming$0,66] - initializer namespace from ALIBABA_ALIWARE_NAMESPACE attribute :null
22:34:46.123 [main] INFO  c.a.n.client.naming - [lambda$initNamespaceForNaming$1,73] - initializer namespace from namespace attribute :null
22:34:46.130 [main] INFO  c.a.n.p.a.s.c.ClientAuthPluginManager - [init,56] - [ClientAuthPluginManager] Load ClientAuthService com.alibaba.nacos.client.auth.impl.NacosClientAuthServiceImpl success.
22:34:46.130 [main] INFO  c.a.n.p.a.s.c.ClientAuthPluginManager - [init,56] - [ClientAuthPluginManager] Load ClientAuthService com.alibaba.nacos.client.auth.ram.RamClientAuthServiceImpl success.
22:34:46.134 [main] INFO  c.a.n.c.r.client - [lambda$createClient$0,108] - [RpcClientFactory] create a new rpc client of 072fbe8b-6485-4809-a26d-75379a13bfd6
22:34:46.135 [main] INFO  c.a.n.c.r.client - [printIfInfoEnabled,63] - [072fbe8b-6485-4809-a26d-75379a13bfd6] RpcClient init, ServerListFactory = com.alibaba.nacos.client.naming.core.ServerListManager
22:34:46.136 [main] INFO  c.a.n.c.r.client - [printIfInfoEnabled,63] - [072fbe8b-6485-4809-a26d-75379a13bfd6] Registry connection listener to current client:com.alibaba.nacos.client.naming.remote.gprc.redo.NamingGrpcRedoService
22:34:46.136 [main] INFO  c.a.n.c.r.client - [printIfInfoEnabled,63] - [072fbe8b-6485-4809-a26d-75379a13bfd6] Register server push request handler:com.alibaba.nacos.client.naming.remote.gprc.NamingPushRequestHandler
22:34:46.136 [main] INFO  c.a.n.c.r.client - [printIfInfoEnabled,63] - [072fbe8b-6485-4809-a26d-75379a13bfd6] Try to connect to server on start up, server: {serverIp = 'localhost', server main port = 8848}
22:34:46.136 [main] INFO  c.a.n.c.r.c.g.GrpcClient - [createNewManagedChannel,182] - grpc client connection server:localhost ip,serverPort:9848,grpcTslConfig:{"sslProvider":"OPENSSL","enableTls":false,"mutualAuthEnable":false,"trustAll":false}
22:34:46.259 [main] INFO  c.a.n.c.r.client - [printIfInfoEnabled,63] - [072fbe8b-6485-4809-a26d-75379a13bfd6] Success to connect to server [localhost:8848] on start up, connectionId = 1777646086143_172.17.0.1_59640
22:34:46.260 [com.alibaba.nacos.client.remote.worker] INFO  c.a.n.c.r.client - [printIfInfoEnabled,63] - [072fbe8b-6485-4809-a26d-75379a13bfd6] Notify connected event to listeners.
22:34:46.260 [main] INFO  c.a.n.c.r.client - [printIfInfoEnabled,63] - [072fbe8b-6485-4809-a26d-75379a13bfd6] Register server push request handler:com.alibaba.nacos.common.remote.client.RpcClient$ConnectResetRequestHandler
22:34:46.260 [main] INFO  c.a.n.c.r.client - [printIfInfoEnabled,63] - [072fbe8b-6485-4809-a26d-75379a13bfd6] Register server push request handler:com.alibaba.nacos.common.remote.client.RpcClient$$Lambda$597/0x00000274cb47ba30
22:34:46.260 [com.alibaba.nacos.client.remote.worker] INFO  c.a.n.client.naming - [onConnected,78] - Grpc connection connect
22:34:46.261 [main] INFO  c.a.n.client.naming - [registerService,121] - [REGISTER-SERVICE] 1b411097-df3c-4cac-a649-ba6b6b22fcd4 registering service oj-system with instance Instance{instanceId='null', ip='172.20.10.6', port=9201, weight=1.0, healthy=true, enabled=true, ephemeral=true, clusterName='DEFAULT', serviceName='null', metadata={IPv6=[2409:897a:3cd8:7c70:d2b9:c75e:f142:6eb6], preserved.register.source=SPRING_CLOUD}}
22:34:46.283 [main] INFO  c.a.c.n.r.NacosServiceRegistry - [register,76] - nacos registry, DEFAULT_GROUP oj-system 172.20.10.6:9201 register finished
22:34:46.456 [main] INFO  c.b.s.OjSystemApplication - [logStarted,57] - Started OjSystemApplication in 4.534 seconds (process running for 5.175)
22:34:46.459 [main] INFO  c.a.n.c.c.i.CacheData - [<clinit>,67] - nacos.cache.data.init.snapshot = true 
22:34:46.460 [main] INFO  c.a.n.c.c.i.ClientWorker - [addCacheDataIfAbsent,380] - [fixed-1b411097-df3c-4cac-a649-ba6b6b22fcd4-localhost_8848] [subscribe] oj-system-local.yaml+DEFAULT_GROUP+1b411097-df3c-4cac-a649-ba6b6b22fcd4
22:34:46.466 [main] INFO  c.a.n.c.c.i.CacheData - [addListener,197] - [fixed-1b411097-df3c-4cac-a649-ba6b6b22fcd4-localhost_8848] [add-listener] ok, tenant=1b411097-df3c-4cac-a649-ba6b6b22fcd4, dataId=oj-system-local.yaml, group=DEFAULT_GROUP, cnt=1
22:34:46.467 [main] INFO  c.a.c.n.r.NacosContextRefresher - [registerNacosListener,129] - [Nacos Config] Listening config: dataId=oj-system-local.yaml, group=DEFAULT_GROUP
22:34:46.467 [main] INFO  c.a.n.c.c.i.ClientWorker - [addCacheDataIfAbsent,380] - [fixed-1b411097-df3c-4cac-a649-ba6b6b22fcd4-localhost_8848] [subscribe] oj-system+DEFAULT_GROUP+1b411097-df3c-4cac-a649-ba6b6b22fcd4
22:34:46.468 [main] INFO  c.a.n.c.c.i.CacheData - [addListener,197] - [fixed-1b411097-df3c-4cac-a649-ba6b6b22fcd4-localhost_8848] [add-listener] ok, tenant=1b411097-df3c-4cac-a649-ba6b6b22fcd4, dataId=oj-system, group=DEFAULT_GROUP, cnt=1
22:34:46.469 [main] INFO  c.a.c.n.r.NacosContextRefresher - [registerNacosListener,129] - [Nacos Config] Listening config: dataId=oj-system, group=DEFAULT_GROUP
22:34:46.470 [main] INFO  c.a.n.c.c.i.ClientWorker - [addCacheDataIfAbsent,380] - [fixed-1b411097-df3c-4cac-a649-ba6b6b22fcd4-localhost_8848] [subscribe] oj-system.yaml+DEFAULT_GROUP+1b411097-df3c-4cac-a649-ba6b6b22fcd4
22:34:46.470 [main] INFO  c.a.n.c.c.i.CacheData - [addListener,197] - [fixed-1b411097-df3c-4cac-a649-ba6b6b22fcd4-localhost_8848] [add-listener] ok, tenant=1b411097-df3c-4cac-a649-ba6b6b22fcd4, dataId=oj-system.yaml, group=DEFAULT_GROUP, cnt=1
22:34:46.470 [main] INFO  c.a.c.n.r.NacosContextRefresher - [registerNacosListener,129] - [Nacos Config] Listening config: dataId=oj-system.yaml, group=DEFAULT_GROUP
22:43:09.657 [http-nio-9201-exec-1] INFO  o.a.c.c.C.[.[.[/] - [log,173] - Initializing Spring DispatcherServlet 'dispatcherServlet'
22:43:09.658 [http-nio-9201-exec-1] INFO  o.s.w.s.DispatcherServlet - [initServletBean,532] - Initializing Servlet 'dispatcherServlet'
22:43:09.660 [http-nio-9201-exec-1] INFO  o.s.w.s.DispatcherServlet - [initServletBean,554] - Completed initialization in 0 ms
22:43:09.783 [http-nio-9201-exec-1] INFO  c.z.h.HikariDataSource - [getConnection,110] - HikariPool-1 - Starting...
22:43:10.183 [http-nio-9201-exec-1] INFO  c.z.h.p.HikariPool - [checkFailFast,565] - HikariPool-1 - Added connection com.mysql.cj.jdbc.ConnectionImpl@7fd2c0b3
22:43:10.184 [http-nio-9201-exec-1] INFO  c.z.h.HikariDataSource - [getConnection,123] - HikariPool-1 - Start completed.
22:45:00.851 [SpringApplicationShutdownHook] INFO  c.a.c.n.r.NacosServiceRegistry - [deregister,95] - De-registering from Nacos Server now...
22:45:00.852 [SpringApplicationShutdownHook] INFO  c.a.n.client.naming - [deregisterService,217] - [DEREGISTER-SERVICE] 1b411097-df3c-4cac-a649-ba6b6b22fcd4 deregistering service oj-system with instance: Instance{instanceId='null', ip='172.20.10.6', port=9201, weight=1.0, healthy=true, enabled=true, ephemeral=true, clusterName='DEFAULT', serviceName='null', metadata={}}
22:45:00.855 [SpringApplicationShutdownHook] INFO  c.a.c.n.r.NacosServiceRegistry - [deregister,115] - De-registration finished.
22:45:00.855 [SpringApplicationShutdownHook] INFO  c.a.n.client.naming - [shutdown,256] - com.alibaba.nacos.client.naming.cache.ServiceInfoHolder do shutdown begin
22:45:00.855 [SpringApplicationShutdownHook] INFO  c.a.n.client.naming - [shutdown,136] - com.alibaba.nacos.client.naming.backups.FailoverReactor do shutdown begin
22:45:00.856 [SpringApplicationShutdownHook] INFO  c.a.n.client.naming - [shutdown,138] - com.alibaba.nacos.client.naming.backups.FailoverReactor do shutdown stop
22:45:00.856 [SpringApplicationShutdownHook] INFO  c.a.n.client.naming - [shutdown,258] - com.alibaba.nacos.client.naming.cache.ServiceInfoHolder do shutdown stop
22:45:00.856 [SpringApplicationShutdownHook] INFO  c.a.n.client.naming - [shutdown,204] - com.alibaba.nacos.client.naming.remote.NamingClientProxyDelegate do shutdown begin
22:45:00.856 [SpringApplicationShutdownHook] INFO  c.a.n.client.naming - [shutdown,143] - com.alibaba.nacos.client.naming.core.ServiceInfoUpdateService do shutdown begin
22:45:00.856 [SpringApplicationShutdownHook] INFO  c.a.n.client.naming - [shutdown,145] - com.alibaba.nacos.client.naming.core.ServiceInfoUpdateService do shutdown stop
22:45:00.856 [SpringApplicationShutdownHook] INFO  c.a.n.client.naming - [shutdown,194] - com.alibaba.nacos.client.naming.core.ServerListManager do shutdown begin
22:45:00.856 [SpringApplicationShutdownHook] INFO  c.a.n.client.naming - [shutdown,199] - com.alibaba.nacos.client.naming.core.ServerListManager do shutdown stop
22:45:00.856 [SpringApplicationShutdownHook] INFO  c.a.n.client.naming - [shutdown,484] - com.alibaba.nacos.client.naming.remote.http.NamingHttpClientProxy do shutdown begin
22:45:00.857 [SpringApplicationShutdownHook] INFO  c.a.n.client.naming - [shutdown,486] - com.alibaba.nacos.client.naming.remote.http.NamingHttpClientProxy do shutdown stop
22:45:00.857 [SpringApplicationShutdownHook] INFO  c.a.n.c.r.client - [shutdown,429] - Shutdown rpc client, set status to shutdown
22:45:00.857 [SpringApplicationShutdownHook] INFO  c.a.n.c.r.client - [shutdown,431] - Shutdown client event executor java.util.concurrent.ScheduledThreadPoolExecutor@2dd4d44e[Running, pool size = 2, active threads = 2, queued tasks = 0, completed tasks = 0]
22:45:00.857 [SpringApplicationShutdownHook] INFO  c.a.n.c.r.client - [closeConnection,584] - Close current connection 1777646086143_172.17.0.1_59640
22:45:00.858 [nacos-grpc-client-executor-localhost-136] INFO  c.a.n.c.r.c.g.GrpcClient - [printIfInfoEnabled,63] - [1777646086143_172.17.0.1_59640]Ignore complete event,isRunning:false,isAbandon=false
22:45:00.859 [SpringApplicationShutdownHook] INFO  c.a.n.c.r.c.g.GrpcClient - [shutdown,159] - Shutdown grpc executor java.util.concurrent.ThreadPoolExecutor@38736518[Running, pool size = 4, active threads = 0, queued tasks = 0, completed tasks = 137]
22:45:00.859 [SpringApplicationShutdownHook] INFO  c.a.n.client.naming - [shutdown,318] - Shutdown grpc redo service executor java.util.concurrent.ScheduledThreadPoolExecutor@4cb413df[Running, pool size = 1, active threads = 0, queued tasks = 1, completed tasks = 197]
22:45:00.859 [SpringApplicationShutdownHook] INFO  c.a.n.c.a.r.i.CredentialWatcher - [stop,106] - [null] CredentialWatcher is stopped
22:45:00.860 [SpringApplicationShutdownHook] INFO  c.a.n.c.a.r.i.CredentialService - [free,100] - [null] CredentialService is freed
22:45:00.861 [SpringApplicationShutdownHook] INFO  c.a.n.client.naming - [shutdown,211] - com.alibaba.nacos.client.naming.remote.NamingClientProxyDelegate do shutdown stop
22:45:00.976 [SpringApplicationShutdownHook] INFO  c.z.h.HikariDataSource - [close,350] - HikariPool-1 - Shutdown initiated...
22:45:00.980 [SpringApplicationShutdownHook] INFO  c.z.h.HikariDataSource - [close,352] - HikariPool-1 - Shutdown completed.
22:45:03.818 [main] INFO  c.a.n.c.u.ParamUtil - [<clinit>,87] - [settings] [req-serv] nacos-server port:8848
22:45:03.819 [main] INFO  c.a.n.c.u.ParamUtil - [<clinit>,98] - [settings] [http-client] connect timeout:1000
22:45:03.820 [main] INFO  c.a.n.c.u.ParamUtil - [<clinit>,105] - PER_TASK_CONFIG_SIZE: 3000.0
22:45:03.838 [main] INFO  c.a.n.p.a.s.c.ClientAuthPluginManager - [init,56] - [ClientAuthPluginManager] Load ClientAuthService com.alibaba.nacos.client.auth.impl.NacosClientAuthServiceImpl success.
22:45:03.839 [main] INFO  c.a.n.p.a.s.c.ClientAuthPluginManager - [init,56] - [ClientAuthPluginManager] Load ClientAuthService com.alibaba.nacos.client.auth.ram.RamClientAuthServiceImpl success.
22:45:03.841 [main] INFO  c.a.n.c.a.r.i.CredentialWatcher - [loadCredential,165] - null No credential found
22:45:04.060 [main] INFO  c.a.n.c.c.i.LocalConfigInfoProcessor - [<clinit>,63] - LOCAL_SNAPSHOT_PATH:C:\Users\45\nacos\config
22:45:04.063 [main] INFO  c.a.n.c.r.client - [lambda$createClient$0,108] - [RpcClientFactory] create a new rpc client of d8438168-06c2-42b4-8767-509c87305e0e_config-0
22:45:04.075 [main] INFO  c.a.n.c.r.client - [printIfInfoEnabled,63] - [d8438168-06c2-42b4-8767-509c87305e0e_config-0] Register server push request handler:com.alibaba.nacos.client.config.impl.ClientWorker$ConfigRpcTransportClient$$Lambda$576/0x000001fce23158c8
22:45:04.076 [main] INFO  c.a.n.c.r.client - [printIfInfoEnabled,63] - [d8438168-06c2-42b4-8767-509c87305e0e_config-0] Register server push request handler:com.alibaba.nacos.client.config.impl.ClientWorker$ConfigRpcTransportClient$$Lambda$577/0x000001fce2315ce8
22:45:04.076 [main] INFO  c.a.n.c.r.client - [printIfInfoEnabled,63] - [d8438168-06c2-42b4-8767-509c87305e0e_config-0] Registry connection listener to current client:com.alibaba.nacos.client.config.impl.ClientWorker$ConfigRpcTransportClient$1
22:45:04.077 [main] INFO  c.a.n.c.r.client - [printIfInfoEnabled,63] - [d8438168-06c2-42b4-8767-509c87305e0e_config-0] RpcClient init, ServerListFactory = com.alibaba.nacos.client.config.impl.ClientWorker$ConfigRpcTransportClient$2
22:45:04.083 [main] INFO  c.a.n.c.r.client - [printIfInfoEnabled,63] - [d8438168-06c2-42b4-8767-509c87305e0e_config-0] Try to connect to server on start up, server: {serverIp = 'localhost', server main port = 8848}
22:45:04.109 [main] INFO  c.a.n.c.r.c.g.GrpcClient - [createNewManagedChannel,182] - grpc client connection server:localhost ip,serverPort:9848,grpcTslConfig:{"sslProvider":"OPENSSL","enableTls":false,"mutualAuthEnable":false,"trustAll":false}
22:45:04.840 [main] INFO  c.a.n.c.r.client - [printIfInfoEnabled,63] - [d8438168-06c2-42b4-8767-509c87305e0e_config-0] Success to connect to server [localhost:8848] on start up, connectionId = 1777646704671_172.17.0.1_53436
22:45:04.841 [com.alibaba.nacos.client.remote.worker] INFO  c.a.n.c.r.client - [printIfInfoEnabled,63] - [d8438168-06c2-42b4-8767-509c87305e0e_config-0] Notify connected event to listeners.
22:45:04.841 [main] INFO  c.a.n.c.r.client - [printIfInfoEnabled,63] - [d8438168-06c2-42b4-8767-509c87305e0e_config-0] Register server push request handler:com.alibaba.nacos.common.remote.client.RpcClient$ConnectResetRequestHandler
22:45:04.841 [com.alibaba.nacos.client.remote.worker] INFO  c.a.n.c.c.i.ClientWorker - [onConnected,639] - [d8438168-06c2-42b4-8767-509c87305e0e_config-0] Connected,notify listen context...
22:45:04.841 [main] INFO  c.a.n.c.r.client - [printIfInfoEnabled,63] - [d8438168-06c2-42b4-8767-509c87305e0e_config-0] Register server push request handler:com.alibaba.nacos.common.remote.client.RpcClient$$Lambda$597/0x000001fce247ca58
22:45:04.872 [main] INFO  c.a.n.c.c.i.Limiter - [<clinit>,62] - limitTime:5.0
22:45:04.900 [main] INFO  c.a.n.c.c.u.JvmUtil - [<clinit>,54] - isMultiInstance:false
22:45:04.906 [main] INFO  o.s.c.b.c.PropertySourceBootstrapConfiguration - [initialize,108] - Located property source: [BootstrapPropertySource {name='bootstrapProperties-oj-system-local.yaml,DEFAULT_GROUP'}, BootstrapPropertySource {name='bootstrapProperties-oj-system.yaml,DEFAULT_GROUP'}, BootstrapPropertySource {name='bootstrapProperties-oj-system,DEFAULT_GROUP'}]
22:45:04.910 [main] INFO  c.b.s.OjSystemApplication - [logStartupProfileInfo,636] - The following 1 profile is active: "local"
22:45:05.346 [main] INFO  o.s.d.r.c.RepositoryConfigurationDelegate - [multipleStoresDetected,294] - Multiple Spring Data modules found, entering strict repository configuration mode
22:45:05.348 [main] INFO  o.s.d.r.c.RepositoryConfigurationDelegate - [registerRepositoriesIn,138] - Bootstrapping Spring Data Redis repositories in DEFAULT mode.
22:45:05.363 [main] INFO  o.s.d.r.c.RepositoryConfigurationDelegate - [registerRepositoriesIn,208] - Finished Spring Data repository scanning in 6 ms. Found 0 Redis repository interfaces.
22:45:05.496 [main] INFO  o.s.c.c.s.GenericScope - [setSerializationId,282] - BeanFactory id=c8503308-e5d6-3142-89a6-0f6c1b212598
22:45:05.752 [main] INFO  o.s.b.w.e.t.TomcatWebServer - [initialize,108] - Tomcat initialized with port(s): 9201 (http)
22:45:05.758 [main] INFO  o.a.c.h.Http11NioProtocol - [log,173] - Initializing ProtocolHandler ["http-nio-9201"]
22:45:05.759 [main] INFO  o.a.c.c.StandardService - [log,173] - Starting service [Tomcat]
22:45:05.759 [main] INFO  o.a.c.c.StandardEngine - [log,173] - Starting Servlet engine: [Apache Tomcat/10.1.4]
22:45:05.819 [main] INFO  o.a.c.c.C.[.[.[/] - [log,173] - Initializing Spring embedded WebApplicationContext
22:45:05.819 [main] INFO  o.s.b.w.s.c.ServletWebServerApplicationContext - [prepareWebApplicationContext,291] - Root WebApplicationContext: initialization completed in 897 ms
22:45:07.005 [main] INFO  o.a.c.h.Http11NioProtocol - [log,173] - Starting ProtocolHandler ["http-nio-9201"]
22:45:07.014 [main] INFO  o.s.b.w.e.t.TomcatWebServer - [start,220] - Tomcat started on port(s): 9201 (http) with context path ''
22:45:07.018 [main] INFO  c.a.n.client.naming - [initNamespaceForNaming,62] - initializer namespace from ans.namespace attribute : null
22:45:07.018 [main] INFO  c.a.n.client.naming - [lambda$initNamespaceForNaming$0,66] - initializer namespace from ALIBABA_ALIWARE_NAMESPACE attribute :null
22:45:07.019 [main] INFO  c.a.n.client.naming - [lambda$initNamespaceForNaming$1,73] - initializer namespace from namespace attribute :null
22:45:07.034 [main] INFO  c.a.n.p.a.s.c.ClientAuthPluginManager - [init,56] - [ClientAuthPluginManager] Load ClientAuthService com.alibaba.nacos.client.auth.impl.NacosClientAuthServiceImpl success.
22:45:07.034 [main] INFO  c.a.n.p.a.s.c.ClientAuthPluginManager - [init,56] - [ClientAuthPluginManager] Load ClientAuthService com.alibaba.nacos.client.auth.ram.RamClientAuthServiceImpl success.
22:45:07.039 [main] INFO  c.a.n.c.r.client - [lambda$createClient$0,108] - [RpcClientFactory] create a new rpc client of 66c26972-46a6-4443-afa5-a122ca8f2710
22:45:07.040 [main] INFO  c.a.n.c.r.client - [printIfInfoEnabled,63] - [66c26972-46a6-4443-afa5-a122ca8f2710] RpcClient init, ServerListFactory = com.alibaba.nacos.client.naming.core.ServerListManager
22:45:07.040 [main] INFO  c.a.n.c.r.client - [printIfInfoEnabled,63] - [66c26972-46a6-4443-afa5-a122ca8f2710] Registry connection listener to current client:com.alibaba.nacos.client.naming.remote.gprc.redo.NamingGrpcRedoService
22:45:07.041 [main] INFO  c.a.n.c.r.client - [printIfInfoEnabled,63] - [66c26972-46a6-4443-afa5-a122ca8f2710] Register server push request handler:com.alibaba.nacos.client.naming.remote.gprc.NamingPushRequestHandler
22:45:07.041 [main] INFO  c.a.n.c.r.client - [printIfInfoEnabled,63] - [66c26972-46a6-4443-afa5-a122ca8f2710] Try to connect to server on start up, server: {serverIp = 'localhost', server main port = 8848}
22:45:07.041 [main] INFO  c.a.n.c.r.c.g.GrpcClient - [createNewManagedChannel,182] - grpc client connection server:localhost ip,serverPort:9848,grpcTslConfig:{"sslProvider":"OPENSSL","enableTls":false,"mutualAuthEnable":false,"trustAll":false}
22:45:07.160 [main] INFO  c.a.n.c.r.client - [printIfInfoEnabled,63] - [66c26972-46a6-4443-afa5-a122ca8f2710] Success to connect to server [localhost:8848] on start up, connectionId = 1777646707053_172.17.0.1_53444
22:45:07.160 [com.alibaba.nacos.client.remote.worker] INFO  c.a.n.c.r.client - [printIfInfoEnabled,63] - [66c26972-46a6-4443-afa5-a122ca8f2710] Notify connected event to listeners.
22:45:07.160 [main] INFO  c.a.n.c.r.client - [printIfInfoEnabled,63] - [66c26972-46a6-4443-afa5-a122ca8f2710] Register server push request handler:com.alibaba.nacos.common.remote.client.RpcClient$ConnectResetRequestHandler
22:45:07.160 [com.alibaba.nacos.client.remote.worker] INFO  c.a.n.client.naming - [onConnected,78] - Grpc connection connect
22:45:07.160 [main] INFO  c.a.n.c.r.client - [printIfInfoEnabled,63] - [66c26972-46a6-4443-afa5-a122ca8f2710] Register server push request handler:com.alibaba.nacos.common.remote.client.RpcClient$$Lambda$597/0x000001fce247ca58
22:45:07.163 [main] INFO  c.a.n.client.naming - [registerService,121] - [REGISTER-SERVICE] 1b411097-df3c-4cac-a649-ba6b6b22fcd4 registering service oj-system with instance Instance{instanceId='null', ip='172.20.10.6', port=9201, weight=1.0, healthy=true, enabled=true, ephemeral=true, clusterName='DEFAULT', serviceName='null', metadata={IPv6=[2409:897a:3cd8:7c70:d2b9:c75e:f142:6eb6], preserved.register.source=SPRING_CLOUD}}
22:45:07.177 [main] INFO  c.a.c.n.r.NacosServiceRegistry - [register,76] - nacos registry, DEFAULT_GROUP oj-system 172.20.10.6:9201 register finished
22:45:07.325 [main] INFO  c.b.s.OjSystemApplication - [logStarted,57] - Started OjSystemApplication in 4.143 seconds (process running for 4.745)
22:45:07.328 [main] INFO  c.a.n.c.c.i.CacheData - [<clinit>,67] - nacos.cache.data.init.snapshot = true 
22:45:07.329 [main] INFO  c.a.n.c.c.i.ClientWorker - [addCacheDataIfAbsent,380] - [fixed-1b411097-df3c-4cac-a649-ba6b6b22fcd4-localhost_8848] [subscribe] oj-system-local.yaml+DEFAULT_GROUP+1b411097-df3c-4cac-a649-ba6b6b22fcd4
22:45:07.334 [main] INFO  c.a.n.c.c.i.CacheData - [addListener,197] - [fixed-1b411097-df3c-4cac-a649-ba6b6b22fcd4-localhost_8848] [add-listener] ok, tenant=1b411097-df3c-4cac-a649-ba6b6b22fcd4, dataId=oj-system-local.yaml, group=DEFAULT_GROUP, cnt=1
22:45:07.334 [main] INFO  c.a.c.n.r.NacosContextRefresher - [registerNacosListener,129] - [Nacos Config] Listening config: dataId=oj-system-local.yaml, group=DEFAULT_GROUP
22:45:07.335 [main] INFO  c.a.n.c.c.i.ClientWorker - [addCacheDataIfAbsent,380] - [fixed-1b411097-df3c-4cac-a649-ba6b6b22fcd4-localhost_8848] [subscribe] oj-system+DEFAULT_GROUP+1b411097-df3c-4cac-a649-ba6b6b22fcd4
22:45:07.335 [main] INFO  c.a.n.c.c.i.CacheData - [addListener,197] - [fixed-1b411097-df3c-4cac-a649-ba6b6b22fcd4-localhost_8848] [add-listener] ok, tenant=1b411097-df3c-4cac-a649-ba6b6b22fcd4, dataId=oj-system, group=DEFAULT_GROUP, cnt=1
22:45:07.335 [main] INFO  c.a.c.n.r.NacosContextRefresher - [registerNacosListener,129] - [Nacos Config] Listening config: dataId=oj-system, group=DEFAULT_GROUP
22:45:07.336 [main] INFO  c.a.n.c.c.i.ClientWorker - [addCacheDataIfAbsent,380] - [fixed-1b411097-df3c-4cac-a649-ba6b6b22fcd4-localhost_8848] [subscribe] oj-system.yaml+DEFAULT_GROUP+1b411097-df3c-4cac-a649-ba6b6b22fcd4
22:45:07.336 [main] INFO  c.a.n.c.c.i.CacheData - [addListener,197] - [fixed-1b411097-df3c-4cac-a649-ba6b6b22fcd4-localhost_8848] [add-listener] ok, tenant=1b411097-df3c-4cac-a649-ba6b6b22fcd4, dataId=oj-system.yaml, group=DEFAULT_GROUP, cnt=1
22:45:07.336 [main] INFO  c.a.c.n.r.NacosContextRefresher - [registerNacosListener,129] - [Nacos Config] Listening config: dataId=oj-system.yaml, group=DEFAULT_GROUP
22:47:41.641 [http-nio-9201-exec-3] INFO  o.a.c.c.C.[.[.[/] - [log,173] - Initializing Spring DispatcherServlet 'dispatcherServlet'
22:47:41.642 [http-nio-9201-exec-3] INFO  o.s.w.s.DispatcherServlet - [initServletBean,532] - Initializing Servlet 'dispatcherServlet'
22:47:41.642 [http-nio-9201-exec-3] INFO  o.s.w.s.DispatcherServlet - [initServletBean,554] - Completed initialization in 0 ms
22:49:30.239 [SpringApplicationShutdownHook] INFO  c.a.c.n.r.NacosServiceRegistry - [deregister,95] - De-registering from Nacos Server now...
22:49:30.239 [SpringApplicationShutdownHook] INFO  c.a.n.client.naming - [deregisterService,217] - [DEREGISTER-SERVICE] 1b411097-df3c-4cac-a649-ba6b6b22fcd4 deregistering service oj-system with instance: Instance{instanceId='null', ip='172.20.10.6', port=9201, weight=1.0, healthy=true, enabled=true, ephemeral=true, clusterName='DEFAULT', serviceName='null', metadata={}}
22:49:30.243 [SpringApplicationShutdownHook] INFO  c.a.c.n.r.NacosServiceRegistry - [deregister,115] - De-registration finished.
22:49:30.243 [SpringApplicationShutdownHook] INFO  c.a.n.client.naming - [shutdown,256] - com.alibaba.nacos.client.naming.cache.ServiceInfoHolder do shutdown begin
22:49:30.243 [SpringApplicationShutdownHook] INFO  c.a.n.client.naming - [shutdown,136] - com.alibaba.nacos.client.naming.backups.FailoverReactor do shutdown begin
22:49:30.243 [SpringApplicationShutdownHook] INFO  c.a.n.client.naming - [shutdown,138] - com.alibaba.nacos.client.naming.backups.FailoverReactor do shutdown stop
22:49:30.243 [SpringApplicationShutdownHook] INFO  c.a.n.client.naming - [shutdown,258] - com.alibaba.nacos.client.naming.cache.ServiceInfoHolder do shutdown stop
22:49:30.243 [SpringApplicationShutdownHook] INFO  c.a.n.client.naming - [shutdown,204] - com.alibaba.nacos.client.naming.remote.NamingClientProxyDelegate do shutdown begin
22:49:30.243 [SpringApplicationShutdownHook] INFO  c.a.n.client.naming - [shutdown,143] - com.alibaba.nacos.client.naming.core.ServiceInfoUpdateService do shutdown begin
22:49:30.244 [SpringApplicationShutdownHook] INFO  c.a.n.client.naming - [shutdown,145] - com.alibaba.nacos.client.naming.core.ServiceInfoUpdateService do shutdown stop
22:49:30.244 [SpringApplicationShutdownHook] INFO  c.a.n.client.naming - [shutdown,194] - com.alibaba.nacos.client.naming.core.ServerListManager do shutdown begin
22:49:30.244 [SpringApplicationShutdownHook] INFO  c.a.n.client.naming - [shutdown,199] - com.alibaba.nacos.client.naming.core.ServerListManager do shutdown stop
22:49:30.244 [SpringApplicationShutdownHook] INFO  c.a.n.client.naming - [shutdown,484] - com.alibaba.nacos.client.naming.remote.http.NamingHttpClientProxy do shutdown begin
22:49:30.244 [SpringApplicationShutdownHook] INFO  c.a.n.client.naming - [shutdown,486] - com.alibaba.nacos.client.naming.remote.http.NamingHttpClientProxy do shutdown stop
22:49:30.244 [SpringApplicationShutdownHook] INFO  c.a.n.c.r.client - [shutdown,429] - Shutdown rpc client, set status to shutdown
22:49:30.244 [SpringApplicationShutdownHook] INFO  c.a.n.c.r.client - [shutdown,431] - Shutdown client event executor java.util.concurrent.ScheduledThreadPoolExecutor@6fa3a6a6[Running, pool size = 2, active threads = 2, queued tasks = 0, completed tasks = 0]
22:49:30.244 [SpringApplicationShutdownHook] INFO  c.a.n.c.r.client - [closeConnection,584] - Close current connection 1777646707053_172.17.0.1_53444
22:49:30.246 [nacos-grpc-client-executor-localhost-59] INFO  c.a.n.c.r.c.g.GrpcClient - [printIfInfoEnabled,63] - [1777646707053_172.17.0.1_53444]Ignore complete event,isRunning:false,isAbandon=false
22:49:30.247 [SpringApplicationShutdownHook] INFO  c.a.n.c.r.c.g.GrpcClient - [shutdown,159] - Shutdown grpc executor java.util.concurrent.ThreadPoolExecutor@2e5021b[Running, pool size = 4, active threads = 0, queued tasks = 0, completed tasks = 60]
22:49:30.247 [SpringApplicationShutdownHook] INFO  c.a.n.client.naming - [shutdown,318] - Shutdown grpc redo service executor java.util.concurrent.ScheduledThreadPoolExecutor@4f1084ea[Running, pool size = 1, active threads = 0, queued tasks = 1, completed tasks = 85]
22:49:30.247 [SpringApplicationShutdownHook] INFO  c.a.n.c.a.r.i.CredentialWatcher - [stop,106] - [null] CredentialWatcher is stopped
22:49:30.248 [SpringApplicationShutdownHook] INFO  c.a.n.c.a.r.i.CredentialService - [free,100] - [null] CredentialService is freed
22:49:30.248 [SpringApplicationShutdownHook] INFO  c.a.n.client.naming - [shutdown,211] - com.alibaba.nacos.client.naming.remote.NamingClientProxyDelegate do shutdown stop
22:49:34.830 [main] INFO  c.a.n.c.u.ParamUtil - [<clinit>,87] - [settings] [req-serv] nacos-server port:8848
22:49:34.831 [main] INFO  c.a.n.c.u.ParamUtil - [<clinit>,98] - [settings] [http-client] connect timeout:1000
22:49:34.831 [main] INFO  c.a.n.c.u.ParamUtil - [<clinit>,105] - PER_TASK_CONFIG_SIZE: 3000.0
22:49:34.850 [main] INFO  c.a.n.p.a.s.c.ClientAuthPluginManager - [init,56] - [ClientAuthPluginManager] Load ClientAuthService com.alibaba.nacos.client.auth.impl.NacosClientAuthServiceImpl success.
22:49:34.850 [main] INFO  c.a.n.p.a.s.c.ClientAuthPluginManager - [init,56] - [ClientAuthPluginManager] Load ClientAuthService com.alibaba.nacos.client.auth.ram.RamClientAuthServiceImpl success.
22:49:34.852 [main] INFO  c.a.n.c.a.r.i.CredentialWatcher - [loadCredential,165] - null No credential found
22:49:35.067 [main] INFO  c.a.n.c.c.i.LocalConfigInfoProcessor - [<clinit>,63] - LOCAL_SNAPSHOT_PATH:C:\Users\45\nacos\config
22:49:35.069 [main] INFO  c.a.n.c.r.client - [lambda$createClient$0,108] - [RpcClientFactory] create a new rpc client of 64bddd66-1a07-4b1e-bc1c-e71217bee2b8_config-0
22:49:35.082 [main] INFO  c.a.n.c.r.client - [printIfInfoEnabled,63] - [64bddd66-1a07-4b1e-bc1c-e71217bee2b8_config-0] Register server push request handler:com.alibaba.nacos.client.config.impl.ClientWorker$ConfigRpcTransportClient$$Lambda$576/0x0000018711314d40
22:49:35.083 [main] INFO  c.a.n.c.r.client - [printIfInfoEnabled,63] - [64bddd66-1a07-4b1e-bc1c-e71217bee2b8_config-0] Register server push request handler:com.alibaba.nacos.client.config.impl.ClientWorker$ConfigRpcTransportClient$$Lambda$577/0x0000018711315160
22:49:35.083 [main] INFO  c.a.n.c.r.client - [printIfInfoEnabled,63] - [64bddd66-1a07-4b1e-bc1c-e71217bee2b8_config-0] Registry connection listener to current client:com.alibaba.nacos.client.config.impl.ClientWorker$ConfigRpcTransportClient$1
22:49:35.084 [main] INFO  c.a.n.c.r.client - [printIfInfoEnabled,63] - [64bddd66-1a07-4b1e-bc1c-e71217bee2b8_config-0] RpcClient init, ServerListFactory = com.alibaba.nacos.client.config.impl.ClientWorker$ConfigRpcTransportClient$2
22:49:35.089 [main] INFO  c.a.n.c.r.client - [printIfInfoEnabled,63] - [64bddd66-1a07-4b1e-bc1c-e71217bee2b8_config-0] Try to connect to server on start up, server: {serverIp = 'localhost', server main port = 8848}
22:49:35.114 [main] INFO  c.a.n.c.r.c.g.GrpcClient - [createNewManagedChannel,182] - grpc client connection server:localhost ip,serverPort:9848,grpcTslConfig:{"sslProvider":"OPENSSL","enableTls":false,"mutualAuthEnable":false,"trustAll":false}
22:49:35.825 [main] INFO  c.a.n.c.r.client - [printIfInfoEnabled,63] - [64bddd66-1a07-4b1e-bc1c-e71217bee2b8_config-0] Success to connect to server [localhost:8848] on start up, connectionId = 1777646975657_172.17.0.1_57824
22:49:35.827 [com.alibaba.nacos.client.remote.worker] INFO  c.a.n.c.r.client - [printIfInfoEnabled,63] - [64bddd66-1a07-4b1e-bc1c-e71217bee2b8_config-0] Notify connected event to listeners.
22:49:35.827 [com.alibaba.nacos.client.remote.worker] INFO  c.a.n.c.c.i.ClientWorker - [onConnected,639] - [64bddd66-1a07-4b1e-bc1c-e71217bee2b8_config-0] Connected,notify listen context...
22:49:35.827 [main] INFO  c.a.n.c.r.client - [printIfInfoEnabled,63] - [64bddd66-1a07-4b1e-bc1c-e71217bee2b8_config-0] Register server push request handler:com.alibaba.nacos.common.remote.client.RpcClient$ConnectResetRequestHandler
22:49:35.827 [main] INFO  c.a.n.c.r.client - [printIfInfoEnabled,63] - [64bddd66-1a07-4b1e-bc1c-e71217bee2b8_config-0] Register server push request handler:com.alibaba.nacos.common.remote.client.RpcClient$$Lambda$597/0x000001871147bc38
22:49:35.854 [main] INFO  c.a.n.c.c.i.Limiter - [<clinit>,62] - limitTime:5.0
22:49:35.878 [main] INFO  c.a.n.c.c.u.JvmUtil - [<clinit>,54] - isMultiInstance:false
22:49:35.883 [main] INFO  o.s.c.b.c.PropertySourceBootstrapConfiguration - [initialize,108] - Located property source: [BootstrapPropertySource {name='bootstrapProperties-oj-system-local.yaml,DEFAULT_GROUP'}, BootstrapPropertySource {name='bootstrapProperties-oj-system.yaml,DEFAULT_GROUP'}, BootstrapPropertySource {name='bootstrapProperties-oj-system,DEFAULT_GROUP'}]
22:49:35.887 [main] INFO  c.b.s.OjSystemApplication - [logStartupProfileInfo,636] - The following 1 profile is active: "local"
22:49:36.330 [main] INFO  o.s.d.r.c.RepositoryConfigurationDelegate - [multipleStoresDetected,294] - Multiple Spring Data modules found, entering strict repository configuration mode
22:49:36.333 [main] INFO  o.s.d.r.c.RepositoryConfigurationDelegate - [registerRepositoriesIn,138] - Bootstrapping Spring Data Redis repositories in DEFAULT mode.
22:49:36.349 [main] INFO  o.s.d.r.c.RepositoryConfigurationDelegate - [registerRepositoriesIn,208] - Finished Spring Data repository scanning in 6 ms. Found 0 Redis repository interfaces.
22:49:36.483 [main] INFO  o.s.c.c.s.GenericScope - [setSerializationId,282] - BeanFactory id=c8503308-e5d6-3142-89a6-0f6c1b212598
22:49:36.736 [main] INFO  o.s.b.w.e.t.TomcatWebServer - [initialize,108] - Tomcat initialized with port(s): 9201 (http)
22:49:36.743 [main] INFO  o.a.c.h.Http11NioProtocol - [log,173] - Initializing ProtocolHandler ["http-nio-9201"]
22:49:36.743 [main] INFO  o.a.c.c.StandardService - [log,173] - Starting service [Tomcat]
22:49:36.743 [main] INFO  o.a.c.c.StandardEngine - [log,173] - Starting Servlet engine: [Apache Tomcat/10.1.4]
22:49:36.804 [main] INFO  o.a.c.c.C.[.[.[/] - [log,173] - Initializing Spring embedded WebApplicationContext
22:49:36.804 [main] INFO  o.s.b.w.s.c.ServletWebServerApplicationContext - [prepareWebApplicationContext,291] - Root WebApplicationContext: initialization completed in 904 ms
22:49:37.973 [main] INFO  o.a.c.h.Http11NioProtocol - [log,173] - Starting ProtocolHandler ["http-nio-9201"]
22:49:37.982 [main] INFO  o.s.b.w.e.t.TomcatWebServer - [start,220] - Tomcat started on port(s): 9201 (http) with context path ''
22:49:37.986 [main] INFO  c.a.n.client.naming - [initNamespaceForNaming,62] - initializer namespace from ans.namespace attribute : null
22:49:37.987 [main] INFO  c.a.n.client.naming - [lambda$initNamespaceForNaming$0,66] - initializer namespace from ALIBABA_ALIWARE_NAMESPACE attribute :null
22:49:37.988 [main] INFO  c.a.n.client.naming - [lambda$initNamespaceForNaming$1,73] - initializer namespace from namespace attribute :null
22:49:37.993 [main] INFO  c.a.n.p.a.s.c.ClientAuthPluginManager - [init,56] - [ClientAuthPluginManager] Load ClientAuthService com.alibaba.nacos.client.auth.impl.NacosClientAuthServiceImpl success.
22:49:37.993 [main] INFO  c.a.n.p.a.s.c.ClientAuthPluginManager - [init,56] - [ClientAuthPluginManager] Load ClientAuthService com.alibaba.nacos.client.auth.ram.RamClientAuthServiceImpl success.
22:49:37.997 [main] INFO  c.a.n.c.r.client - [lambda$createClient$0,108] - [RpcClientFactory] create a new rpc client of 429d48c7-4bb3-4c2c-814b-ee87dd290196
22:49:37.998 [main] INFO  c.a.n.c.r.client - [printIfInfoEnabled,63] - [429d48c7-4bb3-4c2c-814b-ee87dd290196] RpcClient init, ServerListFactory = com.alibaba.nacos.client.naming.core.ServerListManager
22:49:37.998 [main] INFO  c.a.n.c.r.client - [printIfInfoEnabled,63] - [429d48c7-4bb3-4c2c-814b-ee87dd290196] Registry connection listener to current client:com.alibaba.nacos.client.naming.remote.gprc.redo.NamingGrpcRedoService
22:49:37.998 [main] INFO  c.a.n.c.r.client - [printIfInfoEnabled,63] - [429d48c7-4bb3-4c2c-814b-ee87dd290196] Register server push request handler:com.alibaba.nacos.client.naming.remote.gprc.NamingPushRequestHandler
22:49:37.998 [main] INFO  c.a.n.c.r.client - [printIfInfoEnabled,63] - [429d48c7-4bb3-4c2c-814b-ee87dd290196] Try to connect to server on start up, server: {serverIp = 'localhost', server main port = 8848}
22:49:37.999 [main] INFO  c.a.n.c.r.c.g.GrpcClient - [createNewManagedChannel,182] - grpc client connection server:localhost ip,serverPort:9848,grpcTslConfig:{"sslProvider":"OPENSSL","enableTls":false,"mutualAuthEnable":false,"trustAll":false}
22:49:38.112 [main] INFO  c.a.n.c.r.client - [printIfInfoEnabled,63] - [429d48c7-4bb3-4c2c-814b-ee87dd290196] Success to connect to server [localhost:8848] on start up, connectionId = 1777646978005_172.17.0.1_57828
22:49:38.112 [main] INFO  c.a.n.c.r.client - [printIfInfoEnabled,63] - [429d48c7-4bb3-4c2c-814b-ee87dd290196] Register server push request handler:com.alibaba.nacos.common.remote.client.RpcClient$ConnectResetRequestHandler
22:49:38.112 [main] INFO  c.a.n.c.r.client - [printIfInfoEnabled,63] - [429d48c7-4bb3-4c2c-814b-ee87dd290196] Register server push request handler:com.alibaba.nacos.common.remote.client.RpcClient$$Lambda$597/0x000001871147bc38
22:49:38.112 [com.alibaba.nacos.client.remote.worker] INFO  c.a.n.c.r.client - [printIfInfoEnabled,63] - [429d48c7-4bb3-4c2c-814b-ee87dd290196] Notify connected event to listeners.
22:49:38.112 [com.alibaba.nacos.client.remote.worker] INFO  c.a.n.client.naming - [onConnected,78] - Grpc connection connect
22:49:38.113 [main] INFO  c.a.n.client.naming - [registerService,121] - [REGISTER-SERVICE] 1b411097-df3c-4cac-a649-ba6b6b22fcd4 registering service oj-system with instance Instance{instanceId='null', ip='172.20.10.6', port=9201, weight=1.0, healthy=true, enabled=true, ephemeral=true, clusterName='DEFAULT', serviceName='null', metadata={IPv6=[2409:897a:3cd8:7c70:d2b9:c75e:f142:6eb6], preserved.register.source=SPRING_CLOUD}}
22:49:38.139 [main] INFO  c.a.c.n.r.NacosServiceRegistry - [register,76] - nacos registry, DEFAULT_GROUP oj-system 172.20.10.6:9201 register finished
22:49:38.300 [main] INFO  c.b.s.OjSystemApplication - [logStarted,57] - Started OjSystemApplication in 4.098 seconds (process running for 4.681)
22:49:38.304 [main] INFO  c.a.n.c.c.i.CacheData - [<clinit>,67] - nacos.cache.data.init.snapshot = true 
22:49:38.306 [main] INFO  c.a.n.c.c.i.ClientWorker - [addCacheDataIfAbsent,380] - [fixed-1b411097-df3c-4cac-a649-ba6b6b22fcd4-localhost_8848] [subscribe] oj-system-local.yaml+DEFAULT_GROUP+1b411097-df3c-4cac-a649-ba6b6b22fcd4
22:49:38.311 [main] INFO  c.a.n.c.c.i.CacheData - [addListener,197] - [fixed-1b411097-df3c-4cac-a649-ba6b6b22fcd4-localhost_8848] [add-listener] ok, tenant=1b411097-df3c-4cac-a649-ba6b6b22fcd4, dataId=oj-system-local.yaml, group=DEFAULT_GROUP, cnt=1
22:49:38.311 [main] INFO  c.a.c.n.r.NacosContextRefresher - [registerNacosListener,129] - [Nacos Config] Listening config: dataId=oj-system-local.yaml, group=DEFAULT_GROUP
22:49:38.312 [main] INFO  c.a.n.c.c.i.ClientWorker - [addCacheDataIfAbsent,380] - [fixed-1b411097-df3c-4cac-a649-ba6b6b22fcd4-localhost_8848] [subscribe] oj-system+DEFAULT_GROUP+1b411097-df3c-4cac-a649-ba6b6b22fcd4
22:49:38.312 [main] INFO  c.a.n.c.c.i.CacheData - [addListener,197] - [fixed-1b411097-df3c-4cac-a649-ba6b6b22fcd4-localhost_8848] [add-listener] ok, tenant=1b411097-df3c-4cac-a649-ba6b6b22fcd4, dataId=oj-system, group=DEFAULT_GROUP, cnt=1
22:49:38.312 [main] INFO  c.a.c.n.r.NacosContextRefresher - [registerNacosListener,129] - [Nacos Config] Listening config: dataId=oj-system, group=DEFAULT_GROUP
22:49:38.313 [main] INFO  c.a.n.c.c.i.ClientWorker - [addCacheDataIfAbsent,380] - [fixed-1b411097-df3c-4cac-a649-ba6b6b22fcd4-localhost_8848] [subscribe] oj-system.yaml+DEFAULT_GROUP+1b411097-df3c-4cac-a649-ba6b6b22fcd4
22:49:38.313 [main] INFO  c.a.n.c.c.i.CacheData - [addListener,197] - [fixed-1b411097-df3c-4cac-a649-ba6b6b22fcd4-localhost_8848] [add-listener] ok, tenant=1b411097-df3c-4cac-a649-ba6b6b22fcd4, dataId=oj-system.yaml, group=DEFAULT_GROUP, cnt=1
22:49:38.313 [main] INFO  c.a.c.n.r.NacosContextRefresher - [registerNacosListener,129] - [Nacos Config] Listening config: dataId=oj-system.yaml, group=DEFAULT_GROUP
22:49:43.830 [http-nio-9201-exec-2] INFO  o.a.c.c.C.[.[.[/] - [log,173] - Initializing Spring DispatcherServlet 'dispatcherServlet'
22:49:43.830 [http-nio-9201-exec-2] INFO  o.s.w.s.DispatcherServlet - [initServletBean,532] - Initializing Servlet 'dispatcherServlet'
22:49:43.831 [http-nio-9201-exec-2] INFO  o.s.w.s.DispatcherServlet - [initServletBean,554] - Completed initialization in 1 ms
22:51:30.957 [http-nio-9201-exec-2] INFO  c.z.h.HikariDataSource - [getConnection,110] - HikariPool-1 - Starting...
22:51:32.447 [http-nio-9201-exec-2] INFO  c.z.h.p.HikariPool - [checkFailFast,565] - HikariPool-1 - Added connection com.mysql.cj.jdbc.ConnectionImpl@4fb26a83
22:51:32.454 [http-nio-9201-exec-2] INFO  c.z.h.HikariDataSource - [getConnection,123] - HikariPool-1 - Start completed.
22:52:01.738 [SpringApplicationShutdownHook] INFO  c.a.c.n.r.NacosServiceRegistry - [deregister,95] - De-registering from Nacos Server now...
22:52:01.738 [SpringApplicationShutdownHook] INFO  c.a.n.client.naming - [deregisterService,217] - [DEREGISTER-SERVICE] 1b411097-df3c-4cac-a649-ba6b6b22fcd4 deregistering service oj-system with instance: Instance{instanceId='null', ip='172.20.10.6', port=9201, weight=1.0, healthy=true, enabled=true, ephemeral=true, clusterName='DEFAULT', serviceName='null', metadata={}}
22:52:01.742 [SpringApplicationShutdownHook] INFO  c.a.c.n.r.NacosServiceRegistry - [deregister,115] - De-registration finished.
22:52:01.743 [SpringApplicationShutdownHook] INFO  c.a.n.client.naming - [shutdown,256] - com.alibaba.nacos.client.naming.cache.ServiceInfoHolder do shutdown begin
22:52:01.743 [SpringApplicationShutdownHook] INFO  c.a.n.client.naming - [shutdown,136] - com.alibaba.nacos.client.naming.backups.FailoverReactor do shutdown begin
22:52:01.743 [SpringApplicationShutdownHook] INFO  c.a.n.client.naming - [shutdown,138] - com.alibaba.nacos.client.naming.backups.FailoverReactor do shutdown stop
22:52:01.743 [SpringApplicationShutdownHook] INFO  c.a.n.client.naming - [shutdown,258] - com.alibaba.nacos.client.naming.cache.ServiceInfoHolder do shutdown stop
22:52:01.743 [SpringApplicationShutdownHook] INFO  c.a.n.client.naming - [shutdown,204] - com.alibaba.nacos.client.naming.remote.NamingClientProxyDelegate do shutdown begin
22:52:01.744 [SpringApplicationShutdownHook] INFO  c.a.n.client.naming - [shutdown,143] - com.alibaba.nacos.client.naming.core.ServiceInfoUpdateService do shutdown begin
22:52:01.744 [SpringApplicationShutdownHook] INFO  c.a.n.client.naming - [shutdown,145] - com.alibaba.nacos.client.naming.core.ServiceInfoUpdateService do shutdown stop
22:52:01.744 [SpringApplicationShutdownHook] INFO  c.a.n.client.naming - [shutdown,194] - com.alibaba.nacos.client.naming.core.ServerListManager do shutdown begin
22:52:01.744 [SpringApplicationShutdownHook] INFO  c.a.n.client.naming - [shutdown,199] - com.alibaba.nacos.client.naming.core.ServerListManager do shutdown stop
22:52:01.744 [SpringApplicationShutdownHook] INFO  c.a.n.client.naming - [shutdown,484] - com.alibaba.nacos.client.naming.remote.http.NamingHttpClientProxy do shutdown begin
22:52:01.744 [SpringApplicationShutdownHook] INFO  c.a.n.client.naming - [shutdown,486] - com.alibaba.nacos.client.naming.remote.http.NamingHttpClientProxy do shutdown stop
22:52:01.744 [SpringApplicationShutdownHook] INFO  c.a.n.c.r.client - [shutdown,429] - Shutdown rpc client, set status to shutdown
22:52:01.744 [SpringApplicationShutdownHook] INFO  c.a.n.c.r.client - [shutdown,431] - Shutdown client event executor java.util.concurrent.ScheduledThreadPoolExecutor@2bba8cd2[Running, pool size = 2, active threads = 2, queued tasks = 0, completed tasks = 0]
22:52:01.744 [SpringApplicationShutdownHook] INFO  c.a.n.c.r.client - [closeConnection,584] - Close current connection 1777646978005_172.17.0.1_57828
22:52:01.746 [nacos-grpc-client-executor-localhost-21] INFO  c.a.n.c.r.c.g.GrpcClient - [printIfInfoEnabled,63] - [1777646978005_172.17.0.1_57828]Ignore complete event,isRunning:false,isAbandon=false
22:52:01.747 [SpringApplicationShutdownHook] INFO  c.a.n.c.r.c.g.GrpcClient - [shutdown,159] - Shutdown grpc executor java.util.concurrent.ThreadPoolExecutor@7d52d3d8[Running, pool size = 5, active threads = 0, queued tasks = 0, completed tasks = 22]
22:52:01.747 [SpringApplicationShutdownHook] INFO  c.a.n.client.naming - [shutdown,318] - Shutdown grpc redo service executor java.util.concurrent.ScheduledThreadPoolExecutor@71d62b08[Running, pool size = 1, active threads = 0, queued tasks = 1, completed tasks = 18]
22:52:01.747 [SpringApplicationShutdownHook] INFO  c.a.n.c.a.r.i.CredentialWatcher - [stop,106] - [null] CredentialWatcher is stopped
22:52:01.747 [SpringApplicationShutdownHook] INFO  c.a.n.c.a.r.i.CredentialService - [free,100] - [null] CredentialService is freed
22:52:01.747 [SpringApplicationShutdownHook] INFO  c.a.n.client.naming - [shutdown,211] - com.alibaba.nacos.client.naming.remote.NamingClientProxyDelegate do shutdown stop
22:52:01.865 [SpringApplicationShutdownHook] INFO  c.z.h.HikariDataSource - [close,350] - HikariPool-1 - Shutdown initiated...
22:52:01.872 [SpringApplicationShutdownHook] INFO  c.z.h.HikariDataSource - [close,352] - HikariPool-1 - Shutdown completed.
22:52:07.167 [main] INFO  c.a.n.c.u.ParamUtil - [<clinit>,87] - [settings] [req-serv] nacos-server port:8848
22:52:07.167 [main] INFO  c.a.n.c.u.ParamUtil - [<clinit>,98] - [settings] [http-client] connect timeout:1000
22:52:07.168 [main] INFO  c.a.n.c.u.ParamUtil - [<clinit>,105] - PER_TASK_CONFIG_SIZE: 3000.0
22:52:07.188 [main] INFO  c.a.n.p.a.s.c.ClientAuthPluginManager - [init,56] - [ClientAuthPluginManager] Load ClientAuthService com.alibaba.nacos.client.auth.impl.NacosClientAuthServiceImpl success.
22:52:07.188 [main] INFO  c.a.n.p.a.s.c.ClientAuthPluginManager - [init,56] - [ClientAuthPluginManager] Load ClientAuthService com.alibaba.nacos.client.auth.ram.RamClientAuthServiceImpl success.
22:52:07.190 [main] INFO  c.a.n.c.a.r.i.CredentialWatcher - [loadCredential,165] - null No credential found
22:52:07.412 [main] INFO  c.a.n.c.c.i.LocalConfigInfoProcessor - [<clinit>,63] - LOCAL_SNAPSHOT_PATH:C:\Users\45\nacos\config
22:52:07.415 [main] INFO  c.a.n.c.r.client - [lambda$createClient$0,108] - [RpcClientFactory] create a new rpc client of c2d6c2df-98e3-4fcd-a380-abbc494cfd24_config-0
22:52:07.428 [main] INFO  c.a.n.c.r.client - [printIfInfoEnabled,63] - [c2d6c2df-98e3-4fcd-a380-abbc494cfd24_config-0] Register server push request handler:com.alibaba.nacos.client.config.impl.ClientWorker$ConfigRpcTransportClient$$Lambda$576/0x00000162be313e10
22:52:07.429 [main] INFO  c.a.n.c.r.client - [printIfInfoEnabled,63] - [c2d6c2df-98e3-4fcd-a380-abbc494cfd24_config-0] Register server push request handler:com.alibaba.nacos.client.config.impl.ClientWorker$ConfigRpcTransportClient$$Lambda$577/0x00000162be314230
22:52:07.429 [main] INFO  c.a.n.c.r.client - [printIfInfoEnabled,63] - [c2d6c2df-98e3-4fcd-a380-abbc494cfd24_config-0] Registry connection listener to current client:com.alibaba.nacos.client.config.impl.ClientWorker$ConfigRpcTransportClient$1
22:52:07.429 [main] INFO  c.a.n.c.r.client - [printIfInfoEnabled,63] - [c2d6c2df-98e3-4fcd-a380-abbc494cfd24_config-0] RpcClient init, ServerListFactory = com.alibaba.nacos.client.config.impl.ClientWorker$ConfigRpcTransportClient$2
22:52:07.435 [main] INFO  c.a.n.c.r.client - [printIfInfoEnabled,63] - [c2d6c2df-98e3-4fcd-a380-abbc494cfd24_config-0] Try to connect to server on start up, server: {serverIp = 'localhost', server main port = 8848}
22:52:07.461 [main] INFO  c.a.n.c.r.c.g.GrpcClient - [createNewManagedChannel,182] - grpc client connection server:localhost ip,serverPort:9848,grpcTslConfig:{"sslProvider":"OPENSSL","enableTls":false,"mutualAuthEnable":false,"trustAll":false}
22:52:08.170 [main] INFO  c.a.n.c.r.client - [printIfInfoEnabled,63] - [c2d6c2df-98e3-4fcd-a380-abbc494cfd24_config-0] Success to connect to server [localhost:8848] on start up, connectionId = 1777647128002_172.17.0.1_53706
22:52:08.171 [com.alibaba.nacos.client.remote.worker] INFO  c.a.n.c.r.client - [printIfInfoEnabled,63] - [c2d6c2df-98e3-4fcd-a380-abbc494cfd24_config-0] Notify connected event to listeners.
22:52:08.171 [com.alibaba.nacos.client.remote.worker] INFO  c.a.n.c.c.i.ClientWorker - [onConnected,639] - [c2d6c2df-98e3-4fcd-a380-abbc494cfd24_config-0] Connected,notify listen context...
22:52:08.171 [main] INFO  c.a.n.c.r.client - [printIfInfoEnabled,63] - [c2d6c2df-98e3-4fcd-a380-abbc494cfd24_config-0] Register server push request handler:com.alibaba.nacos.common.remote.client.RpcClient$ConnectResetRequestHandler
22:52:08.172 [main] INFO  c.a.n.c.r.client - [printIfInfoEnabled,63] - [c2d6c2df-98e3-4fcd-a380-abbc494cfd24_config-0] Register server push request handler:com.alibaba.nacos.common.remote.client.RpcClient$$Lambda$597/0x00000162be47b830
22:52:08.203 [main] INFO  c.a.n.c.c.i.Limiter - [<clinit>,62] - limitTime:5.0
22:52:08.227 [main] INFO  c.a.n.c.c.u.JvmUtil - [<clinit>,54] - isMultiInstance:false
22:52:08.231 [main] INFO  o.s.c.b.c.PropertySourceBootstrapConfiguration - [initialize,108] - Located property source: [BootstrapPropertySource {name='bootstrapProperties-oj-system-local.yaml,DEFAULT_GROUP'}, BootstrapPropertySource {name='bootstrapProperties-oj-system.yaml,DEFAULT_GROUP'}, BootstrapPropertySource {name='bootstrapProperties-oj-system,DEFAULT_GROUP'}]
22:52:08.236 [main] INFO  c.b.s.OjSystemApplication - [logStartupProfileInfo,636] - The following 1 profile is active: "local"
22:52:08.679 [main] INFO  o.s.d.r.c.RepositoryConfigurationDelegate - [multipleStoresDetected,294] - Multiple Spring Data modules found, entering strict repository configuration mode
22:52:08.681 [main] INFO  o.s.d.r.c.RepositoryConfigurationDelegate - [registerRepositoriesIn,138] - Bootstrapping Spring Data Redis repositories in DEFAULT mode.
22:52:08.697 [main] INFO  o.s.d.r.c.RepositoryConfigurationDelegate - [registerRepositoriesIn,208] - Finished Spring Data repository scanning in 6 ms. Found 0 Redis repository interfaces.
22:52:08.848 [main] INFO  o.s.c.c.s.GenericScope - [setSerializationId,282] - BeanFactory id=c8503308-e5d6-3142-89a6-0f6c1b212598
22:52:09.124 [main] INFO  o.s.b.w.e.t.TomcatWebServer - [initialize,108] - Tomcat initialized with port(s): 9201 (http)
22:52:09.131 [main] INFO  o.a.c.h.Http11NioProtocol - [log,173] - Initializing ProtocolHandler ["http-nio-9201"]
22:52:09.131 [main] INFO  o.a.c.c.StandardService - [log,173] - Starting service [Tomcat]
22:52:09.131 [main] INFO  o.a.c.c.StandardEngine - [log,173] - Starting Servlet engine: [Apache Tomcat/10.1.4]
22:52:09.196 [main] INFO  o.a.c.c.C.[.[.[/] - [log,173] - Initializing Spring embedded WebApplicationContext
22:52:09.197 [main] INFO  o.s.b.w.s.c.ServletWebServerApplicationContext - [prepareWebApplicationContext,291] - Root WebApplicationContext: initialization completed in 949 ms
22:52:11.669 [main] INFO  o.a.c.h.Http11NioProtocol - [log,173] - Starting ProtocolHandler ["http-nio-9201"]
22:52:11.693 [main] INFO  o.s.b.w.e.t.TomcatWebServer - [start,220] - Tomcat started on port(s): 9201 (http) with context path ''
22:52:11.705 [main] INFO  c.a.n.client.naming - [initNamespaceForNaming,62] - initializer namespace from ans.namespace attribute : null
22:52:11.705 [main] INFO  c.a.n.client.naming - [lambda$initNamespaceForNaming$0,66] - initializer namespace from ALIBABA_ALIWARE_NAMESPACE attribute :null
22:52:11.705 [main] INFO  c.a.n.client.naming - [lambda$initNamespaceForNaming$1,73] - initializer namespace from namespace attribute :null
22:52:11.723 [main] INFO  c.a.n.p.a.s.c.ClientAuthPluginManager - [init,56] - [ClientAuthPluginManager] Load ClientAuthService com.alibaba.nacos.client.auth.impl.NacosClientAuthServiceImpl success.
22:52:11.728 [main] INFO  c.a.n.p.a.s.c.ClientAuthPluginManager - [init,56] - [ClientAuthPluginManager] Load ClientAuthService com.alibaba.nacos.client.auth.ram.RamClientAuthServiceImpl success.
22:52:11.734 [main] INFO  c.a.n.c.r.client - [lambda$createClient$0,108] - [RpcClientFactory] create a new rpc client of 54a80387-dee7-449d-bcac-589eee114674
22:52:11.735 [main] INFO  c.a.n.c.r.client - [printIfInfoEnabled,63] - [54a80387-dee7-449d-bcac-589eee114674] RpcClient init, ServerListFactory = com.alibaba.nacos.client.naming.core.ServerListManager
22:52:11.745 [main] INFO  c.a.n.c.r.client - [printIfInfoEnabled,63] - [54a80387-dee7-449d-bcac-589eee114674] Registry connection listener to current client:com.alibaba.nacos.client.naming.remote.gprc.redo.NamingGrpcRedoService
22:52:11.748 [main] INFO  c.a.n.c.r.client - [printIfInfoEnabled,63] - [54a80387-dee7-449d-bcac-589eee114674] Register server push request handler:com.alibaba.nacos.client.naming.remote.gprc.NamingPushRequestHandler
22:52:11.749 [main] INFO  c.a.n.c.r.client - [printIfInfoEnabled,63] - [54a80387-dee7-449d-bcac-589eee114674] Try to connect to server on start up, server: {serverIp = 'localhost', server main port = 8848}
22:52:11.749 [main] INFO  c.a.n.c.r.c.g.GrpcClient - [createNewManagedChannel,182] - grpc client connection server:localhost ip,serverPort:9848,grpcTslConfig:{"sslProvider":"OPENSSL","enableTls":false,"mutualAuthEnable":false,"trustAll":false}
22:52:11.867 [main] INFO  c.a.n.c.r.client - [printIfInfoEnabled,63] - [54a80387-dee7-449d-bcac-589eee114674] Success to connect to server [localhost:8848] on start up, connectionId = 1777647131755_172.17.0.1_38658
22:52:11.868 [main] INFO  c.a.n.c.r.client - [printIfInfoEnabled,63] - [54a80387-dee7-449d-bcac-589eee114674] Register server push request handler:com.alibaba.nacos.common.remote.client.RpcClient$ConnectResetRequestHandler
22:52:11.868 [com.alibaba.nacos.client.remote.worker] INFO  c.a.n.c.r.client - [printIfInfoEnabled,63] - [54a80387-dee7-449d-bcac-589eee114674] Notify connected event to listeners.
22:52:11.868 [com.alibaba.nacos.client.remote.worker] INFO  c.a.n.client.naming - [onConnected,78] - Grpc connection connect
22:52:11.868 [main] INFO  c.a.n.c.r.client - [printIfInfoEnabled,63] - [54a80387-dee7-449d-bcac-589eee114674] Register server push request handler:com.alibaba.nacos.common.remote.client.RpcClient$$Lambda$597/0x00000162be47b830
22:52:11.868 [main] INFO  c.a.n.client.naming - [registerService,121] - [REGISTER-SERVICE] 1b411097-df3c-4cac-a649-ba6b6b22fcd4 registering service oj-system with instance Instance{instanceId='null', ip='172.20.10.6', port=9201, weight=1.0, healthy=true, enabled=true, ephemeral=true, clusterName='DEFAULT', serviceName='null', metadata={IPv6=[2409:897a:3cd8:7c70:d2b9:c75e:f142:6eb6], preserved.register.source=SPRING_CLOUD}}
22:52:11.887 [main] INFO  c.a.c.n.r.NacosServiceRegistry - [register,76] - nacos registry, DEFAULT_GROUP oj-system 172.20.10.6:9201 register finished
22:52:12.065 [main] INFO  c.b.s.OjSystemApplication - [logStarted,57] - Started OjSystemApplication in 5.511 seconds (process running for 6.108)
22:52:12.074 [main] INFO  c.a.n.c.c.i.CacheData - [<clinit>,67] - nacos.cache.data.init.snapshot = true 
22:52:12.074 [main] INFO  c.a.n.c.c.i.ClientWorker - [addCacheDataIfAbsent,380] - [fixed-1b411097-df3c-4cac-a649-ba6b6b22fcd4-localhost_8848] [subscribe] oj-system-local.yaml+DEFAULT_GROUP+1b411097-df3c-4cac-a649-ba6b6b22fcd4
22:52:12.092 [main] INFO  c.a.n.c.c.i.CacheData - [addListener,197] - [fixed-1b411097-df3c-4cac-a649-ba6b6b22fcd4-localhost_8848] [add-listener] ok, tenant=1b411097-df3c-4cac-a649-ba6b6b22fcd4, dataId=oj-system-local.yaml, group=DEFAULT_GROUP, cnt=1
22:52:12.092 [main] INFO  c.a.c.n.r.NacosContextRefresher - [registerNacosListener,129] - [Nacos Config] Listening config: dataId=oj-system-local.yaml, group=DEFAULT_GROUP
22:52:12.094 [main] INFO  c.a.n.c.c.i.ClientWorker - [addCacheDataIfAbsent,380] - [fixed-1b411097-df3c-4cac-a649-ba6b6b22fcd4-localhost_8848] [subscribe] oj-system+DEFAULT_GROUP+1b411097-df3c-4cac-a649-ba6b6b22fcd4
22:52:12.094 [main] INFO  c.a.n.c.c.i.CacheData - [addListener,197] - [fixed-1b411097-df3c-4cac-a649-ba6b6b22fcd4-localhost_8848] [add-listener] ok, tenant=1b411097-df3c-4cac-a649-ba6b6b22fcd4, dataId=oj-system, group=DEFAULT_GROUP, cnt=1
22:52:12.094 [main] INFO  c.a.c.n.r.NacosContextRefresher - [registerNacosListener,129] - [Nacos Config] Listening config: dataId=oj-system, group=DEFAULT_GROUP
22:52:12.094 [main] INFO  c.a.n.c.c.i.ClientWorker - [addCacheDataIfAbsent,380] - [fixed-1b411097-df3c-4cac-a649-ba6b6b22fcd4-localhost_8848] [subscribe] oj-system.yaml+DEFAULT_GROUP+1b411097-df3c-4cac-a649-ba6b6b22fcd4
22:52:12.094 [main] INFO  c.a.n.c.c.i.CacheData - [addListener,197] - [fixed-1b411097-df3c-4cac-a649-ba6b6b22fcd4-localhost_8848] [add-listener] ok, tenant=1b411097-df3c-4cac-a649-ba6b6b22fcd4, dataId=oj-system.yaml, group=DEFAULT_GROUP, cnt=1
22:52:12.095 [main] INFO  c.a.c.n.r.NacosContextRefresher - [registerNacosListener,129] - [Nacos Config] Listening config: dataId=oj-system.yaml, group=DEFAULT_GROUP
22:52:36.041 [http-nio-9201-exec-1] INFO  o.a.c.c.C.[.[.[/] - [log,173] - Initializing Spring DispatcherServlet 'dispatcherServlet'
22:52:36.041 [http-nio-9201-exec-1] INFO  o.s.w.s.DispatcherServlet - [initServletBean,532] - Initializing Servlet 'dispatcherServlet'
22:52:36.042 [http-nio-9201-exec-1] INFO  o.s.w.s.DispatcherServlet - [initServletBean,554] - Completed initialization in 0 ms
22:52:57.582 [http-nio-9201-exec-1] INFO  c.z.h.HikariDataSource - [getConnection,110] - HikariPool-1 - Starting...
22:52:57.796 [http-nio-9201-exec-1] INFO  c.z.h.p.HikariPool - [checkFailFast,565] - HikariPool-1 - Added connection com.mysql.cj.jdbc.ConnectionImpl@1fd275cb
22:52:57.797 [http-nio-9201-exec-1] INFO  c.z.h.HikariDataSource - [getConnection,123] - HikariPool-1 - Start completed.
17:22:00.905 [SpringApplicationShutdownHook] INFO  c.a.c.n.r.NacosServiceRegistry - [deregister,95] - De-registering from Nacos Server now...
17:22:00.911 [SpringApplicationShutdownHook] INFO  c.a.n.client.naming - [deregisterService,217] - [DEREGISTER-SERVICE] 1b411097-df3c-4cac-a649-ba6b6b22fcd4 deregistering service oj-system with instance: Instance{instanceId='null', ip='172.20.10.6', port=9201, weight=1.0, healthy=true, enabled=true, ephemeral=true, clusterName='DEFAULT', serviceName='null', metadata={}}
17:22:00.917 [SpringApplicationShutdownHook] INFO  c.a.c.n.r.NacosServiceRegistry - [deregister,115] - De-registration finished.
17:22:00.917 [SpringApplicationShutdownHook] INFO  c.a.n.client.naming - [shutdown,256] - com.alibaba.nacos.client.naming.cache.ServiceInfoHolder do shutdown begin
17:22:00.917 [SpringApplicationShutdownHook] INFO  c.a.n.client.naming - [shutdown,136] - com.alibaba.nacos.client.naming.backups.FailoverReactor do shutdown begin
17:22:00.918 [SpringApplicationShutdownHook] INFO  c.a.n.client.naming - [shutdown,138] - com.alibaba.nacos.client.naming.backups.FailoverReactor do shutdown stop
17:22:00.918 [SpringApplicationShutdownHook] INFO  c.a.n.client.naming - [shutdown,258] - com.alibaba.nacos.client.naming.cache.ServiceInfoHolder do shutdown stop
17:22:00.918 [SpringApplicationShutdownHook] INFO  c.a.n.client.naming - [shutdown,204] - com.alibaba.nacos.client.naming.remote.NamingClientProxyDelegate do shutdown begin
17:22:00.918 [SpringApplicationShutdownHook] INFO  c.a.n.client.naming - [shutdown,143] - com.alibaba.nacos.client.naming.core.ServiceInfoUpdateService do shutdown begin
17:22:00.918 [SpringApplicationShutdownHook] INFO  c.a.n.client.naming - [shutdown,145] - com.alibaba.nacos.client.naming.core.ServiceInfoUpdateService do shutdown stop
17:22:00.918 [SpringApplicationShutdownHook] INFO  c.a.n.client.naming - [shutdown,194] - com.alibaba.nacos.client.naming.core.ServerListManager do shutdown begin
17:22:00.918 [SpringApplicationShutdownHook] INFO  c.a.n.client.naming - [shutdown,199] - com.alibaba.nacos.client.naming.core.ServerListManager do shutdown stop
17:22:00.918 [SpringApplicationShutdownHook] INFO  c.a.n.client.naming - [shutdown,484] - com.alibaba.nacos.client.naming.remote.http.NamingHttpClientProxy do shutdown begin
17:22:00.918 [SpringApplicationShutdownHook] INFO  c.a.n.client.naming - [shutdown,486] - com.alibaba.nacos.client.naming.remote.http.NamingHttpClientProxy do shutdown stop
17:22:00.919 [SpringApplicationShutdownHook] INFO  c.a.n.c.r.client - [shutdown,429] - Shutdown rpc client, set status to shutdown
17:22:00.919 [SpringApplicationShutdownHook] INFO  c.a.n.c.r.client - [shutdown,431] - Shutdown client event executor java.util.concurrent.ScheduledThreadPoolExecutor@7d29bb7f[Running, pool size = 2, active threads = 2, queued tasks = 0, completed tasks = 0]
17:22:00.919 [SpringApplicationShutdownHook] INFO  c.a.n.c.r.client - [closeConnection,584] - Close current connection 1777647131755_172.17.0.1_38658
17:22:00.921 [nacos-grpc-client-executor-localhost-5524] INFO  c.a.n.c.r.c.g.GrpcClient - [printIfInfoEnabled,63] - [1777647131755_172.17.0.1_38658]Ignore complete event,isRunning:false,isAbandon=false
17:22:00.931 [SpringApplicationShutdownHook] INFO  c.a.n.c.r.c.g.GrpcClient - [shutdown,159] - Shutdown grpc executor java.util.concurrent.ThreadPoolExecutor@4c018cd8[Running, pool size = 4, active threads = 0, queued tasks = 0, completed tasks = 5525]
17:22:00.931 [SpringApplicationShutdownHook] INFO  c.a.n.client.naming - [shutdown,318] - Shutdown grpc redo service executor java.util.concurrent.ScheduledThreadPoolExecutor@792c65c1[Running, pool size = 1, active threads = 0, queued tasks = 1, completed tasks = 9156]
17:22:00.932 [SpringApplicationShutdownHook] INFO  c.a.n.c.a.r.i.CredentialWatcher - [stop,106] - [null] CredentialWatcher is stopped
17:22:00.932 [SpringApplicationShutdownHook] INFO  c.a.n.c.a.r.i.CredentialService - [free,100] - [null] CredentialService is freed
17:22:00.933 [SpringApplicationShutdownHook] INFO  c.a.n.client.naming - [shutdown,211] - com.alibaba.nacos.client.naming.remote.NamingClientProxyDelegate do shutdown stop
17:22:01.066 [SpringApplicationShutdownHook] INFO  c.z.h.HikariDataSource - [close,350] - HikariPool-1 - Shutdown initiated...
17:22:01.072 [SpringApplicationShutdownHook] INFO  c.z.h.HikariDataSource - [close,352] - HikariPool-1 - Shutdown completed.
17:22:06.644 [main] INFO  c.a.n.c.u.ParamUtil - [<clinit>,87] - [settings] [req-serv] nacos-server port:8848
17:22:06.644 [main] INFO  c.a.n.c.u.ParamUtil - [<clinit>,98] - [settings] [http-client] connect timeout:1000
17:22:06.645 [main] INFO  c.a.n.c.u.ParamUtil - [<clinit>,105] - PER_TASK_CONFIG_SIZE: 3000.0
17:22:06.676 [main] INFO  c.a.n.p.a.s.c.ClientAuthPluginManager - [init,56] - [ClientAuthPluginManager] Load ClientAuthService com.alibaba.nacos.client.auth.impl.NacosClientAuthServiceImpl success.
17:22:06.676 [main] INFO  c.a.n.p.a.s.c.ClientAuthPluginManager - [init,56] - [ClientAuthPluginManager] Load ClientAuthService com.alibaba.nacos.client.auth.ram.RamClientAuthServiceImpl success.
17:22:06.681 [main] INFO  c.a.n.c.a.r.i.CredentialWatcher - [loadCredential,165] - null No credential found
17:22:06.932 [main] INFO  c.a.n.c.c.i.LocalConfigInfoProcessor - [<clinit>,63] - LOCAL_SNAPSHOT_PATH:C:\Users\45\nacos\config
17:22:06.936 [main] INFO  c.a.n.c.r.client - [lambda$createClient$0,108] - [RpcClientFactory] create a new rpc client of ef01c5fa-8a8d-4cc1-984f-551786c31616_config-0
17:22:06.955 [main] INFO  c.a.n.c.r.client - [printIfInfoEnabled,63] - [ef01c5fa-8a8d-4cc1-984f-551786c31616_config-0] Register server push request handler:com.alibaba.nacos.client.config.impl.ClientWorker$ConfigRpcTransportClient$$Lambda$576/0x000001b923315928
17:22:06.956 [main] INFO  c.a.n.c.r.client - [printIfInfoEnabled,63] - [ef01c5fa-8a8d-4cc1-984f-551786c31616_config-0] Register server push request handler:com.alibaba.nacos.client.config.impl.ClientWorker$ConfigRpcTransportClient$$Lambda$577/0x000001b923315d48
17:22:06.956 [main] INFO  c.a.n.c.r.client - [printIfInfoEnabled,63] - [ef01c5fa-8a8d-4cc1-984f-551786c31616_config-0] Registry connection listener to current client:com.alibaba.nacos.client.config.impl.ClientWorker$ConfigRpcTransportClient$1
17:22:06.956 [main] INFO  c.a.n.c.r.client - [printIfInfoEnabled,63] - [ef01c5fa-8a8d-4cc1-984f-551786c31616_config-0] RpcClient init, ServerListFactory = com.alibaba.nacos.client.config.impl.ClientWorker$ConfigRpcTransportClient$2
17:22:06.963 [main] INFO  c.a.n.c.r.client - [printIfInfoEnabled,63] - [ef01c5fa-8a8d-4cc1-984f-551786c31616_config-0] Try to connect to server on start up, server: {serverIp = 'localhost', server main port = 8848}
17:22:06.992 [main] INFO  c.a.n.c.r.c.g.GrpcClient - [createNewManagedChannel,182] - grpc client connection server:localhost ip,serverPort:9848,grpcTslConfig:{"sslProvider":"OPENSSL","enableTls":false,"mutualAuthEnable":false,"trustAll":false}
17:22:07.913 [main] INFO  c.a.n.c.r.client - [printIfInfoEnabled,63] - [ef01c5fa-8a8d-4cc1-984f-551786c31616_config-0] Success to connect to server [localhost:8848] on start up, connectionId = 1777713727734_172.17.0.1_59626
17:22:07.913 [com.alibaba.nacos.client.remote.worker] INFO  c.a.n.c.r.client - [printIfInfoEnabled,63] - [ef01c5fa-8a8d-4cc1-984f-551786c31616_config-0] Notify connected event to listeners.
17:22:07.914 [com.alibaba.nacos.client.remote.worker] INFO  c.a.n.c.c.i.ClientWorker - [onConnected,639] - [ef01c5fa-8a8d-4cc1-984f-551786c31616_config-0] Connected,notify listen context...
17:22:07.914 [main] INFO  c.a.n.c.r.client - [printIfInfoEnabled,63] - [ef01c5fa-8a8d-4cc1-984f-551786c31616_config-0] Register server push request handler:com.alibaba.nacos.common.remote.client.RpcClient$ConnectResetRequestHandler
17:22:07.914 [main] INFO  c.a.n.c.r.client - [printIfInfoEnabled,63] - [ef01c5fa-8a8d-4cc1-984f-551786c31616_config-0] Register server push request handler:com.alibaba.nacos.common.remote.client.RpcClient$$Lambda$597/0x000001b9234a0890
17:22:07.952 [main] INFO  c.a.n.c.c.i.Limiter - [<clinit>,62] - limitTime:5.0
17:22:07.981 [main] INFO  c.a.n.c.c.u.JvmUtil - [<clinit>,54] - isMultiInstance:false
17:22:07.985 [main] INFO  o.s.c.b.c.PropertySourceBootstrapConfiguration - [initialize,108] - Located property source: [BootstrapPropertySource {name='bootstrapProperties-oj-system-local.yaml,DEFAULT_GROUP'}, BootstrapPropertySource {name='bootstrapProperties-oj-system.yaml,DEFAULT_GROUP'}, BootstrapPropertySource {name='bootstrapProperties-oj-system,DEFAULT_GROUP'}]
17:22:07.989 [main] INFO  c.b.s.OjSystemApplication - [logStartupProfileInfo,636] - The following 1 profile is active: "local"
17:22:08.419 [main] INFO  o.s.d.r.c.RepositoryConfigurationDelegate - [multipleStoresDetected,294] - Multiple Spring Data modules found, entering strict repository configuration mode
17:22:08.421 [main] INFO  o.s.d.r.c.RepositoryConfigurationDelegate - [registerRepositoriesIn,138] - Bootstrapping Spring Data Redis repositories in DEFAULT mode.
17:22:08.436 [main] INFO  o.s.d.r.c.RepositoryConfigurationDelegate - [registerRepositoriesIn,208] - Finished Spring Data repository scanning in 6 ms. Found 0 Redis repository interfaces.
17:22:08.575 [main] INFO  o.s.c.c.s.GenericScope - [setSerializationId,282] - BeanFactory id=c8503308-e5d6-3142-89a6-0f6c1b212598
17:22:08.840 [main] INFO  o.s.b.w.e.t.TomcatWebServer - [initialize,108] - Tomcat initialized with port(s): 9201 (http)
17:22:08.846 [main] INFO  o.a.c.h.Http11NioProtocol - [log,173] - Initializing ProtocolHandler ["http-nio-9201"]
17:22:08.847 [main] INFO  o.a.c.c.StandardService - [log,173] - Starting service [Tomcat]
17:22:08.847 [main] INFO  o.a.c.c.StandardEngine - [log,173] - Starting Servlet engine: [Apache Tomcat/10.1.4]
17:22:08.916 [main] INFO  o.a.c.c.C.[.[.[/] - [log,173] - Initializing Spring embedded WebApplicationContext
17:22:08.916 [main] INFO  o.s.b.w.s.c.ServletWebServerApplicationContext - [prepareWebApplicationContext,291] - Root WebApplicationContext: initialization completed in 916 ms
17:22:10.097 [main] INFO  o.a.c.h.Http11NioProtocol - [log,173] - Starting ProtocolHandler ["http-nio-9201"]
17:22:10.106 [main] INFO  o.s.b.w.e.t.TomcatWebServer - [start,220] - Tomcat started on port(s): 9201 (http) with context path ''
17:22:10.110 [main] INFO  c.a.n.client.naming - [initNamespaceForNaming,62] - initializer namespace from ans.namespace attribute : null
17:22:10.110 [main] INFO  c.a.n.client.naming - [lambda$initNamespaceForNaming$0,66] - initializer namespace from ALIBABA_ALIWARE_NAMESPACE attribute :null
17:22:10.110 [main] INFO  c.a.n.client.naming - [lambda$initNamespaceForNaming$1,73] - initializer namespace from namespace attribute :null
17:22:10.117 [main] INFO  c.a.n.p.a.s.c.ClientAuthPluginManager - [init,56] - [ClientAuthPluginManager] Load ClientAuthService com.alibaba.nacos.client.auth.impl.NacosClientAuthServiceImpl success.
17:22:10.117 [main] INFO  c.a.n.p.a.s.c.ClientAuthPluginManager - [init,56] - [ClientAuthPluginManager] Load ClientAuthService com.alibaba.nacos.client.auth.ram.RamClientAuthServiceImpl success.
17:22:10.122 [main] INFO  c.a.n.c.r.client - [lambda$createClient$0,108] - [RpcClientFactory] create a new rpc client of 3f2f37e5-6f1d-4cba-9714-5a898d5c33a5
17:22:10.124 [main] INFO  c.a.n.c.r.client - [printIfInfoEnabled,63] - [3f2f37e5-6f1d-4cba-9714-5a898d5c33a5] RpcClient init, ServerListFactory = com.alibaba.nacos.client.naming.core.ServerListManager
17:22:10.124 [main] INFO  c.a.n.c.r.client - [printIfInfoEnabled,63] - [3f2f37e5-6f1d-4cba-9714-5a898d5c33a5] Registry connection listener to current client:com.alibaba.nacos.client.naming.remote.gprc.redo.NamingGrpcRedoService
17:22:10.124 [main] INFO  c.a.n.c.r.client - [printIfInfoEnabled,63] - [3f2f37e5-6f1d-4cba-9714-5a898d5c33a5] Register server push request handler:com.alibaba.nacos.client.naming.remote.gprc.NamingPushRequestHandler
17:22:10.125 [main] INFO  c.a.n.c.r.client - [printIfInfoEnabled,63] - [3f2f37e5-6f1d-4cba-9714-5a898d5c33a5] Try to connect to server on start up, server: {serverIp = 'localhost', server main port = 8848}
17:22:10.125 [main] INFO  c.a.n.c.r.c.g.GrpcClient - [createNewManagedChannel,182] - grpc client connection server:localhost ip,serverPort:9848,grpcTslConfig:{"sslProvider":"OPENSSL","enableTls":false,"mutualAuthEnable":false,"trustAll":false}
17:22:10.249 [main] INFO  c.a.n.c.r.client - [printIfInfoEnabled,63] - [3f2f37e5-6f1d-4cba-9714-5a898d5c33a5] Success to connect to server [localhost:8848] on start up, connectionId = 1777713730131_172.17.0.1_59634
17:22:10.249 [main] INFO  c.a.n.c.r.client - [printIfInfoEnabled,63] - [3f2f37e5-6f1d-4cba-9714-5a898d5c33a5] Register server push request handler:com.alibaba.nacos.common.remote.client.RpcClient$ConnectResetRequestHandler
17:22:10.249 [com.alibaba.nacos.client.remote.worker] INFO  c.a.n.c.r.client - [printIfInfoEnabled,63] - [3f2f37e5-6f1d-4cba-9714-5a898d5c33a5] Notify connected event to listeners.
17:22:10.249 [main] INFO  c.a.n.c.r.client - [printIfInfoEnabled,63] - [3f2f37e5-6f1d-4cba-9714-5a898d5c33a5] Register server push request handler:com.alibaba.nacos.common.remote.client.RpcClient$$Lambda$597/0x000001b9234a0890
17:22:10.249 [com.alibaba.nacos.client.remote.worker] INFO  c.a.n.client.naming - [onConnected,78] - Grpc connection connect
17:22:10.251 [main] INFO  c.a.n.client.naming - [registerService,121] - [REGISTER-SERVICE] 1b411097-df3c-4cac-a649-ba6b6b22fcd4 registering service oj-system with instance Instance{instanceId='null', ip='172.20.10.6', port=9201, weight=1.0, healthy=true, enabled=true, ephemeral=true, clusterName='DEFAULT', serviceName='null', metadata={IPv6=[2409:897a:3d70:458f:4c5f:854a:1e61:1f44], preserved.register.source=SPRING_CLOUD}}
17:22:10.263 [main] INFO  c.a.c.n.r.NacosServiceRegistry - [register,76] - nacos registry, DEFAULT_GROUP oj-system 172.20.10.6:9201 register finished
17:22:10.412 [main] INFO  c.b.s.OjSystemApplication - [logStarted,57] - Started OjSystemApplication in 4.428 seconds (process running for 5.164)
17:22:10.415 [main] INFO  c.a.n.c.c.i.CacheData - [<clinit>,67] - nacos.cache.data.init.snapshot = true 
17:22:10.417 [main] INFO  c.a.n.c.c.i.ClientWorker - [addCacheDataIfAbsent,380] - [fixed-1b411097-df3c-4cac-a649-ba6b6b22fcd4-localhost_8848] [subscribe] oj-system-local.yaml+DEFAULT_GROUP+1b411097-df3c-4cac-a649-ba6b6b22fcd4
17:22:10.421 [main] INFO  c.a.n.c.c.i.CacheData - [addListener,197] - [fixed-1b411097-df3c-4cac-a649-ba6b6b22fcd4-localhost_8848] [add-listener] ok, tenant=1b411097-df3c-4cac-a649-ba6b6b22fcd4, dataId=oj-system-local.yaml, group=DEFAULT_GROUP, cnt=1
17:22:10.422 [main] INFO  c.a.c.n.r.NacosContextRefresher - [registerNacosListener,129] - [Nacos Config] Listening config: dataId=oj-system-local.yaml, group=DEFAULT_GROUP
17:22:10.423 [main] INFO  c.a.n.c.c.i.ClientWorker - [addCacheDataIfAbsent,380] - [fixed-1b411097-df3c-4cac-a649-ba6b6b22fcd4-localhost_8848] [subscribe] oj-system+DEFAULT_GROUP+1b411097-df3c-4cac-a649-ba6b6b22fcd4
17:22:10.424 [main] INFO  c.a.n.c.c.i.CacheData - [addListener,197] - [fixed-1b411097-df3c-4cac-a649-ba6b6b22fcd4-localhost_8848] [add-listener] ok, tenant=1b411097-df3c-4cac-a649-ba6b6b22fcd4, dataId=oj-system, group=DEFAULT_GROUP, cnt=1
17:22:10.425 [main] INFO  c.a.c.n.r.NacosContextRefresher - [registerNacosListener,129] - [Nacos Config] Listening config: dataId=oj-system, group=DEFAULT_GROUP
17:22:10.425 [main] INFO  c.a.n.c.c.i.ClientWorker - [addCacheDataIfAbsent,380] - [fixed-1b411097-df3c-4cac-a649-ba6b6b22fcd4-localhost_8848] [subscribe] oj-system.yaml+DEFAULT_GROUP+1b411097-df3c-4cac-a649-ba6b6b22fcd4
17:22:10.426 [main] INFO  c.a.n.c.c.i.CacheData - [addListener,197] - [fixed-1b411097-df3c-4cac-a649-ba6b6b22fcd4-localhost_8848] [add-listener] ok, tenant=1b411097-df3c-4cac-a649-ba6b6b22fcd4, dataId=oj-system.yaml, group=DEFAULT_GROUP, cnt=1
17:22:10.426 [main] INFO  c.a.c.n.r.NacosContextRefresher - [registerNacosListener,129] - [Nacos Config] Listening config: dataId=oj-system.yaml, group=DEFAULT_GROUP
17:22:16.353 [SpringApplicationShutdownHook] INFO  c.a.c.n.r.NacosServiceRegistry - [deregister,95] - De-registering from Nacos Server now...
17:22:16.353 [SpringApplicationShutdownHook] INFO  c.a.n.client.naming - [deregisterService,217] - [DEREGISTER-SERVICE] 1b411097-df3c-4cac-a649-ba6b6b22fcd4 deregistering service oj-system with instance: Instance{instanceId='null', ip='172.20.10.6', port=9201, weight=1.0, healthy=true, enabled=true, ephemeral=true, clusterName='DEFAULT', serviceName='null', metadata={}}
17:22:16.360 [SpringApplicationShutdownHook] INFO  c.a.c.n.r.NacosServiceRegistry - [deregister,115] - De-registration finished.
17:22:16.360 [SpringApplicationShutdownHook] INFO  c.a.n.client.naming - [shutdown,256] - com.alibaba.nacos.client.naming.cache.ServiceInfoHolder do shutdown begin
17:22:16.360 [SpringApplicationShutdownHook] INFO  c.a.n.client.naming - [shutdown,136] - com.alibaba.nacos.client.naming.backups.FailoverReactor do shutdown begin
17:22:16.684 [SpringApplicationShutdownHook] INFO  c.a.n.client.naming - [shutdown,138] - com.alibaba.nacos.client.naming.backups.FailoverReactor do shutdown stop
17:22:16.684 [SpringApplicationShutdownHook] INFO  c.a.n.client.naming - [shutdown,258] - com.alibaba.nacos.client.naming.cache.ServiceInfoHolder do shutdown stop
17:22:16.684 [SpringApplicationShutdownHook] INFO  c.a.n.client.naming - [shutdown,204] - com.alibaba.nacos.client.naming.remote.NamingClientProxyDelegate do shutdown begin
17:22:16.684 [SpringApplicationShutdownHook] INFO  c.a.n.client.naming - [shutdown,143] - com.alibaba.nacos.client.naming.core.ServiceInfoUpdateService do shutdown begin
17:22:16.684 [SpringApplicationShutdownHook] INFO  c.a.n.client.naming - [shutdown,145] - com.alibaba.nacos.client.naming.core.ServiceInfoUpdateService do shutdown stop
17:22:16.684 [SpringApplicationShutdownHook] INFO  c.a.n.client.naming - [shutdown,194] - com.alibaba.nacos.client.naming.core.ServerListManager do shutdown begin
17:22:16.685 [SpringApplicationShutdownHook] INFO  c.a.n.client.naming - [shutdown,199] - com.alibaba.nacos.client.naming.core.ServerListManager do shutdown stop
17:22:16.685 [SpringApplicationShutdownHook] INFO  c.a.n.client.naming - [shutdown,484] - com.alibaba.nacos.client.naming.remote.http.NamingHttpClientProxy do shutdown begin
17:22:16.685 [SpringApplicationShutdownHook] INFO  c.a.n.client.naming - [shutdown,486] - com.alibaba.nacos.client.naming.remote.http.NamingHttpClientProxy do shutdown stop
17:22:16.685 [SpringApplicationShutdownHook] INFO  c.a.n.c.r.client - [shutdown,429] - Shutdown rpc client, set status to shutdown
17:22:16.685 [SpringApplicationShutdownHook] INFO  c.a.n.c.r.client - [shutdown,431] - Shutdown client event executor java.util.concurrent.ScheduledThreadPoolExecutor@5c419f1[Running, pool size = 2, active threads = 2, queued tasks = 0, completed tasks = 0]
17:22:16.685 [SpringApplicationShutdownHook] INFO  c.a.n.c.r.client - [closeConnection,584] - Close current connection 1777713730131_172.17.0.1_59634
17:22:16.690 [SpringApplicationShutdownHook] INFO  c.a.n.c.r.c.g.GrpcClient - [shutdown,159] - Shutdown grpc executor java.util.concurrent.ThreadPoolExecutor@492e910[Running, pool size = 11, active threads = 0, queued tasks = 0, completed tasks = 11]
17:22:16.691 [SpringApplicationShutdownHook] INFO  c.a.n.client.naming - [shutdown,318] - Shutdown grpc redo service executor java.util.concurrent.ScheduledThreadPoolExecutor@3979914e[Running, pool size = 1, active threads = 0, queued tasks = 1, completed tasks = 2]
17:22:16.691 [SpringApplicationShutdownHook] INFO  c.a.n.c.a.r.i.CredentialWatcher - [stop,106] - [null] CredentialWatcher is stopped
17:22:16.691 [SpringApplicationShutdownHook] INFO  c.a.n.c.a.r.i.CredentialService - [free,100] - [null] CredentialService is freed
17:22:16.692 [SpringApplicationShutdownHook] INFO  c.a.n.client.naming - [shutdown,211] - com.alibaba.nacos.client.naming.remote.NamingClientProxyDelegate do shutdown stop
17:22:16.700 [com.alibaba.nacos.client.Worker] INFO  c.a.n.c.a.r.i.CredentialWatcher - [loadCredential,165] - null No credential found
17:22:19.560 [main] INFO  c.a.n.c.u.ParamUtil - [<clinit>,87] - [settings] [req-serv] nacos-server port:8848
17:22:19.561 [main] INFO  c.a.n.c.u.ParamUtil - [<clinit>,98] - [settings] [http-client] connect timeout:1000
17:22:19.563 [main] INFO  c.a.n.c.u.ParamUtil - [<clinit>,105] - PER_TASK_CONFIG_SIZE: 3000.0
17:22:19.581 [main] INFO  c.a.n.p.a.s.c.ClientAuthPluginManager - [init,56] - [ClientAuthPluginManager] Load ClientAuthService com.alibaba.nacos.client.auth.impl.NacosClientAuthServiceImpl success.
17:22:19.582 [main] INFO  c.a.n.p.a.s.c.ClientAuthPluginManager - [init,56] - [ClientAuthPluginManager] Load ClientAuthService com.alibaba.nacos.client.auth.ram.RamClientAuthServiceImpl success.
17:22:19.584 [main] INFO  c.a.n.c.a.r.i.CredentialWatcher - [loadCredential,165] - null No credential found
17:22:19.795 [main] INFO  c.a.n.c.c.i.LocalConfigInfoProcessor - [<clinit>,63] - LOCAL_SNAPSHOT_PATH:C:\Users\45\nacos\config
17:22:19.798 [main] INFO  c.a.n.c.r.client - [lambda$createClient$0,108] - [RpcClientFactory] create a new rpc client of f3547e2c-2a2d-41b9-95c5-09df1b3725ca_config-0
17:22:19.812 [main] INFO  c.a.n.c.r.client - [printIfInfoEnabled,63] - [f3547e2c-2a2d-41b9-95c5-09df1b3725ca_config-0] Register server push request handler:com.alibaba.nacos.client.config.impl.ClientWorker$ConfigRpcTransportClient$$Lambda$576/0x0000023311315928
17:22:19.812 [main] INFO  c.a.n.c.r.client - [printIfInfoEnabled,63] - [f3547e2c-2a2d-41b9-95c5-09df1b3725ca_config-0] Register server push request handler:com.alibaba.nacos.client.config.impl.ClientWorker$ConfigRpcTransportClient$$Lambda$577/0x0000023311315d48
17:22:19.813 [main] INFO  c.a.n.c.r.client - [printIfInfoEnabled,63] - [f3547e2c-2a2d-41b9-95c5-09df1b3725ca_config-0] Registry connection listener to current client:com.alibaba.nacos.client.config.impl.ClientWorker$ConfigRpcTransportClient$1
17:22:19.813 [main] INFO  c.a.n.c.r.client - [printIfInfoEnabled,63] - [f3547e2c-2a2d-41b9-95c5-09df1b3725ca_config-0] RpcClient init, ServerListFactory = com.alibaba.nacos.client.config.impl.ClientWorker$ConfigRpcTransportClient$2
17:22:19.819 [main] INFO  c.a.n.c.r.client - [printIfInfoEnabled,63] - [f3547e2c-2a2d-41b9-95c5-09df1b3725ca_config-0] Try to connect to server on start up, server: {serverIp = 'localhost', server main port = 8848}
17:22:19.845 [main] INFO  c.a.n.c.r.c.g.GrpcClient - [createNewManagedChannel,182] - grpc client connection server:localhost ip,serverPort:9848,grpcTslConfig:{"sslProvider":"OPENSSL","enableTls":false,"mutualAuthEnable":false,"trustAll":false}
17:22:20.629 [main] INFO  c.a.n.c.r.client - [printIfInfoEnabled,63] - [f3547e2c-2a2d-41b9-95c5-09df1b3725ca_config-0] Success to connect to server [localhost:8848] on start up, connectionId = 1777713740462_172.17.0.1_44232
17:22:20.631 [com.alibaba.nacos.client.remote.worker] INFO  c.a.n.c.r.client - [printIfInfoEnabled,63] - [f3547e2c-2a2d-41b9-95c5-09df1b3725ca_config-0] Notify connected event to listeners.
17:22:20.631 [com.alibaba.nacos.client.remote.worker] INFO  c.a.n.c.c.i.ClientWorker - [onConnected,639] - [f3547e2c-2a2d-41b9-95c5-09df1b3725ca_config-0] Connected,notify listen context...
17:22:20.631 [main] INFO  c.a.n.c.r.client - [printIfInfoEnabled,63] - [f3547e2c-2a2d-41b9-95c5-09df1b3725ca_config-0] Register server push request handler:com.alibaba.nacos.common.remote.client.RpcClient$ConnectResetRequestHandler
17:22:20.632 [main] INFO  c.a.n.c.r.client - [printIfInfoEnabled,63] - [f3547e2c-2a2d-41b9-95c5-09df1b3725ca_config-0] Register server push request handler:com.alibaba.nacos.common.remote.client.RpcClient$$Lambda$597/0x000002331147d1a0
17:22:20.658 [main] INFO  c.a.n.c.c.i.Limiter - [<clinit>,62] - limitTime:5.0
17:22:20.683 [main] INFO  c.a.n.c.c.u.JvmUtil - [<clinit>,54] - isMultiInstance:false
17:22:20.687 [main] INFO  o.s.c.b.c.PropertySourceBootstrapConfiguration - [initialize,108] - Located property source: [BootstrapPropertySource {name='bootstrapProperties-oj-system-local.yaml,DEFAULT_GROUP'}, BootstrapPropertySource {name='bootstrapProperties-oj-system.yaml,DEFAULT_GROUP'}, BootstrapPropertySource {name='bootstrapProperties-oj-system,DEFAULT_GROUP'}]
17:22:20.692 [main] INFO  c.b.s.OjSystemApplication - [logStartupProfileInfo,636] - The following 1 profile is active: "local"
17:22:21.123 [main] INFO  o.s.d.r.c.RepositoryConfigurationDelegate - [multipleStoresDetected,294] - Multiple Spring Data modules found, entering strict repository configuration mode
17:22:21.125 [main] INFO  o.s.d.r.c.RepositoryConfigurationDelegate - [registerRepositoriesIn,138] - Bootstrapping Spring Data Redis repositories in DEFAULT mode.
17:22:21.141 [main] INFO  o.s.d.r.c.RepositoryConfigurationDelegate - [registerRepositoriesIn,208] - Finished Spring Data repository scanning in 6 ms. Found 0 Redis repository interfaces.
17:22:21.270 [main] INFO  o.s.c.c.s.GenericScope - [setSerializationId,282] - BeanFactory id=c8503308-e5d6-3142-89a6-0f6c1b212598
17:22:21.562 [main] INFO  o.s.b.w.e.t.TomcatWebServer - [initialize,108] - Tomcat initialized with port(s): 9201 (http)
17:22:21.569 [main] INFO  o.a.c.h.Http11NioProtocol - [log,173] - Initializing ProtocolHandler ["http-nio-9201"]
17:22:21.570 [main] INFO  o.a.c.c.StandardService - [log,173] - Starting service [Tomcat]
17:22:21.570 [main] INFO  o.a.c.c.StandardEngine - [log,173] - Starting Servlet engine: [Apache Tomcat/10.1.4]
17:22:21.634 [main] INFO  o.a.c.c.C.[.[.[/] - [log,173] - Initializing Spring embedded WebApplicationContext
17:22:21.634 [main] INFO  o.s.b.w.s.c.ServletWebServerApplicationContext - [prepareWebApplicationContext,291] - Root WebApplicationContext: initialization completed in 931 ms
17:22:22.847 [main] INFO  o.a.c.h.Http11NioProtocol - [log,173] - Starting ProtocolHandler ["http-nio-9201"]
17:22:22.856 [main] INFO  o.s.b.w.e.t.TomcatWebServer - [start,220] - Tomcat started on port(s): 9201 (http) with context path ''
17:22:22.860 [main] INFO  c.a.n.client.naming - [initNamespaceForNaming,62] - initializer namespace from ans.namespace attribute : null
17:22:22.860 [main] INFO  c.a.n.client.naming - [lambda$initNamespaceForNaming$0,66] - initializer namespace from ALIBABA_ALIWARE_NAMESPACE attribute :null
17:22:22.861 [main] INFO  c.a.n.client.naming - [lambda$initNamespaceForNaming$1,73] - initializer namespace from namespace attribute :null
17:22:22.867 [main] INFO  c.a.n.p.a.s.c.ClientAuthPluginManager - [init,56] - [ClientAuthPluginManager] Load ClientAuthService com.alibaba.nacos.client.auth.impl.NacosClientAuthServiceImpl success.
17:22:22.867 [main] INFO  c.a.n.p.a.s.c.ClientAuthPluginManager - [init,56] - [ClientAuthPluginManager] Load ClientAuthService com.alibaba.nacos.client.auth.ram.RamClientAuthServiceImpl success.
17:22:22.870 [main] INFO  c.a.n.c.r.client - [lambda$createClient$0,108] - [RpcClientFactory] create a new rpc client of d07c6d98-fc29-414e-8eb5-fe261fed8dbd
17:22:22.872 [main] INFO  c.a.n.c.r.client - [printIfInfoEnabled,63] - [d07c6d98-fc29-414e-8eb5-fe261fed8dbd] RpcClient init, ServerListFactory = com.alibaba.nacos.client.naming.core.ServerListManager
17:22:22.872 [main] INFO  c.a.n.c.r.client - [printIfInfoEnabled,63] - [d07c6d98-fc29-414e-8eb5-fe261fed8dbd] Registry connection listener to current client:com.alibaba.nacos.client.naming.remote.gprc.redo.NamingGrpcRedoService
17:22:22.872 [main] INFO  c.a.n.c.r.client - [printIfInfoEnabled,63] - [d07c6d98-fc29-414e-8eb5-fe261fed8dbd] Register server push request handler:com.alibaba.nacos.client.naming.remote.gprc.NamingPushRequestHandler
17:22:22.873 [main] INFO  c.a.n.c.r.client - [printIfInfoEnabled,63] - [d07c6d98-fc29-414e-8eb5-fe261fed8dbd] Try to connect to server on start up, server: {serverIp = 'localhost', server main port = 8848}
17:22:22.873 [main] INFO  c.a.n.c.r.c.g.GrpcClient - [createNewManagedChannel,182] - grpc client connection server:localhost ip,serverPort:9848,grpcTslConfig:{"sslProvider":"OPENSSL","enableTls":false,"mutualAuthEnable":false,"trustAll":false}
17:22:22.985 [main] INFO  c.a.n.c.r.client - [printIfInfoEnabled,63] - [d07c6d98-fc29-414e-8eb5-fe261fed8dbd] Success to connect to server [localhost:8848] on start up, connectionId = 1777713742878_172.17.0.1_44238
17:22:22.985 [main] INFO  c.a.n.c.r.client - [printIfInfoEnabled,63] - [d07c6d98-fc29-414e-8eb5-fe261fed8dbd] Register server push request handler:com.alibaba.nacos.common.remote.client.RpcClient$ConnectResetRequestHandler
17:22:22.985 [com.alibaba.nacos.client.remote.worker] INFO  c.a.n.c.r.client - [printIfInfoEnabled,63] - [d07c6d98-fc29-414e-8eb5-fe261fed8dbd] Notify connected event to listeners.
17:22:22.985 [main] INFO  c.a.n.c.r.client - [printIfInfoEnabled,63] - [d07c6d98-fc29-414e-8eb5-fe261fed8dbd] Register server push request handler:com.alibaba.nacos.common.remote.client.RpcClient$$Lambda$597/0x000002331147d1a0
17:22:22.985 [com.alibaba.nacos.client.remote.worker] INFO  c.a.n.client.naming - [onConnected,78] - Grpc connection connect
17:22:22.985 [main] INFO  c.a.n.client.naming - [registerService,121] - [REGISTER-SERVICE] 1b411097-df3c-4cac-a649-ba6b6b22fcd4 registering service oj-system with instance Instance{instanceId='null', ip='172.20.10.6', port=9201, weight=1.0, healthy=true, enabled=true, ephemeral=true, clusterName='DEFAULT', serviceName='null', metadata={IPv6=[2409:897a:3d70:458f:4c5f:854a:1e61:1f44], preserved.register.source=SPRING_CLOUD}}
17:22:22.998 [main] INFO  c.a.c.n.r.NacosServiceRegistry - [register,76] - nacos registry, DEFAULT_GROUP oj-system 172.20.10.6:9201 register finished
17:22:23.197 [main] INFO  c.b.s.OjSystemApplication - [logStarted,57] - Started OjSystemApplication in 4.288 seconds (process running for 5.072)
17:22:23.202 [main] INFO  c.a.n.c.c.i.CacheData - [<clinit>,67] - nacos.cache.data.init.snapshot = true 
17:22:23.202 [main] INFO  c.a.n.c.c.i.ClientWorker - [addCacheDataIfAbsent,380] - [fixed-1b411097-df3c-4cac-a649-ba6b6b22fcd4-localhost_8848] [subscribe] oj-system-local.yaml+DEFAULT_GROUP+1b411097-df3c-4cac-a649-ba6b6b22fcd4
17:22:23.208 [main] INFO  c.a.n.c.c.i.CacheData - [addListener,197] - [fixed-1b411097-df3c-4cac-a649-ba6b6b22fcd4-localhost_8848] [add-listener] ok, tenant=1b411097-df3c-4cac-a649-ba6b6b22fcd4, dataId=oj-system-local.yaml, group=DEFAULT_GROUP, cnt=1
17:22:23.209 [main] INFO  c.a.c.n.r.NacosContextRefresher - [registerNacosListener,129] - [Nacos Config] Listening config: dataId=oj-system-local.yaml, group=DEFAULT_GROUP
17:22:23.209 [main] INFO  c.a.n.c.c.i.ClientWorker - [addCacheDataIfAbsent,380] - [fixed-1b411097-df3c-4cac-a649-ba6b6b22fcd4-localhost_8848] [subscribe] oj-system+DEFAULT_GROUP+1b411097-df3c-4cac-a649-ba6b6b22fcd4
17:22:23.210 [main] INFO  c.a.n.c.c.i.CacheData - [addListener,197] - [fixed-1b411097-df3c-4cac-a649-ba6b6b22fcd4-localhost_8848] [add-listener] ok, tenant=1b411097-df3c-4cac-a649-ba6b6b22fcd4, dataId=oj-system, group=DEFAULT_GROUP, cnt=1
17:22:23.210 [main] INFO  c.a.c.n.r.NacosContextRefresher - [registerNacosListener,129] - [Nacos Config] Listening config: dataId=oj-system, group=DEFAULT_GROUP
17:22:23.210 [main] INFO  c.a.n.c.c.i.ClientWorker - [addCacheDataIfAbsent,380] - [fixed-1b411097-df3c-4cac-a649-ba6b6b22fcd4-localhost_8848] [subscribe] oj-system.yaml+DEFAULT_GROUP+1b411097-df3c-4cac-a649-ba6b6b22fcd4
17:22:23.210 [main] INFO  c.a.n.c.c.i.CacheData - [addListener,197] - [fixed-1b411097-df3c-4cac-a649-ba6b6b22fcd4-localhost_8848] [add-listener] ok, tenant=1b411097-df3c-4cac-a649-ba6b6b22fcd4, dataId=oj-system.yaml, group=DEFAULT_GROUP, cnt=1
17:22:23.210 [main] INFO  c.a.c.n.r.NacosContextRefresher - [registerNacosListener,129] - [Nacos Config] Listening config: dataId=oj-system.yaml, group=DEFAULT_GROUP
17:24:05.442 [http-nio-9201-exec-2] INFO  o.a.c.c.C.[.[.[/] - [log,173] - Initializing Spring DispatcherServlet 'dispatcherServlet'
17:24:05.443 [http-nio-9201-exec-2] INFO  o.s.w.s.DispatcherServlet - [initServletBean,532] - Initializing Servlet 'dispatcherServlet'
17:24:05.444 [http-nio-9201-exec-2] INFO  o.s.w.s.DispatcherServlet - [initServletBean,554] - Completed initialization in 1 ms
17:24:05.569 [http-nio-9201-exec-2] INFO  c.z.h.HikariDataSource - [getConnection,110] - HikariPool-1 - Starting...
17:24:05.986 [http-nio-9201-exec-2] INFO  c.z.h.p.HikariPool - [checkFailFast,565] - HikariPool-1 - Added connection com.mysql.cj.jdbc.ConnectionImpl@60648fa5
17:24:05.988 [http-nio-9201-exec-2] INFO  c.z.h.HikariDataSource - [getConnection,123] - HikariPool-1 - Start completed.
17:24:27.353 [SpringApplicationShutdownHook] INFO  c.a.c.n.r.NacosServiceRegistry - [deregister,95] - De-registering from Nacos Server now...
17:24:27.353 [SpringApplicationShutdownHook] INFO  c.a.n.client.naming - [deregisterService,217] - [DEREGISTER-SERVICE] 1b411097-df3c-4cac-a649-ba6b6b22fcd4 deregistering service oj-system with instance: Instance{instanceId='null', ip='172.20.10.6', port=9201, weight=1.0, healthy=true, enabled=true, ephemeral=true, clusterName='DEFAULT', serviceName='null', metadata={}}
17:24:27.358 [SpringApplicationShutdownHook] INFO  c.a.c.n.r.NacosServiceRegistry - [deregister,115] - De-registration finished.
17:24:27.358 [SpringApplicationShutdownHook] INFO  c.a.n.client.naming - [shutdown,256] - com.alibaba.nacos.client.naming.cache.ServiceInfoHolder do shutdown begin
17:24:27.358 [SpringApplicationShutdownHook] INFO  c.a.n.client.naming - [shutdown,136] - com.alibaba.nacos.client.naming.backups.FailoverReactor do shutdown begin
17:24:27.359 [SpringApplicationShutdownHook] INFO  c.a.n.client.naming - [shutdown,138] - com.alibaba.nacos.client.naming.backups.FailoverReactor do shutdown stop
17:24:27.359 [SpringApplicationShutdownHook] INFO  c.a.n.client.naming - [shutdown,258] - com.alibaba.nacos.client.naming.cache.ServiceInfoHolder do shutdown stop
17:24:27.359 [SpringApplicationShutdownHook] INFO  c.a.n.client.naming - [shutdown,204] - com.alibaba.nacos.client.naming.remote.NamingClientProxyDelegate do shutdown begin
17:24:27.359 [SpringApplicationShutdownHook] INFO  c.a.n.client.naming - [shutdown,143] - com.alibaba.nacos.client.naming.core.ServiceInfoUpdateService do shutdown begin
17:24:27.359 [SpringApplicationShutdownHook] INFO  c.a.n.client.naming - [shutdown,145] - com.alibaba.nacos.client.naming.core.ServiceInfoUpdateService do shutdown stop
17:24:27.359 [SpringApplicationShutdownHook] INFO  c.a.n.client.naming - [shutdown,194] - com.alibaba.nacos.client.naming.core.ServerListManager do shutdown begin
17:24:27.359 [SpringApplicationShutdownHook] INFO  c.a.n.client.naming - [shutdown,199] - com.alibaba.nacos.client.naming.core.ServerListManager do shutdown stop
17:24:27.359 [SpringApplicationShutdownHook] INFO  c.a.n.client.naming - [shutdown,484] - com.alibaba.nacos.client.naming.remote.http.NamingHttpClientProxy do shutdown begin
17:24:27.359 [SpringApplicationShutdownHook] INFO  c.a.n.client.naming - [shutdown,486] - com.alibaba.nacos.client.naming.remote.http.NamingHttpClientProxy do shutdown stop
17:24:27.359 [SpringApplicationShutdownHook] INFO  c.a.n.c.r.client - [shutdown,429] - Shutdown rpc client, set status to shutdown
17:24:27.359 [SpringApplicationShutdownHook] INFO  c.a.n.c.r.client - [shutdown,431] - Shutdown client event executor java.util.concurrent.ScheduledThreadPoolExecutor@4a8b6758[Running, pool size = 2, active threads = 2, queued tasks = 0, completed tasks = 0]
17:24:27.359 [SpringApplicationShutdownHook] INFO  c.a.n.c.r.client - [closeConnection,584] - Close current connection 1777713742878_172.17.0.1_44238
17:24:27.361 [nacos-grpc-client-executor-localhost-32] INFO  c.a.n.c.r.c.g.GrpcClient - [printIfInfoEnabled,63] - [1777713742878_172.17.0.1_44238]Ignore complete event,isRunning:false,isAbandon=false
17:24:27.362 [SpringApplicationShutdownHook] INFO  c.a.n.c.r.c.g.GrpcClient - [shutdown,159] - Shutdown grpc executor java.util.concurrent.ThreadPoolExecutor@40bce40d[Running, pool size = 4, active threads = 0, queued tasks = 0, completed tasks = 33]
17:24:27.362 [SpringApplicationShutdownHook] INFO  c.a.n.client.naming - [shutdown,318] - Shutdown grpc redo service executor java.util.concurrent.ScheduledThreadPoolExecutor@3ffab796[Running, pool size = 1, active threads = 0, queued tasks = 1, completed tasks = 41]
17:24:27.362 [SpringApplicationShutdownHook] INFO  c.a.n.c.a.r.i.CredentialWatcher - [stop,106] - [null] CredentialWatcher is stopped
17:24:27.363 [SpringApplicationShutdownHook] INFO  c.a.n.c.a.r.i.CredentialService - [free,100] - [null] CredentialService is freed
17:24:27.363 [SpringApplicationShutdownHook] INFO  c.a.n.client.naming - [shutdown,211] - com.alibaba.nacos.client.naming.remote.NamingClientProxyDelegate do shutdown stop
17:24:27.483 [SpringApplicationShutdownHook] INFO  c.z.h.HikariDataSource - [close,350] - HikariPool-1 - Shutdown initiated...
17:24:27.488 [SpringApplicationShutdownHook] INFO  c.z.h.HikariDataSource - [close,352] - HikariPool-1 - Shutdown completed.
17:24:30.489 [main] INFO  c.a.n.c.u.ParamUtil - [<clinit>,87] - [settings] [req-serv] nacos-server port:8848
17:24:30.490 [main] INFO  c.a.n.c.u.ParamUtil - [<clinit>,98] - [settings] [http-client] connect timeout:1000
17:24:30.491 [main] INFO  c.a.n.c.u.ParamUtil - [<clinit>,105] - PER_TASK_CONFIG_SIZE: 3000.0
17:24:30.510 [main] INFO  c.a.n.p.a.s.c.ClientAuthPluginManager - [init,56] - [ClientAuthPluginManager] Load ClientAuthService com.alibaba.nacos.client.auth.impl.NacosClientAuthServiceImpl success.
17:24:30.510 [main] INFO  c.a.n.p.a.s.c.ClientAuthPluginManager - [init,56] - [ClientAuthPluginManager] Load ClientAuthService com.alibaba.nacos.client.auth.ram.RamClientAuthServiceImpl success.
17:24:30.513 [main] INFO  c.a.n.c.a.r.i.CredentialWatcher - [loadCredential,165] - null No credential found
17:24:30.738 [main] INFO  c.a.n.c.c.i.LocalConfigInfoProcessor - [<clinit>,63] - LOCAL_SNAPSHOT_PATH:C:\Users\45\nacos\config
17:24:30.741 [main] INFO  c.a.n.c.r.client - [lambda$createClient$0,108] - [RpcClientFactory] create a new rpc client of 6cf5c02a-6d90-405d-9c1f-78d626b495bf_config-0
17:24:30.755 [main] INFO  c.a.n.c.r.client - [printIfInfoEnabled,63] - [6cf5c02a-6d90-405d-9c1f-78d626b495bf_config-0] Register server push request handler:com.alibaba.nacos.client.config.impl.ClientWorker$ConfigRpcTransportClient$$Lambda$576/0x0000014796313e10
17:24:30.755 [main] INFO  c.a.n.c.r.client - [printIfInfoEnabled,63] - [6cf5c02a-6d90-405d-9c1f-78d626b495bf_config-0] Register server push request handler:com.alibaba.nacos.client.config.impl.ClientWorker$ConfigRpcTransportClient$$Lambda$577/0x0000014796314230
17:24:30.755 [main] INFO  c.a.n.c.r.client - [printIfInfoEnabled,63] - [6cf5c02a-6d90-405d-9c1f-78d626b495bf_config-0] Registry connection listener to current client:com.alibaba.nacos.client.config.impl.ClientWorker$ConfigRpcTransportClient$1
17:24:30.756 [main] INFO  c.a.n.c.r.client - [printIfInfoEnabled,63] - [6cf5c02a-6d90-405d-9c1f-78d626b495bf_config-0] RpcClient init, ServerListFactory = com.alibaba.nacos.client.config.impl.ClientWorker$ConfigRpcTransportClient$2
17:24:30.761 [main] INFO  c.a.n.c.r.client - [printIfInfoEnabled,63] - [6cf5c02a-6d90-405d-9c1f-78d626b495bf_config-0] Try to connect to server on start up, server: {serverIp = 'localhost', server main port = 8848}
17:24:30.786 [main] INFO  c.a.n.c.r.c.g.GrpcClient - [createNewManagedChannel,182] - grpc client connection server:localhost ip,serverPort:9848,grpcTslConfig:{"sslProvider":"OPENSSL","enableTls":false,"mutualAuthEnable":false,"trustAll":false}
17:24:31.517 [main] INFO  c.a.n.c.r.client - [printIfInfoEnabled,63] - [6cf5c02a-6d90-405d-9c1f-78d626b495bf_config-0] Success to connect to server [localhost:8848] on start up, connectionId = 1777713871347_172.17.0.1_49954
17:24:31.517 [com.alibaba.nacos.client.remote.worker] INFO  c.a.n.c.r.client - [printIfInfoEnabled,63] - [6cf5c02a-6d90-405d-9c1f-78d626b495bf_config-0] Notify connected event to listeners.
17:24:31.518 [com.alibaba.nacos.client.remote.worker] INFO  c.a.n.c.c.i.ClientWorker - [onConnected,639] - [6cf5c02a-6d90-405d-9c1f-78d626b495bf_config-0] Connected,notify listen context...
17:24:31.518 [main] INFO  c.a.n.c.r.client - [printIfInfoEnabled,63] - [6cf5c02a-6d90-405d-9c1f-78d626b495bf_config-0] Register server push request handler:com.alibaba.nacos.common.remote.client.RpcClient$ConnectResetRequestHandler
17:24:31.519 [main] INFO  c.a.n.c.r.client - [printIfInfoEnabled,63] - [6cf5c02a-6d90-405d-9c1f-78d626b495bf_config-0] Register server push request handler:com.alibaba.nacos.common.remote.client.RpcClient$$Lambda$597/0x000001479647b0c8
17:24:31.547 [main] INFO  c.a.n.c.c.i.Limiter - [<clinit>,62] - limitTime:5.0
17:24:31.573 [main] INFO  c.a.n.c.c.u.JvmUtil - [<clinit>,54] - isMultiInstance:false
17:24:31.578 [main] INFO  o.s.c.b.c.PropertySourceBootstrapConfiguration - [initialize,108] - Located property source: [BootstrapPropertySource {name='bootstrapProperties-oj-system-local.yaml,DEFAULT_GROUP'}, BootstrapPropertySource {name='bootstrapProperties-oj-system.yaml,DEFAULT_GROUP'}, BootstrapPropertySource {name='bootstrapProperties-oj-system,DEFAULT_GROUP'}]
17:24:31.582 [main] INFO  c.b.s.OjSystemApplication - [logStartupProfileInfo,636] - The following 1 profile is active: "local"
17:24:32.021 [main] INFO  o.s.d.r.c.RepositoryConfigurationDelegate - [multipleStoresDetected,294] - Multiple Spring Data modules found, entering strict repository configuration mode
17:24:32.023 [main] INFO  o.s.d.r.c.RepositoryConfigurationDelegate - [registerRepositoriesIn,138] - Bootstrapping Spring Data Redis repositories in DEFAULT mode.
17:24:32.039 [main] INFO  o.s.d.r.c.RepositoryConfigurationDelegate - [registerRepositoriesIn,208] - Finished Spring Data repository scanning in 6 ms. Found 0 Redis repository interfaces.
17:24:32.187 [main] INFO  o.s.c.c.s.GenericScope - [setSerializationId,282] - BeanFactory id=c8503308-e5d6-3142-89a6-0f6c1b212598
17:24:32.587 [main] INFO  o.s.b.w.e.t.TomcatWebServer - [initialize,108] - Tomcat initialized with port(s): 9201 (http)
17:24:32.596 [main] INFO  o.a.c.h.Http11NioProtocol - [log,173] - Initializing ProtocolHandler ["http-nio-9201"]
17:24:32.596 [main] INFO  o.a.c.c.StandardService - [log,173] - Starting service [Tomcat]
17:24:32.596 [main] INFO  o.a.c.c.StandardEngine - [log,173] - Starting Servlet engine: [Apache Tomcat/10.1.4]
17:24:32.668 [main] INFO  o.a.c.c.C.[.[.[/] - [log,173] - Initializing Spring embedded WebApplicationContext
17:24:32.668 [main] INFO  o.s.b.w.s.c.ServletWebServerApplicationContext - [prepareWebApplicationContext,291] - Root WebApplicationContext: initialization completed in 1074 ms
17:24:34.146 [main] INFO  o.a.c.h.Http11NioProtocol - [log,173] - Starting ProtocolHandler ["http-nio-9201"]
17:24:34.156 [main] INFO  o.s.b.w.e.t.TomcatWebServer - [start,220] - Tomcat started on port(s): 9201 (http) with context path ''
17:24:34.160 [main] INFO  c.a.n.client.naming - [initNamespaceForNaming,62] - initializer namespace from ans.namespace attribute : null
17:24:34.160 [main] INFO  c.a.n.client.naming - [lambda$initNamespaceForNaming$0,66] - initializer namespace from ALIBABA_ALIWARE_NAMESPACE attribute :null
17:24:34.161 [main] INFO  c.a.n.client.naming - [lambda$initNamespaceForNaming$1,73] - initializer namespace from namespace attribute :null
17:24:34.167 [main] INFO  c.a.n.p.a.s.c.ClientAuthPluginManager - [init,56] - [ClientAuthPluginManager] Load ClientAuthService com.alibaba.nacos.client.auth.impl.NacosClientAuthServiceImpl success.
17:24:34.167 [main] INFO  c.a.n.p.a.s.c.ClientAuthPluginManager - [init,56] - [ClientAuthPluginManager] Load ClientAuthService com.alibaba.nacos.client.auth.ram.RamClientAuthServiceImpl success.
17:24:34.170 [main] INFO  c.a.n.c.r.client - [lambda$createClient$0,108] - [RpcClientFactory] create a new rpc client of 43d25567-6de0-476b-a080-c76db6865899
17:24:34.172 [main] INFO  c.a.n.c.r.client - [printIfInfoEnabled,63] - [43d25567-6de0-476b-a080-c76db6865899] RpcClient init, ServerListFactory = com.alibaba.nacos.client.naming.core.ServerListManager
17:24:34.172 [main] INFO  c.a.n.c.r.client - [printIfInfoEnabled,63] - [43d25567-6de0-476b-a080-c76db6865899] Registry connection listener to current client:com.alibaba.nacos.client.naming.remote.gprc.redo.NamingGrpcRedoService
17:24:34.172 [main] INFO  c.a.n.c.r.client - [printIfInfoEnabled,63] - [43d25567-6de0-476b-a080-c76db6865899] Register server push request handler:com.alibaba.nacos.client.naming.remote.gprc.NamingPushRequestHandler
17:24:34.172 [main] INFO  c.a.n.c.r.client - [printIfInfoEnabled,63] - [43d25567-6de0-476b-a080-c76db6865899] Try to connect to server on start up, server: {serverIp = 'localhost', server main port = 8848}
17:24:34.173 [main] INFO  c.a.n.c.r.c.g.GrpcClient - [createNewManagedChannel,182] - grpc client connection server:localhost ip,serverPort:9848,grpcTslConfig:{"sslProvider":"OPENSSL","enableTls":false,"mutualAuthEnable":false,"trustAll":false}
17:24:34.300 [main] INFO  c.a.n.c.r.client - [printIfInfoEnabled,63] - [43d25567-6de0-476b-a080-c76db6865899] Success to connect to server [localhost:8848] on start up, connectionId = 1777713874184_172.17.0.1_38512
17:24:34.300 [main] INFO  c.a.n.c.r.client - [printIfInfoEnabled,63] - [43d25567-6de0-476b-a080-c76db6865899] Register server push request handler:com.alibaba.nacos.common.remote.client.RpcClient$ConnectResetRequestHandler
17:24:34.300 [com.alibaba.nacos.client.remote.worker] INFO  c.a.n.c.r.client - [printIfInfoEnabled,63] - [43d25567-6de0-476b-a080-c76db6865899] Notify connected event to listeners.
17:24:34.300 [main] INFO  c.a.n.c.r.client - [printIfInfoEnabled,63] - [43d25567-6de0-476b-a080-c76db6865899] Register server push request handler:com.alibaba.nacos.common.remote.client.RpcClient$$Lambda$597/0x000001479647b0c8
17:24:34.300 [com.alibaba.nacos.client.remote.worker] INFO  c.a.n.client.naming - [onConnected,78] - Grpc connection connect
17:24:34.302 [main] INFO  c.a.n.client.naming - [registerService,121] - [REGISTER-SERVICE] 1b411097-df3c-4cac-a649-ba6b6b22fcd4 registering service oj-system with instance Instance{instanceId='null', ip='172.20.10.6', port=9201, weight=1.0, healthy=true, enabled=true, ephemeral=true, clusterName='DEFAULT', serviceName='null', metadata={IPv6=[2409:897a:3d70:458f:4c5f:854a:1e61:1f44], preserved.register.source=SPRING_CLOUD}}
17:24:34.314 [main] INFO  c.a.c.n.r.NacosServiceRegistry - [register,76] - nacos registry, DEFAULT_GROUP oj-system 172.20.10.6:9201 register finished
17:24:34.474 [main] INFO  c.b.s.OjSystemApplication - [logStarted,57] - Started OjSystemApplication in 4.672 seconds (process running for 5.337)
17:24:34.479 [main] INFO  c.a.n.c.c.i.CacheData - [<clinit>,67] - nacos.cache.data.init.snapshot = true 
17:24:34.480 [main] INFO  c.a.n.c.c.i.ClientWorker - [addCacheDataIfAbsent,380] - [fixed-1b411097-df3c-4cac-a649-ba6b6b22fcd4-localhost_8848] [subscribe] oj-system-local.yaml+DEFAULT_GROUP+1b411097-df3c-4cac-a649-ba6b6b22fcd4
17:24:34.486 [main] INFO  c.a.n.c.c.i.CacheData - [addListener,197] - [fixed-1b411097-df3c-4cac-a649-ba6b6b22fcd4-localhost_8848] [add-listener] ok, tenant=1b411097-df3c-4cac-a649-ba6b6b22fcd4, dataId=oj-system-local.yaml, group=DEFAULT_GROUP, cnt=1
17:24:34.486 [main] INFO  c.a.c.n.r.NacosContextRefresher - [registerNacosListener,129] - [Nacos Config] Listening config: dataId=oj-system-local.yaml, group=DEFAULT_GROUP
17:24:34.486 [main] INFO  c.a.n.c.c.i.ClientWorker - [addCacheDataIfAbsent,380] - [fixed-1b411097-df3c-4cac-a649-ba6b6b22fcd4-localhost_8848] [subscribe] oj-system+DEFAULT_GROUP+1b411097-df3c-4cac-a649-ba6b6b22fcd4
17:24:34.487 [main] INFO  c.a.n.c.c.i.CacheData - [addListener,197] - [fixed-1b411097-df3c-4cac-a649-ba6b6b22fcd4-localhost_8848] [add-listener] ok, tenant=1b411097-df3c-4cac-a649-ba6b6b22fcd4, dataId=oj-system, group=DEFAULT_GROUP, cnt=1
17:24:34.487 [main] INFO  c.a.c.n.r.NacosContextRefresher - [registerNacosListener,129] - [Nacos Config] Listening config: dataId=oj-system, group=DEFAULT_GROUP
17:24:34.488 [main] INFO  c.a.n.c.c.i.ClientWorker - [addCacheDataIfAbsent,380] - [fixed-1b411097-df3c-4cac-a649-ba6b6b22fcd4-localhost_8848] [subscribe] oj-system.yaml+DEFAULT_GROUP+1b411097-df3c-4cac-a649-ba6b6b22fcd4
17:24:34.488 [main] INFO  c.a.n.c.c.i.CacheData - [addListener,197] - [fixed-1b411097-df3c-4cac-a649-ba6b6b22fcd4-localhost_8848] [add-listener] ok, tenant=1b411097-df3c-4cac-a649-ba6b6b22fcd4, dataId=oj-system.yaml, group=DEFAULT_GROUP, cnt=1
17:24:34.488 [main] INFO  c.a.c.n.r.NacosContextRefresher - [registerNacosListener,129] - [Nacos Config] Listening config: dataId=oj-system.yaml, group=DEFAULT_GROUP
17:24:36.575 [http-nio-9201-exec-1] INFO  o.a.c.c.C.[.[.[/] - [log,173] - Initializing Spring DispatcherServlet 'dispatcherServlet'
17:24:36.575 [http-nio-9201-exec-1] INFO  o.s.w.s.DispatcherServlet - [initServletBean,532] - Initializing Servlet 'dispatcherServlet'
17:24:36.576 [http-nio-9201-exec-1] INFO  o.s.w.s.DispatcherServlet - [initServletBean,554] - Completed initialization in 1 ms
17:24:42.321 [http-nio-9201-exec-1] INFO  c.z.h.HikariDataSource - [getConnection,110] - HikariPool-1 - Starting...
17:24:42.546 [http-nio-9201-exec-1] INFO  c.z.h.p.HikariPool - [checkFailFast,565] - HikariPool-1 - Added connection com.mysql.cj.jdbc.ConnectionImpl@16a7e8c6
17:24:42.548 [http-nio-9201-exec-1] INFO  c.z.h.HikariDataSource - [getConnection,123] - HikariPool-1 - Start completed.
17:27:26.490 [SpringApplicationShutdownHook] INFO  c.a.c.n.r.NacosServiceRegistry - [deregister,95] - De-registering from Nacos Server now...
17:27:26.491 [SpringApplicationShutdownHook] INFO  c.a.n.client.naming - [deregisterService,217] - [DEREGISTER-SERVICE] 1b411097-df3c-4cac-a649-ba6b6b22fcd4 deregistering service oj-system with instance: Instance{instanceId='null', ip='172.20.10.6', port=9201, weight=1.0, healthy=true, enabled=true, ephemeral=true, clusterName='DEFAULT', serviceName='null', metadata={}}
17:27:26.495 [SpringApplicationShutdownHook] INFO  c.a.c.n.r.NacosServiceRegistry - [deregister,115] - De-registration finished.
17:27:26.495 [SpringApplicationShutdownHook] INFO  c.a.n.client.naming - [shutdown,256] - com.alibaba.nacos.client.naming.cache.ServiceInfoHolder do shutdown begin
17:27:26.495 [SpringApplicationShutdownHook] INFO  c.a.n.client.naming - [shutdown,136] - com.alibaba.nacos.client.naming.backups.FailoverReactor do shutdown begin
17:27:26.495 [SpringApplicationShutdownHook] INFO  c.a.n.client.naming - [shutdown,138] - com.alibaba.nacos.client.naming.backups.FailoverReactor do shutdown stop
17:27:26.495 [SpringApplicationShutdownHook] INFO  c.a.n.client.naming - [shutdown,258] - com.alibaba.nacos.client.naming.cache.ServiceInfoHolder do shutdown stop
17:27:26.495 [SpringApplicationShutdownHook] INFO  c.a.n.client.naming - [shutdown,204] - com.alibaba.nacos.client.naming.remote.NamingClientProxyDelegate do shutdown begin
17:27:26.495 [SpringApplicationShutdownHook] INFO  c.a.n.client.naming - [shutdown,143] - com.alibaba.nacos.client.naming.core.ServiceInfoUpdateService do shutdown begin
17:27:26.495 [SpringApplicationShutdownHook] INFO  c.a.n.client.naming - [shutdown,145] - com.alibaba.nacos.client.naming.core.ServiceInfoUpdateService do shutdown stop
17:27:26.495 [SpringApplicationShutdownHook] INFO  c.a.n.client.naming - [shutdown,194] - com.alibaba.nacos.client.naming.core.ServerListManager do shutdown begin
17:27:26.495 [SpringApplicationShutdownHook] INFO  c.a.n.client.naming - [shutdown,199] - com.alibaba.nacos.client.naming.core.ServerListManager do shutdown stop
17:27:26.496 [SpringApplicationShutdownHook] INFO  c.a.n.client.naming - [shutdown,484] - com.alibaba.nacos.client.naming.remote.http.NamingHttpClientProxy do shutdown begin
17:27:26.496 [SpringApplicationShutdownHook] INFO  c.a.n.client.naming - [shutdown,486] - com.alibaba.nacos.client.naming.remote.http.NamingHttpClientProxy do shutdown stop
17:27:26.496 [SpringApplicationShutdownHook] INFO  c.a.n.c.r.client - [shutdown,429] - Shutdown rpc client, set status to shutdown
17:27:26.496 [SpringApplicationShutdownHook] INFO  c.a.n.c.r.client - [shutdown,431] - Shutdown client event executor java.util.concurrent.ScheduledThreadPoolExecutor@2fe9b7be[Running, pool size = 2, active threads = 2, queued tasks = 0, completed tasks = 0]
17:27:26.496 [SpringApplicationShutdownHook] INFO  c.a.n.c.r.client - [closeConnection,584] - Close current connection 1777713874184_172.17.0.1_38512
17:27:26.500 [SpringApplicationShutdownHook] INFO  c.a.n.c.r.c.g.GrpcClient - [shutdown,159] - Shutdown grpc executor java.util.concurrent.ThreadPoolExecutor@7363cff6[Running, pool size = 4, active threads = 0, queued tasks = 0, completed tasks = 44]
17:27:26.500 [SpringApplicationShutdownHook] INFO  c.a.n.client.naming - [shutdown,318] - Shutdown grpc redo service executor java.util.concurrent.ScheduledThreadPoolExecutor@5bd5c536[Running, pool size = 1, active threads = 0, queued tasks = 1, completed tasks = 55]
17:27:26.500 [SpringApplicationShutdownHook] INFO  c.a.n.c.a.r.i.CredentialWatcher - [stop,106] - [null] CredentialWatcher is stopped
17:27:26.500 [SpringApplicationShutdownHook] INFO  c.a.n.c.a.r.i.CredentialService - [free,100] - [null] CredentialService is freed
17:27:26.501 [SpringApplicationShutdownHook] INFO  c.a.n.client.naming - [shutdown,211] - com.alibaba.nacos.client.naming.remote.NamingClientProxyDelegate do shutdown stop
17:27:26.618 [SpringApplicationShutdownHook] INFO  c.z.h.HikariDataSource - [close,350] - HikariPool-1 - Shutdown initiated...
17:27:26.625 [SpringApplicationShutdownHook] INFO  c.z.h.HikariDataSource - [close,352] - HikariPool-1 - Shutdown completed.
17:27:31.585 [main] INFO  c.a.n.c.u.ParamUtil - [<clinit>,87] - [settings] [req-serv] nacos-server port:8848
17:27:31.585 [main] INFO  c.a.n.c.u.ParamUtil - [<clinit>,98] - [settings] [http-client] connect timeout:1000
17:27:31.586 [main] INFO  c.a.n.c.u.ParamUtil - [<clinit>,105] - PER_TASK_CONFIG_SIZE: 3000.0
17:27:31.604 [main] INFO  c.a.n.p.a.s.c.ClientAuthPluginManager - [init,56] - [ClientAuthPluginManager] Load ClientAuthService com.alibaba.nacos.client.auth.impl.NacosClientAuthServiceImpl success.
17:27:31.604 [main] INFO  c.a.n.p.a.s.c.ClientAuthPluginManager - [init,56] - [ClientAuthPluginManager] Load ClientAuthService com.alibaba.nacos.client.auth.ram.RamClientAuthServiceImpl success.
17:27:31.607 [main] INFO  c.a.n.c.a.r.i.CredentialWatcher - [loadCredential,165] - null No credential found
17:27:31.828 [main] INFO  c.a.n.c.c.i.LocalConfigInfoProcessor - [<clinit>,63] - LOCAL_SNAPSHOT_PATH:C:\Users\45\nacos\config
17:27:31.830 [main] INFO  c.a.n.c.r.client - [lambda$createClient$0,108] - [RpcClientFactory] create a new rpc client of 5cb95c61-9f92-4424-b514-92202799e1bb_config-0
17:27:31.842 [main] INFO  c.a.n.c.r.client - [printIfInfoEnabled,63] - [5cb95c61-9f92-4424-b514-92202799e1bb_config-0] Register server push request handler:com.alibaba.nacos.client.config.impl.ClientWorker$ConfigRpcTransportClient$$Lambda$576/0x000001fc9e315928
17:27:31.843 [main] INFO  c.a.n.c.r.client - [printIfInfoEnabled,63] - [5cb95c61-9f92-4424-b514-92202799e1bb_config-0] Register server push request handler:com.alibaba.nacos.client.config.impl.ClientWorker$ConfigRpcTransportClient$$Lambda$577/0x000001fc9e315d48
17:27:31.843 [main] INFO  c.a.n.c.r.client - [printIfInfoEnabled,63] - [5cb95c61-9f92-4424-b514-92202799e1bb_config-0] Registry connection listener to current client:com.alibaba.nacos.client.config.impl.ClientWorker$ConfigRpcTransportClient$1
17:27:31.844 [main] INFO  c.a.n.c.r.client - [printIfInfoEnabled,63] - [5cb95c61-9f92-4424-b514-92202799e1bb_config-0] RpcClient init, ServerListFactory = com.alibaba.nacos.client.config.impl.ClientWorker$ConfigRpcTransportClient$2
17:27:31.850 [main] INFO  c.a.n.c.r.client - [printIfInfoEnabled,63] - [5cb95c61-9f92-4424-b514-92202799e1bb_config-0] Try to connect to server on start up, server: {serverIp = 'localhost', server main port = 8848}
17:27:31.875 [main] INFO  c.a.n.c.r.c.g.GrpcClient - [createNewManagedChannel,182] - grpc client connection server:localhost ip,serverPort:9848,grpcTslConfig:{"sslProvider":"OPENSSL","enableTls":false,"mutualAuthEnable":false,"trustAll":false}
17:27:32.597 [main] INFO  c.a.n.c.r.client - [printIfInfoEnabled,63] - [5cb95c61-9f92-4424-b514-92202799e1bb_config-0] Success to connect to server [localhost:8848] on start up, connectionId = 1777714052428_172.17.0.1_39670
17:27:32.600 [com.alibaba.nacos.client.remote.worker] INFO  c.a.n.c.r.client - [printIfInfoEnabled,63] - [5cb95c61-9f92-4424-b514-92202799e1bb_config-0] Notify connected event to listeners.
17:27:32.600 [com.alibaba.nacos.client.remote.worker] INFO  c.a.n.c.c.i.ClientWorker - [onConnected,639] - [5cb95c61-9f92-4424-b514-92202799e1bb_config-0] Connected,notify listen context...
17:27:32.600 [main] INFO  c.a.n.c.r.client - [printIfInfoEnabled,63] - [5cb95c61-9f92-4424-b514-92202799e1bb_config-0] Register server push request handler:com.alibaba.nacos.common.remote.client.RpcClient$ConnectResetRequestHandler
17:27:32.601 [main] INFO  c.a.n.c.r.client - [printIfInfoEnabled,63] - [5cb95c61-9f92-4424-b514-92202799e1bb_config-0] Register server push request handler:com.alibaba.nacos.common.remote.client.RpcClient$$Lambda$597/0x000001fc9e47d1a0
17:27:32.631 [main] INFO  c.a.n.c.c.i.Limiter - [<clinit>,62] - limitTime:5.0
17:27:32.652 [main] INFO  c.a.n.c.c.u.JvmUtil - [<clinit>,54] - isMultiInstance:false
17:27:32.656 [main] INFO  o.s.c.b.c.PropertySourceBootstrapConfiguration - [initialize,108] - Located property source: [BootstrapPropertySource {name='bootstrapProperties-oj-system-local.yaml,DEFAULT_GROUP'}, BootstrapPropertySource {name='bootstrapProperties-oj-system.yaml,DEFAULT_GROUP'}, BootstrapPropertySource {name='bootstrapProperties-oj-system,DEFAULT_GROUP'}]
17:27:32.660 [main] INFO  c.b.s.OjSystemApplication - [logStartupProfileInfo,636] - The following 1 profile is active: "local"
17:27:33.097 [main] INFO  o.s.d.r.c.RepositoryConfigurationDelegate - [multipleStoresDetected,294] - Multiple Spring Data modules found, entering strict repository configuration mode
17:27:33.100 [main] INFO  o.s.d.r.c.RepositoryConfigurationDelegate - [registerRepositoriesIn,138] - Bootstrapping Spring Data Redis repositories in DEFAULT mode.
17:27:33.117 [main] INFO  o.s.d.r.c.RepositoryConfigurationDelegate - [registerRepositoriesIn,208] - Finished Spring Data repository scanning in 7 ms. Found 0 Redis repository interfaces.
17:27:33.246 [main] INFO  o.s.c.c.s.GenericScope - [setSerializationId,282] - BeanFactory id=c8503308-e5d6-3142-89a6-0f6c1b212598
17:27:33.503 [main] INFO  o.s.b.w.e.t.TomcatWebServer - [initialize,108] - Tomcat initialized with port(s): 9201 (http)
17:27:33.510 [main] INFO  o.a.c.h.Http11NioProtocol - [log,173] - Initializing ProtocolHandler ["http-nio-9201"]
17:27:33.510 [main] INFO  o.a.c.c.StandardService - [log,173] - Starting service [Tomcat]
17:27:33.510 [main] INFO  o.a.c.c.StandardEngine - [log,173] - Starting Servlet engine: [Apache Tomcat/10.1.4]
17:27:33.577 [main] INFO  o.a.c.c.C.[.[.[/] - [log,173] - Initializing Spring embedded WebApplicationContext
17:27:33.577 [main] INFO  o.s.b.w.s.c.ServletWebServerApplicationContext - [prepareWebApplicationContext,291] - Root WebApplicationContext: initialization completed in 905 ms
17:27:34.715 [main] INFO  o.a.c.h.Http11NioProtocol - [log,173] - Starting ProtocolHandler ["http-nio-9201"]
17:27:34.724 [main] INFO  o.s.b.w.e.t.TomcatWebServer - [start,220] - Tomcat started on port(s): 9201 (http) with context path ''
17:27:34.728 [main] INFO  c.a.n.client.naming - [initNamespaceForNaming,62] - initializer namespace from ans.namespace attribute : null
17:27:34.728 [main] INFO  c.a.n.client.naming - [lambda$initNamespaceForNaming$0,66] - initializer namespace from ALIBABA_ALIWARE_NAMESPACE attribute :null
17:27:34.729 [main] INFO  c.a.n.client.naming - [lambda$initNamespaceForNaming$1,73] - initializer namespace from namespace attribute :null
17:27:34.735 [main] INFO  c.a.n.p.a.s.c.ClientAuthPluginManager - [init,56] - [ClientAuthPluginManager] Load ClientAuthService com.alibaba.nacos.client.auth.impl.NacosClientAuthServiceImpl success.
17:27:34.735 [main] INFO  c.a.n.p.a.s.c.ClientAuthPluginManager - [init,56] - [ClientAuthPluginManager] Load ClientAuthService com.alibaba.nacos.client.auth.ram.RamClientAuthServiceImpl success.
17:27:34.738 [main] INFO  c.a.n.c.r.client - [lambda$createClient$0,108] - [RpcClientFactory] create a new rpc client of a8912284-a609-4823-a674-430b1037cc60
17:27:34.739 [main] INFO  c.a.n.c.r.client - [printIfInfoEnabled,63] - [a8912284-a609-4823-a674-430b1037cc60] RpcClient init, ServerListFactory = com.alibaba.nacos.client.naming.core.ServerListManager
17:27:34.739 [main] INFO  c.a.n.c.r.client - [printIfInfoEnabled,63] - [a8912284-a609-4823-a674-430b1037cc60] Registry connection listener to current client:com.alibaba.nacos.client.naming.remote.gprc.redo.NamingGrpcRedoService
17:27:34.740 [main] INFO  c.a.n.c.r.client - [printIfInfoEnabled,63] - [a8912284-a609-4823-a674-430b1037cc60] Register server push request handler:com.alibaba.nacos.client.naming.remote.gprc.NamingPushRequestHandler
17:27:34.740 [main] INFO  c.a.n.c.r.client - [printIfInfoEnabled,63] - [a8912284-a609-4823-a674-430b1037cc60] Try to connect to server on start up, server: {serverIp = 'localhost', server main port = 8848}
17:27:34.740 [main] INFO  c.a.n.c.r.c.g.GrpcClient - [createNewManagedChannel,182] - grpc client connection server:localhost ip,serverPort:9848,grpcTslConfig:{"sslProvider":"OPENSSL","enableTls":false,"mutualAuthEnable":false,"trustAll":false}
17:27:34.859 [main] INFO  c.a.n.c.r.client - [printIfInfoEnabled,63] - [a8912284-a609-4823-a674-430b1037cc60] Success to connect to server [localhost:8848] on start up, connectionId = 1777714054746_172.17.0.1_54322
17:27:34.859 [main] INFO  c.a.n.c.r.client - [printIfInfoEnabled,63] - [a8912284-a609-4823-a674-430b1037cc60] Register server push request handler:com.alibaba.nacos.common.remote.client.RpcClient$ConnectResetRequestHandler
17:27:34.859 [com.alibaba.nacos.client.remote.worker] INFO  c.a.n.c.r.client - [printIfInfoEnabled,63] - [a8912284-a609-4823-a674-430b1037cc60] Notify connected event to listeners.
17:27:34.859 [main] INFO  c.a.n.c.r.client - [printIfInfoEnabled,63] - [a8912284-a609-4823-a674-430b1037cc60] Register server push request handler:com.alibaba.nacos.common.remote.client.RpcClient$$Lambda$597/0x000001fc9e47d1a0
17:27:34.859 [com.alibaba.nacos.client.remote.worker] INFO  c.a.n.client.naming - [onConnected,78] - Grpc connection connect
17:27:34.861 [main] INFO  c.a.n.client.naming - [registerService,121] - [REGISTER-SERVICE] 1b411097-df3c-4cac-a649-ba6b6b22fcd4 registering service oj-system with instance Instance{instanceId='null', ip='172.20.10.6', port=9201, weight=1.0, healthy=true, enabled=true, ephemeral=true, clusterName='DEFAULT', serviceName='null', metadata={IPv6=[2409:897a:3d70:458f:4c5f:854a:1e61:1f44], preserved.register.source=SPRING_CLOUD}}
17:27:34.873 [main] INFO  c.a.c.n.r.NacosServiceRegistry - [register,76] - nacos registry, DEFAULT_GROUP oj-system 172.20.10.6:9201 register finished
17:27:35.021 [main] INFO  c.b.s.OjSystemApplication - [logStarted,57] - Started OjSystemApplication in 4.134 seconds (process running for 4.848)
17:27:35.024 [main] INFO  c.a.n.c.c.i.CacheData - [<clinit>,67] - nacos.cache.data.init.snapshot = true 
17:27:35.025 [main] INFO  c.a.n.c.c.i.ClientWorker - [addCacheDataIfAbsent,380] - [fixed-1b411097-df3c-4cac-a649-ba6b6b22fcd4-localhost_8848] [subscribe] oj-system-local.yaml+DEFAULT_GROUP+1b411097-df3c-4cac-a649-ba6b6b22fcd4
17:27:35.031 [main] INFO  c.a.n.c.c.i.CacheData - [addListener,197] - [fixed-1b411097-df3c-4cac-a649-ba6b6b22fcd4-localhost_8848] [add-listener] ok, tenant=1b411097-df3c-4cac-a649-ba6b6b22fcd4, dataId=oj-system-local.yaml, group=DEFAULT_GROUP, cnt=1
17:27:35.031 [main] INFO  c.a.c.n.r.NacosContextRefresher - [registerNacosListener,129] - [Nacos Config] Listening config: dataId=oj-system-local.yaml, group=DEFAULT_GROUP
17:27:35.031 [main] INFO  c.a.n.c.c.i.ClientWorker - [addCacheDataIfAbsent,380] - [fixed-1b411097-df3c-4cac-a649-ba6b6b22fcd4-localhost_8848] [subscribe] oj-system+DEFAULT_GROUP+1b411097-df3c-4cac-a649-ba6b6b22fcd4
17:27:35.032 [main] INFO  c.a.n.c.c.i.CacheData - [addListener,197] - [fixed-1b411097-df3c-4cac-a649-ba6b6b22fcd4-localhost_8848] [add-listener] ok, tenant=1b411097-df3c-4cac-a649-ba6b6b22fcd4, dataId=oj-system, group=DEFAULT_GROUP, cnt=1
17:27:35.032 [main] INFO  c.a.c.n.r.NacosContextRefresher - [registerNacosListener,129] - [Nacos Config] Listening config: dataId=oj-system, group=DEFAULT_GROUP
17:27:35.033 [main] INFO  c.a.n.c.c.i.ClientWorker - [addCacheDataIfAbsent,380] - [fixed-1b411097-df3c-4cac-a649-ba6b6b22fcd4-localhost_8848] [subscribe] oj-system.yaml+DEFAULT_GROUP+1b411097-df3c-4cac-a649-ba6b6b22fcd4
17:27:35.033 [main] INFO  c.a.n.c.c.i.CacheData - [addListener,197] - [fixed-1b411097-df3c-4cac-a649-ba6b6b22fcd4-localhost_8848] [add-listener] ok, tenant=1b411097-df3c-4cac-a649-ba6b6b22fcd4, dataId=oj-system.yaml, group=DEFAULT_GROUP, cnt=1
17:27:35.033 [main] INFO  c.a.c.n.r.NacosContextRefresher - [registerNacosListener,129] - [Nacos Config] Listening config: dataId=oj-system.yaml, group=DEFAULT_GROUP
17:27:40.790 [http-nio-9201-exec-1] INFO  o.a.c.c.C.[.[.[/] - [log,173] - Initializing Spring DispatcherServlet 'dispatcherServlet'
17:27:40.790 [http-nio-9201-exec-1] INFO  o.s.w.s.DispatcherServlet - [initServletBean,532] - Initializing Servlet 'dispatcherServlet'
17:27:40.791 [http-nio-9201-exec-1] INFO  o.s.w.s.DispatcherServlet - [initServletBean,554] - Completed initialization in 0 ms
17:27:42.351 [http-nio-9201-exec-1] INFO  c.z.h.HikariDataSource - [getConnection,110] - HikariPool-1 - Starting...
17:27:42.564 [http-nio-9201-exec-1] INFO  c.z.h.p.HikariPool - [checkFailFast,565] - HikariPool-1 - Added connection com.mysql.cj.jdbc.ConnectionImpl@6b94197f
17:27:42.566 [http-nio-9201-exec-1] INFO  c.z.h.HikariDataSource - [getConnection,123] - HikariPool-1 - Start completed.
17:28:23.913 [SpringApplicationShutdownHook] INFO  c.a.c.n.r.NacosServiceRegistry - [deregister,95] - De-registering from Nacos Server now...
17:28:23.913 [SpringApplicationShutdownHook] INFO  c.a.n.client.naming - [deregisterService,217] - [DEREGISTER-SERVICE] 1b411097-df3c-4cac-a649-ba6b6b22fcd4 deregistering service oj-system with instance: Instance{instanceId='null', ip='172.20.10.6', port=9201, weight=1.0, healthy=true, enabled=true, ephemeral=true, clusterName='DEFAULT', serviceName='null', metadata={}}
17:28:23.918 [SpringApplicationShutdownHook] INFO  c.a.c.n.r.NacosServiceRegistry - [deregister,115] - De-registration finished.
17:28:23.918 [SpringApplicationShutdownHook] INFO  c.a.n.client.naming - [shutdown,256] - com.alibaba.nacos.client.naming.cache.ServiceInfoHolder do shutdown begin
17:28:23.918 [SpringApplicationShutdownHook] INFO  c.a.n.client.naming - [shutdown,136] - com.alibaba.nacos.client.naming.backups.FailoverReactor do shutdown begin
17:28:23.919 [SpringApplicationShutdownHook] INFO  c.a.n.client.naming - [shutdown,138] - com.alibaba.nacos.client.naming.backups.FailoverReactor do shutdown stop
17:28:23.919 [SpringApplicationShutdownHook] INFO  c.a.n.client.naming - [shutdown,258] - com.alibaba.nacos.client.naming.cache.ServiceInfoHolder do shutdown stop
17:28:23.919 [SpringApplicationShutdownHook] INFO  c.a.n.client.naming - [shutdown,204] - com.alibaba.nacos.client.naming.remote.NamingClientProxyDelegate do shutdown begin
17:28:23.919 [SpringApplicationShutdownHook] INFO  c.a.n.client.naming - [shutdown,143] - com.alibaba.nacos.client.naming.core.ServiceInfoUpdateService do shutdown begin
17:28:23.919 [SpringApplicationShutdownHook] INFO  c.a.n.client.naming - [shutdown,145] - com.alibaba.nacos.client.naming.core.ServiceInfoUpdateService do shutdown stop
17:28:23.919 [SpringApplicationShutdownHook] INFO  c.a.n.client.naming - [shutdown,194] - com.alibaba.nacos.client.naming.core.ServerListManager do shutdown begin
17:28:23.919 [SpringApplicationShutdownHook] INFO  c.a.n.client.naming - [shutdown,199] - com.alibaba.nacos.client.naming.core.ServerListManager do shutdown stop
17:28:23.919 [SpringApplicationShutdownHook] INFO  c.a.n.client.naming - [shutdown,484] - com.alibaba.nacos.client.naming.remote.http.NamingHttpClientProxy do shutdown begin
17:28:23.919 [SpringApplicationShutdownHook] INFO  c.a.n.client.naming - [shutdown,486] - com.alibaba.nacos.client.naming.remote.http.NamingHttpClientProxy do shutdown stop
17:28:23.919 [SpringApplicationShutdownHook] INFO  c.a.n.c.r.client - [shutdown,429] - Shutdown rpc client, set status to shutdown
17:28:23.919 [SpringApplicationShutdownHook] INFO  c.a.n.c.r.client - [shutdown,431] - Shutdown client event executor java.util.concurrent.ScheduledThreadPoolExecutor@33105d95[Running, pool size = 2, active threads = 2, queued tasks = 0, completed tasks = 0]
17:28:23.919 [SpringApplicationShutdownHook] INFO  c.a.n.c.r.client - [closeConnection,584] - Close current connection 1777714054746_172.17.0.1_54322
17:28:23.921 [nacos-grpc-client-executor-localhost-15] INFO  c.a.n.c.r.c.g.GrpcClient - [printIfInfoEnabled,63] - [1777714054746_172.17.0.1_54322]Ignore complete event,isRunning:false,isAbandon=false
17:28:23.922 [SpringApplicationShutdownHook] INFO  c.a.n.c.r.c.g.GrpcClient - [shutdown,159] - Shutdown grpc executor java.util.concurrent.ThreadPoolExecutor@7dd2234a[Running, pool size = 4, active threads = 0, queued tasks = 0, completed tasks = 16]
17:28:23.923 [SpringApplicationShutdownHook] INFO  c.a.n.client.naming - [shutdown,318] - Shutdown grpc redo service executor java.util.concurrent.ScheduledThreadPoolExecutor@2af54bd1[Running, pool size = 1, active threads = 0, queued tasks = 1, completed tasks = 16]
17:28:23.923 [SpringApplicationShutdownHook] INFO  c.a.n.c.a.r.i.CredentialWatcher - [stop,106] - [null] CredentialWatcher is stopped
17:28:23.924 [SpringApplicationShutdownHook] INFO  c.a.n.c.a.r.i.CredentialService - [free,100] - [null] CredentialService is freed
17:28:23.924 [SpringApplicationShutdownHook] INFO  c.a.n.client.naming - [shutdown,211] - com.alibaba.nacos.client.naming.remote.NamingClientProxyDelegate do shutdown stop
17:28:24.050 [SpringApplicationShutdownHook] INFO  c.z.h.HikariDataSource - [close,350] - HikariPool-1 - Shutdown initiated...
17:28:24.056 [SpringApplicationShutdownHook] INFO  c.z.h.HikariDataSource - [close,352] - HikariPool-1 - Shutdown completed.
17:28:28.220 [main] INFO  c.a.n.c.u.ParamUtil - [<clinit>,87] - [settings] [req-serv] nacos-server port:8848
17:28:28.221 [main] INFO  c.a.n.c.u.ParamUtil - [<clinit>,98] - [settings] [http-client] connect timeout:1000
17:28:28.222 [main] INFO  c.a.n.c.u.ParamUtil - [<clinit>,105] - PER_TASK_CONFIG_SIZE: 3000.0
17:28:28.240 [main] INFO  c.a.n.p.a.s.c.ClientAuthPluginManager - [init,56] - [ClientAuthPluginManager] Load ClientAuthService com.alibaba.nacos.client.auth.impl.NacosClientAuthServiceImpl success.
17:28:28.240 [main] INFO  c.a.n.p.a.s.c.ClientAuthPluginManager - [init,56] - [ClientAuthPluginManager] Load ClientAuthService com.alibaba.nacos.client.auth.ram.RamClientAuthServiceImpl success.
17:28:28.242 [main] INFO  c.a.n.c.a.r.i.CredentialWatcher - [loadCredential,165] - null No credential found
17:28:28.463 [main] INFO  c.a.n.c.c.i.LocalConfigInfoProcessor - [<clinit>,63] - LOCAL_SNAPSHOT_PATH:C:\Users\45\nacos\config
17:28:28.467 [main] INFO  c.a.n.c.r.client - [lambda$createClient$0,108] - [RpcClientFactory] create a new rpc client of aea879ca-5bc2-4d51-8b4a-9757f9446fd9_config-0
17:28:28.481 [main] INFO  c.a.n.c.r.client - [printIfInfoEnabled,63] - [aea879ca-5bc2-4d51-8b4a-9757f9446fd9_config-0] Register server push request handler:com.alibaba.nacos.client.config.impl.ClientWorker$ConfigRpcTransportClient$$Lambda$576/0x0000022781314338
17:28:28.482 [main] INFO  c.a.n.c.r.client - [printIfInfoEnabled,63] - [aea879ca-5bc2-4d51-8b4a-9757f9446fd9_config-0] Register server push request handler:com.alibaba.nacos.client.config.impl.ClientWorker$ConfigRpcTransportClient$$Lambda$577/0x0000022781314758
17:28:28.482 [main] INFO  c.a.n.c.r.client - [printIfInfoEnabled,63] - [aea879ca-5bc2-4d51-8b4a-9757f9446fd9_config-0] Registry connection listener to current client:com.alibaba.nacos.client.config.impl.ClientWorker$ConfigRpcTransportClient$1
17:28:28.482 [main] INFO  c.a.n.c.r.client - [printIfInfoEnabled,63] - [aea879ca-5bc2-4d51-8b4a-9757f9446fd9_config-0] RpcClient init, ServerListFactory = com.alibaba.nacos.client.config.impl.ClientWorker$ConfigRpcTransportClient$2
17:28:28.488 [main] INFO  c.a.n.c.r.client - [printIfInfoEnabled,63] - [aea879ca-5bc2-4d51-8b4a-9757f9446fd9_config-0] Try to connect to server on start up, server: {serverIp = 'localhost', server main port = 8848}
17:28:28.517 [main] INFO  c.a.n.c.r.c.g.GrpcClient - [createNewManagedChannel,182] - grpc client connection server:localhost ip,serverPort:9848,grpcTslConfig:{"sslProvider":"OPENSSL","enableTls":false,"mutualAuthEnable":false,"trustAll":false}
17:28:29.261 [main] INFO  c.a.n.c.r.client - [printIfInfoEnabled,63] - [aea879ca-5bc2-4d51-8b4a-9757f9446fd9_config-0] Success to connect to server [localhost:8848] on start up, connectionId = 1777714109091_172.17.0.1_35268
17:28:29.264 [com.alibaba.nacos.client.remote.worker] INFO  c.a.n.c.r.client - [printIfInfoEnabled,63] - [aea879ca-5bc2-4d51-8b4a-9757f9446fd9_config-0] Notify connected event to listeners.
17:28:29.265 [main] INFO  c.a.n.c.r.client - [printIfInfoEnabled,63] - [aea879ca-5bc2-4d51-8b4a-9757f9446fd9_config-0] Register server push request handler:com.alibaba.nacos.common.remote.client.RpcClient$ConnectResetRequestHandler
17:28:29.265 [com.alibaba.nacos.client.remote.worker] INFO  c.a.n.c.c.i.ClientWorker - [onConnected,639] - [aea879ca-5bc2-4d51-8b4a-9757f9446fd9_config-0] Connected,notify listen context...
17:28:29.267 [main] INFO  c.a.n.c.r.client - [printIfInfoEnabled,63] - [aea879ca-5bc2-4d51-8b4a-9757f9446fd9_config-0] Register server push request handler:com.alibaba.nacos.common.remote.client.RpcClient$$Lambda$597/0x000002278147ba30
17:28:29.294 [main] INFO  c.a.n.c.c.i.Limiter - [<clinit>,62] - limitTime:5.0
17:28:29.316 [main] INFO  c.a.n.c.c.u.JvmUtil - [<clinit>,54] - isMultiInstance:false
17:28:29.321 [main] INFO  o.s.c.b.c.PropertySourceBootstrapConfiguration - [initialize,108] - Located property source: [BootstrapPropertySource {name='bootstrapProperties-oj-system-local.yaml,DEFAULT_GROUP'}, BootstrapPropertySource {name='bootstrapProperties-oj-system.yaml,DEFAULT_GROUP'}, BootstrapPropertySource {name='bootstrapProperties-oj-system,DEFAULT_GROUP'}]
17:28:29.325 [main] INFO  c.b.s.OjSystemApplication - [logStartupProfileInfo,636] - The following 1 profile is active: "local"
17:28:29.756 [main] INFO  o.s.d.r.c.RepositoryConfigurationDelegate - [multipleStoresDetected,294] - Multiple Spring Data modules found, entering strict repository configuration mode
17:28:29.757 [main] INFO  o.s.d.r.c.RepositoryConfigurationDelegate - [registerRepositoriesIn,138] - Bootstrapping Spring Data Redis repositories in DEFAULT mode.
17:28:29.773 [main] INFO  o.s.d.r.c.RepositoryConfigurationDelegate - [registerRepositoriesIn,208] - Finished Spring Data repository scanning in 6 ms. Found 0 Redis repository interfaces.
17:28:29.912 [main] INFO  o.s.c.c.s.GenericScope - [setSerializationId,282] - BeanFactory id=c8503308-e5d6-3142-89a6-0f6c1b212598
17:28:30.165 [main] INFO  o.s.b.w.e.t.TomcatWebServer - [initialize,108] - Tomcat initialized with port(s): 9201 (http)
17:28:30.172 [main] INFO  o.a.c.h.Http11NioProtocol - [log,173] - Initializing ProtocolHandler ["http-nio-9201"]
17:28:30.172 [main] INFO  o.a.c.c.StandardService - [log,173] - Starting service [Tomcat]
17:28:30.173 [main] INFO  o.a.c.c.StandardEngine - [log,173] - Starting Servlet engine: [Apache Tomcat/10.1.4]
17:28:30.232 [main] INFO  o.a.c.c.C.[.[.[/] - [log,173] - Initializing Spring embedded WebApplicationContext
17:28:30.232 [main] INFO  o.s.b.w.s.c.ServletWebServerApplicationContext - [prepareWebApplicationContext,291] - Root WebApplicationContext: initialization completed in 895 ms
17:28:31.373 [main] INFO  o.a.c.h.Http11NioProtocol - [log,173] - Starting ProtocolHandler ["http-nio-9201"]
17:28:31.382 [main] INFO  o.s.b.w.e.t.TomcatWebServer - [start,220] - Tomcat started on port(s): 9201 (http) with context path ''
17:28:31.385 [main] INFO  c.a.n.client.naming - [initNamespaceForNaming,62] - initializer namespace from ans.namespace attribute : null
17:28:31.385 [main] INFO  c.a.n.client.naming - [lambda$initNamespaceForNaming$0,66] - initializer namespace from ALIBABA_ALIWARE_NAMESPACE attribute :null
17:28:31.386 [main] INFO  c.a.n.client.naming - [lambda$initNamespaceForNaming$1,73] - initializer namespace from namespace attribute :null
17:28:31.392 [main] INFO  c.a.n.p.a.s.c.ClientAuthPluginManager - [init,56] - [ClientAuthPluginManager] Load ClientAuthService com.alibaba.nacos.client.auth.impl.NacosClientAuthServiceImpl success.
17:28:31.392 [main] INFO  c.a.n.p.a.s.c.ClientAuthPluginManager - [init,56] - [ClientAuthPluginManager] Load ClientAuthService com.alibaba.nacos.client.auth.ram.RamClientAuthServiceImpl success.
17:28:31.395 [main] INFO  c.a.n.c.r.client - [lambda$createClient$0,108] - [RpcClientFactory] create a new rpc client of 2e65e274-585e-45a6-80b6-4e69007118f3
17:28:31.396 [main] INFO  c.a.n.c.r.client - [printIfInfoEnabled,63] - [2e65e274-585e-45a6-80b6-4e69007118f3] RpcClient init, ServerListFactory = com.alibaba.nacos.client.naming.core.ServerListManager
17:28:31.397 [main] INFO  c.a.n.c.r.client - [printIfInfoEnabled,63] - [2e65e274-585e-45a6-80b6-4e69007118f3] Registry connection listener to current client:com.alibaba.nacos.client.naming.remote.gprc.redo.NamingGrpcRedoService
17:28:31.397 [main] INFO  c.a.n.c.r.client - [printIfInfoEnabled,63] - [2e65e274-585e-45a6-80b6-4e69007118f3] Register server push request handler:com.alibaba.nacos.client.naming.remote.gprc.NamingPushRequestHandler
17:28:31.397 [main] INFO  c.a.n.c.r.client - [printIfInfoEnabled,63] - [2e65e274-585e-45a6-80b6-4e69007118f3] Try to connect to server on start up, server: {serverIp = 'localhost', server main port = 8848}
17:28:31.397 [main] INFO  c.a.n.c.r.c.g.GrpcClient - [createNewManagedChannel,182] - grpc client connection server:localhost ip,serverPort:9848,grpcTslConfig:{"sslProvider":"OPENSSL","enableTls":false,"mutualAuthEnable":false,"trustAll":false}
17:28:31.517 [main] INFO  c.a.n.c.r.client - [printIfInfoEnabled,63] - [2e65e274-585e-45a6-80b6-4e69007118f3] Success to connect to server [localhost:8848] on start up, connectionId = 1777714111403_172.17.0.1_35284
17:28:31.518 [com.alibaba.nacos.client.remote.worker] INFO  c.a.n.c.r.client - [printIfInfoEnabled,63] - [2e65e274-585e-45a6-80b6-4e69007118f3] Notify connected event to listeners.
17:28:31.518 [main] INFO  c.a.n.c.r.client - [printIfInfoEnabled,63] - [2e65e274-585e-45a6-80b6-4e69007118f3] Register server push request handler:com.alibaba.nacos.common.remote.client.RpcClient$ConnectResetRequestHandler
17:28:31.520 [com.alibaba.nacos.client.remote.worker] INFO  c.a.n.client.naming - [onConnected,78] - Grpc connection connect
17:28:31.521 [main] INFO  c.a.n.c.r.client - [printIfInfoEnabled,63] - [2e65e274-585e-45a6-80b6-4e69007118f3] Register server push request handler:com.alibaba.nacos.common.remote.client.RpcClient$$Lambda$597/0x000002278147ba30
17:28:31.523 [main] INFO  c.a.n.client.naming - [registerService,121] - [REGISTER-SERVICE] 1b411097-df3c-4cac-a649-ba6b6b22fcd4 registering service oj-system with instance Instance{instanceId='null', ip='172.20.10.6', port=9201, weight=1.0, healthy=true, enabled=true, ephemeral=true, clusterName='DEFAULT', serviceName='null', metadata={IPv6=[2409:897a:3d70:458f:4c5f:854a:1e61:1f44], preserved.register.source=SPRING_CLOUD}}
17:28:31.534 [main] INFO  c.a.c.n.r.NacosServiceRegistry - [register,76] - nacos registry, DEFAULT_GROUP oj-system 172.20.10.6:9201 register finished
17:28:31.680 [main] INFO  c.b.s.OjSystemApplication - [logStarted,57] - Started OjSystemApplication in 4.104 seconds (process running for 4.717)
17:28:31.683 [main] INFO  c.a.n.c.c.i.CacheData - [<clinit>,67] - nacos.cache.data.init.snapshot = true 
17:28:31.684 [main] INFO  c.a.n.c.c.i.ClientWorker - [addCacheDataIfAbsent,380] - [fixed-1b411097-df3c-4cac-a649-ba6b6b22fcd4-localhost_8848] [subscribe] oj-system-local.yaml+DEFAULT_GROUP+1b411097-df3c-4cac-a649-ba6b6b22fcd4
17:28:31.689 [main] INFO  c.a.n.c.c.i.CacheData - [addListener,197] - [fixed-1b411097-df3c-4cac-a649-ba6b6b22fcd4-localhost_8848] [add-listener] ok, tenant=1b411097-df3c-4cac-a649-ba6b6b22fcd4, dataId=oj-system-local.yaml, group=DEFAULT_GROUP, cnt=1
17:28:31.690 [main] INFO  c.a.c.n.r.NacosContextRefresher - [registerNacosListener,129] - [Nacos Config] Listening config: dataId=oj-system-local.yaml, group=DEFAULT_GROUP
17:28:31.690 [main] INFO  c.a.n.c.c.i.ClientWorker - [addCacheDataIfAbsent,380] - [fixed-1b411097-df3c-4cac-a649-ba6b6b22fcd4-localhost_8848] [subscribe] oj-system+DEFAULT_GROUP+1b411097-df3c-4cac-a649-ba6b6b22fcd4
17:28:31.691 [main] INFO  c.a.n.c.c.i.CacheData - [addListener,197] - [fixed-1b411097-df3c-4cac-a649-ba6b6b22fcd4-localhost_8848] [add-listener] ok, tenant=1b411097-df3c-4cac-a649-ba6b6b22fcd4, dataId=oj-system, group=DEFAULT_GROUP, cnt=1
17:28:31.691 [main] INFO  c.a.c.n.r.NacosContextRefresher - [registerNacosListener,129] - [Nacos Config] Listening config: dataId=oj-system, group=DEFAULT_GROUP
17:28:31.691 [main] INFO  c.a.n.c.c.i.ClientWorker - [addCacheDataIfAbsent,380] - [fixed-1b411097-df3c-4cac-a649-ba6b6b22fcd4-localhost_8848] [subscribe] oj-system.yaml+DEFAULT_GROUP+1b411097-df3c-4cac-a649-ba6b6b22fcd4
17:28:31.692 [main] INFO  c.a.n.c.c.i.CacheData - [addListener,197] - [fixed-1b411097-df3c-4cac-a649-ba6b6b22fcd4-localhost_8848] [add-listener] ok, tenant=1b411097-df3c-4cac-a649-ba6b6b22fcd4, dataId=oj-system.yaml, group=DEFAULT_GROUP, cnt=1
17:28:31.692 [main] INFO  c.a.c.n.r.NacosContextRefresher - [registerNacosListener,129] - [Nacos Config] Listening config: dataId=oj-system.yaml, group=DEFAULT_GROUP
17:28:38.829 [http-nio-9201-exec-1] INFO  o.a.c.c.C.[.[.[/] - [log,173] - Initializing Spring DispatcherServlet 'dispatcherServlet'
17:28:38.829 [http-nio-9201-exec-1] INFO  o.s.w.s.DispatcherServlet - [initServletBean,532] - Initializing Servlet 'dispatcherServlet'
17:28:38.830 [http-nio-9201-exec-1] INFO  o.s.w.s.DispatcherServlet - [initServletBean,554] - Completed initialization in 1 ms
17:28:40.722 [http-nio-9201-exec-1] INFO  c.z.h.HikariDataSource - [getConnection,110] - HikariPool-1 - Starting...
17:28:40.943 [http-nio-9201-exec-1] INFO  c.z.h.p.HikariPool - [checkFailFast,565] - HikariPool-1 - Added connection com.mysql.cj.jdbc.ConnectionImpl@ad2fbf
17:28:40.944 [http-nio-9201-exec-1] INFO  c.z.h.HikariDataSource - [getConnection,123] - HikariPool-1 - Start completed.
17:30:24.586 [SpringApplicationShutdownHook] INFO  c.a.c.n.r.NacosServiceRegistry - [deregister,95] - De-registering from Nacos Server now...
17:30:24.586 [SpringApplicationShutdownHook] INFO  c.a.n.client.naming - [deregisterService,217] - [DEREGISTER-SERVICE] 1b411097-df3c-4cac-a649-ba6b6b22fcd4 deregistering service oj-system with instance: Instance{instanceId='null', ip='172.20.10.6', port=9201, weight=1.0, healthy=true, enabled=true, ephemeral=true, clusterName='DEFAULT', serviceName='null', metadata={}}
17:30:24.590 [SpringApplicationShutdownHook] INFO  c.a.c.n.r.NacosServiceRegistry - [deregister,115] - De-registration finished.
17:30:24.590 [SpringApplicationShutdownHook] INFO  c.a.n.client.naming - [shutdown,256] - com.alibaba.nacos.client.naming.cache.ServiceInfoHolder do shutdown begin
17:30:24.590 [SpringApplicationShutdownHook] INFO  c.a.n.client.naming - [shutdown,136] - com.alibaba.nacos.client.naming.backups.FailoverReactor do shutdown begin
17:30:24.591 [SpringApplicationShutdownHook] INFO  c.a.n.client.naming - [shutdown,138] - com.alibaba.nacos.client.naming.backups.FailoverReactor do shutdown stop
17:30:24.591 [SpringApplicationShutdownHook] INFO  c.a.n.client.naming - [shutdown,258] - com.alibaba.nacos.client.naming.cache.ServiceInfoHolder do shutdown stop
17:30:24.591 [SpringApplicationShutdownHook] INFO  c.a.n.client.naming - [shutdown,204] - com.alibaba.nacos.client.naming.remote.NamingClientProxyDelegate do shutdown begin
17:30:24.591 [SpringApplicationShutdownHook] INFO  c.a.n.client.naming - [shutdown,143] - com.alibaba.nacos.client.naming.core.ServiceInfoUpdateService do shutdown begin
17:30:24.591 [SpringApplicationShutdownHook] INFO  c.a.n.client.naming - [shutdown,145] - com.alibaba.nacos.client.naming.core.ServiceInfoUpdateService do shutdown stop
17:30:24.591 [SpringApplicationShutdownHook] INFO  c.a.n.client.naming - [shutdown,194] - com.alibaba.nacos.client.naming.core.ServerListManager do shutdown begin
17:30:24.591 [SpringApplicationShutdownHook] INFO  c.a.n.client.naming - [shutdown,199] - com.alibaba.nacos.client.naming.core.ServerListManager do shutdown stop
17:30:24.592 [SpringApplicationShutdownHook] INFO  c.a.n.client.naming - [shutdown,484] - com.alibaba.nacos.client.naming.remote.http.NamingHttpClientProxy do shutdown begin
17:30:24.592 [SpringApplicationShutdownHook] INFO  c.a.n.client.naming - [shutdown,486] - com.alibaba.nacos.client.naming.remote.http.NamingHttpClientProxy do shutdown stop
17:30:24.592 [SpringApplicationShutdownHook] INFO  c.a.n.c.r.client - [shutdown,429] - Shutdown rpc client, set status to shutdown
17:30:24.592 [SpringApplicationShutdownHook] INFO  c.a.n.c.r.client - [shutdown,431] - Shutdown client event executor java.util.concurrent.ScheduledThreadPoolExecutor@182cb043[Running, pool size = 2, active threads = 2, queued tasks = 0, completed tasks = 0]
17:30:24.592 [SpringApplicationShutdownHook] INFO  c.a.n.c.r.client - [closeConnection,584] - Close current connection 1777714111403_172.17.0.1_35284
17:30:24.596 [SpringApplicationShutdownHook] INFO  c.a.n.c.r.c.g.GrpcClient - [shutdown,159] - Shutdown grpc executor java.util.concurrent.ThreadPoolExecutor@d7522b1[Running, pool size = 4, active threads = 0, queued tasks = 0, completed tasks = 31]
17:30:24.596 [SpringApplicationShutdownHook] INFO  c.a.n.client.naming - [shutdown,318] - Shutdown grpc redo service executor java.util.concurrent.ScheduledThreadPoolExecutor@649d396f[Running, pool size = 1, active threads = 0, queued tasks = 1, completed tasks = 37]
17:30:24.596 [SpringApplicationShutdownHook] INFO  c.a.n.c.a.r.i.CredentialWatcher - [stop,106] - [null] CredentialWatcher is stopped
17:30:24.596 [SpringApplicationShutdownHook] INFO  c.a.n.c.a.r.i.CredentialService - [free,100] - [null] CredentialService is freed
17:30:24.597 [SpringApplicationShutdownHook] INFO  c.a.n.client.naming - [shutdown,211] - com.alibaba.nacos.client.naming.remote.NamingClientProxyDelegate do shutdown stop
17:30:24.709 [SpringApplicationShutdownHook] INFO  c.z.h.HikariDataSource - [close,350] - HikariPool-1 - Shutdown initiated...
17:30:24.717 [SpringApplicationShutdownHook] INFO  c.z.h.HikariDataSource - [close,352] - HikariPool-1 - Shutdown completed.
17:30:28.781 [main] INFO  c.a.n.c.u.ParamUtil - [<clinit>,87] - [settings] [req-serv] nacos-server port:8848
17:30:28.782 [main] INFO  c.a.n.c.u.ParamUtil - [<clinit>,98] - [settings] [http-client] connect timeout:1000
17:30:28.782 [main] INFO  c.a.n.c.u.ParamUtil - [<clinit>,105] - PER_TASK_CONFIG_SIZE: 3000.0
17:30:28.801 [main] INFO  c.a.n.p.a.s.c.ClientAuthPluginManager - [init,56] - [ClientAuthPluginManager] Load ClientAuthService com.alibaba.nacos.client.auth.impl.NacosClientAuthServiceImpl success.
17:30:28.802 [main] INFO  c.a.n.p.a.s.c.ClientAuthPluginManager - [init,56] - [ClientAuthPluginManager] Load ClientAuthService com.alibaba.nacos.client.auth.ram.RamClientAuthServiceImpl success.
17:30:28.804 [main] INFO  c.a.n.c.a.r.i.CredentialWatcher - [loadCredential,165] - null No credential found
17:30:29.060 [main] INFO  c.a.n.c.c.i.LocalConfigInfoProcessor - [<clinit>,63] - LOCAL_SNAPSHOT_PATH:C:\Users\45\nacos\config
17:30:29.064 [main] INFO  c.a.n.c.r.client - [lambda$createClient$0,108] - [RpcClientFactory] create a new rpc client of 0e176515-e9bd-46a0-b5f9-aab8fd58e2de_config-0
17:30:29.080 [main] INFO  c.a.n.c.r.client - [printIfInfoEnabled,63] - [0e176515-e9bd-46a0-b5f9-aab8fd58e2de_config-0] Register server push request handler:com.alibaba.nacos.client.config.impl.ClientWorker$ConfigRpcTransportClient$$Lambda$576/0x0000023c01312bd0
17:30:29.080 [main] INFO  c.a.n.c.r.client - [printIfInfoEnabled,63] - [0e176515-e9bd-46a0-b5f9-aab8fd58e2de_config-0] Register server push request handler:com.alibaba.nacos.client.config.impl.ClientWorker$ConfigRpcTransportClient$$Lambda$577/0x0000023c01312ff0
17:30:29.081 [main] INFO  c.a.n.c.r.client - [printIfInfoEnabled,63] - [0e176515-e9bd-46a0-b5f9-aab8fd58e2de_config-0] Registry connection listener to current client:com.alibaba.nacos.client.config.impl.ClientWorker$ConfigRpcTransportClient$1
17:30:29.081 [main] INFO  c.a.n.c.r.client - [printIfInfoEnabled,63] - [0e176515-e9bd-46a0-b5f9-aab8fd58e2de_config-0] RpcClient init, ServerListFactory = com.alibaba.nacos.client.config.impl.ClientWorker$ConfigRpcTransportClient$2
17:30:29.087 [main] INFO  c.a.n.c.r.client - [printIfInfoEnabled,63] - [0e176515-e9bd-46a0-b5f9-aab8fd58e2de_config-0] Try to connect to server on start up, server: {serverIp = 'localhost', server main port = 8848}
17:30:29.113 [main] INFO  c.a.n.c.r.c.g.GrpcClient - [createNewManagedChannel,182] - grpc client connection server:localhost ip,serverPort:9848,grpcTslConfig:{"sslProvider":"OPENSSL","enableTls":false,"mutualAuthEnable":false,"trustAll":false}
17:30:29.832 [main] INFO  c.a.n.c.r.client - [printIfInfoEnabled,63] - [0e176515-e9bd-46a0-b5f9-aab8fd58e2de_config-0] Success to connect to server [localhost:8848] on start up, connectionId = 1777714229665_172.17.0.1_52786
17:30:29.833 [com.alibaba.nacos.client.remote.worker] INFO  c.a.n.c.r.client - [printIfInfoEnabled,63] - [0e176515-e9bd-46a0-b5f9-aab8fd58e2de_config-0] Notify connected event to listeners.
17:30:29.833 [main] INFO  c.a.n.c.r.client - [printIfInfoEnabled,63] - [0e176515-e9bd-46a0-b5f9-aab8fd58e2de_config-0] Register server push request handler:com.alibaba.nacos.common.remote.client.RpcClient$ConnectResetRequestHandler
17:30:29.833 [com.alibaba.nacos.client.remote.worker] INFO  c.a.n.c.c.i.ClientWorker - [onConnected,639] - [0e176515-e9bd-46a0-b5f9-aab8fd58e2de_config-0] Connected,notify listen context...
17:30:29.833 [main] INFO  c.a.n.c.r.client - [printIfInfoEnabled,63] - [0e176515-e9bd-46a0-b5f9-aab8fd58e2de_config-0] Register server push request handler:com.alibaba.nacos.common.remote.client.RpcClient$$Lambda$597/0x0000023c0147bc38
17:30:29.859 [main] INFO  c.a.n.c.c.i.Limiter - [<clinit>,62] - limitTime:5.0
17:30:29.885 [main] INFO  c.a.n.c.c.u.JvmUtil - [<clinit>,54] - isMultiInstance:false
17:30:29.889 [main] INFO  o.s.c.b.c.PropertySourceBootstrapConfiguration - [initialize,108] - Located property source: [BootstrapPropertySource {name='bootstrapProperties-oj-system-local.yaml,DEFAULT_GROUP'}, BootstrapPropertySource {name='bootstrapProperties-oj-system.yaml,DEFAULT_GROUP'}, BootstrapPropertySource {name='bootstrapProperties-oj-system,DEFAULT_GROUP'}]
17:30:29.893 [main] INFO  c.b.s.OjSystemApplication - [logStartupProfileInfo,636] - The following 1 profile is active: "local"
17:30:30.326 [main] INFO  o.s.d.r.c.RepositoryConfigurationDelegate - [multipleStoresDetected,294] - Multiple Spring Data modules found, entering strict repository configuration mode
17:30:30.328 [main] INFO  o.s.d.r.c.RepositoryConfigurationDelegate - [registerRepositoriesIn,138] - Bootstrapping Spring Data Redis repositories in DEFAULT mode.
17:30:30.344 [main] INFO  o.s.d.r.c.RepositoryConfigurationDelegate - [registerRepositoriesIn,208] - Finished Spring Data repository scanning in 6 ms. Found 0 Redis repository interfaces.
17:30:30.478 [main] INFO  o.s.c.c.s.GenericScope - [setSerializationId,282] - BeanFactory id=c8503308-e5d6-3142-89a6-0f6c1b212598
17:30:30.751 [main] INFO  o.s.b.w.e.t.TomcatWebServer - [initialize,108] - Tomcat initialized with port(s): 9201 (http)
17:30:30.758 [main] INFO  o.a.c.h.Http11NioProtocol - [log,173] - Initializing ProtocolHandler ["http-nio-9201"]
17:30:30.758 [main] INFO  o.a.c.c.StandardService - [log,173] - Starting service [Tomcat]
17:30:30.758 [main] INFO  o.a.c.c.StandardEngine - [log,173] - Starting Servlet engine: [Apache Tomcat/10.1.4]
17:30:30.821 [main] INFO  o.a.c.c.C.[.[.[/] - [log,173] - Initializing Spring embedded WebApplicationContext
17:30:30.822 [main] INFO  o.s.b.w.s.c.ServletWebServerApplicationContext - [prepareWebApplicationContext,291] - Root WebApplicationContext: initialization completed in 917 ms
17:30:31.999 [main] INFO  o.a.c.h.Http11NioProtocol - [log,173] - Starting ProtocolHandler ["http-nio-9201"]
17:30:32.009 [main] INFO  o.s.b.w.e.t.TomcatWebServer - [start,220] - Tomcat started on port(s): 9201 (http) with context path ''
17:30:32.012 [main] INFO  c.a.n.client.naming - [initNamespaceForNaming,62] - initializer namespace from ans.namespace attribute : null
17:30:32.014 [main] INFO  c.a.n.client.naming - [lambda$initNamespaceForNaming$0,66] - initializer namespace from ALIBABA_ALIWARE_NAMESPACE attribute :null
17:30:32.014 [main] INFO  c.a.n.client.naming - [lambda$initNamespaceForNaming$1,73] - initializer namespace from namespace attribute :null
17:30:32.021 [main] INFO  c.a.n.p.a.s.c.ClientAuthPluginManager - [init,56] - [ClientAuthPluginManager] Load ClientAuthService com.alibaba.nacos.client.auth.impl.NacosClientAuthServiceImpl success.
17:30:32.021 [main] INFO  c.a.n.p.a.s.c.ClientAuthPluginManager - [init,56] - [ClientAuthPluginManager] Load ClientAuthService com.alibaba.nacos.client.auth.ram.RamClientAuthServiceImpl success.
17:30:32.025 [main] INFO  c.a.n.c.r.client - [lambda$createClient$0,108] - [RpcClientFactory] create a new rpc client of 68aa675b-e2f3-4676-af20-03b968386737
17:30:32.026 [main] INFO  c.a.n.c.r.client - [printIfInfoEnabled,63] - [68aa675b-e2f3-4676-af20-03b968386737] RpcClient init, ServerListFactory = com.alibaba.nacos.client.naming.core.ServerListManager
17:30:32.026 [main] INFO  c.a.n.c.r.client - [printIfInfoEnabled,63] - [68aa675b-e2f3-4676-af20-03b968386737] Registry connection listener to current client:com.alibaba.nacos.client.naming.remote.gprc.redo.NamingGrpcRedoService
17:30:32.027 [main] INFO  c.a.n.c.r.client - [printIfInfoEnabled,63] - [68aa675b-e2f3-4676-af20-03b968386737] Register server push request handler:com.alibaba.nacos.client.naming.remote.gprc.NamingPushRequestHandler
17:30:32.027 [main] INFO  c.a.n.c.r.client - [printIfInfoEnabled,63] - [68aa675b-e2f3-4676-af20-03b968386737] Try to connect to server on start up, server: {serverIp = 'localhost', server main port = 8848}
17:30:32.027 [main] INFO  c.a.n.c.r.c.g.GrpcClient - [createNewManagedChannel,182] - grpc client connection server:localhost ip,serverPort:9848,grpcTslConfig:{"sslProvider":"OPENSSL","enableTls":false,"mutualAuthEnable":false,"trustAll":false}
17:30:32.145 [main] INFO  c.a.n.c.r.client - [printIfInfoEnabled,63] - [68aa675b-e2f3-4676-af20-03b968386737] Success to connect to server [localhost:8848] on start up, connectionId = 1777714232034_172.17.0.1_52798
17:30:32.145 [main] INFO  c.a.n.c.r.client - [printIfInfoEnabled,63] - [68aa675b-e2f3-4676-af20-03b968386737] Register server push request handler:com.alibaba.nacos.common.remote.client.RpcClient$ConnectResetRequestHandler
17:30:32.146 [com.alibaba.nacos.client.remote.worker] INFO  c.a.n.c.r.client - [printIfInfoEnabled,63] - [68aa675b-e2f3-4676-af20-03b968386737] Notify connected event to listeners.
17:30:32.146 [main] INFO  c.a.n.c.r.client - [printIfInfoEnabled,63] - [68aa675b-e2f3-4676-af20-03b968386737] Register server push request handler:com.alibaba.nacos.common.remote.client.RpcClient$$Lambda$597/0x0000023c0147bc38
17:30:32.146 [com.alibaba.nacos.client.remote.worker] INFO  c.a.n.client.naming - [onConnected,78] - Grpc connection connect
17:30:32.147 [main] INFO  c.a.n.client.naming - [registerService,121] - [REGISTER-SERVICE] 1b411097-df3c-4cac-a649-ba6b6b22fcd4 registering service oj-system with instance Instance{instanceId='null', ip='172.20.10.6', port=9201, weight=1.0, healthy=true, enabled=true, ephemeral=true, clusterName='DEFAULT', serviceName='null', metadata={IPv6=[2409:897a:3d70:458f:4c5f:854a:1e61:1f44], preserved.register.source=SPRING_CLOUD}}
17:30:32.158 [main] INFO  c.a.c.n.r.NacosServiceRegistry - [register,76] - nacos registry, DEFAULT_GROUP oj-system 172.20.10.6:9201 register finished
17:30:32.309 [main] INFO  c.b.s.OjSystemApplication - [logStarted,57] - Started OjSystemApplication in 4.162 seconds (process running for 4.834)
17:30:32.314 [main] INFO  c.a.n.c.c.i.CacheData - [<clinit>,67] - nacos.cache.data.init.snapshot = true 
17:30:32.315 [main] INFO  c.a.n.c.c.i.ClientWorker - [addCacheDataIfAbsent,380] - [fixed-1b411097-df3c-4cac-a649-ba6b6b22fcd4-localhost_8848] [subscribe] oj-system-local.yaml+DEFAULT_GROUP+1b411097-df3c-4cac-a649-ba6b6b22fcd4
17:30:32.320 [main] INFO  c.a.n.c.c.i.CacheData - [addListener,197] - [fixed-1b411097-df3c-4cac-a649-ba6b6b22fcd4-localhost_8848] [add-listener] ok, tenant=1b411097-df3c-4cac-a649-ba6b6b22fcd4, dataId=oj-system-local.yaml, group=DEFAULT_GROUP, cnt=1
17:30:32.320 [main] INFO  c.a.c.n.r.NacosContextRefresher - [registerNacosListener,129] - [Nacos Config] Listening config: dataId=oj-system-local.yaml, group=DEFAULT_GROUP
17:30:32.322 [main] INFO  c.a.n.c.c.i.ClientWorker - [addCacheDataIfAbsent,380] - [fixed-1b411097-df3c-4cac-a649-ba6b6b22fcd4-localhost_8848] [subscribe] oj-system+DEFAULT_GROUP+1b411097-df3c-4cac-a649-ba6b6b22fcd4
17:30:32.322 [main] INFO  c.a.n.c.c.i.CacheData - [addListener,197] - [fixed-1b411097-df3c-4cac-a649-ba6b6b22fcd4-localhost_8848] [add-listener] ok, tenant=1b411097-df3c-4cac-a649-ba6b6b22fcd4, dataId=oj-system, group=DEFAULT_GROUP, cnt=1
17:30:32.323 [main] INFO  c.a.c.n.r.NacosContextRefresher - [registerNacosListener,129] - [Nacos Config] Listening config: dataId=oj-system, group=DEFAULT_GROUP
17:30:32.323 [main] INFO  c.a.n.c.c.i.ClientWorker - [addCacheDataIfAbsent,380] - [fixed-1b411097-df3c-4cac-a649-ba6b6b22fcd4-localhost_8848] [subscribe] oj-system.yaml+DEFAULT_GROUP+1b411097-df3c-4cac-a649-ba6b6b22fcd4
17:30:32.323 [main] INFO  c.a.n.c.c.i.CacheData - [addListener,197] - [fixed-1b411097-df3c-4cac-a649-ba6b6b22fcd4-localhost_8848] [add-listener] ok, tenant=1b411097-df3c-4cac-a649-ba6b6b22fcd4, dataId=oj-system.yaml, group=DEFAULT_GROUP, cnt=1
17:30:32.323 [main] INFO  c.a.c.n.r.NacosContextRefresher - [registerNacosListener,129] - [Nacos Config] Listening config: dataId=oj-system.yaml, group=DEFAULT_GROUP
17:30:36.640 [http-nio-9201-exec-1] INFO  o.a.c.c.C.[.[.[/] - [log,173] - Initializing Spring DispatcherServlet 'dispatcherServlet'
17:30:36.641 [http-nio-9201-exec-1] INFO  o.s.w.s.DispatcherServlet - [initServletBean,532] - Initializing Servlet 'dispatcherServlet'
17:30:36.641 [http-nio-9201-exec-1] INFO  o.s.w.s.DispatcherServlet - [initServletBean,554] - Completed initialization in 0 ms
17:31:13.927 [http-nio-9201-exec-1] INFO  c.z.h.HikariDataSource - [getConnection,110] - HikariPool-1 - Starting...
17:31:15.150 [http-nio-9201-exec-1] INFO  c.z.h.p.HikariPool - [checkFailFast,565] - HikariPool-1 - Added connection com.mysql.cj.jdbc.ConnectionImpl@1ba96e1b
17:31:15.155 [http-nio-9201-exec-1] INFO  c.z.h.HikariDataSource - [getConnection,123] - HikariPool-1 - Start completed.
17:38:45.436 [SpringApplicationShutdownHook] INFO  c.a.c.n.r.NacosServiceRegistry - [deregister,95] - De-registering from Nacos Server now...
17:38:45.436 [SpringApplicationShutdownHook] INFO  c.a.n.client.naming - [deregisterService,217] - [DEREGISTER-SERVICE] 1b411097-df3c-4cac-a649-ba6b6b22fcd4 deregistering service oj-system with instance: Instance{instanceId='null', ip='172.20.10.6', port=9201, weight=1.0, healthy=true, enabled=true, ephemeral=true, clusterName='DEFAULT', serviceName='null', metadata={}}
17:38:45.440 [SpringApplicationShutdownHook] INFO  c.a.c.n.r.NacosServiceRegistry - [deregister,115] - De-registration finished.
17:38:45.441 [SpringApplicationShutdownHook] INFO  c.a.n.client.naming - [shutdown,256] - com.alibaba.nacos.client.naming.cache.ServiceInfoHolder do shutdown begin
17:38:45.441 [SpringApplicationShutdownHook] INFO  c.a.n.client.naming - [shutdown,136] - com.alibaba.nacos.client.naming.backups.FailoverReactor do shutdown begin
17:38:45.441 [SpringApplicationShutdownHook] INFO  c.a.n.client.naming - [shutdown,138] - com.alibaba.nacos.client.naming.backups.FailoverReactor do shutdown stop
17:38:45.441 [SpringApplicationShutdownHook] INFO  c.a.n.client.naming - [shutdown,258] - com.alibaba.nacos.client.naming.cache.ServiceInfoHolder do shutdown stop
17:38:45.441 [SpringApplicationShutdownHook] INFO  c.a.n.client.naming - [shutdown,204] - com.alibaba.nacos.client.naming.remote.NamingClientProxyDelegate do shutdown begin
17:38:45.441 [SpringApplicationShutdownHook] INFO  c.a.n.client.naming - [shutdown,143] - com.alibaba.nacos.client.naming.core.ServiceInfoUpdateService do shutdown begin
17:38:45.441 [SpringApplicationShutdownHook] INFO  c.a.n.client.naming - [shutdown,145] - com.alibaba.nacos.client.naming.core.ServiceInfoUpdateService do shutdown stop
17:38:45.441 [SpringApplicationShutdownHook] INFO  c.a.n.client.naming - [shutdown,194] - com.alibaba.nacos.client.naming.core.ServerListManager do shutdown begin
17:38:45.441 [SpringApplicationShutdownHook] INFO  c.a.n.client.naming - [shutdown,199] - com.alibaba.nacos.client.naming.core.ServerListManager do shutdown stop
17:38:45.441 [SpringApplicationShutdownHook] INFO  c.a.n.client.naming - [shutdown,484] - com.alibaba.nacos.client.naming.remote.http.NamingHttpClientProxy do shutdown begin
17:38:45.442 [SpringApplicationShutdownHook] INFO  c.a.n.client.naming - [shutdown,486] - com.alibaba.nacos.client.naming.remote.http.NamingHttpClientProxy do shutdown stop
17:38:45.442 [SpringApplicationShutdownHook] INFO  c.a.n.c.r.client - [shutdown,429] - Shutdown rpc client, set status to shutdown
17:38:45.442 [SpringApplicationShutdownHook] INFO  c.a.n.c.r.client - [shutdown,431] - Shutdown client event executor java.util.concurrent.ScheduledThreadPoolExecutor@1bd601b7[Running, pool size = 2, active threads = 2, queued tasks = 0, completed tasks = 0]
17:38:45.442 [SpringApplicationShutdownHook] INFO  c.a.n.c.r.client - [closeConnection,584] - Close current connection 1777714232034_172.17.0.1_52798
17:38:45.444 [nacos-grpc-client-executor-localhost-70] INFO  c.a.n.c.r.c.g.GrpcClient - [printIfInfoEnabled,63] - [1777714232034_172.17.0.1_52798]Ignore complete event,isRunning:false,isAbandon=false
17:38:45.445 [SpringApplicationShutdownHook] INFO  c.a.n.c.r.c.g.GrpcClient - [shutdown,159] - Shutdown grpc executor java.util.concurrent.ThreadPoolExecutor@400e04ac[Running, pool size = 4, active threads = 0, queued tasks = 0, completed tasks = 71]
17:38:45.445 [SpringApplicationShutdownHook] INFO  c.a.n.client.naming - [shutdown,318] - Shutdown grpc redo service executor java.util.concurrent.ScheduledThreadPoolExecutor@58f4f281[Running, pool size = 1, active threads = 0, queued tasks = 1, completed tasks = 96]
17:38:45.446 [SpringApplicationShutdownHook] INFO  c.a.n.c.a.r.i.CredentialWatcher - [stop,106] - [null] CredentialWatcher is stopped
17:38:45.446 [SpringApplicationShutdownHook] INFO  c.a.n.c.a.r.i.CredentialService - [free,100] - [null] CredentialService is freed
17:38:45.446 [SpringApplicationShutdownHook] INFO  c.a.n.client.naming - [shutdown,211] - com.alibaba.nacos.client.naming.remote.NamingClientProxyDelegate do shutdown stop
17:38:45.568 [SpringApplicationShutdownHook] INFO  c.z.h.HikariDataSource - [close,350] - HikariPool-1 - Shutdown initiated...
17:38:45.576 [SpringApplicationShutdownHook] INFO  c.z.h.HikariDataSource - [close,352] - HikariPool-1 - Shutdown completed.
17:38:48.515 [main] INFO  c.a.n.c.u.ParamUtil - [<clinit>,87] - [settings] [req-serv] nacos-server port:8848
17:38:48.515 [main] INFO  c.a.n.c.u.ParamUtil - [<clinit>,98] - [settings] [http-client] connect timeout:1000
17:38:48.516 [main] INFO  c.a.n.c.u.ParamUtil - [<clinit>,105] - PER_TASK_CONFIG_SIZE: 3000.0
17:38:48.536 [main] INFO  c.a.n.p.a.s.c.ClientAuthPluginManager - [init,56] - [ClientAuthPluginManager] Load ClientAuthService com.alibaba.nacos.client.auth.impl.NacosClientAuthServiceImpl success.
17:38:48.537 [main] INFO  c.a.n.p.a.s.c.ClientAuthPluginManager - [init,56] - [ClientAuthPluginManager] Load ClientAuthService com.alibaba.nacos.client.auth.ram.RamClientAuthServiceImpl success.
17:38:48.539 [main] INFO  c.a.n.c.a.r.i.CredentialWatcher - [loadCredential,165] - null No credential found
17:38:48.779 [main] INFO  c.a.n.c.c.i.LocalConfigInfoProcessor - [<clinit>,63] - LOCAL_SNAPSHOT_PATH:C:\Users\45\nacos\config
17:38:48.782 [main] INFO  c.a.n.c.r.client - [lambda$createClient$0,108] - [RpcClientFactory] create a new rpc client of e1bf23f3-70d0-46a0-b6b0-a5fba6f614c7_config-0
17:38:48.797 [main] INFO  c.a.n.c.r.client - [printIfInfoEnabled,63] - [e1bf23f3-70d0-46a0-b6b0-a5fba6f614c7_config-0] Register server push request handler:com.alibaba.nacos.client.config.impl.ClientWorker$ConfigRpcTransportClient$$Lambda$564/0x0000022ed430d928
17:38:48.797 [main] INFO  c.a.n.c.r.client - [printIfInfoEnabled,63] - [e1bf23f3-70d0-46a0-b6b0-a5fba6f614c7_config-0] Register server push request handler:com.alibaba.nacos.client.config.impl.ClientWorker$ConfigRpcTransportClient$$Lambda$565/0x0000022ed430dd48
17:38:48.797 [main] INFO  c.a.n.c.r.client - [printIfInfoEnabled,63] - [e1bf23f3-70d0-46a0-b6b0-a5fba6f614c7_config-0] Registry connection listener to current client:com.alibaba.nacos.client.config.impl.ClientWorker$ConfigRpcTransportClient$1
17:38:48.799 [main] INFO  c.a.n.c.r.client - [printIfInfoEnabled,63] - [e1bf23f3-70d0-46a0-b6b0-a5fba6f614c7_config-0] RpcClient init, ServerListFactory = com.alibaba.nacos.client.config.impl.ClientWorker$ConfigRpcTransportClient$2
17:38:48.804 [main] INFO  c.a.n.c.r.client - [printIfInfoEnabled,63] - [e1bf23f3-70d0-46a0-b6b0-a5fba6f614c7_config-0] Try to connect to server on start up, server: {serverIp = 'localhost', server main port = 8848}
17:38:48.829 [main] INFO  c.a.n.c.r.c.g.GrpcClient - [createNewManagedChannel,182] - grpc client connection server:localhost ip,serverPort:9848,grpcTslConfig:{"sslProvider":"OPENSSL","enableTls":false,"mutualAuthEnable":false,"trustAll":false}
17:38:49.602 [main] INFO  c.a.n.c.r.client - [printIfInfoEnabled,63] - [e1bf23f3-70d0-46a0-b6b0-a5fba6f614c7_config-0] Success to connect to server [localhost:8848] on start up, connectionId = 1777714729425_172.17.0.1_44626
17:38:49.604 [com.alibaba.nacos.client.remote.worker] INFO  c.a.n.c.r.client - [printIfInfoEnabled,63] - [e1bf23f3-70d0-46a0-b6b0-a5fba6f614c7_config-0] Notify connected event to listeners.
17:38:49.605 [main] INFO  c.a.n.c.r.client - [printIfInfoEnabled,63] - [e1bf23f3-70d0-46a0-b6b0-a5fba6f614c7_config-0] Register server push request handler:com.alibaba.nacos.common.remote.client.RpcClient$ConnectResetRequestHandler
17:38:49.605 [com.alibaba.nacos.client.remote.worker] INFO  c.a.n.c.c.i.ClientWorker - [onConnected,639] - [e1bf23f3-70d0-46a0-b6b0-a5fba6f614c7_config-0] Connected,notify listen context...
17:38:49.607 [main] INFO  c.a.n.c.r.client - [printIfInfoEnabled,63] - [e1bf23f3-70d0-46a0-b6b0-a5fba6f614c7_config-0] Register server push request handler:com.alibaba.nacos.common.remote.client.RpcClient$$Lambda$597/0x0000022ed44a0440
17:38:49.633 [main] INFO  c.a.n.c.c.i.Limiter - [<clinit>,62] - limitTime:5.0
17:38:49.665 [main] INFO  c.a.n.c.c.u.JvmUtil - [<clinit>,54] - isMultiInstance:false
17:38:49.670 [main] INFO  o.s.c.b.c.PropertySourceBootstrapConfiguration - [initialize,108] - Located property source: [BootstrapPropertySource {name='bootstrapProperties-oj-system-local.yaml,DEFAULT_GROUP'}, BootstrapPropertySource {name='bootstrapProperties-oj-system.yaml,DEFAULT_GROUP'}, BootstrapPropertySource {name='bootstrapProperties-oj-system,DEFAULT_GROUP'}]
17:38:49.674 [main] INFO  c.b.s.OjSystemApplication - [logStartupProfileInfo,636] - The following 1 profile is active: "local"
17:38:50.166 [main] INFO  o.s.d.r.c.RepositoryConfigurationDelegate - [multipleStoresDetected,294] - Multiple Spring Data modules found, entering strict repository configuration mode
17:38:50.168 [main] INFO  o.s.d.r.c.RepositoryConfigurationDelegate - [registerRepositoriesIn,138] - Bootstrapping Spring Data Redis repositories in DEFAULT mode.
17:38:50.186 [main] INFO  o.s.d.r.c.RepositoryConfigurationDelegate - [registerRepositoriesIn,208] - Finished Spring Data repository scanning in 7 ms. Found 0 Redis repository interfaces.
17:38:50.337 [main] INFO  o.s.c.c.s.GenericScope - [setSerializationId,282] - BeanFactory id=c8503308-e5d6-3142-89a6-0f6c1b212598
17:38:50.629 [main] INFO  o.s.b.w.e.t.TomcatWebServer - [initialize,108] - Tomcat initialized with port(s): 9201 (http)
17:38:50.636 [main] INFO  o.a.c.h.Http11NioProtocol - [log,173] - Initializing ProtocolHandler ["http-nio-9201"]
17:38:50.636 [main] INFO  o.a.c.c.StandardService - [log,173] - Starting service [Tomcat]
17:38:50.636 [main] INFO  o.a.c.c.StandardEngine - [log,173] - Starting Servlet engine: [Apache Tomcat/10.1.4]
17:38:50.698 [main] INFO  o.a.c.c.C.[.[.[/] - [log,173] - Initializing Spring embedded WebApplicationContext
17:38:50.698 [main] INFO  o.s.b.w.s.c.ServletWebServerApplicationContext - [prepareWebApplicationContext,291] - Root WebApplicationContext: initialization completed in 1008 ms
17:38:51.957 [main] INFO  o.a.c.h.Http11NioProtocol - [log,173] - Starting ProtocolHandler ["http-nio-9201"]
17:38:51.974 [main] INFO  o.s.b.w.e.t.TomcatWebServer - [start,220] - Tomcat started on port(s): 9201 (http) with context path ''
17:38:51.978 [main] INFO  c.a.n.client.naming - [initNamespaceForNaming,62] - initializer namespace from ans.namespace attribute : null
17:38:51.978 [main] INFO  c.a.n.client.naming - [lambda$initNamespaceForNaming$0,66] - initializer namespace from ALIBABA_ALIWARE_NAMESPACE attribute :null
17:38:51.979 [main] INFO  c.a.n.client.naming - [lambda$initNamespaceForNaming$1,73] - initializer namespace from namespace attribute :null
17:38:51.986 [main] INFO  c.a.n.p.a.s.c.ClientAuthPluginManager - [init,56] - [ClientAuthPluginManager] Load ClientAuthService com.alibaba.nacos.client.auth.impl.NacosClientAuthServiceImpl success.
17:38:51.987 [main] INFO  c.a.n.p.a.s.c.ClientAuthPluginManager - [init,56] - [ClientAuthPluginManager] Load ClientAuthService com.alibaba.nacos.client.auth.ram.RamClientAuthServiceImpl success.
17:38:51.991 [main] INFO  c.a.n.c.r.client - [lambda$createClient$0,108] - [RpcClientFactory] create a new rpc client of 0fb6707c-9ffe-4632-9fc9-71e1cb347a82
17:38:51.993 [main] INFO  c.a.n.c.r.client - [printIfInfoEnabled,63] - [0fb6707c-9ffe-4632-9fc9-71e1cb347a82] RpcClient init, ServerListFactory = com.alibaba.nacos.client.naming.core.ServerListManager
17:38:51.993 [main] INFO  c.a.n.c.r.client - [printIfInfoEnabled,63] - [0fb6707c-9ffe-4632-9fc9-71e1cb347a82] Registry connection listener to current client:com.alibaba.nacos.client.naming.remote.gprc.redo.NamingGrpcRedoService
17:38:51.993 [main] INFO  c.a.n.c.r.client - [printIfInfoEnabled,63] - [0fb6707c-9ffe-4632-9fc9-71e1cb347a82] Register server push request handler:com.alibaba.nacos.client.naming.remote.gprc.NamingPushRequestHandler
17:38:51.994 [main] INFO  c.a.n.c.r.client - [printIfInfoEnabled,63] - [0fb6707c-9ffe-4632-9fc9-71e1cb347a82] Try to connect to server on start up, server: {serverIp = 'localhost', server main port = 8848}
17:38:51.994 [main] INFO  c.a.n.c.r.c.g.GrpcClient - [createNewManagedChannel,182] - grpc client connection server:localhost ip,serverPort:9848,grpcTslConfig:{"sslProvider":"OPENSSL","enableTls":false,"mutualAuthEnable":false,"trustAll":false}
17:38:52.109 [main] INFO  c.a.n.c.r.client - [printIfInfoEnabled,63] - [0fb6707c-9ffe-4632-9fc9-71e1cb347a82] Success to connect to server [localhost:8848] on start up, connectionId = 1777714732000_172.17.0.1_44638
17:38:52.109 [main] INFO  c.a.n.c.r.client - [printIfInfoEnabled,63] - [0fb6707c-9ffe-4632-9fc9-71e1cb347a82] Register server push request handler:com.alibaba.nacos.common.remote.client.RpcClient$ConnectResetRequestHandler
17:38:52.109 [main] INFO  c.a.n.c.r.client - [printIfInfoEnabled,63] - [0fb6707c-9ffe-4632-9fc9-71e1cb347a82] Register server push request handler:com.alibaba.nacos.common.remote.client.RpcClient$$Lambda$597/0x0000022ed44a0440
17:38:52.109 [com.alibaba.nacos.client.remote.worker] INFO  c.a.n.c.r.client - [printIfInfoEnabled,63] - [0fb6707c-9ffe-4632-9fc9-71e1cb347a82] Notify connected event to listeners.
17:38:52.109 [com.alibaba.nacos.client.remote.worker] INFO  c.a.n.client.naming - [onConnected,78] - Grpc connection connect
17:38:52.111 [main] INFO  c.a.n.client.naming - [registerService,121] - [REGISTER-SERVICE] 1b411097-df3c-4cac-a649-ba6b6b22fcd4 registering service oj-system with instance Instance{instanceId='null', ip='172.20.10.6', port=9201, weight=1.0, healthy=true, enabled=true, ephemeral=true, clusterName='DEFAULT', serviceName='null', metadata={IPv6=[2409:897a:3d70:458f:4c5f:854a:1e61:1f44], preserved.register.source=SPRING_CLOUD}}
17:38:52.224 [main] INFO  c.a.c.n.r.NacosServiceRegistry - [register,76] - nacos registry, DEFAULT_GROUP oj-system 172.20.10.6:9201 register finished
17:38:52.427 [main] INFO  c.b.s.OjSystemApplication - [logStarted,57] - Started OjSystemApplication in 4.577 seconds (process running for 5.372)
17:38:52.431 [main] INFO  c.a.n.c.c.i.CacheData - [<clinit>,67] - nacos.cache.data.init.snapshot = true 
17:38:52.432 [main] INFO  c.a.n.c.c.i.ClientWorker - [addCacheDataIfAbsent,380] - [fixed-1b411097-df3c-4cac-a649-ba6b6b22fcd4-localhost_8848] [subscribe] oj-system-local.yaml+DEFAULT_GROUP+1b411097-df3c-4cac-a649-ba6b6b22fcd4
17:38:52.438 [main] INFO  c.a.n.c.c.i.CacheData - [addListener,197] - [fixed-1b411097-df3c-4cac-a649-ba6b6b22fcd4-localhost_8848] [add-listener] ok, tenant=1b411097-df3c-4cac-a649-ba6b6b22fcd4, dataId=oj-system-local.yaml, group=DEFAULT_GROUP, cnt=1
17:38:52.439 [main] INFO  c.a.c.n.r.NacosContextRefresher - [registerNacosListener,129] - [Nacos Config] Listening config: dataId=oj-system-local.yaml, group=DEFAULT_GROUP
17:38:52.439 [main] INFO  c.a.n.c.c.i.ClientWorker - [addCacheDataIfAbsent,380] - [fixed-1b411097-df3c-4cac-a649-ba6b6b22fcd4-localhost_8848] [subscribe] oj-system+DEFAULT_GROUP+1b411097-df3c-4cac-a649-ba6b6b22fcd4
17:38:52.439 [main] INFO  c.a.n.c.c.i.CacheData - [addListener,197] - [fixed-1b411097-df3c-4cac-a649-ba6b6b22fcd4-localhost_8848] [add-listener] ok, tenant=1b411097-df3c-4cac-a649-ba6b6b22fcd4, dataId=oj-system, group=DEFAULT_GROUP, cnt=1
17:38:52.440 [main] INFO  c.a.c.n.r.NacosContextRefresher - [registerNacosListener,129] - [Nacos Config] Listening config: dataId=oj-system, group=DEFAULT_GROUP
17:38:52.440 [main] INFO  c.a.n.c.c.i.ClientWorker - [addCacheDataIfAbsent,380] - [fixed-1b411097-df3c-4cac-a649-ba6b6b22fcd4-localhost_8848] [subscribe] oj-system.yaml+DEFAULT_GROUP+1b411097-df3c-4cac-a649-ba6b6b22fcd4
17:38:52.440 [main] INFO  c.a.n.c.c.i.CacheData - [addListener,197] - [fixed-1b411097-df3c-4cac-a649-ba6b6b22fcd4-localhost_8848] [add-listener] ok, tenant=1b411097-df3c-4cac-a649-ba6b6b22fcd4, dataId=oj-system.yaml, group=DEFAULT_GROUP, cnt=1
17:38:52.440 [main] INFO  c.a.c.n.r.NacosContextRefresher - [registerNacosListener,129] - [Nacos Config] Listening config: dataId=oj-system.yaml, group=DEFAULT_GROUP
17:38:54.151 [http-nio-9201-exec-1] INFO  o.a.c.c.C.[.[.[/] - [log,173] - Initializing Spring DispatcherServlet 'dispatcherServlet'
17:38:54.151 [http-nio-9201-exec-1] INFO  o.s.w.s.DispatcherServlet - [initServletBean,532] - Initializing Servlet 'dispatcherServlet'
17:38:54.152 [http-nio-9201-exec-1] INFO  o.s.w.s.DispatcherServlet - [initServletBean,554] - Completed initialization in 1 ms
17:39:06.599 [http-nio-9201-exec-1] INFO  c.z.h.HikariDataSource - [getConnection,110] - HikariPool-1 - Starting...
17:39:07.884 [http-nio-9201-exec-1] INFO  c.z.h.p.HikariPool - [checkFailFast,565] - HikariPool-1 - Added connection com.mysql.cj.jdbc.ConnectionImpl@29aa62d1
17:39:07.890 [http-nio-9201-exec-1] INFO  c.z.h.HikariDataSource - [getConnection,123] - HikariPool-1 - Start completed.
17:40:29.287 [SpringApplicationShutdownHook] INFO  c.a.c.n.r.NacosServiceRegistry - [deregister,95] - De-registering from Nacos Server now...
17:40:29.287 [SpringApplicationShutdownHook] INFO  c.a.n.client.naming - [deregisterService,217] - [DEREGISTER-SERVICE] 1b411097-df3c-4cac-a649-ba6b6b22fcd4 deregistering service oj-system with instance: Instance{instanceId='null', ip='172.20.10.6', port=9201, weight=1.0, healthy=true, enabled=true, ephemeral=true, clusterName='DEFAULT', serviceName='null', metadata={}}
17:40:29.292 [SpringApplicationShutdownHook] INFO  c.a.c.n.r.NacosServiceRegistry - [deregister,115] - De-registration finished.
17:40:29.293 [SpringApplicationShutdownHook] INFO  c.a.n.client.naming - [shutdown,256] - com.alibaba.nacos.client.naming.cache.ServiceInfoHolder do shutdown begin
17:40:29.301 [SpringApplicationShutdownHook] INFO  c.a.n.client.naming - [shutdown,136] - com.alibaba.nacos.client.naming.backups.FailoverReactor do shutdown begin
17:40:29.302 [SpringApplicationShutdownHook] INFO  c.a.n.client.naming - [shutdown,138] - com.alibaba.nacos.client.naming.backups.FailoverReactor do shutdown stop
17:40:29.302 [SpringApplicationShutdownHook] INFO  c.a.n.client.naming - [shutdown,258] - com.alibaba.nacos.client.naming.cache.ServiceInfoHolder do shutdown stop
17:40:29.302 [SpringApplicationShutdownHook] INFO  c.a.n.client.naming - [shutdown,204] - com.alibaba.nacos.client.naming.remote.NamingClientProxyDelegate do shutdown begin
17:40:29.302 [SpringApplicationShutdownHook] INFO  c.a.n.client.naming - [shutdown,143] - com.alibaba.nacos.client.naming.core.ServiceInfoUpdateService do shutdown begin
17:40:29.302 [SpringApplicationShutdownHook] INFO  c.a.n.client.naming - [shutdown,145] - com.alibaba.nacos.client.naming.core.ServiceInfoUpdateService do shutdown stop
17:40:29.302 [SpringApplicationShutdownHook] INFO  c.a.n.client.naming - [shutdown,194] - com.alibaba.nacos.client.naming.core.ServerListManager do shutdown begin
17:40:29.302 [SpringApplicationShutdownHook] INFO  c.a.n.client.naming - [shutdown,199] - com.alibaba.nacos.client.naming.core.ServerListManager do shutdown stop
17:40:29.302 [SpringApplicationShutdownHook] INFO  c.a.n.client.naming - [shutdown,484] - com.alibaba.nacos.client.naming.remote.http.NamingHttpClientProxy do shutdown begin
17:40:29.302 [SpringApplicationShutdownHook] INFO  c.a.n.client.naming - [shutdown,486] - com.alibaba.nacos.client.naming.remote.http.NamingHttpClientProxy do shutdown stop
17:40:29.302 [SpringApplicationShutdownHook] INFO  c.a.n.c.r.client - [shutdown,429] - Shutdown rpc client, set status to shutdown
17:40:29.302 [SpringApplicationShutdownHook] INFO  c.a.n.c.r.client - [shutdown,431] - Shutdown client event executor java.util.concurrent.ScheduledThreadPoolExecutor@37e7d3ba[Running, pool size = 2, active threads = 2, queued tasks = 0, completed tasks = 0]
17:40:29.302 [SpringApplicationShutdownHook] INFO  c.a.n.c.r.client - [closeConnection,584] - Close current connection 1777714732000_172.17.0.1_44638
17:40:29.306 [SpringApplicationShutdownHook] INFO  c.a.n.c.r.c.g.GrpcClient - [shutdown,159] - Shutdown grpc executor java.util.concurrent.ThreadPoolExecutor@5b57412f[Running, pool size = 5, active threads = 0, queued tasks = 0, completed tasks = 15]
17:40:29.307 [SpringApplicationShutdownHook] INFO  c.a.n.client.naming - [shutdown,318] - Shutdown grpc redo service executor java.util.concurrent.ScheduledThreadPoolExecutor@b7d4780[Running, pool size = 1, active threads = 0, queued tasks = 1, completed tasks = 4]
17:40:29.307 [SpringApplicationShutdownHook] INFO  c.a.n.c.a.r.i.CredentialWatcher - [stop,106] - [null] CredentialWatcher is stopped
17:40:29.307 [SpringApplicationShutdownHook] INFO  c.a.n.c.a.r.i.CredentialService - [free,100] - [null] CredentialService is freed
17:40:29.307 [SpringApplicationShutdownHook] INFO  c.a.n.client.naming - [shutdown,211] - com.alibaba.nacos.client.naming.remote.NamingClientProxyDelegate do shutdown stop
17:40:29.422 [SpringApplicationShutdownHook] INFO  c.z.h.HikariDataSource - [close,350] - HikariPool-1 - Shutdown initiated...
17:40:29.427 [SpringApplicationShutdownHook] INFO  c.z.h.HikariDataSource - [close,352] - HikariPool-1 - Shutdown completed.
17:40:34.423 [main] INFO  c.a.n.c.u.ParamUtil - [<clinit>,87] - [settings] [req-serv] nacos-server port:8848
17:40:34.423 [main] INFO  c.a.n.c.u.ParamUtil - [<clinit>,98] - [settings] [http-client] connect timeout:1000
17:40:34.424 [main] INFO  c.a.n.c.u.ParamUtil - [<clinit>,105] - PER_TASK_CONFIG_SIZE: 3000.0
17:40:34.443 [main] INFO  c.a.n.p.a.s.c.ClientAuthPluginManager - [init,56] - [ClientAuthPluginManager] Load ClientAuthService com.alibaba.nacos.client.auth.impl.NacosClientAuthServiceImpl success.
17:40:34.443 [main] INFO  c.a.n.p.a.s.c.ClientAuthPluginManager - [init,56] - [ClientAuthPluginManager] Load ClientAuthService com.alibaba.nacos.client.auth.ram.RamClientAuthServiceImpl success.
17:40:34.445 [main] INFO  c.a.n.c.a.r.i.CredentialWatcher - [loadCredential,165] - null No credential found
17:40:34.660 [main] INFO  c.a.n.c.c.i.LocalConfigInfoProcessor - [<clinit>,63] - LOCAL_SNAPSHOT_PATH:C:\Users\45\nacos\config
17:40:34.664 [main] INFO  c.a.n.c.r.client - [lambda$createClient$0,108] - [RpcClientFactory] create a new rpc client of fbee995a-8006-451c-b9f4-1e411eaea947_config-0
17:40:34.679 [main] INFO  c.a.n.c.r.client - [printIfInfoEnabled,63] - [fbee995a-8006-451c-b9f4-1e411eaea947_config-0] Register server push request handler:com.alibaba.nacos.client.config.impl.ClientWorker$ConfigRpcTransportClient$$Lambda$575/0x00000199a6314d28
17:40:34.679 [main] INFO  c.a.n.c.r.client - [printIfInfoEnabled,63] - [fbee995a-8006-451c-b9f4-1e411eaea947_config-0] Register server push request handler:com.alibaba.nacos.client.config.impl.ClientWorker$ConfigRpcTransportClient$$Lambda$576/0x00000199a6315148
17:40:34.680 [main] INFO  c.a.n.c.r.client - [printIfInfoEnabled,63] - [fbee995a-8006-451c-b9f4-1e411eaea947_config-0] Registry connection listener to current client:com.alibaba.nacos.client.config.impl.ClientWorker$ConfigRpcTransportClient$1
17:40:34.680 [main] INFO  c.a.n.c.r.client - [printIfInfoEnabled,63] - [fbee995a-8006-451c-b9f4-1e411eaea947_config-0] RpcClient init, ServerListFactory = com.alibaba.nacos.client.config.impl.ClientWorker$ConfigRpcTransportClient$2
17:40:34.687 [main] INFO  c.a.n.c.r.client - [printIfInfoEnabled,63] - [fbee995a-8006-451c-b9f4-1e411eaea947_config-0] Try to connect to server on start up, server: {serverIp = 'localhost', server main port = 8848}
17:40:34.713 [main] INFO  c.a.n.c.r.c.g.GrpcClient - [createNewManagedChannel,182] - grpc client connection server:localhost ip,serverPort:9848,grpcTslConfig:{"sslProvider":"OPENSSL","enableTls":false,"mutualAuthEnable":false,"trustAll":false}
17:40:35.423 [main] INFO  c.a.n.c.r.client - [printIfInfoEnabled,63] - [fbee995a-8006-451c-b9f4-1e411eaea947_config-0] Success to connect to server [localhost:8848] on start up, connectionId = 1777714835259_172.17.0.1_44076
17:40:35.424 [com.alibaba.nacos.client.remote.worker] INFO  c.a.n.c.r.client - [printIfInfoEnabled,63] - [fbee995a-8006-451c-b9f4-1e411eaea947_config-0] Notify connected event to listeners.
17:40:35.424 [com.alibaba.nacos.client.remote.worker] INFO  c.a.n.c.c.i.ClientWorker - [onConnected,639] - [fbee995a-8006-451c-b9f4-1e411eaea947_config-0] Connected,notify listen context...
17:40:35.425 [main] INFO  c.a.n.c.r.client - [printIfInfoEnabled,63] - [fbee995a-8006-451c-b9f4-1e411eaea947_config-0] Register server push request handler:com.alibaba.nacos.common.remote.client.RpcClient$ConnectResetRequestHandler
17:40:35.425 [main] INFO  c.a.n.c.r.client - [printIfInfoEnabled,63] - [fbee995a-8006-451c-b9f4-1e411eaea947_config-0] Register server push request handler:com.alibaba.nacos.common.remote.client.RpcClient$$Lambda$597/0x00000199a647d1a0
17:40:35.455 [main] INFO  c.a.n.c.c.i.Limiter - [<clinit>,62] - limitTime:5.0
17:40:35.542 [main] INFO  c.a.n.c.c.u.JvmUtil - [<clinit>,54] - isMultiInstance:false
17:40:35.546 [main] INFO  o.s.c.b.c.PropertySourceBootstrapConfiguration - [initialize,108] - Located property source: [BootstrapPropertySource {name='bootstrapProperties-oj-system-local.yaml,DEFAULT_GROUP'}, BootstrapPropertySource {name='bootstrapProperties-oj-system.yaml,DEFAULT_GROUP'}, BootstrapPropertySource {name='bootstrapProperties-oj-system,DEFAULT_GROUP'}]
17:40:35.550 [main] INFO  c.b.s.OjSystemApplication - [logStartupProfileInfo,636] - The following 1 profile is active: "local"
17:40:35.996 [main] INFO  o.s.d.r.c.RepositoryConfigurationDelegate - [multipleStoresDetected,294] - Multiple Spring Data modules found, entering strict repository configuration mode
17:40:35.998 [main] INFO  o.s.d.r.c.RepositoryConfigurationDelegate - [registerRepositoriesIn,138] - Bootstrapping Spring Data Redis repositories in DEFAULT mode.
17:40:36.016 [main] INFO  o.s.d.r.c.RepositoryConfigurationDelegate - [registerRepositoriesIn,208] - Finished Spring Data repository scanning in 7 ms. Found 0 Redis repository interfaces.
17:40:36.142 [main] INFO  o.s.c.c.s.GenericScope - [setSerializationId,282] - BeanFactory id=c8503308-e5d6-3142-89a6-0f6c1b212598
17:40:36.401 [main] INFO  o.s.b.w.e.t.TomcatWebServer - [initialize,108] - Tomcat initialized with port(s): 9201 (http)
17:40:36.407 [main] INFO  o.a.c.h.Http11NioProtocol - [log,173] - Initializing ProtocolHandler ["http-nio-9201"]
17:40:36.408 [main] INFO  o.a.c.c.StandardService - [log,173] - Starting service [Tomcat]
17:40:36.408 [main] INFO  o.a.c.c.StandardEngine - [log,173] - Starting Servlet engine: [Apache Tomcat/10.1.4]
17:40:36.470 [main] INFO  o.a.c.c.C.[.[.[/] - [log,173] - Initializing Spring embedded WebApplicationContext
17:40:36.470 [main] INFO  o.s.b.w.s.c.ServletWebServerApplicationContext - [prepareWebApplicationContext,291] - Root WebApplicationContext: initialization completed in 907 ms
17:40:37.623 [main] INFO  o.a.c.h.Http11NioProtocol - [log,173] - Starting ProtocolHandler ["http-nio-9201"]
17:40:37.633 [main] INFO  o.s.b.w.e.t.TomcatWebServer - [start,220] - Tomcat started on port(s): 9201 (http) with context path ''
17:40:37.636 [main] INFO  c.a.n.client.naming - [initNamespaceForNaming,62] - initializer namespace from ans.namespace attribute : null
17:40:37.637 [main] INFO  c.a.n.client.naming - [lambda$initNamespaceForNaming$0,66] - initializer namespace from ALIBABA_ALIWARE_NAMESPACE attribute :null
17:40:37.637 [main] INFO  c.a.n.client.naming - [lambda$initNamespaceForNaming$1,73] - initializer namespace from namespace attribute :null
17:40:37.643 [main] INFO  c.a.n.p.a.s.c.ClientAuthPluginManager - [init,56] - [ClientAuthPluginManager] Load ClientAuthService com.alibaba.nacos.client.auth.impl.NacosClientAuthServiceImpl success.
17:40:37.643 [main] INFO  c.a.n.p.a.s.c.ClientAuthPluginManager - [init,56] - [ClientAuthPluginManager] Load ClientAuthService com.alibaba.nacos.client.auth.ram.RamClientAuthServiceImpl success.
17:40:37.647 [main] INFO  c.a.n.c.r.client - [lambda$createClient$0,108] - [RpcClientFactory] create a new rpc client of 34f9d3e2-5c9c-4b25-ab6a-70299201e487
17:40:37.648 [main] INFO  c.a.n.c.r.client - [printIfInfoEnabled,63] - [34f9d3e2-5c9c-4b25-ab6a-70299201e487] RpcClient init, ServerListFactory = com.alibaba.nacos.client.naming.core.ServerListManager
17:40:37.648 [main] INFO  c.a.n.c.r.client - [printIfInfoEnabled,63] - [34f9d3e2-5c9c-4b25-ab6a-70299201e487] Registry connection listener to current client:com.alibaba.nacos.client.naming.remote.gprc.redo.NamingGrpcRedoService
17:40:37.649 [main] INFO  c.a.n.c.r.client - [printIfInfoEnabled,63] - [34f9d3e2-5c9c-4b25-ab6a-70299201e487] Register server push request handler:com.alibaba.nacos.client.naming.remote.gprc.NamingPushRequestHandler
17:40:37.649 [main] INFO  c.a.n.c.r.client - [printIfInfoEnabled,63] - [34f9d3e2-5c9c-4b25-ab6a-70299201e487] Try to connect to server on start up, server: {serverIp = 'localhost', server main port = 8848}
17:40:37.649 [main] INFO  c.a.n.c.r.c.g.GrpcClient - [createNewManagedChannel,182] - grpc client connection server:localhost ip,serverPort:9848,grpcTslConfig:{"sslProvider":"OPENSSL","enableTls":false,"mutualAuthEnable":false,"trustAll":false}
17:40:37.791 [main] INFO  c.a.n.c.r.client - [printIfInfoEnabled,63] - [34f9d3e2-5c9c-4b25-ab6a-70299201e487] Success to connect to server [localhost:8848] on start up, connectionId = 1777714837685_172.17.0.1_44092
17:40:37.791 [main] INFO  c.a.n.c.r.client - [printIfInfoEnabled,63] - [34f9d3e2-5c9c-4b25-ab6a-70299201e487] Register server push request handler:com.alibaba.nacos.common.remote.client.RpcClient$ConnectResetRequestHandler
17:40:37.791 [main] INFO  c.a.n.c.r.client - [printIfInfoEnabled,63] - [34f9d3e2-5c9c-4b25-ab6a-70299201e487] Register server push request handler:com.alibaba.nacos.common.remote.client.RpcClient$$Lambda$597/0x00000199a647d1a0
17:40:37.791 [com.alibaba.nacos.client.remote.worker] INFO  c.a.n.c.r.client - [printIfInfoEnabled,63] - [34f9d3e2-5c9c-4b25-ab6a-70299201e487] Notify connected event to listeners.
17:40:37.792 [com.alibaba.nacos.client.remote.worker] INFO  c.a.n.client.naming - [onConnected,78] - Grpc connection connect
17:40:37.792 [main] INFO  c.a.n.client.naming - [registerService,121] - [REGISTER-SERVICE] 1b411097-df3c-4cac-a649-ba6b6b22fcd4 registering service oj-system with instance Instance{instanceId='null', ip='172.20.10.6', port=9201, weight=1.0, healthy=true, enabled=true, ephemeral=true, clusterName='DEFAULT', serviceName='null', metadata={IPv6=[2409:897a:3d70:458f:4c5f:854a:1e61:1f44], preserved.register.source=SPRING_CLOUD}}
17:40:37.803 [main] INFO  c.a.c.n.r.NacosServiceRegistry - [register,76] - nacos registry, DEFAULT_GROUP oj-system 172.20.10.6:9201 register finished
17:40:37.953 [main] INFO  c.b.s.OjSystemApplication - [logStarted,57] - Started OjSystemApplication in 4.17 seconds (process running for 4.899)
17:40:37.956 [main] INFO  c.a.n.c.c.i.CacheData - [<clinit>,67] - nacos.cache.data.init.snapshot = true 
17:40:37.958 [main] INFO  c.a.n.c.c.i.ClientWorker - [addCacheDataIfAbsent,380] - [fixed-1b411097-df3c-4cac-a649-ba6b6b22fcd4-localhost_8848] [subscribe] oj-system-local.yaml+DEFAULT_GROUP+1b411097-df3c-4cac-a649-ba6b6b22fcd4
17:40:37.964 [main] INFO  c.a.n.c.c.i.CacheData - [addListener,197] - [fixed-1b411097-df3c-4cac-a649-ba6b6b22fcd4-localhost_8848] [add-listener] ok, tenant=1b411097-df3c-4cac-a649-ba6b6b22fcd4, dataId=oj-system-local.yaml, group=DEFAULT_GROUP, cnt=1
17:40:37.964 [main] INFO  c.a.c.n.r.NacosContextRefresher - [registerNacosListener,129] - [Nacos Config] Listening config: dataId=oj-system-local.yaml, group=DEFAULT_GROUP
17:40:37.965 [main] INFO  c.a.n.c.c.i.ClientWorker - [addCacheDataIfAbsent,380] - [fixed-1b411097-df3c-4cac-a649-ba6b6b22fcd4-localhost_8848] [subscribe] oj-system+DEFAULT_GROUP+1b411097-df3c-4cac-a649-ba6b6b22fcd4
17:40:37.965 [main] INFO  c.a.n.c.c.i.CacheData - [addListener,197] - [fixed-1b411097-df3c-4cac-a649-ba6b6b22fcd4-localhost_8848] [add-listener] ok, tenant=1b411097-df3c-4cac-a649-ba6b6b22fcd4, dataId=oj-system, group=DEFAULT_GROUP, cnt=1
17:40:37.965 [main] INFO  c.a.c.n.r.NacosContextRefresher - [registerNacosListener,129] - [Nacos Config] Listening config: dataId=oj-system, group=DEFAULT_GROUP
17:40:37.966 [main] INFO  c.a.n.c.c.i.ClientWorker - [addCacheDataIfAbsent,380] - [fixed-1b411097-df3c-4cac-a649-ba6b6b22fcd4-localhost_8848] [subscribe] oj-system.yaml+DEFAULT_GROUP+1b411097-df3c-4cac-a649-ba6b6b22fcd4
17:40:37.966 [main] INFO  c.a.n.c.c.i.CacheData - [addListener,197] - [fixed-1b411097-df3c-4cac-a649-ba6b6b22fcd4-localhost_8848] [add-listener] ok, tenant=1b411097-df3c-4cac-a649-ba6b6b22fcd4, dataId=oj-system.yaml, group=DEFAULT_GROUP, cnt=1
17:40:37.966 [main] INFO  c.a.c.n.r.NacosContextRefresher - [registerNacosListener,129] - [Nacos Config] Listening config: dataId=oj-system.yaml, group=DEFAULT_GROUP
17:40:42.478 [http-nio-9201-exec-5] INFO  o.a.c.c.C.[.[.[/] - [log,173] - Initializing Spring DispatcherServlet 'dispatcherServlet'
17:40:42.478 [http-nio-9201-exec-5] INFO  o.s.w.s.DispatcherServlet - [initServletBean,532] - Initializing Servlet 'dispatcherServlet'
17:40:42.480 [http-nio-9201-exec-5] INFO  o.s.w.s.DispatcherServlet - [initServletBean,554] - Completed initialization in 2 ms
17:40:45.856 [http-nio-9201-exec-5] INFO  c.z.h.HikariDataSource - [getConnection,110] - HikariPool-1 - Starting...
17:40:47.109 [http-nio-9201-exec-5] INFO  c.z.h.p.HikariPool - [checkFailFast,565] - HikariPool-1 - Added connection com.mysql.cj.jdbc.ConnectionImpl@4c87158e
17:40:47.114 [http-nio-9201-exec-5] INFO  c.z.h.HikariDataSource - [getConnection,123] - HikariPool-1 - Start completed.
18:05:32.001 [SpringApplicationShutdownHook] INFO  c.a.c.n.r.NacosServiceRegistry - [deregister,95] - De-registering from Nacos Server now...
18:05:32.002 [SpringApplicationShutdownHook] INFO  c.a.n.client.naming - [deregisterService,217] - [DEREGISTER-SERVICE] 1b411097-df3c-4cac-a649-ba6b6b22fcd4 deregistering service oj-system with instance: Instance{instanceId='null', ip='172.20.10.6', port=9201, weight=1.0, healthy=true, enabled=true, ephemeral=true, clusterName='DEFAULT', serviceName='null', metadata={}}
18:05:32.030 [SpringApplicationShutdownHook] INFO  c.a.c.n.r.NacosServiceRegistry - [deregister,115] - De-registration finished.
18:05:32.030 [SpringApplicationShutdownHook] INFO  c.a.n.client.naming - [shutdown,256] - com.alibaba.nacos.client.naming.cache.ServiceInfoHolder do shutdown begin
18:05:32.030 [SpringApplicationShutdownHook] INFO  c.a.n.client.naming - [shutdown,136] - com.alibaba.nacos.client.naming.backups.FailoverReactor do shutdown begin
18:05:32.030 [SpringApplicationShutdownHook] INFO  c.a.n.client.naming - [shutdown,138] - com.alibaba.nacos.client.naming.backups.FailoverReactor do shutdown stop
18:05:32.031 [SpringApplicationShutdownHook] INFO  c.a.n.client.naming - [shutdown,258] - com.alibaba.nacos.client.naming.cache.ServiceInfoHolder do shutdown stop
18:05:32.031 [SpringApplicationShutdownHook] INFO  c.a.n.client.naming - [shutdown,204] - com.alibaba.nacos.client.naming.remote.NamingClientProxyDelegate do shutdown begin
18:05:32.031 [SpringApplicationShutdownHook] INFO  c.a.n.client.naming - [shutdown,143] - com.alibaba.nacos.client.naming.core.ServiceInfoUpdateService do shutdown begin
18:05:32.031 [SpringApplicationShutdownHook] INFO  c.a.n.client.naming - [shutdown,145] - com.alibaba.nacos.client.naming.core.ServiceInfoUpdateService do shutdown stop
18:05:32.031 [SpringApplicationShutdownHook] INFO  c.a.n.client.naming - [shutdown,194] - com.alibaba.nacos.client.naming.core.ServerListManager do shutdown begin
18:05:32.031 [SpringApplicationShutdownHook] INFO  c.a.n.client.naming - [shutdown,199] - com.alibaba.nacos.client.naming.core.ServerListManager do shutdown stop
18:05:32.031 [SpringApplicationShutdownHook] INFO  c.a.n.client.naming - [shutdown,484] - com.alibaba.nacos.client.naming.remote.http.NamingHttpClientProxy do shutdown begin
18:05:32.031 [SpringApplicationShutdownHook] INFO  c.a.n.client.naming - [shutdown,486] - com.alibaba.nacos.client.naming.remote.http.NamingHttpClientProxy do shutdown stop
18:05:32.031 [SpringApplicationShutdownHook] INFO  c.a.n.c.r.client - [shutdown,429] - Shutdown rpc client, set status to shutdown
18:05:32.031 [SpringApplicationShutdownHook] INFO  c.a.n.c.r.client - [shutdown,431] - Shutdown client event executor java.util.concurrent.ScheduledThreadPoolExecutor@1bec2d68[Running, pool size = 2, active threads = 2, queued tasks = 0, completed tasks = 0]
18:05:32.031 [SpringApplicationShutdownHook] INFO  c.a.n.c.r.client - [closeConnection,584] - Close current connection 1777714837685_172.17.0.1_44092
18:05:32.036 [SpringApplicationShutdownHook] INFO  c.a.n.c.r.c.g.GrpcClient - [shutdown,159] - Shutdown grpc executor java.util.concurrent.ThreadPoolExecutor@739c6b7[Running, pool size = 4, active threads = 0, queued tasks = 0, completed tasks = 288]
18:05:32.036 [SpringApplicationShutdownHook] INFO  c.a.n.client.naming - [shutdown,318] - Shutdown grpc redo service executor java.util.concurrent.ScheduledThreadPoolExecutor@6e5f240[Running, pool size = 1, active threads = 0, queued tasks = 1, completed tasks = 459]
18:05:32.036 [SpringApplicationShutdownHook] INFO  c.a.n.c.a.r.i.CredentialWatcher - [stop,106] - [null] CredentialWatcher is stopped
18:05:32.037 [SpringApplicationShutdownHook] INFO  c.a.n.c.a.r.i.CredentialService - [free,100] - [null] CredentialService is freed
18:05:32.037 [SpringApplicationShutdownHook] INFO  c.a.n.client.naming - [shutdown,211] - com.alibaba.nacos.client.naming.remote.NamingClientProxyDelegate do shutdown stop
18:05:32.153 [SpringApplicationShutdownHook] INFO  c.z.h.HikariDataSource - [close,350] - HikariPool-1 - Shutdown initiated...
18:05:32.160 [SpringApplicationShutdownHook] INFO  c.z.h.HikariDataSource - [close,352] - HikariPool-1 - Shutdown completed.
18:28:40.396 [background-preinit] INFO  o.h.v.i.util.Version - [<clinit>,21] - HV000001: Hibernate Validator 8.0.0.Final
18:28:40.594 [main] INFO  c.a.n.c.u.ParamUtil - [<clinit>,87] - [settings] [req-serv] nacos-server port:8848
18:28:40.595 [main] INFO  c.a.n.c.u.ParamUtil - [<clinit>,98] - [settings] [http-client] connect timeout:1000
18:28:40.596 [main] INFO  c.a.n.c.u.ParamUtil - [<clinit>,105] - PER_TASK_CONFIG_SIZE: 3000.0
18:28:40.615 [main] INFO  c.a.n.p.a.s.c.ClientAuthPluginManager - [init,56] - [ClientAuthPluginManager] Load ClientAuthService com.alibaba.nacos.client.auth.impl.NacosClientAuthServiceImpl success.
18:28:40.615 [main] INFO  c.a.n.p.a.s.c.ClientAuthPluginManager - [init,56] - [ClientAuthPluginManager] Load ClientAuthService com.alibaba.nacos.client.auth.ram.RamClientAuthServiceImpl success.
18:28:40.620 [main] INFO  c.a.n.c.a.r.i.CredentialWatcher - [loadCredential,165] - null No credential found
18:28:40.868 [main] INFO  c.a.n.c.c.i.LocalConfigInfoProcessor - [<clinit>,63] - LOCAL_SNAPSHOT_PATH:C:\Users\45\nacos\config
18:28:40.871 [main] INFO  c.a.n.c.r.client - [lambda$createClient$0,108] - [RpcClientFactory] create a new rpc client of a0b21258-9016-45db-af07-c86d4c11689d_config-0
18:28:40.881 [main] INFO  c.a.n.c.r.client - [printIfInfoEnabled,63] - [a0b21258-9016-45db-af07-c86d4c11689d_config-0] Register server push request handler:com.alibaba.nacos.client.config.impl.ClientWorker$ConfigRpcTransportClient$$Lambda$582/0x000001a08136be10
18:28:40.882 [main] INFO  c.a.n.c.r.client - [printIfInfoEnabled,63] - [a0b21258-9016-45db-af07-c86d4c11689d_config-0] Register server push request handler:com.alibaba.nacos.client.config.impl.ClientWorker$ConfigRpcTransportClient$$Lambda$583/0x000001a08136c230
18:28:40.882 [main] INFO  c.a.n.c.r.client - [printIfInfoEnabled,63] - [a0b21258-9016-45db-af07-c86d4c11689d_config-0] Registry connection listener to current client:com.alibaba.nacos.client.config.impl.ClientWorker$ConfigRpcTransportClient$1
18:28:40.882 [main] INFO  c.a.n.c.r.client - [printIfInfoEnabled,63] - [a0b21258-9016-45db-af07-c86d4c11689d_config-0] RpcClient init, ServerListFactory = com.alibaba.nacos.client.config.impl.ClientWorker$ConfigRpcTransportClient$2
18:28:40.888 [main] INFO  c.a.n.c.r.client - [printIfInfoEnabled,63] - [a0b21258-9016-45db-af07-c86d4c11689d_config-0] Try to connect to server on start up, server: {serverIp = 'localhost', server main port = 8848}
18:28:40.910 [main] INFO  c.a.n.c.r.c.g.GrpcClient - [createNewManagedChannel,182] - grpc client connection server:localhost ip,serverPort:9848,grpcTslConfig:{"sslProvider":"OPENSSL","enableTls":false,"mutualAuthEnable":false,"trustAll":false}
18:28:41.581 [main] INFO  c.a.n.c.r.client - [printIfInfoEnabled,63] - [a0b21258-9016-45db-af07-c86d4c11689d_config-0] Success to connect to server [localhost:8848] on start up, connectionId = 1777717721411_172.17.0.1_44870
18:28:41.581 [com.alibaba.nacos.client.remote.worker] INFO  c.a.n.c.r.client - [printIfInfoEnabled,63] - [a0b21258-9016-45db-af07-c86d4c11689d_config-0] Notify connected event to listeners.
18:28:41.581 [com.alibaba.nacos.client.remote.worker] INFO  c.a.n.c.c.i.ClientWorker - [onConnected,639] - [a0b21258-9016-45db-af07-c86d4c11689d_config-0] Connected,notify listen context...
18:28:41.581 [main] INFO  c.a.n.c.r.client - [printIfInfoEnabled,63] - [a0b21258-9016-45db-af07-c86d4c11689d_config-0] Register server push request handler:com.alibaba.nacos.common.remote.client.RpcClient$ConnectResetRequestHandler
18:28:41.582 [main] INFO  c.a.n.c.r.client - [printIfInfoEnabled,63] - [a0b21258-9016-45db-af07-c86d4c11689d_config-0] Register server push request handler:com.alibaba.nacos.common.remote.client.RpcClient$$Lambda$603/0x000001a0814f30c8
18:28:41.616 [main] INFO  c.a.n.c.c.i.Limiter - [<clinit>,62] - limitTime:5.0
18:28:41.641 [main] INFO  c.a.n.c.c.u.JvmUtil - [<clinit>,54] - isMultiInstance:false
18:28:41.645 [main] INFO  o.s.c.b.c.PropertySourceBootstrapConfiguration - [initialize,108] - Located property source: [BootstrapPropertySource {name='bootstrapProperties-oj-system-local.yaml,DEFAULT_GROUP'}, BootstrapPropertySource {name='bootstrapProperties-oj-system.yaml,DEFAULT_GROUP'}, BootstrapPropertySource {name='bootstrapProperties-oj-system,DEFAULT_GROUP'}]
18:28:41.648 [main] INFO  c.b.s.OjSystemApplication - [logStartupProfileInfo,636] - The following 1 profile is active: "local"
18:28:42.055 [main] INFO  o.s.d.r.c.RepositoryConfigurationDelegate - [multipleStoresDetected,294] - Multiple Spring Data modules found, entering strict repository configuration mode
18:28:42.057 [main] INFO  o.s.d.r.c.RepositoryConfigurationDelegate - [registerRepositoriesIn,138] - Bootstrapping Spring Data Redis repositories in DEFAULT mode.
18:28:42.075 [main] INFO  o.s.d.r.c.RepositoryConfigurationDelegate - [registerRepositoriesIn,208] - Finished Spring Data repository scanning in 7 ms. Found 0 Redis repository interfaces.
18:28:42.208 [main] INFO  o.s.c.c.s.GenericScope - [setSerializationId,282] - BeanFactory id=e7c7389d-2791-34c4-a801-3b4f326d2580
18:28:42.471 [main] INFO  o.s.b.w.e.t.TomcatWebServer - [initialize,108] - Tomcat initialized with port(s): 9201 (http)
18:28:42.479 [main] INFO  o.a.c.h.Http11NioProtocol - [log,173] - Initializing ProtocolHandler ["http-nio-9201"]
18:28:42.479 [main] INFO  o.a.c.c.StandardService - [log,173] - Starting service [Tomcat]
18:28:42.479 [main] INFO  o.a.c.c.StandardEngine - [log,173] - Starting Servlet engine: [Apache Tomcat/10.1.4]
18:28:42.540 [main] INFO  o.a.c.c.C.[.[.[/] - [log,173] - Initializing Spring embedded WebApplicationContext
18:28:42.540 [main] INFO  o.s.b.w.s.c.ServletWebServerApplicationContext - [prepareWebApplicationContext,291] - Root WebApplicationContext: initialization completed in 880 ms
18:28:43.798 [main] INFO  o.a.c.h.Http11NioProtocol - [log,173] - Starting ProtocolHandler ["http-nio-9201"]
18:28:43.815 [main] INFO  o.s.b.w.e.t.TomcatWebServer - [start,220] - Tomcat started on port(s): 9201 (http) with context path ''
18:28:43.818 [main] INFO  c.a.n.client.naming - [initNamespaceForNaming,62] - initializer namespace from ans.namespace attribute : null
18:28:43.822 [main] INFO  c.a.n.client.naming - [lambda$initNamespaceForNaming$0,66] - initializer namespace from ALIBABA_ALIWARE_NAMESPACE attribute :null
18:28:43.822 [main] INFO  c.a.n.client.naming - [lambda$initNamespaceForNaming$1,73] - initializer namespace from namespace attribute :null
18:28:43.829 [main] INFO  c.a.n.p.a.s.c.ClientAuthPluginManager - [init,56] - [ClientAuthPluginManager] Load ClientAuthService com.alibaba.nacos.client.auth.impl.NacosClientAuthServiceImpl success.
18:28:43.829 [main] INFO  c.a.n.p.a.s.c.ClientAuthPluginManager - [init,56] - [ClientAuthPluginManager] Load ClientAuthService com.alibaba.nacos.client.auth.ram.RamClientAuthServiceImpl success.
18:28:43.833 [main] INFO  c.a.n.c.r.client - [lambda$createClient$0,108] - [RpcClientFactory] create a new rpc client of e5516db5-7b8b-4b7c-987a-b3bd79a758d6
18:28:43.835 [main] INFO  c.a.n.c.r.client - [printIfInfoEnabled,63] - [e5516db5-7b8b-4b7c-987a-b3bd79a758d6] RpcClient init, ServerListFactory = com.alibaba.nacos.client.naming.core.ServerListManager
18:28:43.835 [main] INFO  c.a.n.c.r.client - [printIfInfoEnabled,63] - [e5516db5-7b8b-4b7c-987a-b3bd79a758d6] Registry connection listener to current client:com.alibaba.nacos.client.naming.remote.gprc.redo.NamingGrpcRedoService
18:28:43.835 [main] INFO  c.a.n.c.r.client - [printIfInfoEnabled,63] - [e5516db5-7b8b-4b7c-987a-b3bd79a758d6] Register server push request handler:com.alibaba.nacos.client.naming.remote.gprc.NamingPushRequestHandler
18:28:43.836 [main] INFO  c.a.n.c.r.client - [printIfInfoEnabled,63] - [e5516db5-7b8b-4b7c-987a-b3bd79a758d6] Try to connect to server on start up, server: {serverIp = 'localhost', server main port = 8848}
18:28:43.836 [main] INFO  c.a.n.c.r.c.g.GrpcClient - [createNewManagedChannel,182] - grpc client connection server:localhost ip,serverPort:9848,grpcTslConfig:{"sslProvider":"OPENSSL","enableTls":false,"mutualAuthEnable":false,"trustAll":false}
18:28:43.950 [main] INFO  c.a.n.c.r.client - [printIfInfoEnabled,63] - [e5516db5-7b8b-4b7c-987a-b3bd79a758d6] Success to connect to server [localhost:8848] on start up, connectionId = 1777717723840_172.17.0.1_47616
18:28:43.950 [main] INFO  c.a.n.c.r.client - [printIfInfoEnabled,63] - [e5516db5-7b8b-4b7c-987a-b3bd79a758d6] Register server push request handler:com.alibaba.nacos.common.remote.client.RpcClient$ConnectResetRequestHandler
18:28:43.950 [main] INFO  c.a.n.c.r.client - [printIfInfoEnabled,63] - [e5516db5-7b8b-4b7c-987a-b3bd79a758d6] Register server push request handler:com.alibaba.nacos.common.remote.client.RpcClient$$Lambda$603/0x000001a0814f30c8
18:28:43.950 [com.alibaba.nacos.client.remote.worker] INFO  c.a.n.c.r.client - [printIfInfoEnabled,63] - [e5516db5-7b8b-4b7c-987a-b3bd79a758d6] Notify connected event to listeners.
18:28:43.951 [com.alibaba.nacos.client.remote.worker] INFO  c.a.n.client.naming - [onConnected,78] - Grpc connection connect
18:28:43.951 [main] INFO  c.a.n.client.naming - [registerService,121] - [REGISTER-SERVICE] 1b411097-df3c-4cac-a649-ba6b6b22fcd4 registering service oj-system with instance Instance{instanceId='null', ip='172.20.10.6', port=9201, weight=1.0, healthy=true, enabled=true, ephemeral=true, clusterName='DEFAULT', serviceName='null', metadata={IPv6=[2409:897a:3ce8:2cf1:e022:e9ef:48b7:f704], preserved.register.source=SPRING_CLOUD}}
18:28:43.961 [main] INFO  c.a.c.n.r.NacosServiceRegistry - [register,76] - nacos registry, DEFAULT_GROUP oj-system 172.20.10.6:9201 register finished
18:28:44.119 [main] INFO  c.b.s.OjSystemApplication - [logStarted,57] - Started OjSystemApplication in 4.155 seconds (process running for 4.651)
18:28:44.122 [main] INFO  c.a.n.c.c.i.CacheData - [<clinit>,67] - nacos.cache.data.init.snapshot = true 
18:28:44.123 [main] INFO  c.a.n.c.c.i.ClientWorker - [addCacheDataIfAbsent,380] - [fixed-1b411097-df3c-4cac-a649-ba6b6b22fcd4-localhost_8848] [subscribe] oj-system-local.yaml+DEFAULT_GROUP+1b411097-df3c-4cac-a649-ba6b6b22fcd4
18:28:44.129 [main] INFO  c.a.n.c.c.i.CacheData - [addListener,197] - [fixed-1b411097-df3c-4cac-a649-ba6b6b22fcd4-localhost_8848] [add-listener] ok, tenant=1b411097-df3c-4cac-a649-ba6b6b22fcd4, dataId=oj-system-local.yaml, group=DEFAULT_GROUP, cnt=1
18:28:44.129 [main] INFO  c.a.c.n.r.NacosContextRefresher - [registerNacosListener,129] - [Nacos Config] Listening config: dataId=oj-system-local.yaml, group=DEFAULT_GROUP
18:28:44.130 [main] INFO  c.a.n.c.c.i.ClientWorker - [addCacheDataIfAbsent,380] - [fixed-1b411097-df3c-4cac-a649-ba6b6b22fcd4-localhost_8848] [subscribe] oj-system+DEFAULT_GROUP+1b411097-df3c-4cac-a649-ba6b6b22fcd4
18:28:44.130 [main] INFO  c.a.n.c.c.i.CacheData - [addListener,197] - [fixed-1b411097-df3c-4cac-a649-ba6b6b22fcd4-localhost_8848] [add-listener] ok, tenant=1b411097-df3c-4cac-a649-ba6b6b22fcd4, dataId=oj-system, group=DEFAULT_GROUP, cnt=1
18:28:44.131 [main] INFO  c.a.c.n.r.NacosContextRefresher - [registerNacosListener,129] - [Nacos Config] Listening config: dataId=oj-system, group=DEFAULT_GROUP
18:28:44.131 [main] INFO  c.a.n.c.c.i.ClientWorker - [addCacheDataIfAbsent,380] - [fixed-1b411097-df3c-4cac-a649-ba6b6b22fcd4-localhost_8848] [subscribe] oj-system.yaml+DEFAULT_GROUP+1b411097-df3c-4cac-a649-ba6b6b22fcd4
18:28:44.131 [main] INFO  c.a.n.c.c.i.CacheData - [addListener,197] - [fixed-1b411097-df3c-4cac-a649-ba6b6b22fcd4-localhost_8848] [add-listener] ok, tenant=1b411097-df3c-4cac-a649-ba6b6b22fcd4, dataId=oj-system.yaml, group=DEFAULT_GROUP, cnt=1
18:28:44.131 [main] INFO  c.a.c.n.r.NacosContextRefresher - [registerNacosListener,129] - [Nacos Config] Listening config: dataId=oj-system.yaml, group=DEFAULT_GROUP
18:32:48.781 [http-nio-9201-exec-2] INFO  o.a.c.c.C.[.[.[/] - [log,173] - Initializing Spring DispatcherServlet 'dispatcherServlet'
18:32:48.781 [http-nio-9201-exec-2] INFO  o.s.w.s.DispatcherServlet - [initServletBean,532] - Initializing Servlet 'dispatcherServlet'
18:32:48.782 [http-nio-9201-exec-2] INFO  o.s.w.s.DispatcherServlet - [initServletBean,554] - Completed initialization in 1 ms
18:38:35.307 [SpringApplicationShutdownHook] INFO  c.a.c.n.r.NacosServiceRegistry - [deregister,95] - De-registering from Nacos Server now...
18:38:35.308 [SpringApplicationShutdownHook] INFO  c.a.n.client.naming - [deregisterService,217] - [DEREGISTER-SERVICE] 1b411097-df3c-4cac-a649-ba6b6b22fcd4 deregistering service oj-system with instance: Instance{instanceId='null', ip='172.20.10.6', port=9201, weight=1.0, healthy=true, enabled=true, ephemeral=true, clusterName='DEFAULT', serviceName='null', metadata={}}
18:38:35.311 [SpringApplicationShutdownHook] INFO  c.a.c.n.r.NacosServiceRegistry - [deregister,115] - De-registration finished.
18:38:35.312 [SpringApplicationShutdownHook] INFO  c.a.n.client.naming - [shutdown,256] - com.alibaba.nacos.client.naming.cache.ServiceInfoHolder do shutdown begin
18:38:35.312 [SpringApplicationShutdownHook] INFO  c.a.n.client.naming - [shutdown,136] - com.alibaba.nacos.client.naming.backups.FailoverReactor do shutdown begin
18:38:35.313 [SpringApplicationShutdownHook] INFO  c.a.n.client.naming - [shutdown,138] - com.alibaba.nacos.client.naming.backups.FailoverReactor do shutdown stop
18:38:35.313 [SpringApplicationShutdownHook] INFO  c.a.n.client.naming - [shutdown,258] - com.alibaba.nacos.client.naming.cache.ServiceInfoHolder do shutdown stop
18:38:35.313 [SpringApplicationShutdownHook] INFO  c.a.n.client.naming - [shutdown,204] - com.alibaba.nacos.client.naming.remote.NamingClientProxyDelegate do shutdown begin
18:38:35.313 [SpringApplicationShutdownHook] INFO  c.a.n.client.naming - [shutdown,143] - com.alibaba.nacos.client.naming.core.ServiceInfoUpdateService do shutdown begin
18:38:35.313 [SpringApplicationShutdownHook] INFO  c.a.n.client.naming - [shutdown,145] - com.alibaba.nacos.client.naming.core.ServiceInfoUpdateService do shutdown stop
18:38:35.313 [SpringApplicationShutdownHook] INFO  c.a.n.client.naming - [shutdown,194] - com.alibaba.nacos.client.naming.core.ServerListManager do shutdown begin
18:38:35.313 [SpringApplicationShutdownHook] INFO  c.a.n.client.naming - [shutdown,199] - com.alibaba.nacos.client.naming.core.ServerListManager do shutdown stop
18:38:35.348 [SpringApplicationShutdownHook] INFO  c.a.n.client.naming - [shutdown,484] - com.alibaba.nacos.client.naming.remote.http.NamingHttpClientProxy do shutdown begin
18:38:35.349 [SpringApplicationShutdownHook] INFO  c.a.n.client.naming - [shutdown,486] - com.alibaba.nacos.client.naming.remote.http.NamingHttpClientProxy do shutdown stop
18:38:35.349 [SpringApplicationShutdownHook] INFO  c.a.n.c.r.client - [shutdown,429] - Shutdown rpc client, set status to shutdown
18:38:35.349 [SpringApplicationShutdownHook] INFO  c.a.n.c.r.client - [shutdown,431] - Shutdown client event executor java.util.concurrent.ScheduledThreadPoolExecutor@48924cc6[Running, pool size = 2, active threads = 2, queued tasks = 0, completed tasks = 0]
18:38:35.350 [SpringApplicationShutdownHook] INFO  c.a.n.c.r.client - [closeConnection,584] - Close current connection 1777717723840_172.17.0.1_47616
18:38:35.354 [SpringApplicationShutdownHook] INFO  c.a.n.c.r.c.g.GrpcClient - [shutdown,159] - Shutdown grpc executor java.util.concurrent.ThreadPoolExecutor@746d8369[Running, pool size = 4, active threads = 0, queued tasks = 0, completed tasks = 132]
18:38:35.355 [SpringApplicationShutdownHook] INFO  c.a.n.client.naming - [shutdown,318] - Shutdown grpc redo service executor java.util.concurrent.ScheduledThreadPoolExecutor@16e71b50[Running, pool size = 1, active threads = 0, queued tasks = 1, completed tasks = 196]
18:38:35.355 [SpringApplicationShutdownHook] INFO  c.a.n.c.a.r.i.CredentialWatcher - [stop,106] - [null] CredentialWatcher is stopped
18:38:35.355 [SpringApplicationShutdownHook] INFO  c.a.n.c.a.r.i.CredentialService - [free,100] - [null] CredentialService is freed
18:38:35.355 [SpringApplicationShutdownHook] INFO  c.a.n.client.naming - [shutdown,211] - com.alibaba.nacos.client.naming.remote.NamingClientProxyDelegate do shutdown stop
18:38:39.633 [background-preinit] INFO  o.h.v.i.util.Version - [<clinit>,21] - HV000001: Hibernate Validator 8.0.0.Final
18:38:39.871 [main] INFO  c.a.n.c.u.ParamUtil - [<clinit>,87] - [settings] [req-serv] nacos-server port:8848
18:38:39.871 [main] INFO  c.a.n.c.u.ParamUtil - [<clinit>,98] - [settings] [http-client] connect timeout:1000
18:38:39.872 [main] INFO  c.a.n.c.u.ParamUtil - [<clinit>,105] - PER_TASK_CONFIG_SIZE: 3000.0
18:38:39.899 [main] INFO  c.a.n.p.a.s.c.ClientAuthPluginManager - [init,56] - [ClientAuthPluginManager] Load ClientAuthService com.alibaba.nacos.client.auth.impl.NacosClientAuthServiceImpl success.
18:38:39.899 [main] INFO  c.a.n.p.a.s.c.ClientAuthPluginManager - [init,56] - [ClientAuthPluginManager] Load ClientAuthService com.alibaba.nacos.client.auth.ram.RamClientAuthServiceImpl success.
18:38:39.901 [main] INFO  c.a.n.c.a.r.i.CredentialWatcher - [loadCredential,165] - null No credential found
18:38:40.174 [main] INFO  c.a.n.c.c.i.LocalConfigInfoProcessor - [<clinit>,63] - LOCAL_SNAPSHOT_PATH:C:\Users\45\nacos\config
18:38:40.177 [main] INFO  c.a.n.c.r.client - [lambda$createClient$0,108] - [RpcClientFactory] create a new rpc client of a6af425c-3f7e-4796-b3bc-f6db8f47d773_config-0
18:38:40.200 [main] INFO  c.a.n.c.r.client - [printIfInfoEnabled,63] - [a6af425c-3f7e-4796-b3bc-f6db8f47d773_config-0] Register server push request handler:com.alibaba.nacos.client.config.impl.ClientWorker$ConfigRpcTransportClient$$Lambda$582/0x000002808136fbf8
18:38:40.200 [main] INFO  c.a.n.c.r.client - [printIfInfoEnabled,63] - [a6af425c-3f7e-4796-b3bc-f6db8f47d773_config-0] Register server push request handler:com.alibaba.nacos.client.config.impl.ClientWorker$ConfigRpcTransportClient$$Lambda$583/0x0000028081370200
18:38:40.201 [main] INFO  c.a.n.c.r.client - [printIfInfoEnabled,63] - [a6af425c-3f7e-4796-b3bc-f6db8f47d773_config-0] Registry connection listener to current client:com.alibaba.nacos.client.config.impl.ClientWorker$ConfigRpcTransportClient$1
18:38:40.201 [main] INFO  c.a.n.c.r.client - [printIfInfoEnabled,63] - [a6af425c-3f7e-4796-b3bc-f6db8f47d773_config-0] RpcClient init, ServerListFactory = com.alibaba.nacos.client.config.impl.ClientWorker$ConfigRpcTransportClient$2
18:38:40.211 [main] INFO  c.a.n.c.r.client - [printIfInfoEnabled,63] - [a6af425c-3f7e-4796-b3bc-f6db8f47d773_config-0] Try to connect to server on start up, server: {serverIp = 'localhost', server main port = 8848}
18:38:40.247 [main] INFO  c.a.n.c.r.c.g.GrpcClient - [createNewManagedChannel,182] - grpc client connection server:localhost ip,serverPort:9848,grpcTslConfig:{"sslProvider":"OPENSSL","enableTls":false,"mutualAuthEnable":false,"trustAll":false}
18:38:41.101 [main] INFO  c.a.n.c.r.client - [printIfInfoEnabled,63] - [a6af425c-3f7e-4796-b3bc-f6db8f47d773_config-0] Success to connect to server [localhost:8848] on start up, connectionId = 1777718320909_172.17.0.1_38408
18:38:41.101 [com.alibaba.nacos.client.remote.worker] INFO  c.a.n.c.r.client - [printIfInfoEnabled,63] - [a6af425c-3f7e-4796-b3bc-f6db8f47d773_config-0] Notify connected event to listeners.
18:38:41.102 [com.alibaba.nacos.client.remote.worker] INFO  c.a.n.c.c.i.ClientWorker - [onConnected,639] - [a6af425c-3f7e-4796-b3bc-f6db8f47d773_config-0] Connected,notify listen context...
18:38:41.102 [main] INFO  c.a.n.c.r.client - [printIfInfoEnabled,63] - [a6af425c-3f7e-4796-b3bc-f6db8f47d773_config-0] Register server push request handler:com.alibaba.nacos.common.remote.client.RpcClient$ConnectResetRequestHandler
18:38:41.102 [main] INFO  c.a.n.c.r.client - [printIfInfoEnabled,63] - [a6af425c-3f7e-4796-b3bc-f6db8f47d773_config-0] Register server push request handler:com.alibaba.nacos.common.remote.client.RpcClient$$Lambda$603/0x00000280814f6358
18:38:41.137 [main] INFO  c.a.n.c.c.i.Limiter - [<clinit>,62] - limitTime:5.0
18:38:41.165 [background-preinit] INFO  o.h.v.i.util.Version - [<clinit>,21] - HV000001: Hibernate Validator 8.0.0.Final
18:38:41.213 [main] INFO  c.a.n.c.c.u.JvmUtil - [<clinit>,54] - isMultiInstance:false
18:38:41.219 [main] INFO  o.s.c.b.c.PropertySourceBootstrapConfiguration - [initialize,108] - Located property source: [BootstrapPropertySource {name='bootstrapProperties-oj-system-local.yaml,DEFAULT_GROUP'}, BootstrapPropertySource {name='bootstrapProperties-oj-system.yaml,DEFAULT_GROUP'}, BootstrapPropertySource {name='bootstrapProperties-oj-system,DEFAULT_GROUP'}]
18:38:41.223 [main] INFO  c.b.s.OjSystemApplication - [logStartupProfileInfo,636] - The following 1 profile is active: "local"
18:38:41.369 [main] INFO  c.a.n.c.u.ParamUtil - [<clinit>,87] - [settings] [req-serv] nacos-server port:8848
18:38:41.369 [main] INFO  c.a.n.c.u.ParamUtil - [<clinit>,98] - [settings] [http-client] connect timeout:1000
18:38:41.370 [main] INFO  c.a.n.c.u.ParamUtil - [<clinit>,105] - PER_TASK_CONFIG_SIZE: 3000.0
18:38:41.395 [main] INFO  c.a.n.p.a.s.c.ClientAuthPluginManager - [init,56] - [ClientAuthPluginManager] Load ClientAuthService com.alibaba.nacos.client.auth.impl.NacosClientAuthServiceImpl success.
18:38:41.395 [main] INFO  c.a.n.p.a.s.c.ClientAuthPluginManager - [init,56] - [ClientAuthPluginManager] Load ClientAuthService com.alibaba.nacos.client.auth.ram.RamClientAuthServiceImpl success.
18:38:41.398 [main] INFO  c.a.n.c.a.r.i.CredentialWatcher - [loadCredential,165] - null No credential found
18:38:41.654 [main] INFO  c.a.n.c.c.i.LocalConfigInfoProcessor - [<clinit>,63] - LOCAL_SNAPSHOT_PATH:C:\Users\45\nacos\config
18:38:41.657 [main] INFO  c.a.n.c.r.client - [lambda$createClient$0,108] - [RpcClientFactory] create a new rpc client of 5158ffdd-61c6-4952-979d-63dd5b948dbc_config-0
18:38:41.670 [main] INFO  c.a.n.c.r.client - [printIfInfoEnabled,63] - [5158ffdd-61c6-4952-979d-63dd5b948dbc_config-0] Register server push request handler:com.alibaba.nacos.client.config.impl.ClientWorker$ConfigRpcTransportClient$$Lambda$582/0x00000250aa36a918
18:38:41.670 [main] INFO  c.a.n.c.r.client - [printIfInfoEnabled,63] - [5158ffdd-61c6-4952-979d-63dd5b948dbc_config-0] Register server push request handler:com.alibaba.nacos.client.config.impl.ClientWorker$ConfigRpcTransportClient$$Lambda$583/0x00000250aa36ad38
18:38:41.670 [main] INFO  c.a.n.c.r.client - [printIfInfoEnabled,63] - [5158ffdd-61c6-4952-979d-63dd5b948dbc_config-0] Registry connection listener to current client:com.alibaba.nacos.client.config.impl.ClientWorker$ConfigRpcTransportClient$1
18:38:41.671 [main] INFO  c.a.n.c.r.client - [printIfInfoEnabled,63] - [5158ffdd-61c6-4952-979d-63dd5b948dbc_config-0] RpcClient init, ServerListFactory = com.alibaba.nacos.client.config.impl.ClientWorker$ConfigRpcTransportClient$2
18:38:41.678 [main] INFO  c.a.n.c.r.client - [printIfInfoEnabled,63] - [5158ffdd-61c6-4952-979d-63dd5b948dbc_config-0] Try to connect to server on start up, server: {serverIp = 'localhost', server main port = 8848}
18:38:41.687 [main] INFO  o.s.d.r.c.RepositoryConfigurationDelegate - [multipleStoresDetected,294] - Multiple Spring Data modules found, entering strict repository configuration mode
18:38:41.690 [main] INFO  o.s.d.r.c.RepositoryConfigurationDelegate - [registerRepositoriesIn,138] - Bootstrapping Spring Data Redis repositories in DEFAULT mode.
18:38:41.702 [main] INFO  c.a.n.c.r.c.g.GrpcClient - [createNewManagedChannel,182] - grpc client connection server:localhost ip,serverPort:9848,grpcTslConfig:{"sslProvider":"OPENSSL","enableTls":false,"mutualAuthEnable":false,"trustAll":false}
18:38:41.706 [main] INFO  o.s.d.r.c.RepositoryConfigurationDelegate - [registerRepositoriesIn,208] - Finished Spring Data repository scanning in 7 ms. Found 0 Redis repository interfaces.
18:38:41.844 [main] INFO  o.s.c.c.s.GenericScope - [setSerializationId,282] - BeanFactory id=e7c7389d-2791-34c4-a801-3b4f326d2580
18:38:42.117 [main] INFO  o.s.b.w.e.t.TomcatWebServer - [initialize,108] - Tomcat initialized with port(s): 9201 (http)
18:38:42.124 [main] INFO  o.a.c.h.Http11NioProtocol - [log,173] - Initializing ProtocolHandler ["http-nio-9201"]
18:38:42.124 [main] INFO  o.a.c.c.StandardService - [log,173] - Starting service [Tomcat]
18:38:42.124 [main] INFO  o.a.c.c.StandardEngine - [log,173] - Starting Servlet engine: [Apache Tomcat/10.1.4]
18:38:42.196 [main] INFO  o.a.c.c.C.[.[.[/] - [log,173] - Initializing Spring embedded WebApplicationContext
18:38:42.197 [main] INFO  o.s.b.w.s.c.ServletWebServerApplicationContext - [prepareWebApplicationContext,291] - Root WebApplicationContext: initialization completed in 961 ms
18:38:42.425 [main] INFO  c.a.n.c.r.client - [printIfInfoEnabled,63] - [5158ffdd-61c6-4952-979d-63dd5b948dbc_config-0] Success to connect to server [localhost:8848] on start up, connectionId = 1777718322264_172.17.0.1_38420
18:38:42.425 [com.alibaba.nacos.client.remote.worker] INFO  c.a.n.c.r.client - [printIfInfoEnabled,63] - [5158ffdd-61c6-4952-979d-63dd5b948dbc_config-0] Notify connected event to listeners.
18:38:42.426 [com.alibaba.nacos.client.remote.worker] INFO  c.a.n.c.c.i.ClientWorker - [onConnected,639] - [5158ffdd-61c6-4952-979d-63dd5b948dbc_config-0] Connected,notify listen context...
18:38:42.426 [main] INFO  c.a.n.c.r.client - [printIfInfoEnabled,63] - [5158ffdd-61c6-4952-979d-63dd5b948dbc_config-0] Register server push request handler:com.alibaba.nacos.common.remote.client.RpcClient$ConnectResetRequestHandler
18:38:42.426 [main] INFO  c.a.n.c.r.client - [printIfInfoEnabled,63] - [5158ffdd-61c6-4952-979d-63dd5b948dbc_config-0] Register server push request handler:com.alibaba.nacos.common.remote.client.RpcClient$$Lambda$603/0x00000250aa4f20d8
18:38:42.453 [main] INFO  c.a.n.c.c.i.Limiter - [<clinit>,62] - limitTime:5.0
18:38:42.481 [main] INFO  c.a.n.c.c.u.JvmUtil - [<clinit>,54] - isMultiInstance:false
18:38:42.485 [main] INFO  o.s.c.b.c.PropertySourceBootstrapConfiguration - [initialize,108] - Located property source: [BootstrapPropertySource {name='bootstrapProperties-oj-system-local.yaml,DEFAULT_GROUP'}, BootstrapPropertySource {name='bootstrapProperties-oj-system.yaml,DEFAULT_GROUP'}, BootstrapPropertySource {name='bootstrapProperties-oj-system,DEFAULT_GROUP'}]
18:38:42.489 [main] INFO  c.b.s.OjSystemApplication - [logStartupProfileInfo,636] - The following 1 profile is active: "local"
18:38:42.924 [main] INFO  o.s.d.r.c.RepositoryConfigurationDelegate - [multipleStoresDetected,294] - Multiple Spring Data modules found, entering strict repository configuration mode
18:38:42.927 [main] INFO  o.s.d.r.c.RepositoryConfigurationDelegate - [registerRepositoriesIn,138] - Bootstrapping Spring Data Redis repositories in DEFAULT mode.
18:38:42.943 [main] INFO  o.s.d.r.c.RepositoryConfigurationDelegate - [registerRepositoriesIn,208] - Finished Spring Data repository scanning in 7 ms. Found 0 Redis repository interfaces.
18:38:43.059 [main] INFO  o.s.c.c.s.GenericScope - [setSerializationId,282] - BeanFactory id=e7c7389d-2791-34c4-a801-3b4f326d2580
18:38:43.343 [main] INFO  o.s.b.w.e.t.TomcatWebServer - [initialize,108] - Tomcat initialized with port(s): 9201 (http)
18:38:43.349 [main] INFO  o.a.c.h.Http11NioProtocol - [log,173] - Initializing ProtocolHandler ["http-nio-9201"]
18:38:43.350 [main] INFO  o.a.c.c.StandardService - [log,173] - Starting service [Tomcat]
18:38:43.350 [main] INFO  o.a.c.c.StandardEngine - [log,173] - Starting Servlet engine: [Apache Tomcat/10.1.4]
18:38:43.408 [main] INFO  o.a.c.c.C.[.[.[/] - [log,173] - Initializing Spring embedded WebApplicationContext
18:38:43.408 [main] INFO  o.s.b.w.s.c.ServletWebServerApplicationContext - [prepareWebApplicationContext,291] - Root WebApplicationContext: initialization completed in 909 ms
18:38:43.464 [main] INFO  o.a.c.h.Http11NioProtocol - [log,173] - Starting ProtocolHandler ["http-nio-9201"]
18:38:43.474 [main] INFO  o.s.b.w.e.t.TomcatWebServer - [start,220] - Tomcat started on port(s): 9201 (http) with context path ''
18:38:43.478 [main] INFO  c.a.n.client.naming - [initNamespaceForNaming,62] - initializer namespace from ans.namespace attribute : null
18:38:43.478 [main] INFO  c.a.n.client.naming - [lambda$initNamespaceForNaming$0,66] - initializer namespace from ALIBABA_ALIWARE_NAMESPACE attribute :null
18:38:43.479 [main] INFO  c.a.n.client.naming - [lambda$initNamespaceForNaming$1,73] - initializer namespace from namespace attribute :null
18:38:43.485 [main] INFO  c.a.n.p.a.s.c.ClientAuthPluginManager - [init,56] - [ClientAuthPluginManager] Load ClientAuthService com.alibaba.nacos.client.auth.impl.NacosClientAuthServiceImpl success.
18:38:43.485 [main] INFO  c.a.n.p.a.s.c.ClientAuthPluginManager - [init,56] - [ClientAuthPluginManager] Load ClientAuthService com.alibaba.nacos.client.auth.ram.RamClientAuthServiceImpl success.
18:38:43.489 [main] INFO  c.a.n.c.r.client - [lambda$createClient$0,108] - [RpcClientFactory] create a new rpc client of 5b97ba5c-472b-43b0-9db3-d2214adde25f
18:38:43.490 [main] INFO  c.a.n.c.r.client - [printIfInfoEnabled,63] - [5b97ba5c-472b-43b0-9db3-d2214adde25f] RpcClient init, ServerListFactory = com.alibaba.nacos.client.naming.core.ServerListManager
18:38:43.491 [main] INFO  c.a.n.c.r.client - [printIfInfoEnabled,63] - [5b97ba5c-472b-43b0-9db3-d2214adde25f] Registry connection listener to current client:com.alibaba.nacos.client.naming.remote.gprc.redo.NamingGrpcRedoService
18:38:43.491 [main] INFO  c.a.n.c.r.client - [printIfInfoEnabled,63] - [5b97ba5c-472b-43b0-9db3-d2214adde25f] Register server push request handler:com.alibaba.nacos.client.naming.remote.gprc.NamingPushRequestHandler
18:38:43.491 [main] INFO  c.a.n.c.r.client - [printIfInfoEnabled,63] - [5b97ba5c-472b-43b0-9db3-d2214adde25f] Try to connect to server on start up, server: {serverIp = 'localhost', server main port = 8848}
18:38:43.491 [main] INFO  c.a.n.c.r.c.g.GrpcClient - [createNewManagedChannel,182] - grpc client connection server:localhost ip,serverPort:9848,grpcTslConfig:{"sslProvider":"OPENSSL","enableTls":false,"mutualAuthEnable":false,"trustAll":false}
18:38:43.615 [main] INFO  c.a.n.c.r.client - [printIfInfoEnabled,63] - [5b97ba5c-472b-43b0-9db3-d2214adde25f] Success to connect to server [localhost:8848] on start up, connectionId = 1777718323498_172.17.0.1_55852
18:38:43.615 [main] INFO  c.a.n.c.r.client - [printIfInfoEnabled,63] - [5b97ba5c-472b-43b0-9db3-d2214adde25f] Register server push request handler:com.alibaba.nacos.common.remote.client.RpcClient$ConnectResetRequestHandler
18:38:43.615 [com.alibaba.nacos.client.remote.worker] INFO  c.a.n.c.r.client - [printIfInfoEnabled,63] - [5b97ba5c-472b-43b0-9db3-d2214adde25f] Notify connected event to listeners.
18:38:43.616 [com.alibaba.nacos.client.remote.worker] INFO  c.a.n.client.naming - [onConnected,78] - Grpc connection connect
18:38:43.616 [main] INFO  c.a.n.c.r.client - [printIfInfoEnabled,63] - [5b97ba5c-472b-43b0-9db3-d2214adde25f] Register server push request handler:com.alibaba.nacos.common.remote.client.RpcClient$$Lambda$603/0x00000280814f6358
18:38:43.617 [main] INFO  c.a.n.client.naming - [registerService,121] - [REGISTER-SERVICE] 1b411097-df3c-4cac-a649-ba6b6b22fcd4 registering service oj-system with instance Instance{instanceId='null', ip='172.20.10.6', port=9201, weight=1.0, healthy=true, enabled=true, ephemeral=true, clusterName='DEFAULT', serviceName='null', metadata={IPv6=[2409:897a:3ce8:2cf1:e022:e9ef:48b7:f704], preserved.register.source=SPRING_CLOUD}}
18:38:43.626 [main] INFO  c.a.c.n.r.NacosServiceRegistry - [register,76] - nacos registry, DEFAULT_GROUP oj-system 172.20.10.6:9201 register finished
18:38:43.793 [main] INFO  c.b.s.OjSystemApplication - [logStarted,57] - Started OjSystemApplication in 4.612 seconds (process running for 5.242)
18:38:43.797 [main] INFO  c.a.n.c.c.i.CacheData - [<clinit>,67] - nacos.cache.data.init.snapshot = true 
18:38:43.798 [main] INFO  c.a.n.c.c.i.ClientWorker - [addCacheDataIfAbsent,380] - [fixed-1b411097-df3c-4cac-a649-ba6b6b22fcd4-localhost_8848] [subscribe] oj-system-local.yaml+DEFAULT_GROUP+1b411097-df3c-4cac-a649-ba6b6b22fcd4
18:38:43.804 [main] INFO  c.a.n.c.c.i.CacheData - [addListener,197] - [fixed-1b411097-df3c-4cac-a649-ba6b6b22fcd4-localhost_8848] [add-listener] ok, tenant=1b411097-df3c-4cac-a649-ba6b6b22fcd4, dataId=oj-system-local.yaml, group=DEFAULT_GROUP, cnt=1
18:38:43.804 [main] INFO  c.a.c.n.r.NacosContextRefresher - [registerNacosListener,129] - [Nacos Config] Listening config: dataId=oj-system-local.yaml, group=DEFAULT_GROUP
18:38:43.805 [main] INFO  c.a.n.c.c.i.ClientWorker - [addCacheDataIfAbsent,380] - [fixed-1b411097-df3c-4cac-a649-ba6b6b22fcd4-localhost_8848] [subscribe] oj-system+DEFAULT_GROUP+1b411097-df3c-4cac-a649-ba6b6b22fcd4
18:38:43.805 [main] INFO  c.a.n.c.c.i.CacheData - [addListener,197] - [fixed-1b411097-df3c-4cac-a649-ba6b6b22fcd4-localhost_8848] [add-listener] ok, tenant=1b411097-df3c-4cac-a649-ba6b6b22fcd4, dataId=oj-system, group=DEFAULT_GROUP, cnt=1
18:38:43.805 [main] INFO  c.a.c.n.r.NacosContextRefresher - [registerNacosListener,129] - [Nacos Config] Listening config: dataId=oj-system, group=DEFAULT_GROUP
18:38:43.805 [main] INFO  c.a.n.c.c.i.ClientWorker - [addCacheDataIfAbsent,380] - [fixed-1b411097-df3c-4cac-a649-ba6b6b22fcd4-localhost_8848] [subscribe] oj-system.yaml+DEFAULT_GROUP+1b411097-df3c-4cac-a649-ba6b6b22fcd4
18:38:43.805 [main] INFO  c.a.n.c.c.i.CacheData - [addListener,197] - [fixed-1b411097-df3c-4cac-a649-ba6b6b22fcd4-localhost_8848] [add-listener] ok, tenant=1b411097-df3c-4cac-a649-ba6b6b22fcd4, dataId=oj-system.yaml, group=DEFAULT_GROUP, cnt=1
18:38:43.806 [main] INFO  c.a.c.n.r.NacosContextRefresher - [registerNacosListener,129] - [Nacos Config] Listening config: dataId=oj-system.yaml, group=DEFAULT_GROUP
18:38:44.500 [main] INFO  o.a.c.h.Http11NioProtocol - [log,173] - Starting ProtocolHandler ["http-nio-9201"]
18:38:44.513 [main] INFO  o.a.c.h.Http11NioProtocol - [log,173] - Pausing ProtocolHandler ["http-nio-9201"]
18:38:44.514 [main] INFO  o.a.c.c.StandardService - [log,173] - Stopping service [Tomcat]
18:38:44.517 [main] INFO  o.a.c.h.Http11NioProtocol - [log,173] - Stopping ProtocolHandler ["http-nio-9201"]
18:38:44.517 [main] INFO  o.a.c.h.Http11NioProtocol - [log,173] - Destroying ProtocolHandler ["http-nio-9201"]
18:38:44.522 [main] INFO  o.s.b.a.l.ConditionEvaluationReportLogger - [logMessage,82] - 

Error starting ApplicationContext. To display the condition evaluation report re-run your application with 'debug' enabled.
18:38:48.325 [SpringApplicationShutdownHook] INFO  c.a.c.n.r.NacosServiceRegistry - [deregister,95] - De-registering from Nacos Server now...
18:38:48.325 [SpringApplicationShutdownHook] INFO  c.a.n.client.naming - [deregisterService,217] - [DEREGISTER-SERVICE] 1b411097-df3c-4cac-a649-ba6b6b22fcd4 deregistering service oj-system with instance: Instance{instanceId='null', ip='172.20.10.6', port=9201, weight=1.0, healthy=true, enabled=true, ephemeral=true, clusterName='DEFAULT', serviceName='null', metadata={}}
18:38:48.329 [SpringApplicationShutdownHook] INFO  c.a.c.n.r.NacosServiceRegistry - [deregister,115] - De-registration finished.
18:38:48.329 [SpringApplicationShutdownHook] INFO  c.a.n.client.naming - [shutdown,256] - com.alibaba.nacos.client.naming.cache.ServiceInfoHolder do shutdown begin
18:38:48.330 [SpringApplicationShutdownHook] INFO  c.a.n.client.naming - [shutdown,136] - com.alibaba.nacos.client.naming.backups.FailoverReactor do shutdown begin
18:38:48.660 [SpringApplicationShutdownHook] INFO  c.a.n.client.naming - [shutdown,138] - com.alibaba.nacos.client.naming.backups.FailoverReactor do shutdown stop
18:38:48.660 [SpringApplicationShutdownHook] INFO  c.a.n.client.naming - [shutdown,258] - com.alibaba.nacos.client.naming.cache.ServiceInfoHolder do shutdown stop
18:38:48.660 [SpringApplicationShutdownHook] INFO  c.a.n.client.naming - [shutdown,204] - com.alibaba.nacos.client.naming.remote.NamingClientProxyDelegate do shutdown begin
18:38:48.660 [SpringApplicationShutdownHook] INFO  c.a.n.client.naming - [shutdown,143] - com.alibaba.nacos.client.naming.core.ServiceInfoUpdateService do shutdown begin
18:38:48.660 [SpringApplicationShutdownHook] INFO  c.a.n.client.naming - [shutdown,145] - com.alibaba.nacos.client.naming.core.ServiceInfoUpdateService do shutdown stop
18:38:48.660 [SpringApplicationShutdownHook] INFO  c.a.n.client.naming - [shutdown,194] - com.alibaba.nacos.client.naming.core.ServerListManager do shutdown begin
18:38:48.661 [SpringApplicationShutdownHook] INFO  c.a.n.client.naming - [shutdown,199] - com.alibaba.nacos.client.naming.core.ServerListManager do shutdown stop
18:38:48.661 [SpringApplicationShutdownHook] INFO  c.a.n.client.naming - [shutdown,484] - com.alibaba.nacos.client.naming.remote.http.NamingHttpClientProxy do shutdown begin
18:38:48.661 [SpringApplicationShutdownHook] INFO  c.a.n.client.naming - [shutdown,486] - com.alibaba.nacos.client.naming.remote.http.NamingHttpClientProxy do shutdown stop
18:38:48.661 [SpringApplicationShutdownHook] INFO  c.a.n.c.r.client - [shutdown,429] - Shutdown rpc client, set status to shutdown
18:38:48.661 [SpringApplicationShutdownHook] INFO  c.a.n.c.r.client - [shutdown,431] - Shutdown client event executor java.util.concurrent.ScheduledThreadPoolExecutor@2d92cebd[Running, pool size = 2, active threads = 2, queued tasks = 0, completed tasks = 0]
18:38:48.661 [SpringApplicationShutdownHook] INFO  c.a.n.c.r.client - [closeConnection,584] - Close current connection 1777718323498_172.17.0.1_55852
18:38:48.666 [SpringApplicationShutdownHook] INFO  c.a.n.c.r.c.g.GrpcClient - [shutdown,159] - Shutdown grpc executor java.util.concurrent.ThreadPoolExecutor@287c0755[Running, pool size = 10, active threads = 0, queued tasks = 0, completed tasks = 10]
18:38:48.666 [SpringApplicationShutdownHook] INFO  c.a.n.client.naming - [shutdown,318] - Shutdown grpc redo service executor java.util.concurrent.ScheduledThreadPoolExecutor@1f8a92b3[Running, pool size = 1, active threads = 0, queued tasks = 1, completed tasks = 1]
18:38:48.666 [SpringApplicationShutdownHook] INFO  c.a.n.c.a.r.i.CredentialWatcher - [stop,106] - [null] CredentialWatcher is stopped
18:38:48.666 [SpringApplicationShutdownHook] INFO  c.a.n.c.a.r.i.CredentialService - [free,100] - [null] CredentialService is freed
18:38:48.667 [SpringApplicationShutdownHook] INFO  c.a.n.client.naming - [shutdown,211] - com.alibaba.nacos.client.naming.remote.NamingClientProxyDelegate do shutdown stop
18:38:51.087 [background-preinit] INFO  o.h.v.i.util.Version - [<clinit>,21] - HV000001: Hibernate Validator 8.0.0.Final
18:38:51.275 [main] INFO  c.a.n.c.u.ParamUtil - [<clinit>,87] - [settings] [req-serv] nacos-server port:8848
18:38:51.275 [main] INFO  c.a.n.c.u.ParamUtil - [<clinit>,98] - [settings] [http-client] connect timeout:1000
18:38:51.276 [main] INFO  c.a.n.c.u.ParamUtil - [<clinit>,105] - PER_TASK_CONFIG_SIZE: 3000.0
18:38:51.304 [main] INFO  c.a.n.p.a.s.c.ClientAuthPluginManager - [init,56] - [ClientAuthPluginManager] Load ClientAuthService com.alibaba.nacos.client.auth.impl.NacosClientAuthServiceImpl success.
18:38:51.304 [main] INFO  c.a.n.p.a.s.c.ClientAuthPluginManager - [init,56] - [ClientAuthPluginManager] Load ClientAuthService com.alibaba.nacos.client.auth.ram.RamClientAuthServiceImpl success.
18:38:51.306 [main] INFO  c.a.n.c.a.r.i.CredentialWatcher - [loadCredential,165] - null No credential found
18:38:51.542 [main] INFO  c.a.n.c.c.i.LocalConfigInfoProcessor - [<clinit>,63] - LOCAL_SNAPSHOT_PATH:C:\Users\45\nacos\config
18:38:51.545 [main] INFO  c.a.n.c.r.client - [lambda$createClient$0,108] - [RpcClientFactory] create a new rpc client of ecf62297-c069-4e20-908b-41f55265a4e6_config-0
18:38:51.555 [main] INFO  c.a.n.c.r.client - [printIfInfoEnabled,63] - [ecf62297-c069-4e20-908b-41f55265a4e6_config-0] Register server push request handler:com.alibaba.nacos.client.config.impl.ClientWorker$ConfigRpcTransportClient$$Lambda$582/0x000001d09a36b900
18:38:51.556 [main] INFO  c.a.n.c.r.client - [printIfInfoEnabled,63] - [ecf62297-c069-4e20-908b-41f55265a4e6_config-0] Register server push request handler:com.alibaba.nacos.client.config.impl.ClientWorker$ConfigRpcTransportClient$$Lambda$583/0x000001d09a36bd20
18:38:51.556 [main] INFO  c.a.n.c.r.client - [printIfInfoEnabled,63] - [ecf62297-c069-4e20-908b-41f55265a4e6_config-0] Registry connection listener to current client:com.alibaba.nacos.client.config.impl.ClientWorker$ConfigRpcTransportClient$1
18:38:51.556 [main] INFO  c.a.n.c.r.client - [printIfInfoEnabled,63] - [ecf62297-c069-4e20-908b-41f55265a4e6_config-0] RpcClient init, ServerListFactory = com.alibaba.nacos.client.config.impl.ClientWorker$ConfigRpcTransportClient$2
18:38:51.562 [main] INFO  c.a.n.c.r.client - [printIfInfoEnabled,63] - [ecf62297-c069-4e20-908b-41f55265a4e6_config-0] Try to connect to server on start up, server: {serverIp = 'localhost', server main port = 8848}
18:38:51.583 [main] INFO  c.a.n.c.r.c.g.GrpcClient - [createNewManagedChannel,182] - grpc client connection server:localhost ip,serverPort:9848,grpcTslConfig:{"sslProvider":"OPENSSL","enableTls":false,"mutualAuthEnable":false,"trustAll":false}
18:38:52.274 [main] INFO  c.a.n.c.r.client - [printIfInfoEnabled,63] - [ecf62297-c069-4e20-908b-41f55265a4e6_config-0] Success to connect to server [localhost:8848] on start up, connectionId = 1777718332113_172.17.0.1_55854
18:38:52.276 [com.alibaba.nacos.client.remote.worker] INFO  c.a.n.c.r.client - [printIfInfoEnabled,63] - [ecf62297-c069-4e20-908b-41f55265a4e6_config-0] Notify connected event to listeners.
18:38:52.277 [main] INFO  c.a.n.c.r.client - [printIfInfoEnabled,63] - [ecf62297-c069-4e20-908b-41f55265a4e6_config-0] Register server push request handler:com.alibaba.nacos.common.remote.client.RpcClient$ConnectResetRequestHandler
18:38:52.277 [com.alibaba.nacos.client.remote.worker] INFO  c.a.n.c.c.i.ClientWorker - [onConnected,639] - [ecf62297-c069-4e20-908b-41f55265a4e6_config-0] Connected,notify listen context...
18:38:52.278 [main] INFO  c.a.n.c.r.client - [printIfInfoEnabled,63] - [ecf62297-c069-4e20-908b-41f55265a4e6_config-0] Register server push request handler:com.alibaba.nacos.common.remote.client.RpcClient$$Lambda$603/0x000001d09a4f30c8
18:38:52.309 [main] INFO  c.a.n.c.c.i.Limiter - [<clinit>,62] - limitTime:5.0
18:38:52.334 [main] INFO  c.a.n.c.c.u.JvmUtil - [<clinit>,54] - isMultiInstance:false
18:38:52.338 [main] INFO  o.s.c.b.c.PropertySourceBootstrapConfiguration - [initialize,108] - Located property source: [BootstrapPropertySource {name='bootstrapProperties-oj-system-local.yaml,DEFAULT_GROUP'}, BootstrapPropertySource {name='bootstrapProperties-oj-system.yaml,DEFAULT_GROUP'}, BootstrapPropertySource {name='bootstrapProperties-oj-system,DEFAULT_GROUP'}]
18:38:52.342 [main] INFO  c.b.s.OjSystemApplication - [logStartupProfileInfo,636] - The following 1 profile is active: "local"
18:38:52.761 [main] INFO  o.s.d.r.c.RepositoryConfigurationDelegate - [multipleStoresDetected,294] - Multiple Spring Data modules found, entering strict repository configuration mode
18:38:52.764 [main] INFO  o.s.d.r.c.RepositoryConfigurationDelegate - [registerRepositoriesIn,138] - Bootstrapping Spring Data Redis repositories in DEFAULT mode.
18:38:52.782 [main] INFO  o.s.d.r.c.RepositoryConfigurationDelegate - [registerRepositoriesIn,208] - Finished Spring Data repository scanning in 6 ms. Found 0 Redis repository interfaces.
18:38:52.894 [main] INFO  o.s.c.c.s.GenericScope - [setSerializationId,282] - BeanFactory id=e7c7389d-2791-34c4-a801-3b4f326d2580
18:38:53.135 [main] INFO  o.s.b.w.e.t.TomcatWebServer - [initialize,108] - Tomcat initialized with port(s): 9201 (http)
18:38:53.140 [main] INFO  o.a.c.h.Http11NioProtocol - [log,173] - Initializing ProtocolHandler ["http-nio-9201"]
18:38:53.141 [main] INFO  o.a.c.c.StandardService - [log,173] - Starting service [Tomcat]
18:38:53.141 [main] INFO  o.a.c.c.StandardEngine - [log,173] - Starting Servlet engine: [Apache Tomcat/10.1.4]
18:38:53.201 [main] INFO  o.a.c.c.C.[.[.[/] - [log,173] - Initializing Spring embedded WebApplicationContext
18:38:53.202 [main] INFO  o.s.b.w.s.c.ServletWebServerApplicationContext - [prepareWebApplicationContext,291] - Root WebApplicationContext: initialization completed in 849 ms
18:38:54.267 [main] INFO  o.a.c.h.Http11NioProtocol - [log,173] - Starting ProtocolHandler ["http-nio-9201"]
18:38:54.276 [main] INFO  o.s.b.w.e.t.TomcatWebServer - [start,220] - Tomcat started on port(s): 9201 (http) with context path ''
18:38:54.279 [main] INFO  c.a.n.client.naming - [initNamespaceForNaming,62] - initializer namespace from ans.namespace attribute : null
18:38:54.279 [main] INFO  c.a.n.client.naming - [lambda$initNamespaceForNaming$0,66] - initializer namespace from ALIBABA_ALIWARE_NAMESPACE attribute :null
18:38:54.279 [main] INFO  c.a.n.client.naming - [lambda$initNamespaceForNaming$1,73] - initializer namespace from namespace attribute :null
18:38:54.285 [main] INFO  c.a.n.p.a.s.c.ClientAuthPluginManager - [init,56] - [ClientAuthPluginManager] Load ClientAuthService com.alibaba.nacos.client.auth.impl.NacosClientAuthServiceImpl success.
18:38:54.285 [main] INFO  c.a.n.p.a.s.c.ClientAuthPluginManager - [init,56] - [ClientAuthPluginManager] Load ClientAuthService com.alibaba.nacos.client.auth.ram.RamClientAuthServiceImpl success.
18:38:54.288 [main] INFO  c.a.n.c.r.client - [lambda$createClient$0,108] - [RpcClientFactory] create a new rpc client of eb056cb6-6589-485f-b688-948d6a42878e
18:38:54.289 [main] INFO  c.a.n.c.r.client - [printIfInfoEnabled,63] - [eb056cb6-6589-485f-b688-948d6a42878e] RpcClient init, ServerListFactory = com.alibaba.nacos.client.naming.core.ServerListManager
18:38:54.290 [main] INFO  c.a.n.c.r.client - [printIfInfoEnabled,63] - [eb056cb6-6589-485f-b688-948d6a42878e] Registry connection listener to current client:com.alibaba.nacos.client.naming.remote.gprc.redo.NamingGrpcRedoService
18:38:54.290 [main] INFO  c.a.n.c.r.client - [printIfInfoEnabled,63] - [eb056cb6-6589-485f-b688-948d6a42878e] Register server push request handler:com.alibaba.nacos.client.naming.remote.gprc.NamingPushRequestHandler
18:38:54.290 [main] INFO  c.a.n.c.r.client - [printIfInfoEnabled,63] - [eb056cb6-6589-485f-b688-948d6a42878e] Try to connect to server on start up, server: {serverIp = 'localhost', server main port = 8848}
18:38:54.290 [main] INFO  c.a.n.c.r.c.g.GrpcClient - [createNewManagedChannel,182] - grpc client connection server:localhost ip,serverPort:9848,grpcTslConfig:{"sslProvider":"OPENSSL","enableTls":false,"mutualAuthEnable":false,"trustAll":false}
18:38:54.406 [main] INFO  c.a.n.c.r.client - [printIfInfoEnabled,63] - [eb056cb6-6589-485f-b688-948d6a42878e] Success to connect to server [localhost:8848] on start up, connectionId = 1777718334296_172.17.0.1_34426
18:38:54.407 [main] INFO  c.a.n.c.r.client - [printIfInfoEnabled,63] - [eb056cb6-6589-485f-b688-948d6a42878e] Register server push request handler:com.alibaba.nacos.common.remote.client.RpcClient$ConnectResetRequestHandler
18:38:54.407 [com.alibaba.nacos.client.remote.worker] INFO  c.a.n.c.r.client - [printIfInfoEnabled,63] - [eb056cb6-6589-485f-b688-948d6a42878e] Notify connected event to listeners.
18:38:54.407 [com.alibaba.nacos.client.remote.worker] INFO  c.a.n.client.naming - [onConnected,78] - Grpc connection connect
18:38:54.408 [main] INFO  c.a.n.c.r.client - [printIfInfoEnabled,63] - [eb056cb6-6589-485f-b688-948d6a42878e] Register server push request handler:com.alibaba.nacos.common.remote.client.RpcClient$$Lambda$603/0x000001d09a4f30c8
18:38:54.411 [main] INFO  c.a.n.client.naming - [registerService,121] - [REGISTER-SERVICE] 1b411097-df3c-4cac-a649-ba6b6b22fcd4 registering service oj-system with instance Instance{instanceId='null', ip='172.20.10.6', port=9201, weight=1.0, healthy=true, enabled=true, ephemeral=true, clusterName='DEFAULT', serviceName='null', metadata={IPv6=[2409:897a:3ce8:2cf1:e022:e9ef:48b7:f704], preserved.register.source=SPRING_CLOUD}}
18:38:54.420 [main] INFO  c.a.c.n.r.NacosServiceRegistry - [register,76] - nacos registry, DEFAULT_GROUP oj-system 172.20.10.6:9201 register finished
18:38:54.570 [main] INFO  c.b.s.OjSystemApplication - [logStarted,57] - Started OjSystemApplication in 3.903 seconds (process running for 4.393)
18:38:54.573 [main] INFO  c.a.n.c.c.i.CacheData - [<clinit>,67] - nacos.cache.data.init.snapshot = true 
18:38:54.574 [main] INFO  c.a.n.c.c.i.ClientWorker - [addCacheDataIfAbsent,380] - [fixed-1b411097-df3c-4cac-a649-ba6b6b22fcd4-localhost_8848] [subscribe] oj-system-local.yaml+DEFAULT_GROUP+1b411097-df3c-4cac-a649-ba6b6b22fcd4
18:38:54.580 [main] INFO  c.a.n.c.c.i.CacheData - [addListener,197] - [fixed-1b411097-df3c-4cac-a649-ba6b6b22fcd4-localhost_8848] [add-listener] ok, tenant=1b411097-df3c-4cac-a649-ba6b6b22fcd4, dataId=oj-system-local.yaml, group=DEFAULT_GROUP, cnt=1
18:38:54.580 [main] INFO  c.a.c.n.r.NacosContextRefresher - [registerNacosListener,129] - [Nacos Config] Listening config: dataId=oj-system-local.yaml, group=DEFAULT_GROUP
18:38:54.580 [main] INFO  c.a.n.c.c.i.ClientWorker - [addCacheDataIfAbsent,380] - [fixed-1b411097-df3c-4cac-a649-ba6b6b22fcd4-localhost_8848] [subscribe] oj-system+DEFAULT_GROUP+1b411097-df3c-4cac-a649-ba6b6b22fcd4
18:38:54.581 [main] INFO  c.a.n.c.c.i.CacheData - [addListener,197] - [fixed-1b411097-df3c-4cac-a649-ba6b6b22fcd4-localhost_8848] [add-listener] ok, tenant=1b411097-df3c-4cac-a649-ba6b6b22fcd4, dataId=oj-system, group=DEFAULT_GROUP, cnt=1
18:38:54.581 [main] INFO  c.a.c.n.r.NacosContextRefresher - [registerNacosListener,129] - [Nacos Config] Listening config: dataId=oj-system, group=DEFAULT_GROUP
18:38:54.582 [main] INFO  c.a.n.c.c.i.ClientWorker - [addCacheDataIfAbsent,380] - [fixed-1b411097-df3c-4cac-a649-ba6b6b22fcd4-localhost_8848] [subscribe] oj-system.yaml+DEFAULT_GROUP+1b411097-df3c-4cac-a649-ba6b6b22fcd4
18:38:54.582 [main] INFO  c.a.n.c.c.i.CacheData - [addListener,197] - [fixed-1b411097-df3c-4cac-a649-ba6b6b22fcd4-localhost_8848] [add-listener] ok, tenant=1b411097-df3c-4cac-a649-ba6b6b22fcd4, dataId=oj-system.yaml, group=DEFAULT_GROUP, cnt=1
18:38:54.582 [main] INFO  c.a.c.n.r.NacosContextRefresher - [registerNacosListener,129] - [Nacos Config] Listening config: dataId=oj-system.yaml, group=DEFAULT_GROUP
18:38:57.147 [http-nio-9201-exec-1] INFO  o.a.c.c.C.[.[.[/] - [log,173] - Initializing Spring DispatcherServlet 'dispatcherServlet'
18:38:57.148 [http-nio-9201-exec-1] INFO  o.s.w.s.DispatcherServlet - [initServletBean,532] - Initializing Servlet 'dispatcherServlet'
18:38:57.148 [http-nio-9201-exec-1] INFO  o.s.w.s.DispatcherServlet - [initServletBean,554] - Completed initialization in 0 ms
18:50:19.242 [SpringApplicationShutdownHook] INFO  c.a.c.n.r.NacosServiceRegistry - [deregister,95] - De-registering from Nacos Server now...
18:50:19.242 [SpringApplicationShutdownHook] INFO  c.a.n.client.naming - [deregisterService,217] - [DEREGISTER-SERVICE] 1b411097-df3c-4cac-a649-ba6b6b22fcd4 deregistering service oj-system with instance: Instance{instanceId='null', ip='172.20.10.6', port=9201, weight=1.0, healthy=true, enabled=true, ephemeral=true, clusterName='DEFAULT', serviceName='null', metadata={}}
18:50:19.247 [SpringApplicationShutdownHook] INFO  c.a.c.n.r.NacosServiceRegistry - [deregister,115] - De-registration finished.
18:50:19.247 [SpringApplicationShutdownHook] INFO  c.a.n.client.naming - [shutdown,256] - com.alibaba.nacos.client.naming.cache.ServiceInfoHolder do shutdown begin
18:50:19.247 [SpringApplicationShutdownHook] INFO  c.a.n.client.naming - [shutdown,136] - com.alibaba.nacos.client.naming.backups.FailoverReactor do shutdown begin
18:50:19.247 [SpringApplicationShutdownHook] INFO  c.a.n.client.naming - [shutdown,138] - com.alibaba.nacos.client.naming.backups.FailoverReactor do shutdown stop
18:50:19.247 [SpringApplicationShutdownHook] INFO  c.a.n.client.naming - [shutdown,258] - com.alibaba.nacos.client.naming.cache.ServiceInfoHolder do shutdown stop
18:50:19.247 [SpringApplicationShutdownHook] INFO  c.a.n.client.naming - [shutdown,204] - com.alibaba.nacos.client.naming.remote.NamingClientProxyDelegate do shutdown begin
18:50:19.247 [SpringApplicationShutdownHook] INFO  c.a.n.client.naming - [shutdown,143] - com.alibaba.nacos.client.naming.core.ServiceInfoUpdateService do shutdown begin
18:50:19.247 [SpringApplicationShutdownHook] INFO  c.a.n.client.naming - [shutdown,145] - com.alibaba.nacos.client.naming.core.ServiceInfoUpdateService do shutdown stop
18:50:19.247 [SpringApplicationShutdownHook] INFO  c.a.n.client.naming - [shutdown,194] - com.alibaba.nacos.client.naming.core.ServerListManager do shutdown begin
18:50:19.248 [SpringApplicationShutdownHook] INFO  c.a.n.client.naming - [shutdown,199] - com.alibaba.nacos.client.naming.core.ServerListManager do shutdown stop
18:50:19.248 [SpringApplicationShutdownHook] INFO  c.a.n.client.naming - [shutdown,484] - com.alibaba.nacos.client.naming.remote.http.NamingHttpClientProxy do shutdown begin
18:50:19.248 [SpringApplicationShutdownHook] INFO  c.a.n.client.naming - [shutdown,486] - com.alibaba.nacos.client.naming.remote.http.NamingHttpClientProxy do shutdown stop
18:50:19.248 [SpringApplicationShutdownHook] INFO  c.a.n.c.r.client - [shutdown,429] - Shutdown rpc client, set status to shutdown
18:50:19.248 [SpringApplicationShutdownHook] INFO  c.a.n.c.r.client - [shutdown,431] - Shutdown client event executor java.util.concurrent.ScheduledThreadPoolExecutor@3effc6e2[Running, pool size = 2, active threads = 2, queued tasks = 0, completed tasks = 0]
18:50:19.248 [SpringApplicationShutdownHook] INFO  c.a.n.c.r.client - [closeConnection,584] - Close current connection 1777718334296_172.17.0.1_34426
18:50:19.252 [SpringApplicationShutdownHook] INFO  c.a.n.c.r.c.g.GrpcClient - [shutdown,159] - Shutdown grpc executor java.util.concurrent.ThreadPoolExecutor@3b2d7ac6[Running, pool size = 4, active threads = 0, queued tasks = 0, completed tasks = 151]
18:50:19.252 [SpringApplicationShutdownHook] INFO  c.a.n.client.naming - [shutdown,318] - Shutdown grpc redo service executor java.util.concurrent.ScheduledThreadPoolExecutor@6535b5b5[Running, pool size = 1, active threads = 0, queued tasks = 1, completed tasks = 227]
18:50:19.252 [SpringApplicationShutdownHook] INFO  c.a.n.c.a.r.i.CredentialWatcher - [stop,106] - [null] CredentialWatcher is stopped
18:50:19.252 [SpringApplicationShutdownHook] INFO  c.a.n.c.a.r.i.CredentialService - [free,100] - [null] CredentialService is freed
18:50:19.252 [SpringApplicationShutdownHook] INFO  c.a.n.client.naming - [shutdown,211] - com.alibaba.nacos.client.naming.remote.NamingClientProxyDelegate do shutdown stop
18:50:23.831 [background-preinit] INFO  o.h.v.i.util.Version - [<clinit>,21] - HV000001: Hibernate Validator 8.0.0.Final
18:50:24.020 [main] INFO  c.a.n.c.u.ParamUtil - [<clinit>,87] - [settings] [req-serv] nacos-server port:8848
18:50:24.020 [main] INFO  c.a.n.c.u.ParamUtil - [<clinit>,98] - [settings] [http-client] connect timeout:1000
18:50:24.021 [main] INFO  c.a.n.c.u.ParamUtil - [<clinit>,105] - PER_TASK_CONFIG_SIZE: 3000.0
18:50:24.043 [main] INFO  c.a.n.p.a.s.c.ClientAuthPluginManager - [init,56] - [ClientAuthPluginManager] Load ClientAuthService com.alibaba.nacos.client.auth.impl.NacosClientAuthServiceImpl success.
18:50:24.043 [main] INFO  c.a.n.p.a.s.c.ClientAuthPluginManager - [init,56] - [ClientAuthPluginManager] Load ClientAuthService com.alibaba.nacos.client.auth.ram.RamClientAuthServiceImpl success.
18:50:24.047 [main] INFO  c.a.n.c.a.r.i.CredentialWatcher - [loadCredential,165] - null No credential found
18:50:24.294 [main] INFO  c.a.n.c.c.i.LocalConfigInfoProcessor - [<clinit>,63] - LOCAL_SNAPSHOT_PATH:C:\Users\45\nacos\config
18:50:24.297 [main] INFO  c.a.n.c.r.client - [lambda$createClient$0,108] - [RpcClientFactory] create a new rpc client of 619e6a60-8ba5-433f-8929-87db336c67f0_config-0
18:50:24.308 [main] INFO  c.a.n.c.r.client - [printIfInfoEnabled,63] - [619e6a60-8ba5-433f-8929-87db336c67f0_config-0] Register server push request handler:com.alibaba.nacos.client.config.impl.ClientWorker$ConfigRpcTransportClient$$Lambda$582/0x000002388b36c338
18:50:24.308 [main] INFO  c.a.n.c.r.client - [printIfInfoEnabled,63] - [619e6a60-8ba5-433f-8929-87db336c67f0_config-0] Register server push request handler:com.alibaba.nacos.client.config.impl.ClientWorker$ConfigRpcTransportClient$$Lambda$583/0x000002388b36c758
18:50:24.309 [main] INFO  c.a.n.c.r.client - [printIfInfoEnabled,63] - [619e6a60-8ba5-433f-8929-87db336c67f0_config-0] Registry connection listener to current client:com.alibaba.nacos.client.config.impl.ClientWorker$ConfigRpcTransportClient$1
18:50:24.309 [main] INFO  c.a.n.c.r.client - [printIfInfoEnabled,63] - [619e6a60-8ba5-433f-8929-87db336c67f0_config-0] RpcClient init, ServerListFactory = com.alibaba.nacos.client.config.impl.ClientWorker$ConfigRpcTransportClient$2
18:50:24.315 [main] INFO  c.a.n.c.r.client - [printIfInfoEnabled,63] - [619e6a60-8ba5-433f-8929-87db336c67f0_config-0] Try to connect to server on start up, server: {serverIp = 'localhost', server main port = 8848}
18:50:24.340 [main] INFO  c.a.n.c.r.c.g.GrpcClient - [createNewManagedChannel,182] - grpc client connection server:localhost ip,serverPort:9848,grpcTslConfig:{"sslProvider":"OPENSSL","enableTls":false,"mutualAuthEnable":false,"trustAll":false}
18:50:25.031 [main] INFO  c.a.n.c.r.client - [printIfInfoEnabled,63] - [619e6a60-8ba5-433f-8929-87db336c67f0_config-0] Success to connect to server [localhost:8848] on start up, connectionId = 1777719024871_172.17.0.1_54862
18:50:25.035 [com.alibaba.nacos.client.remote.worker] INFO  c.a.n.c.r.client - [printIfInfoEnabled,63] - [619e6a60-8ba5-433f-8929-87db336c67f0_config-0] Notify connected event to listeners.
18:50:25.036 [com.alibaba.nacos.client.remote.worker] INFO  c.a.n.c.c.i.ClientWorker - [onConnected,639] - [619e6a60-8ba5-433f-8929-87db336c67f0_config-0] Connected,notify listen context...
18:50:25.037 [main] INFO  c.a.n.c.r.client - [printIfInfoEnabled,63] - [619e6a60-8ba5-433f-8929-87db336c67f0_config-0] Register server push request handler:com.alibaba.nacos.common.remote.client.RpcClient$ConnectResetRequestHandler
18:50:25.038 [main] INFO  c.a.n.c.r.client - [printIfInfoEnabled,63] - [619e6a60-8ba5-433f-8929-87db336c67f0_config-0] Register server push request handler:com.alibaba.nacos.common.remote.client.RpcClient$$Lambda$603/0x000002388b4f3830
18:50:25.071 [main] INFO  c.a.n.c.c.i.Limiter - [<clinit>,62] - limitTime:5.0
18:50:25.092 [main] INFO  c.a.n.c.c.u.JvmUtil - [<clinit>,54] - isMultiInstance:false
18:50:25.096 [main] INFO  o.s.c.b.c.PropertySourceBootstrapConfiguration - [initialize,108] - Located property source: [BootstrapPropertySource {name='bootstrapProperties-oj-system-local.yaml,DEFAULT_GROUP'}, BootstrapPropertySource {name='bootstrapProperties-oj-system.yaml,DEFAULT_GROUP'}, BootstrapPropertySource {name='bootstrapProperties-oj-system,DEFAULT_GROUP'}]
18:50:25.100 [main] INFO  c.b.s.OjSystemApplication - [logStartupProfileInfo,636] - The following 1 profile is active: "local"
18:50:25.526 [main] INFO  o.s.d.r.c.RepositoryConfigurationDelegate - [multipleStoresDetected,294] - Multiple Spring Data modules found, entering strict repository configuration mode
18:50:25.528 [main] INFO  o.s.d.r.c.RepositoryConfigurationDelegate - [registerRepositoriesIn,138] - Bootstrapping Spring Data Redis repositories in DEFAULT mode.
18:50:25.544 [main] INFO  o.s.d.r.c.RepositoryConfigurationDelegate - [registerRepositoriesIn,208] - Finished Spring Data repository scanning in 7 ms. Found 0 Redis repository interfaces.
18:50:25.663 [main] INFO  o.s.c.c.s.GenericScope - [setSerializationId,282] - BeanFactory id=e7c7389d-2791-34c4-a801-3b4f326d2580
18:50:25.898 [main] INFO  o.s.b.w.e.t.TomcatWebServer - [initialize,108] - Tomcat initialized with port(s): 9201 (http)
18:50:25.905 [main] INFO  o.a.c.h.Http11NioProtocol - [log,173] - Initializing ProtocolHandler ["http-nio-9201"]
18:50:25.905 [main] INFO  o.a.c.c.StandardService - [log,173] - Starting service [Tomcat]
18:50:25.906 [main] INFO  o.a.c.c.StandardEngine - [log,173] - Starting Servlet engine: [Apache Tomcat/10.1.4]
18:50:25.962 [main] INFO  o.a.c.c.C.[.[.[/] - [log,173] - Initializing Spring embedded WebApplicationContext
18:50:25.962 [main] INFO  o.s.b.w.s.c.ServletWebServerApplicationContext - [prepareWebApplicationContext,291] - Root WebApplicationContext: initialization completed in 851 ms
18:50:27.022 [main] INFO  o.a.c.h.Http11NioProtocol - [log,173] - Starting ProtocolHandler ["http-nio-9201"]
18:50:27.039 [main] INFO  o.s.b.w.e.t.TomcatWebServer - [start,220] - Tomcat started on port(s): 9201 (http) with context path ''
18:50:27.042 [main] INFO  c.a.n.client.naming - [initNamespaceForNaming,62] - initializer namespace from ans.namespace attribute : null
18:50:27.044 [main] INFO  c.a.n.client.naming - [lambda$initNamespaceForNaming$0,66] - initializer namespace from ALIBABA_ALIWARE_NAMESPACE attribute :null
18:50:27.045 [main] INFO  c.a.n.client.naming - [lambda$initNamespaceForNaming$1,73] - initializer namespace from namespace attribute :null
18:50:27.052 [main] INFO  c.a.n.p.a.s.c.ClientAuthPluginManager - [init,56] - [ClientAuthPluginManager] Load ClientAuthService com.alibaba.nacos.client.auth.impl.NacosClientAuthServiceImpl success.
18:50:27.052 [main] INFO  c.a.n.p.a.s.c.ClientAuthPluginManager - [init,56] - [ClientAuthPluginManager] Load ClientAuthService com.alibaba.nacos.client.auth.ram.RamClientAuthServiceImpl success.
18:50:27.057 [main] INFO  c.a.n.c.r.client - [lambda$createClient$0,108] - [RpcClientFactory] create a new rpc client of 579cfa3d-e650-4acb-b7e3-e1ff1a6e46f5
18:50:27.058 [main] INFO  c.a.n.c.r.client - [printIfInfoEnabled,63] - [579cfa3d-e650-4acb-b7e3-e1ff1a6e46f5] RpcClient init, ServerListFactory = com.alibaba.nacos.client.naming.core.ServerListManager
18:50:27.058 [main] INFO  c.a.n.c.r.client - [printIfInfoEnabled,63] - [579cfa3d-e650-4acb-b7e3-e1ff1a6e46f5] Registry connection listener to current client:com.alibaba.nacos.client.naming.remote.gprc.redo.NamingGrpcRedoService
18:50:27.058 [main] INFO  c.a.n.c.r.client - [printIfInfoEnabled,63] - [579cfa3d-e650-4acb-b7e3-e1ff1a6e46f5] Register server push request handler:com.alibaba.nacos.client.naming.remote.gprc.NamingPushRequestHandler
18:50:27.059 [main] INFO  c.a.n.c.r.client - [printIfInfoEnabled,63] - [579cfa3d-e650-4acb-b7e3-e1ff1a6e46f5] Try to connect to server on start up, server: {serverIp = 'localhost', server main port = 8848}
18:50:27.059 [main] INFO  c.a.n.c.r.c.g.GrpcClient - [createNewManagedChannel,182] - grpc client connection server:localhost ip,serverPort:9848,grpcTslConfig:{"sslProvider":"OPENSSL","enableTls":false,"mutualAuthEnable":false,"trustAll":false}
18:50:27.173 [main] INFO  c.a.n.c.r.client - [printIfInfoEnabled,63] - [579cfa3d-e650-4acb-b7e3-e1ff1a6e46f5] Success to connect to server [localhost:8848] on start up, connectionId = 1777719027064_172.17.0.1_54878
18:50:27.173 [main] INFO  c.a.n.c.r.client - [printIfInfoEnabled,63] - [579cfa3d-e650-4acb-b7e3-e1ff1a6e46f5] Register server push request handler:com.alibaba.nacos.common.remote.client.RpcClient$ConnectResetRequestHandler
18:50:27.173 [com.alibaba.nacos.client.remote.worker] INFO  c.a.n.c.r.client - [printIfInfoEnabled,63] - [579cfa3d-e650-4acb-b7e3-e1ff1a6e46f5] Notify connected event to listeners.
18:50:27.173 [main] INFO  c.a.n.c.r.client - [printIfInfoEnabled,63] - [579cfa3d-e650-4acb-b7e3-e1ff1a6e46f5] Register server push request handler:com.alibaba.nacos.common.remote.client.RpcClient$$Lambda$603/0x000002388b4f3830
18:50:27.173 [com.alibaba.nacos.client.remote.worker] INFO  c.a.n.client.naming - [onConnected,78] - Grpc connection connect
18:50:27.174 [main] INFO  c.a.n.client.naming - [registerService,121] - [REGISTER-SERVICE] 1b411097-df3c-4cac-a649-ba6b6b22fcd4 registering service oj-system with instance Instance{instanceId='null', ip='172.20.10.6', port=9201, weight=1.0, healthy=true, enabled=true, ephemeral=true, clusterName='DEFAULT', serviceName='null', metadata={IPv6=[2409:897a:3ce8:2cf1:e022:e9ef:48b7:f704], preserved.register.source=SPRING_CLOUD}}
18:50:27.186 [main] INFO  c.a.c.n.r.NacosServiceRegistry - [register,76] - nacos registry, DEFAULT_GROUP oj-system 172.20.10.6:9201 register finished
18:50:27.332 [main] INFO  c.b.s.OjSystemApplication - [logStarted,57] - Started OjSystemApplication in 3.931 seconds (process running for 4.442)
18:50:27.335 [main] INFO  c.a.n.c.c.i.CacheData - [<clinit>,67] - nacos.cache.data.init.snapshot = true 
18:50:27.336 [main] INFO  c.a.n.c.c.i.ClientWorker - [addCacheDataIfAbsent,380] - [fixed-1b411097-df3c-4cac-a649-ba6b6b22fcd4-localhost_8848] [subscribe] oj-system-local.yaml+DEFAULT_GROUP+1b411097-df3c-4cac-a649-ba6b6b22fcd4
18:50:27.341 [main] INFO  c.a.n.c.c.i.CacheData - [addListener,197] - [fixed-1b411097-df3c-4cac-a649-ba6b6b22fcd4-localhost_8848] [add-listener] ok, tenant=1b411097-df3c-4cac-a649-ba6b6b22fcd4, dataId=oj-system-local.yaml, group=DEFAULT_GROUP, cnt=1
18:50:27.341 [main] INFO  c.a.c.n.r.NacosContextRefresher - [registerNacosListener,129] - [Nacos Config] Listening config: dataId=oj-system-local.yaml, group=DEFAULT_GROUP
18:50:27.341 [main] INFO  c.a.n.c.c.i.ClientWorker - [addCacheDataIfAbsent,380] - [fixed-1b411097-df3c-4cac-a649-ba6b6b22fcd4-localhost_8848] [subscribe] oj-system+DEFAULT_GROUP+1b411097-df3c-4cac-a649-ba6b6b22fcd4
18:50:27.342 [main] INFO  c.a.n.c.c.i.CacheData - [addListener,197] - [fixed-1b411097-df3c-4cac-a649-ba6b6b22fcd4-localhost_8848] [add-listener] ok, tenant=1b411097-df3c-4cac-a649-ba6b6b22fcd4, dataId=oj-system, group=DEFAULT_GROUP, cnt=1
18:50:27.342 [main] INFO  c.a.c.n.r.NacosContextRefresher - [registerNacosListener,129] - [Nacos Config] Listening config: dataId=oj-system, group=DEFAULT_GROUP
18:50:27.343 [main] INFO  c.a.n.c.c.i.ClientWorker - [addCacheDataIfAbsent,380] - [fixed-1b411097-df3c-4cac-a649-ba6b6b22fcd4-localhost_8848] [subscribe] oj-system.yaml+DEFAULT_GROUP+1b411097-df3c-4cac-a649-ba6b6b22fcd4
18:50:27.343 [main] INFO  c.a.n.c.c.i.CacheData - [addListener,197] - [fixed-1b411097-df3c-4cac-a649-ba6b6b22fcd4-localhost_8848] [add-listener] ok, tenant=1b411097-df3c-4cac-a649-ba6b6b22fcd4, dataId=oj-system.yaml, group=DEFAULT_GROUP, cnt=1
18:50:27.343 [main] INFO  c.a.c.n.r.NacosContextRefresher - [registerNacosListener,129] - [Nacos Config] Listening config: dataId=oj-system.yaml, group=DEFAULT_GROUP
18:50:30.335 [http-nio-9201-exec-1] INFO  o.a.c.c.C.[.[.[/] - [log,173] - Initializing Spring DispatcherServlet 'dispatcherServlet'
18:50:30.336 [http-nio-9201-exec-1] INFO  o.s.w.s.DispatcherServlet - [initServletBean,532] - Initializing Servlet 'dispatcherServlet'
18:50:30.337 [http-nio-9201-exec-1] INFO  o.s.w.s.DispatcherServlet - [initServletBean,554] - Completed initialization in 1 ms
18:52:50.512 [SpringApplicationShutdownHook] INFO  c.a.c.n.r.NacosServiceRegistry - [deregister,95] - De-registering from Nacos Server now...
18:52:50.512 [SpringApplicationShutdownHook] INFO  c.a.n.client.naming - [deregisterService,217] - [DEREGISTER-SERVICE] 1b411097-df3c-4cac-a649-ba6b6b22fcd4 deregistering service oj-system with instance: Instance{instanceId='null', ip='172.20.10.6', port=9201, weight=1.0, healthy=true, enabled=true, ephemeral=true, clusterName='DEFAULT', serviceName='null', metadata={}}
18:52:50.517 [SpringApplicationShutdownHook] INFO  c.a.c.n.r.NacosServiceRegistry - [deregister,115] - De-registration finished.
18:52:50.517 [SpringApplicationShutdownHook] INFO  c.a.n.client.naming - [shutdown,256] - com.alibaba.nacos.client.naming.cache.ServiceInfoHolder do shutdown begin
18:52:50.517 [SpringApplicationShutdownHook] INFO  c.a.n.client.naming - [shutdown,136] - com.alibaba.nacos.client.naming.backups.FailoverReactor do shutdown begin
18:52:50.517 [SpringApplicationShutdownHook] INFO  c.a.n.client.naming - [shutdown,138] - com.alibaba.nacos.client.naming.backups.FailoverReactor do shutdown stop
18:52:50.517 [SpringApplicationShutdownHook] INFO  c.a.n.client.naming - [shutdown,258] - com.alibaba.nacos.client.naming.cache.ServiceInfoHolder do shutdown stop
18:52:50.518 [SpringApplicationShutdownHook] INFO  c.a.n.client.naming - [shutdown,204] - com.alibaba.nacos.client.naming.remote.NamingClientProxyDelegate do shutdown begin
18:52:50.518 [SpringApplicationShutdownHook] INFO  c.a.n.client.naming - [shutdown,143] - com.alibaba.nacos.client.naming.core.ServiceInfoUpdateService do shutdown begin
18:52:50.518 [SpringApplicationShutdownHook] INFO  c.a.n.client.naming - [shutdown,145] - com.alibaba.nacos.client.naming.core.ServiceInfoUpdateService do shutdown stop
18:52:50.518 [SpringApplicationShutdownHook] INFO  c.a.n.client.naming - [shutdown,194] - com.alibaba.nacos.client.naming.core.ServerListManager do shutdown begin
18:52:50.518 [SpringApplicationShutdownHook] INFO  c.a.n.client.naming - [shutdown,199] - com.alibaba.nacos.client.naming.core.ServerListManager do shutdown stop
18:52:50.518 [SpringApplicationShutdownHook] INFO  c.a.n.client.naming - [shutdown,484] - com.alibaba.nacos.client.naming.remote.http.NamingHttpClientProxy do shutdown begin
18:52:50.518 [SpringApplicationShutdownHook] INFO  c.a.n.client.naming - [shutdown,486] - com.alibaba.nacos.client.naming.remote.http.NamingHttpClientProxy do shutdown stop
18:52:50.518 [SpringApplicationShutdownHook] INFO  c.a.n.c.r.client - [shutdown,429] - Shutdown rpc client, set status to shutdown
18:52:50.518 [SpringApplicationShutdownHook] INFO  c.a.n.c.r.client - [shutdown,431] - Shutdown client event executor java.util.concurrent.ScheduledThreadPoolExecutor@15c83864[Running, pool size = 2, active threads = 2, queued tasks = 0, completed tasks = 0]
18:52:50.518 [SpringApplicationShutdownHook] INFO  c.a.n.c.r.client - [closeConnection,584] - Close current connection 1777719027064_172.17.0.1_54878
18:52:50.521 [SpringApplicationShutdownHook] INFO  c.a.n.c.r.c.g.GrpcClient - [shutdown,159] - Shutdown grpc executor java.util.concurrent.ThreadPoolExecutor@7546439b[Running, pool size = 5, active threads = 0, queued tasks = 0, completed tasks = 41]
18:52:50.522 [SpringApplicationShutdownHook] INFO  c.a.n.client.naming - [shutdown,318] - Shutdown grpc redo service executor java.util.concurrent.ScheduledThreadPoolExecutor@7d1fe6ce[Running, pool size = 1, active threads = 0, queued tasks = 1, completed tasks = 47]
18:52:50.522 [SpringApplicationShutdownHook] INFO  c.a.n.c.a.r.i.CredentialWatcher - [stop,106] - [null] CredentialWatcher is stopped
18:52:50.523 [SpringApplicationShutdownHook] INFO  c.a.n.c.a.r.i.CredentialService - [free,100] - [null] CredentialService is freed
18:52:50.523 [SpringApplicationShutdownHook] INFO  c.a.n.client.naming - [shutdown,211] - com.alibaba.nacos.client.naming.remote.NamingClientProxyDelegate do shutdown stop
18:52:55.187 [background-preinit] INFO  o.h.v.i.util.Version - [<clinit>,21] - HV000001: Hibernate Validator 8.0.0.Final
18:52:55.371 [main] INFO  c.a.n.c.u.ParamUtil - [<clinit>,87] - [settings] [req-serv] nacos-server port:8848
18:52:55.371 [main] INFO  c.a.n.c.u.ParamUtil - [<clinit>,98] - [settings] [http-client] connect timeout:1000
18:52:55.372 [main] INFO  c.a.n.c.u.ParamUtil - [<clinit>,105] - PER_TASK_CONFIG_SIZE: 3000.0
18:52:55.396 [main] INFO  c.a.n.p.a.s.c.ClientAuthPluginManager - [init,56] - [ClientAuthPluginManager] Load ClientAuthService com.alibaba.nacos.client.auth.impl.NacosClientAuthServiceImpl success.
18:52:55.396 [main] INFO  c.a.n.p.a.s.c.ClientAuthPluginManager - [init,56] - [ClientAuthPluginManager] Load ClientAuthService com.alibaba.nacos.client.auth.ram.RamClientAuthServiceImpl success.
18:52:55.401 [main] INFO  c.a.n.c.a.r.i.CredentialWatcher - [loadCredential,165] - null No credential found
18:52:55.634 [main] INFO  c.a.n.c.c.i.LocalConfigInfoProcessor - [<clinit>,63] - LOCAL_SNAPSHOT_PATH:C:\Users\45\nacos\config
18:52:55.637 [main] INFO  c.a.n.c.r.client - [lambda$createClient$0,108] - [RpcClientFactory] create a new rpc client of 00184c34-7ce7-424c-a8ec-667caaf40c0a_config-0
18:52:55.648 [main] INFO  c.a.n.c.r.client - [printIfInfoEnabled,63] - [00184c34-7ce7-424c-a8ec-667caaf40c0a_config-0] Register server push request handler:com.alibaba.nacos.client.config.impl.ClientWorker$ConfigRpcTransportClient$$Lambda$582/0x000001e3cc36ae60
18:52:55.648 [main] INFO  c.a.n.c.r.client - [printIfInfoEnabled,63] - [00184c34-7ce7-424c-a8ec-667caaf40c0a_config-0] Register server push request handler:com.alibaba.nacos.client.config.impl.ClientWorker$ConfigRpcTransportClient$$Lambda$583/0x000001e3cc36b280
18:52:55.648 [main] INFO  c.a.n.c.r.client - [printIfInfoEnabled,63] - [00184c34-7ce7-424c-a8ec-667caaf40c0a_config-0] Registry connection listener to current client:com.alibaba.nacos.client.config.impl.ClientWorker$ConfigRpcTransportClient$1
18:52:55.649 [main] INFO  c.a.n.c.r.client - [printIfInfoEnabled,63] - [00184c34-7ce7-424c-a8ec-667caaf40c0a_config-0] RpcClient init, ServerListFactory = com.alibaba.nacos.client.config.impl.ClientWorker$ConfigRpcTransportClient$2
18:52:55.654 [main] INFO  c.a.n.c.r.client - [printIfInfoEnabled,63] - [00184c34-7ce7-424c-a8ec-667caaf40c0a_config-0] Try to connect to server on start up, server: {serverIp = 'localhost', server main port = 8848}
18:52:55.676 [main] INFO  c.a.n.c.r.c.g.GrpcClient - [createNewManagedChannel,182] - grpc client connection server:localhost ip,serverPort:9848,grpcTslConfig:{"sslProvider":"OPENSSL","enableTls":false,"mutualAuthEnable":false,"trustAll":false}
18:52:56.357 [main] INFO  c.a.n.c.r.client - [printIfInfoEnabled,63] - [00184c34-7ce7-424c-a8ec-667caaf40c0a_config-0] Success to connect to server [localhost:8848] on start up, connectionId = 1777719176181_172.17.0.1_51724
18:52:56.358 [com.alibaba.nacos.client.remote.worker] INFO  c.a.n.c.r.client - [printIfInfoEnabled,63] - [00184c34-7ce7-424c-a8ec-667caaf40c0a_config-0] Notify connected event to listeners.
18:52:56.358 [com.alibaba.nacos.client.remote.worker] INFO  c.a.n.c.c.i.ClientWorker - [onConnected,639] - [00184c34-7ce7-424c-a8ec-667caaf40c0a_config-0] Connected,notify listen context...
18:52:56.360 [main] INFO  c.a.n.c.r.client - [printIfInfoEnabled,63] - [00184c34-7ce7-424c-a8ec-667caaf40c0a_config-0] Register server push request handler:com.alibaba.nacos.common.remote.client.RpcClient$ConnectResetRequestHandler
18:52:56.361 [main] INFO  c.a.n.c.r.client - [printIfInfoEnabled,63] - [00184c34-7ce7-424c-a8ec-667caaf40c0a_config-0] Register server push request handler:com.alibaba.nacos.common.remote.client.RpcClient$$Lambda$603/0x000001e3cc4f24e0
18:52:56.391 [main] INFO  c.a.n.c.c.i.Limiter - [<clinit>,62] - limitTime:5.0
18:52:56.412 [main] INFO  c.a.n.c.c.u.JvmUtil - [<clinit>,54] - isMultiInstance:false
18:52:56.416 [main] INFO  o.s.c.b.c.PropertySourceBootstrapConfiguration - [initialize,108] - Located property source: [BootstrapPropertySource {name='bootstrapProperties-oj-system-local.yaml,DEFAULT_GROUP'}, BootstrapPropertySource {name='bootstrapProperties-oj-system.yaml,DEFAULT_GROUP'}, BootstrapPropertySource {name='bootstrapProperties-oj-system,DEFAULT_GROUP'}]
18:52:56.420 [main] INFO  c.b.s.OjSystemApplication - [logStartupProfileInfo,636] - The following 1 profile is active: "local"
18:52:56.826 [main] INFO  o.s.d.r.c.RepositoryConfigurationDelegate - [multipleStoresDetected,294] - Multiple Spring Data modules found, entering strict repository configuration mode
18:52:56.828 [main] INFO  o.s.d.r.c.RepositoryConfigurationDelegate - [registerRepositoriesIn,138] - Bootstrapping Spring Data Redis repositories in DEFAULT mode.
18:52:56.843 [main] INFO  o.s.d.r.c.RepositoryConfigurationDelegate - [registerRepositoriesIn,208] - Finished Spring Data repository scanning in 6 ms. Found 0 Redis repository interfaces.
18:52:56.956 [main] INFO  o.s.c.c.s.GenericScope - [setSerializationId,282] - BeanFactory id=e7c7389d-2791-34c4-a801-3b4f326d2580
18:52:57.193 [main] INFO  o.s.b.w.e.t.TomcatWebServer - [initialize,108] - Tomcat initialized with port(s): 9201 (http)
18:52:57.199 [main] INFO  o.a.c.h.Http11NioProtocol - [log,173] - Initializing ProtocolHandler ["http-nio-9201"]
18:52:57.200 [main] INFO  o.a.c.c.StandardService - [log,173] - Starting service [Tomcat]
18:52:57.200 [main] INFO  o.a.c.c.StandardEngine - [log,173] - Starting Servlet engine: [Apache Tomcat/10.1.4]
18:52:57.255 [main] INFO  o.a.c.c.C.[.[.[/] - [log,173] - Initializing Spring embedded WebApplicationContext
18:52:57.256 [main] INFO  o.s.b.w.s.c.ServletWebServerApplicationContext - [prepareWebApplicationContext,291] - Root WebApplicationContext: initialization completed in 826 ms
18:52:58.304 [main] INFO  o.a.c.h.Http11NioProtocol - [log,173] - Starting ProtocolHandler ["http-nio-9201"]
18:52:58.320 [main] INFO  o.s.b.w.e.t.TomcatWebServer - [start,220] - Tomcat started on port(s): 9201 (http) with context path ''
18:52:58.326 [main] INFO  c.a.n.client.naming - [initNamespaceForNaming,62] - initializer namespace from ans.namespace attribute : null
18:52:58.326 [main] INFO  c.a.n.client.naming - [lambda$initNamespaceForNaming$0,66] - initializer namespace from ALIBABA_ALIWARE_NAMESPACE attribute :null
18:52:58.327 [main] INFO  c.a.n.client.naming - [lambda$initNamespaceForNaming$1,73] - initializer namespace from namespace attribute :null
18:52:58.332 [main] INFO  c.a.n.p.a.s.c.ClientAuthPluginManager - [init,56] - [ClientAuthPluginManager] Load ClientAuthService com.alibaba.nacos.client.auth.impl.NacosClientAuthServiceImpl success.
18:52:58.332 [main] INFO  c.a.n.p.a.s.c.ClientAuthPluginManager - [init,56] - [ClientAuthPluginManager] Load ClientAuthService com.alibaba.nacos.client.auth.ram.RamClientAuthServiceImpl success.
18:52:58.336 [main] INFO  c.a.n.c.r.client - [lambda$createClient$0,108] - [RpcClientFactory] create a new rpc client of 13624bc3-b63c-4a82-963c-27f153acfd91
18:52:58.337 [main] INFO  c.a.n.c.r.client - [printIfInfoEnabled,63] - [13624bc3-b63c-4a82-963c-27f153acfd91] RpcClient init, ServerListFactory = com.alibaba.nacos.client.naming.core.ServerListManager
18:52:58.337 [main] INFO  c.a.n.c.r.client - [printIfInfoEnabled,63] - [13624bc3-b63c-4a82-963c-27f153acfd91] Registry connection listener to current client:com.alibaba.nacos.client.naming.remote.gprc.redo.NamingGrpcRedoService
18:52:58.337 [main] INFO  c.a.n.c.r.client - [printIfInfoEnabled,63] - [13624bc3-b63c-4a82-963c-27f153acfd91] Register server push request handler:com.alibaba.nacos.client.naming.remote.gprc.NamingPushRequestHandler
18:52:58.337 [main] INFO  c.a.n.c.r.client - [printIfInfoEnabled,63] - [13624bc3-b63c-4a82-963c-27f153acfd91] Try to connect to server on start up, server: {serverIp = 'localhost', server main port = 8848}
18:52:58.338 [main] INFO  c.a.n.c.r.c.g.GrpcClient - [createNewManagedChannel,182] - grpc client connection server:localhost ip,serverPort:9848,grpcTslConfig:{"sslProvider":"OPENSSL","enableTls":false,"mutualAuthEnable":false,"trustAll":false}
18:52:58.458 [main] INFO  c.a.n.c.r.client - [printIfInfoEnabled,63] - [13624bc3-b63c-4a82-963c-27f153acfd91] Success to connect to server [localhost:8848] on start up, connectionId = 1777719178343_172.17.0.1_51732
18:52:58.459 [com.alibaba.nacos.client.remote.worker] INFO  c.a.n.c.r.client - [printIfInfoEnabled,63] - [13624bc3-b63c-4a82-963c-27f153acfd91] Notify connected event to listeners.
18:52:58.459 [com.alibaba.nacos.client.remote.worker] INFO  c.a.n.client.naming - [onConnected,78] - Grpc connection connect
18:52:58.459 [main] INFO  c.a.n.c.r.client - [printIfInfoEnabled,63] - [13624bc3-b63c-4a82-963c-27f153acfd91] Register server push request handler:com.alibaba.nacos.common.remote.client.RpcClient$ConnectResetRequestHandler
18:52:58.460 [main] INFO  c.a.n.c.r.client - [printIfInfoEnabled,63] - [13624bc3-b63c-4a82-963c-27f153acfd91] Register server push request handler:com.alibaba.nacos.common.remote.client.RpcClient$$Lambda$603/0x000001e3cc4f24e0
18:52:58.461 [main] INFO  c.a.n.client.naming - [registerService,121] - [REGISTER-SERVICE] 1b411097-df3c-4cac-a649-ba6b6b22fcd4 registering service oj-system with instance Instance{instanceId='null', ip='172.20.10.6', port=9201, weight=1.0, healthy=true, enabled=true, ephemeral=true, clusterName='DEFAULT', serviceName='null', metadata={IPv6=[2409:897a:3ce8:2cf1:e022:e9ef:48b7:f704], preserved.register.source=SPRING_CLOUD}}
18:52:58.472 [main] INFO  c.a.c.n.r.NacosServiceRegistry - [register,76] - nacos registry, DEFAULT_GROUP oj-system 172.20.10.6:9201 register finished
18:52:58.622 [main] INFO  c.b.s.OjSystemApplication - [logStarted,57] - Started OjSystemApplication in 3.842 seconds (process running for 4.337)
18:52:58.625 [main] INFO  c.a.n.c.c.i.CacheData - [<clinit>,67] - nacos.cache.data.init.snapshot = true 
18:52:58.626 [main] INFO  c.a.n.c.c.i.ClientWorker - [addCacheDataIfAbsent,380] - [fixed-1b411097-df3c-4cac-a649-ba6b6b22fcd4-localhost_8848] [subscribe] oj-system-local.yaml+DEFAULT_GROUP+1b411097-df3c-4cac-a649-ba6b6b22fcd4
18:52:58.632 [main] INFO  c.a.n.c.c.i.CacheData - [addListener,197] - [fixed-1b411097-df3c-4cac-a649-ba6b6b22fcd4-localhost_8848] [add-listener] ok, tenant=1b411097-df3c-4cac-a649-ba6b6b22fcd4, dataId=oj-system-local.yaml, group=DEFAULT_GROUP, cnt=1
18:52:58.632 [main] INFO  c.a.c.n.r.NacosContextRefresher - [registerNacosListener,129] - [Nacos Config] Listening config: dataId=oj-system-local.yaml, group=DEFAULT_GROUP
18:52:58.632 [main] INFO  c.a.n.c.c.i.ClientWorker - [addCacheDataIfAbsent,380] - [fixed-1b411097-df3c-4cac-a649-ba6b6b22fcd4-localhost_8848] [subscribe] oj-system+DEFAULT_GROUP+1b411097-df3c-4cac-a649-ba6b6b22fcd4
18:52:58.633 [main] INFO  c.a.n.c.c.i.CacheData - [addListener,197] - [fixed-1b411097-df3c-4cac-a649-ba6b6b22fcd4-localhost_8848] [add-listener] ok, tenant=1b411097-df3c-4cac-a649-ba6b6b22fcd4, dataId=oj-system, group=DEFAULT_GROUP, cnt=1
18:52:58.633 [main] INFO  c.a.c.n.r.NacosContextRefresher - [registerNacosListener,129] - [Nacos Config] Listening config: dataId=oj-system, group=DEFAULT_GROUP
18:52:58.634 [main] INFO  c.a.n.c.c.i.ClientWorker - [addCacheDataIfAbsent,380] - [fixed-1b411097-df3c-4cac-a649-ba6b6b22fcd4-localhost_8848] [subscribe] oj-system.yaml+DEFAULT_GROUP+1b411097-df3c-4cac-a649-ba6b6b22fcd4
18:52:58.634 [main] INFO  c.a.n.c.c.i.CacheData - [addListener,197] - [fixed-1b411097-df3c-4cac-a649-ba6b6b22fcd4-localhost_8848] [add-listener] ok, tenant=1b411097-df3c-4cac-a649-ba6b6b22fcd4, dataId=oj-system.yaml, group=DEFAULT_GROUP, cnt=1
18:52:58.634 [main] INFO  c.a.c.n.r.NacosContextRefresher - [registerNacosListener,129] - [Nacos Config] Listening config: dataId=oj-system.yaml, group=DEFAULT_GROUP
18:53:04.025 [http-nio-9201-exec-3] INFO  o.a.c.c.C.[.[.[/] - [log,173] - Initializing Spring DispatcherServlet 'dispatcherServlet'
18:53:04.025 [http-nio-9201-exec-3] INFO  o.s.w.s.DispatcherServlet - [initServletBean,532] - Initializing Servlet 'dispatcherServlet'
18:53:04.026 [http-nio-9201-exec-3] INFO  o.s.w.s.DispatcherServlet - [initServletBean,554] - Completed initialization in 1 ms
19:13:17.172 [SpringApplicationShutdownHook] INFO  c.a.c.n.r.NacosServiceRegistry - [deregister,95] - De-registering from Nacos Server now...
19:13:17.172 [SpringApplicationShutdownHook] INFO  c.a.n.client.naming - [deregisterService,217] - [DEREGISTER-SERVICE] 1b411097-df3c-4cac-a649-ba6b6b22fcd4 deregistering service oj-system with instance: Instance{instanceId='null', ip='172.20.10.6', port=9201, weight=1.0, healthy=true, enabled=true, ephemeral=true, clusterName='DEFAULT', serviceName='null', metadata={}}
19:13:17.176 [SpringApplicationShutdownHook] INFO  c.a.c.n.r.NacosServiceRegistry - [deregister,115] - De-registration finished.
19:13:17.177 [SpringApplicationShutdownHook] INFO  c.a.n.client.naming - [shutdown,256] - com.alibaba.nacos.client.naming.cache.ServiceInfoHolder do shutdown begin
19:13:17.177 [SpringApplicationShutdownHook] INFO  c.a.n.client.naming - [shutdown,136] - com.alibaba.nacos.client.naming.backups.FailoverReactor do shutdown begin
19:13:17.177 [SpringApplicationShutdownHook] INFO  c.a.n.client.naming - [shutdown,138] - com.alibaba.nacos.client.naming.backups.FailoverReactor do shutdown stop
19:13:17.177 [SpringApplicationShutdownHook] INFO  c.a.n.client.naming - [shutdown,258] - com.alibaba.nacos.client.naming.cache.ServiceInfoHolder do shutdown stop
19:13:17.177 [SpringApplicationShutdownHook] INFO  c.a.n.client.naming - [shutdown,204] - com.alibaba.nacos.client.naming.remote.NamingClientProxyDelegate do shutdown begin
19:13:17.177 [SpringApplicationShutdownHook] INFO  c.a.n.client.naming - [shutdown,143] - com.alibaba.nacos.client.naming.core.ServiceInfoUpdateService do shutdown begin
19:13:17.177 [SpringApplicationShutdownHook] INFO  c.a.n.client.naming - [shutdown,145] - com.alibaba.nacos.client.naming.core.ServiceInfoUpdateService do shutdown stop
19:13:17.177 [SpringApplicationShutdownHook] INFO  c.a.n.client.naming - [shutdown,194] - com.alibaba.nacos.client.naming.core.ServerListManager do shutdown begin
19:13:17.177 [SpringApplicationShutdownHook] INFO  c.a.n.client.naming - [shutdown,199] - com.alibaba.nacos.client.naming.core.ServerListManager do shutdown stop
19:13:17.177 [SpringApplicationShutdownHook] INFO  c.a.n.client.naming - [shutdown,484] - com.alibaba.nacos.client.naming.remote.http.NamingHttpClientProxy do shutdown begin
19:13:17.177 [SpringApplicationShutdownHook] INFO  c.a.n.client.naming - [shutdown,486] - com.alibaba.nacos.client.naming.remote.http.NamingHttpClientProxy do shutdown stop
19:13:17.177 [SpringApplicationShutdownHook] INFO  c.a.n.c.r.client - [shutdown,429] - Shutdown rpc client, set status to shutdown
19:13:17.177 [SpringApplicationShutdownHook] INFO  c.a.n.c.r.client - [shutdown,431] - Shutdown client event executor java.util.concurrent.ScheduledThreadPoolExecutor@72d28648[Running, pool size = 2, active threads = 2, queued tasks = 0, completed tasks = 0]
19:13:17.178 [SpringApplicationShutdownHook] INFO  c.a.n.c.r.client - [closeConnection,584] - Close current connection 1777719178343_172.17.0.1_51732
19:13:17.180 [nacos-grpc-client-executor-localhost-255] INFO  c.a.n.c.r.c.g.GrpcClient - [printIfInfoEnabled,63] - [1777719178343_172.17.0.1_51732]Ignore complete event,isRunning:false,isAbandon=false
19:13:17.181 [SpringApplicationShutdownHook] INFO  c.a.n.c.r.c.g.GrpcClient - [shutdown,159] - Shutdown grpc executor java.util.concurrent.ThreadPoolExecutor@5b75f153[Running, pool size = 4, active threads = 0, queued tasks = 0, completed tasks = 256]
19:13:17.181 [SpringApplicationShutdownHook] INFO  c.a.n.client.naming - [shutdown,318] - Shutdown grpc redo service executor java.util.concurrent.ScheduledThreadPoolExecutor@3d6013a5[Running, pool size = 1, active threads = 0, queued tasks = 1, completed tasks = 406]
19:13:17.181 [SpringApplicationShutdownHook] INFO  c.a.n.c.a.r.i.CredentialWatcher - [stop,106] - [null] CredentialWatcher is stopped
19:13:17.181 [SpringApplicationShutdownHook] INFO  c.a.n.c.a.r.i.CredentialService - [free,100] - [null] CredentialService is freed
19:13:17.181 [SpringApplicationShutdownHook] INFO  c.a.n.client.naming - [shutdown,211] - com.alibaba.nacos.client.naming.remote.NamingClientProxyDelegate do shutdown stop
